name,level,kind,style,unseen,seconds,error,material,material_got,material_truth,thickness_mm,thickness_mm_got,thickness_mm_truth,quantity,quantity_got,quantity_truth,surface_treatment,surface_treatment_got,surface_treatment_truth,processes,processes_got,processes_truth,rush,rush_got,rush_truth,drawing_no,drawing_no_got,drawing_no_truth,revision,revision_got,revision_truth,flags,flags_got,flags_truth,llm_calls,llm_input_tokens,llm_output_tokens,auto_confirmed,dangerous,sources
Lv2_0000,Lv2,vector,jis_cad,False,0.65,,CORRECT,"""UNREGISTERED""","""UNREGISTERED""",CORRECT,0.8,0.8,CORRECT,null,null,CORRECT,"""ZINC_CLEAR""","""ZINC_CLEAR""",CORRECT,[],[],CORRECT,false,false,CORRECT,"""AR-20-8074""","""AR-20-8074""",CORRECT,"""B""","""B""",CORRECT,"[""inspection""]","[""inspection""]",1,6918,540,True,False,"{""material"": ""title"", ""thickness"": ""notes"", ""finish"": ""notes""}"
Lv2_0001,Lv2,vector,jis_cad,False,0.33,,CORRECT,"""SECC""","""SECC""",CORRECT,1.6,1.6,CORRECT,null,null,CORRECT,"""NONE""","""NONE""",CORRECT,"[{""code"": ""COUNTERSINK"", ""count_per_part"": 5}, {""code"": ""PRESS_NUT"", ""count_per_part"": 3}]","[{""code"": ""COUNTERSINK"", ""count_per_part"": 5, ""text"": ""5-φ4.5 皿もみ 90°""}, {""code"": ""PRESS_NUT"", ""count_per_part"": 3, ""text"": ""3-M3 圧入ナット""}]",CORRECT,false,false,CORRECT,"""SC-24-7336""","""SC-24-7336""",CORRECT,null,null,CORRECT,[],[],1,6742,552,True,False,"{""material"": ""title"", ""thickness"": ""title"", ""finish"": ""title"", ""processes"": [""callouts"", ""callouts""]}"
Lv2_0002,Lv2,vector,jis_cad,False,0.5,,CORRECT,"""AL5052""","""AL5052""",CORRECT,null,null,CORRECT,20,20,CORRECT,"""POWDER_COAT""","""POWDER_COAT""",CORRECT,[],[],CORRECT,true,true,CORRECT,"""AS180-3347""","""AS180-3347""",CORRECT,"""C""","""C""",CORRECT,[],[],1,6944,531,True,False,"{""material"": ""title"", ""quantity"": ""notes"", ""finish"": ""title"", ""rush"": ""notes""}"
Lv2_0003,Lv2,scan,bilingual,False,8.65,,CORRECT,"""SS400""","""SS400""",CORRECT,1.6,1.6,CORRECT,null,null,CORRECT,null,null,CORRECT,[],[],CORRECT,false,false,CORRECT,"""SK138-7266""","""SK138-7266""",CORRECT,null,null,CORRECT,"[""inspection""]","[""inspection""]",2,26676,864,True,False,"{""material"": ""title"", ""thickness"": ""title""}"
Lv2_0004,Lv2,vector,jis_cad,False,0.99,,CORRECT,"""SUS304""","""SUS304""",CORRECT,null,null,CORRECT,3,3,CORRECT,null,null,CORRECT,"[{""code"": ""TIG_WELD"", ""count_per_part"": 3}]","[{""code"": ""TIG_WELD"", ""count_per_part"": 3, ""text"": ""TIG溶接 3箇所""}]",CORRECT,false,false,CORRECT,"""BC719-7225""","""BC719-7225""",CORRECT,"""A""","""A""",CORRECT,[],[],1,11768,474,True,False,"{""material"": ""notes"", ""quantity"": ""title"", ""processes"": [""callouts""]}"
Lv2_0005,Lv2,scan,jis_cad,False,9.35,,CORRECT,"""SPCC""","""SPCC""",CORRECT,1.2,1.2,CORRECT,50,50,CORRECT,"""BAKING_PAINT""","""BAKING_PAINT""",CORRECT,"[{""code"": ""PRESS_NUT"", ""count_per_part"": 6}]","[{""code"": ""PRESS_NUT"", ""count_per_part"": 6, ""text"": ""1-M3 圧入ナット + 5-M3 圧入ナット""}]",CORRECT,false,false,CORRECT,"""TP-26-2471""","""TP-26-2471""",CORRECT,"""A""","""A""",CORRECT,[],[],2,26676,1194,True,False,"{""material"": ""notes"", ""thickness"": ""title"", ""quantity"": ""title"", ""finish"": ""title"", ""processes"": [""callouts""]}"
Lv2_0006,Lv2,handwritten,memo,False,10.94,,CORRECT,null,null,CORRECT,1.6,1.6,CORRECT,null,null,CORRECT,null,null,CORRECT,"[{""code"": ""SPOT_WELD"", ""count_per_part"": 10}, {""code"": ""TAP_M4"", ""count_per_part"": 8}, {""code"": ""TAP_M6"", ""count_per_part"": 8}]","[{""code"": ""SPOT_WELD"", ""count_per_part"": 10, ""text"": ""スポット溶接 10点""}, {""code"": ""TAP_M4"", ""count_per_part"": 8, ""text"": ""M4×0.7 タップ 4箇所 + M4タップ 4ヶ所追加""}, {""code"": ""TAP_M6"", ""count_per_part"": 8, ""text"": ""8×M6 タップ""}]",CORRECT,true,true,CORRECT,"""BC-20-4659""","""BC-20-4659""",CORRECT,null,null,CORRECT,"[""tolerance""]","[""tolerance""]",2,26676,1387,True,False,"{""thickness"": ""free"", ""processes"": [""callouts"", ""free"", ""callouts""], ""rush"": ""free""}"
Lv2_0007,Lv2,fax,iso_en,False,8.67,,CORRECT,"""SPCC""","""SPCC""",CORRECT,null,null,CORRECT,5,5,CORRECT,null,null,CORRECT,"[{""code"": ""PRESS_STUD"", ""count_per_part"": 2}, {""code"": ""TAP_M6"", ""count_per_part"": 3}]","[{""code"": ""PRESS_STUD"", ""count_per_part"": 2, ""text"": ""SELF-CLINCHING STUD M3x10, 2 PLCS""}, {""code"": ""TAP_M6"", ""count_per_part"": 3, ""text"": ""3X M6x1.0 TAP THRU""}]",CORRECT,false,false,CORRECT,"""BB-20-2629""","""BB-20-2629""",CORRECT,null,null,CORRECT,[],[],2,26676,1146,True,False,"{""material"": ""title"", ""quantity"": ""title"", ""processes"": [""callouts"", ""notes""]}"
Lv2_0008,Lv2,fax,jis_cad,False,8.01,,CORRECT,"""SUS304""","""SUS304""",CORRECT,4.5,4.5,CORRECT,50,50,CORRECT,"""UNREGISTERED""","""UNREGISTERED""",CORRECT,"[{""code"": ""SPOT_WELD"", ""count_per_part"": 11}]","[{""code"": ""SPOT_WELD"", ""count_per_part"": 11, ""text"": ""SPOT 11点""}]",CORRECT,false,false,CORRECT,"""BS-21-9362""","""BS-21-9362""",CORRECT,"""1""","""1""",CORRECT,"[""inspection""]","[""inspection""]",2,26676,1091,True,False,"{""material"": ""title"", ""thickness"": ""notes"", ""quantity"": ""title"", ""finish"": ""title"", ""processes"": [""callouts""]}"
Lv2_0009,Lv2,vector,bilingual,False,0.17,,CORRECT,"""SUS304""","""SUS304""",CORRECT,1.2,1.2,CORRECT,100,100,CORRECT,null,null,CORRECT,"[{""code"": ""PRESS_NUT"", ""count_per_part"": 3}, {""code"": ""TAP_M5"", ""count_per_part"": 7}]","[{""code"": ""PRESS_NUT"", ""count_per_part"": 3, ""text"": ""PEMナット CLS-M5-1 3ヶ所 圧入""}, {""code"": ""TAP_M5"", ""count_per_part"": 7, ""text"": ""M5タップ 5ヶ所 + M5タップ 2ヶ所""}]",CORRECT,false,false,CORRECT,"""B92585-04""","""B92585-04""",CORRECT,"""2""","""2""",CORRECT,[],[],1,6942,667,True,False,"{""material"": ""title"", ""thickness"": ""title"", ""quantity"": ""notes"", ""processes"": [""callouts"", ""callouts""]}"
Lv2_0010,Lv2,vector,bilingual,False,0.8,,CORRECT,"""SECC""","""SECC""",CORRECT,null,null,CORRECT,null,null,CORRECT,"""POWDER_COAT""","""POWDER_COAT""",CORRECT,"[{""code"": ""COUNTERSINK"", ""count_per_part"": 5}]","[{""code"": ""COUNTERSINK"", ""count_per_part"": 5, ""text"": ""5-φ3.4 皿もみ 90°""}]",CORRECT,false,false,CORRECT,"""D2023-0752""","""D2023-0752""",CORRECT,null,null,CORRECT,"[""inspection""]","[""inspection""]",1,11818,653,True,False,"{""finish"": ""title"", ""material"": ""title"", ""processes"": [""callouts""]}"
Lv2_0011,Lv2,vector,jis_bom,False,0.12,,CORRECT,"""SUS304""","""SUS304""",CORRECT,3.2,3.2,CORRECT,100,100,CORRECT,"""NONE""","""NONE""",CORRECT,[],[],CORRECT,false,false,CORRECT,"""D2021-5008""","""D2021-5008""",CORRECT,null,null,CORRECT,[],[],1,6890,417,True,False,"{""material"": ""title"", ""thickness"": ""notes"", ""quantity"": ""bom"", ""finish"": ""title""}"
Lv2_0012,Lv2,scan,jis_cad,False,6.15,,CORRECT,"""SPCC""","""SPCC""",CORRECT,null,null,CORRECT,10,10,CORRECT,"""POWDER_COAT""","""POWDER_COAT""",CORRECT,[],[],CORRECT,false,false,CORRECT,"""SC-24-8625""","""SC-24-8625""",CORRECT,null,null,CORRECT,[],[],2,26676,872,True,False,"{""material"": ""notes"", ""quantity"": ""title"", ""finish"": ""notes""}"
Lv2_0013,Lv2,fax,jis_cad,False,8.32,,CORRECT,"""AL5052""","""AL5052""",CORRECT,1.6,1.6,CORRECT,null,null,CORRECT,null,null,CORRECT,"[{""code"": ""PRESS_STUD"", ""count_per_part"": 5}, {""code"": ""TAP_M3"", ""count_per_part"": 8}, {""code"": ""TAP_M4"", ""count_per_part"": 6}]","[{""code"": ""PRESS_STUD"", ""count_per_part"": 5, ""text"": ""PEMスタッド FH-M3-10 ×5""}, {""code"": ""TAP_M3"", ""count_per_part"": 8, ""text"": ""M3タップ 8ヶ所""}, {""code"": ""TAP_M4"", ""count_per_part"": 6, ""text"": ""6-M4""}]",CORRECT,true,true,CORRECT,"""AB944-4829""","""AB944-4829""",CORRECT,"""C""","""C""",CORRECT,"[""inspection""]","[""inspection""]",2,26676,1456,True,False,"{""material"": ""title"", ""thickness"": ""notes"", ""processes"": [""callouts"", ""notes"", ""callouts""], ""rush"": ""notes""}"
Lv2_0014,Lv2,vector,bilingual,False,0.13,,CORRECT,"""SPHC""","""SPHC""",CORRECT,4.5,4.5,CORRECT,2000,2000,CORRECT_FLAGGED,"""POWDER_COAT""","""POWDER_COAT""",CORRECT,"[{""code"": ""SPOT_WELD"", ""count_per_part"": 8}]","[{""code"": ""SPOT_WELD"", ""count_per_part"": 8, ""text"": ""スポット溶接（8ヶ所）""}]",CORRECT,false,false,CORRECT,"""TA-23-7001""","""TA-23-7001""",CORRECT,null,null,CORRECT,[],[],1,6776,500,False,False,"{""material"": ""title"", ""thickness"": ""title"", ""quantity"": ""title"", ""finish"": ""notes"", ""processes"": [""callouts""]}"
Lv2_0015,Lv2,vector,jis_bom,False,0.14,,CORRECT,"""SUS304""","""SUS304""",CORRECT,2.3,2.3,CORRECT,null,null,CORRECT,"""NONE""","""NONE""",CORRECT,[],[],CORRECT,false,false,CORRECT,"""K37331-12""","""K37331-12""",CORRECT,"""3""","""3""",CORRECT,[],[],1,7084,691,True,False,"{""material"": ""title"", ""thickness"": ""title"", ""finish"": ""notes""}"
Lv2_0016,Lv2,handwritten,jis_bom,False,7.47,,CORRECT,"""SUS304""","""SUS304""",CORRECT,4.5,4.5,CORRECT,null,null,CORRECT,"""NONE""","""NONE""",CORRECT,[],[],CORRECT,true,true,CORRECT,"""DB-24-6393""","""DB-24-6393""",CORRECT,"""B""","""B""",CORRECT,[],[],2,26676,972,True,False,"{""material"": ""bom"", ""thickness"": ""title"", ""finish"": ""title"", ""rush"": ""handwriting""}"
Lv2_0017,Lv2,vector,bilingual,False,0.4,,CORRECT,"""UNREGISTERED""","""UNREGISTERED""",CORRECT,null,null,CORRECT,1,1,CORRECT,null,null,CORRECT,"[{""code"": ""UNREGISTERED"", ""count_per_part"": null}]","[{""code"": ""UNREGISTERED"", ""count_per_part"": 6, ""text"": ""バーリングタップ M4 6ヶ所""}]",CORRECT,false,false,CORRECT,"""D2026-1831""","""D2026-1831""",CORRECT,null,null,CORRECT,[],[],1,11750,487,True,False,"{""material"": ""notes"", ""quantity"": ""title"", ""processes"": [""callouts""]}"
Lv2_0018,Lv2,fax,jis_bom,False,6.51,,CORRECT,"""SS400""","""SS400""",CORRECT,0.8,0.8,CORRECT,null,null,CORRECT,null,null,CORRECT,"[{""code"": ""TAP_M3"", ""count_per_part"": 6}]","[{""code"": ""TAP_M3"", ""count_per_part"": 6, ""text"": ""6×M3 タップ""}]",CORRECT,false,false,CORRECT,"""AC539-1942""","""AC539-1942""",CORRECT,null,null,DANGEROUS,[],"[""tolerance""]",2,26676,953,True,False,"{""material"": ""bom"", ""thickness"": ""title"", ""processes"": [""notes""]}"
Lv2_0019,Lv2,scan,iso_en,False,5.13,,CORRECT,"""SPCC""","""SPCC""",CORRECT,4.5,4.5,CORRECT,2000,2000,CORRECT,null,null,CORRECT,"[{""code"": ""TIG_WELD"", ""count_per_part"": 2}]","[{""code"": ""TIG_WELD"", ""count_per_part"": 2, ""text"": ""TIG WELD 2 CORNERS""}]",CORRECT,false,false,CORRECT,"""D2021-7553""","""D2021-7553""",CORRECT,"""1""","""1""",CORRECT,[],[],2,26676,1022,True,False,"{""material"": ""title"", ""thickness"": ""title"", ""quantity"": ""title"", ""processes"": [""callouts""]}"
Lv2_0020,Lv2,fax,bilingual,False,7.04,,CORRECT,"""UNREGISTERED""","""UNREGISTERED""",CORRECT,null,null,CORRECT,null,null,CORRECT,null,null,CORRECT,"[{""code"": ""PRESS_NUT"", ""count_per_part"": 5}, {""code"": ""PRESS_STUD"", ""count_per_part"": 2}, {""code"": ""TIG_WELD"", ""count_per_part"": 4}]","[{""code"": ""PRESS_NUT"", ""count_per_part"": 5, ""text"": ""PEMナット CLS-M6-1 4ヶ所 圧入 + PEMナット CLS-M6-1 1ヶ所 圧入""}, {""code"": ""PRESS_STUD"", ""count_per_part"": 2, ""text"": ""PEMスタッド FH-M4-10 ×2""}, {""code"": ""TIG_WELD"", ""count_per_part"": 4, ""text"": ""角部 TIG溶接 4ヶ所""}]",CORRECT,true,true,CORRECT,"""DX-21-1138""","""DX-21-1138""",CORRECT,null,null,CORRECT,[],[],2,26676,1420,True,False,"{""material"": ""title"", ""processes"": [""callouts"", ""callouts"", ""callouts""], ""rush"": ""stamp""}"
Lv2_0021,Lv2,vector,memo,False,0.11,,CORRECT,"""SPHC""","""SPHC""",CORRECT,1.6,1.6,CORRECT,10,10,CORRECT,null,null,CORRECT,[],[],CORRECT,false,false,CORRECT,"""D2026-8102""","""D2026-8102""",CORRECT,null,null,CORRECT,[],[],1,6555,425,True,False,"{""material"": ""bom"", ""thickness"": ""free"", ""quantity"": ""bom""}"
Lv2_0022,Lv2,vector,jis_bom,False,0.14,,CORRECT,"""SS400""","""SS400""",CORRECT,0.8,0.8,CORRECT,200,200,CORRECT,"""UNREGISTERED""","""UNREGISTERED""",CORRECT,[],[],CORRECT,false,false,CORRECT,"""BS708-4406""","""BS708-4406""",CORRECT,"""A""","""A""",CORRECT,"[""tolerance""]","[""tolerance""]",1,6987,491,True,False,"{""material"": ""notes"", ""thickness"": ""title"", ""quantity"": ""title"", ""finish"": ""notes""}"
Lv2_0023,Lv2,handwritten,bilingual,False,6.93,,CORRECT,"""SUS304""","""SUS304""",CORRECT,4.5,4.5,CORRECT,null,null,CORRECT,"""UNREGISTERED""","""UNREGISTERED""",CORRECT,"[{""code"": ""PRESS_NUT"", ""count_per_part"": 2}, {""code"": ""TAP_M6"", ""count_per_part"": 6}, {""code"": ""TIG_WELD"", ""count_per_part"": 3}]","[{""code"": ""PRESS_NUT"", ""count_per_part"": 2, ""text"": ""圧入ナット M3 ×2""}, {""code"": ""TAP_M6"", ""count_per_part"": 6, ""text"": ""6×M6 タップ""}, {""code"": ""TIG_WELD"", ""count_per_part"": 3, ""text"": ""角部 TIG溶接 3ヶ所""}]",CORRECT,false,false,CORRECT,"""S71703-12""","""S71703-12""",CORRECT,null,null,CORRECT,"[""appearance""]","[""appearance""]",2,26676,1307,True,False,"{""material"": ""notes"", ""thickness"": ""title"", ""finish"": ""title"", ""processes"": [""callouts"", ""callouts"", ""callouts""]}"
Lv2_0024,Lv2,fax,jis_cad,False,8.31,,CORRECT,"""SUS304""","""SUS304""",CORRECT,2.0,2.0,CORRECT,3,3,WRONG_FLAGGED,"""NONE""",null,CORRECT,"[{""code"": ""COUNTERSINK"", ""count_per_part"": 4}, {""code"": ""PRESS_NUT"", ""count_per_part"": 6}, {""code"": ""UNREGISTERED"", ""count_per_part"": null}]","[{""code"": ""COUNTERSINK"", ""count_per_part"": 4, ""text"": ""皿もみ M5用 4ヶ所""}, {""code"": ""PRESS_NUT"", ""count_per_part"": 6, ""text"": ""圧入ナット M3 ×6""}, {""code"": ""UNREGISTERED"", ""count_per_part"": 4, ""text"": ""バーリングタップ M4 4ヶ所""}]",CORRECT,false,false,CORRECT,"""D2026-1853""","""D2026-1853""",CORRECT,null,null,CORRECT,"[""tolerance""]","[""tolerance""]",2,45214,1330,False,False,"{""material"": ""title"", ""thickness"": ""title"", ""quantity"": ""title"", ""processes"": [""notes"", ""notes"", ""callouts""]}"
Lv2_0025,Lv2,scan,iso_en,False,5.75,,CORRECT,"""SPCC""","""SPCC""",CORRECT,null,null,CORRECT,2,2,CORRECT,null,null,CORRECT,[],[],CORRECT,false,false,CORRECT,"""D2026-9050""","""D2026-9050""",CORRECT,null,null,CORRECT,[],[],2,26676,972,True,False,"{""material"": ""title"", ""quantity"": ""title""}"
Lv2_0026,Lv2,vector,jis_cad,False,0.17,,CORRECT,"""SS400""","""SS400""",CORRECT,1.2,1.2,CORRECT,10,10,CORRECT,"""POWDER_COAT""","""POWDER_COAT""",CORRECT,[],[],CORRECT,false,false,CORRECT,"""D2024-1995""","""D2024-1995""",CORRECT,null,null,CORRECT,"[""appearance"", ""tolerance""]","[""appearance"", ""tolerance""]",1,6807,491,True,False,"{""material"": ""notes"", ""thickness"": ""title"", ""quantity"": ""notes"", ""finish"": ""notes""}"
Lv2_0027,Lv2,scan,iso_en,False,7.71,,CORRECT,"""SPCC""","""SPCC""",CORRECT,2.3,2.3,CORRECT,null,null,CORRECT,"""ZINC_YELLOW""","""ZINC_YELLOW""",CORRECT,[],[],CORRECT,false,false,CORRECT,"""AX619-7223""","""AX619-7223""",CORRECT,"""C""","""C""",CORRECT,[],[],2,26676,1180,True,False,"{""material"": ""title"", ""thickness"": ""title"", ""finish"": ""notes""}"
Lv2_0028,Lv2,vector,memo,False,0.08,,CORRECT,"""SPCC""","""SPCC""",CORRECT,null,null,CORRECT,30,30,CORRECT,"""ZINC_BLACK""","""ZINC_BLACK""",CORRECT,[],[],CORRECT,false,false,CORRECT,"""BA-25-3992""","""BA-25-3992""",CORRECT,null,null,CORRECT,[],[],1,6570,429,True,False,"{""material"": ""free"", ""quantity"": ""bom"", ""finish"": ""free""}"
Lv2_0029,Lv2,vector,jis_cad,False,0.13,,CORRECT,"""SECC""","""SECC""",CORRECT,4.5,4.5,CORRECT,2000,2000,CORRECT,"""NONE""","""NONE""",CORRECT,"[{""code"": ""SPOT_WELD"", ""count_per_part"": 4}, {""code"": ""TAP_M4"", ""count_per_part"": 1}, {""code"": ""TAP_M6"", ""count_per_part"": 5}]","[{""code"": ""SPOT_WELD"", ""count_per_part"": 4, ""text"": ""SPOT 4点""}, {""code"": ""TAP_M4"", ""count_per_part"": 1, ""text"": ""M4タップ 1ヶ所""}, {""code"": ""TAP_M6"", ""count_per_part"": 5, ""text"": ""3-M6×1.0 + 2-M6×1.0""}]",CORRECT,false,false,CORRECT,"""D2022-7037""","""D2022-7037""",CORRECT,"""A""","""A""",CORRECT,[],[],1,6896,652,True,False,"{""material"": ""notes"", ""thickness"": ""title"", ""quantity"": ""title"", ""finish"": ""title"", ""processes"": [""callouts"", ""callouts"", ""callouts""]}"
Lv2_0030,Lv2,vector,memo,False,0.19,,CORRECT,"""SPHC""","""SPHC""",CORRECT,3.2,3.2,CORRECT,null,null,CORRECT,"""POWDER_COAT""","""POWDER_COAT""",CORRECT,[],[],CORRECT,false,false,CORRECT,"""D2026-9274""","""D2026-9274""",CORRECT,null,null,CORRECT,"[""appearance""]","[""appearance""]",1,6556,465,True,False,"{""material"": ""free"", ""thickness"": ""free"", ""finish"": ""free""}"
Lv2_0031,Lv2,vector,bilingual,False,0.11,,CORRECT,"""SPCC""","""SPCC""",CORRECT,1.0,1.0,CORRECT,50,50,CORRECT,"""ZINC_CLEAR""","""ZINC_CLEAR""",CORRECT,[],[],CORRECT,false,false,CORRECT,"""AC-24-3210""","""AC-24-3210""",CORRECT,"""2""","""2""",CORRECT,"[""appearance""]","[""appearance""]",1,6970,584,True,False,"{""material"": ""title"", ""thickness"": ""title"", ""quantity"": ""title"", ""finish"": ""title""}"
Lv2_0032,Lv2,fax,jis_bom,False,7.2,,CORRECT,"""SPCC""","""SPCC""",CORRECT,0.8,0.8,CORRECT,3,3,CORRECT,"""ZINC_CLEAR""","""ZINC_CLEAR""",CORRECT,"[{""code"": ""PRESS_NUT"", ""count_per_part"": 4}, {""code"": ""TIG_WELD"", ""count_per_part"": 3}]","[{""code"": ""PRESS_NUT"", ""count_per_part"": 4, ""text"": ""クリンチナット M6（4個）""}, {""code"": ""TIG_WELD"", ""count_per_part"": 3, ""text"": ""角部 TIG溶接 3ヶ所""}]",CORRECT,false,false,CORRECT,"""D2024-6691""","""D2024-6691""",CORRECT,null,null,CORRECT,[],[],2,26676,1230,True,False,"{""material"": ""title"", ""thickness"": ""title"", ""quantity"": ""title"", ""finish"": ""title"", ""processes"": [""notes"", ""callouts""]}"
Lv2_0033,Lv2,scan,bilingual,False,5.64,,CORRECT,"""SPHC""","""SPHC""",CORRECT,4.5,4.5,CORRECT,null,null,CORRECT,"""UNREGISTERED""","""UNREGISTERED""",CORRECT,"[{""code"": ""TAP_M5"", ""count_per_part"": 3}]","[{""code"": ""TAP_M5"", ""count_per_part"": 3, ""text"": ""M5×0.8 タップ 3箇所""}]",CORRECT,true,true,CORRECT,"""M91802-01""","""M91802-01""",CORRECT,null,null,CORRECT,[],[],2,26676,1003,True,False,"{""material"": ""title"", ""thickness"": ""notes"", ""finish"": ""notes"", ""processes"": [""callouts""], ""rush"": ""stamp""}"
Lv2_0034,Lv2,scan,memo,False,7.6,,CORRECT,"""SPCC""","""SPCC""",CORRECT,4.5,4.5,CORRECT,null,null,CORRECT,null,null,CORRECT,[],[],CORRECT,false,false,CORRECT,"""MS-22-8557""","""MS-22-8557""",CORRECT,null,null,CORRECT,[],[],2,26676,816,True,False,"{""material"": ""free"", ""thickness"": ""free""}"
Lv2_0035,Lv2,vector,jis_cad,False,0.12,,CORRECT,null,null,CORRECT,0.8,0.8,CORRECT,null,null,CORRECT,null,null,CORRECT,"[{""code"": ""PRESS_STUD"", ""count_per_part"": 3}, {""code"": ""TAP_M3"", ""count_per_part"": 8}]","[{""code"": ""PRESS_STUD"", ""count_per_part"": 3, ""text"": ""圧入スタッド M3×10 3ヶ所""}, {""code"": ""TAP_M3"", ""count_per_part"": 8, ""text"": ""M3タップ（8ヶ所）""}]",CORRECT,false,false,CORRECT,"""CS952-9325""","""CS952-9325""",CORRECT,null,null,CORRECT,"[""inspection""]","[""inspection""]",1,6765,569,True,False,"{""thickness"": ""title"", ""processes"": [""callouts"", ""notes""]}"
Lv2_0036,Lv2,vector,jis_cad,False,0.11,,CORRECT,"""SS400""","""SS400""",CORRECT,null,null,CORRECT,50,50,CORRECT,"""NONE""","""NONE""",CORRECT,[],[],CORRECT,false,false,CORRECT,"""K61979-17""","""K61979-17""",CORRECT,"""B""","""B""",CORRECT,[],[],1,6837,476,True,False,"{""material"": ""notes"", ""quantity"": ""title"", ""finish"": ""notes""}"
Lv2_0037,Lv2,handwritten,bilingual,False,7.36,,CORRECT,"""SS400""","""SS400""",CORRECT,null,null,CORRECT,null,null,CORRECT,null,null,CORRECT,"[{""code"": ""SPOT_WELD"", ""count_per_part"": 5}, {""code"": ""TAP_M8"", ""count_per_part"": 2}, {""code"": ""TIG_WELD"", ""count_per_part"": 2}]","[{""code"": ""SPOT_WELD"", ""count_per_part"": 5, ""text"": ""スポット溶接 5点""}, {""code"": ""TAP_M8"", ""count_per_part"": 2, ""text"": ""M8タップ 1ヶ所 + M8タップ 1ヶ所""}, {""code"": ""TIG_WELD"", ""count_per_part"": 2, ""text"": ""コーナー2ヶ所 TIG溶接""}]",CORRECT,true,true,CORRECT,"""D2026-3567""","""D2026-3567""",CORRECT,null,null,CORRECT,[],[],2,26676,1326,True,False,"{""material"": ""title"", ""processes"": [""callouts"", ""callouts"", ""callouts""], ""rush"": ""handwriting""}"
Lv2_0038,Lv2,vector,iso_en,False,0.39,,CORRECT,null,null,CORRECT,2.3,2.3,CORRECT,100,100,CORRECT,"""ZINC_CLEAR""","""ZINC_CLEAR""",CORRECT,"[{""code"": ""PRESS_NUT"", ""count_per_part"": 6}]","[{""code"": ""PRESS_NUT"", ""count_per_part"": 6, ""text"": ""SELF-CLINCHING NUT M5, 6 PLCS""}]",CORRECT,false,false,CORRECT,"""SP685-1075""","""SP685-1075""",CORRECT,null,null,CORRECT,[],[],1,11813,510,True,False,"{""thickness"": ""title"", ""quantity"": ""title"", ""finish"": ""notes"", ""processes"": [""notes""]}"
Lv2_0039,Lv2,fax,jis_cad,False,6.88,,CORRECT,"""SPCC""","""SPCC""",CORRECT,4.5,4.5,CORRECT,30,30,CORRECT,"""POWDER_COAT""","""POWDER_COAT""",CORRECT,"[{""code"": ""TAP_M8"", ""count_per_part"": 5}]","[{""code"": ""TAP_M8"", ""count_per_part"": 5, ""text"": ""5-M8×1.25""}]",CORRECT,false,false,CORRECT,"""D2019-5558""","""D2019-5558""",CORRECT,null,null,CORRECT,[],[],2,26676,995,True,False,"{""material"": ""title"", ""thickness"": ""title"", ""quantity"": ""title"", ""finish"": ""title"", ""processes"": [""callouts""]}"
Lv2_0040,Lv2,vector,iso_en,False,0.11,,CORRECT,"""SPCC""","""SPCC""",CORRECT,1.6,1.6,CORRECT,3,3,CORRECT,"""BAKING_PAINT""","""BAKING_PAINT""",CORRECT,[],[],CORRECT,false,false,CORRECT,"""D2024-3534""","""D2024-3534""",CORRECT,"""B""","""B""",CORRECT,[],[],1,6993,530,True,False,"{""material"": ""title"", ""thickness"": ""title"", ""quantity"": ""title"", ""finish"": ""notes""}"
Lv2_0041,Lv2,fax,iso_en,False,9.46,,CORRECT,"""SUS304""","""SUS304""",CORRECT,4.5,4.5,CORRECT,3,3,CORRECT,"""NONE""","""NONE""",CORRECT,"[{""code"": ""PRESS_NUT"", ""count_per_part"": 4}, {""code"": ""PRESS_STUD"", ""count_per_part"": 4}]","[{""code"": ""PRESS_NUT"", ""count_per_part"": 4, ""text"": ""SELF-CLINCHING NUT M6, 4 PLCS""}, {""code"": ""PRESS_STUD"", ""count_per_part"": 4, ""text"": ""SELF-CLINCHING STUD M3x10, 4 PLCS""}]",CORRECT,true,true,CORRECT,"""AB-22-3449""","""AB-22-3449""",CORRECT,null,null,CORRECT,[],[],2,26676,1194,True,False,"{""material"": ""title"", ""thickness"": ""title"", ""quantity"": ""title"", ""finish"": ""title"", ""processes"": [""callouts"", ""notes""], ""rush"": ""stamp""}"
Lv2_0042,Lv2,vector,jis_bom,False,0.12,,CORRECT,"""SUS304""","""SUS304""",CORRECT,3.2,3.2,CORRECT,100,100,CORRECT,null,null,CORRECT,"[{""code"": ""COUNTERSINK"", ""count_per_part"": 6}]","[{""code"": ""COUNTERSINK"", ""count_per_part"": 6, ""text"": ""6-φ3.4 皿 φ6.4×90°""}]",CORRECT,false,false,CORRECT,"""BX-25-5252""","""BX-25-5252""",CORRECT,null,null,CORRECT,[],[],1,6863,485,True,False,"{""material"": ""notes"", ""thickness"": ""title"", ""quantity"": ""notes"", ""processes"": [""notes""]}"
Lv2_0043,Lv2,scan,bilingual,False,5.48,,CORRECT,"""SPCC""","""SPCC""",CORRECT,4.5,4.5,CORRECT,500,500,CORRECT,null,null,CORRECT,"[{""code"": ""TIG_WELD"", ""count_per_part"": 3}]","[{""code"": ""TIG_WELD"", ""count_per_part"": 3, ""text"": ""コーナー3ヶ所 TIG溶接""}]",CORRECT,false,false,CORRECT,"""MC-20-0308""","""MC-20-0308""",CORRECT,null,null,CORRECT,[],[],2,26676,973,True,False,"{""material"": ""notes"", ""thickness"": ""notes"", ""quantity"": ""title"", ""processes"": [""notes""]}"
Lv2_0044,Lv2,scan,jis_bom,False,8.35,,CORRECT,"""SPCC""","""SPCC""",CORRECT,0.8,0.8,CORRECT,200,200,CORRECT,"""ZINC_YELLOW""","""ZINC_YELLOW""",CORRECT,"[{""code"": ""PRESS_NUT"", ""count_per_part"": 4}]","[{""code"": ""PRESS_NUT"", ""count_per_part"": 4, ""text"": ""PEMナット CLS-M4-1 4ヶ所 圧入""}]",CORRECT,false,false,CORRECT,"""D2025-5370""","""D2025-5370""",CORRECT,null,null,CORRECT,[],[],2,26676,1222,True,False,"{""material"": ""title"", ""thickness"": ""title"", ""quantity"": ""title"", ""finish"": ""title"", ""processes"": [""callouts""]}"
Lv2_0045,Lv2,handwritten,iso_en,False,6.29,,CORRECT,"""SUS304""","""SUS304""",CORRECT,1.2,1.2,CORRECT,null,null,CORRECT,null,null,CORRECT,"[{""code"": ""TAP_M4"", ""count_per_part"": 8}, {""code"": ""TAP_M5"", ""count_per_part"": 3}]","[{""code"": ""TAP_M4"", ""count_per_part"": 8, ""text"": ""8X M4x0.7 TAP THRU""}, {""code"": ""TAP_M5"", ""count_per_part"": 3, ""text"": ""M5タップ追加 3ヶ所""}]",CORRECT,true,true,CORRECT,"""D2023-3454""","""D2023-3454""",CORRECT,null,null,CORRECT,"[""appearance""]","[""appearance""]",2,26676,1185,True,False,"{""material"": ""title"", ""thickness"": ""title"", ""processes"": [""callouts""], ""rush"": ""stamp""}"
Lv2_0046,Lv2,vector,jis_bom,False,0.43,,CORRECT,null,null,CORRECT,null,null,CORRECT,null,null,CORRECT,null,null,CORRECT,"[{""code"": ""TIG_WELD"", ""count_per_part"": 3}]","[{""code"": ""TIG_WELD"", ""count_per_part"": 3, ""text"": ""角部 TIG溶接 3ヶ所""}]",CORRECT,false,false,CORRECT,"""B65088-03""","""B65088-03""",CORRECT,"""1""","""1""",CORRECT,[],[],1,11891,488,True,False,"{""processes"": [""callouts""]}"
Lv2_0047,Lv2,fax,jis_cad,False,11.46,,CORRECT,"""SPCC""","""SPCC""",CORRECT,null,null,CORRECT,1,1,CORRECT,null,null,CORRECT,"[{""code"": ""COUNTERSINK"", ""count_per_part"": 4}]","[{""code"": ""COUNTERSINK"", ""count_per_part"": 4, ""text"": ""皿もみ M5用 4ヶ所""}]",CORRECT,false,false,CORRECT,"""D2024-6837""","""D2024-6837""",CORRECT,null,null,CORRECT,[],[],2,26676,956,True,False,"{""material"": ""title"", ""quantity"": ""title"", ""processes"": [""callouts""]}"
Lv2_0048,Lv2,vector,jis_cad,False,0.37,,CORRECT,"""AL5052""","""AL5052""",CORRECT,0.8,0.8,CORRECT,50,50,CORRECT,null,null,CORRECT,[],[],CORRECT,false,false,CORRECT,"""MX-23-0005""","""MX-23-0005""",CORRECT,null,null,CORRECT,"[""inspection""]","[""inspection""]",1,11724,432,True,False,"{""material"": ""title"", ""thickness"": ""title"", ""quantity"": ""title""}"
Lv2_0049,Lv2,vector,memo,False,0.1,,CORRECT,"""UNREGISTERED""","""UNREGISTERED""",CORRECT,3.2,3.2,CORRECT,null,null,CORRECT,null,null,CORRECT,"[{""code"": ""TAP_M4"", ""count_per_part"": 4}, {""code"": ""TAP_M8"", ""count_per_part"": 8}]","[{""code"": ""TAP_M4"", ""count_per_part"": 4, ""text"": ""M4タップ 4ヶ所""}, {""code"": ""TAP_M8"", ""count_per_part"": 8, ""text"": ""8-M8""}]",CORRECT,false,false,CORRECT,"""D2023-8753""","""D2023-8753""",CORRECT,null,null,CORRECT,"[""inspection""]","[""inspection""]",1,6539,554,True,False,"{""material"": ""free"", ""thickness"": ""free"", ""processes"": [""callouts"", ""callouts""]}"
Lv2_0050,Lv2,vector,jis_cad,False,0.41,,CORRECT,"""SPCC""","""SPCC""",CORRECT,null,null,CORRECT,null,null,CORRECT,"""NONE""","""NONE""",CORRECT,[],[],CORRECT,false,false,CORRECT,"""C33176-08""","""C33176-08""",CORRECT,null,null,CORRECT,[],[],1,11673,421,True,False,"{""finish"": ""title"", ""material"": ""title""}"
Lv2_0051,Lv2,vector,bilingual,False,0.45,,CORRECT,"""UNREGISTERED""","""UNREGISTERED""",CORRECT,2.0,2.0,CORRECT,10,10,CORRECT,"""NONE""","""NONE""",CORRECT,"[{""code"": ""SPOT_WELD"", ""count_per_part"": 6}]","[{""code"": ""SPOT_WELD"", ""count_per_part"": 6, ""text"": ""SPOT 6点""}]",CORRECT,false,false,CORRECT,"""D2020-3215""","""D2020-3215""",CORRECT,null,null,CORRECT,[],[],1,11750,483,True,False,"{""material"": ""title"", ""thickness"": ""title"", ""quantity"": ""title"", ""finish"": ""notes"", ""processes"": [""callouts""]}"
Lv2_0052,Lv2,vector,memo,False,0.09,,CORRECT,"""SS400""","""SS400""",CORRECT,null,null,CORRECT,10,10,CORRECT,null,null,CORRECT,"[{""code"": ""TAP_M6"", ""count_per_part"": 4}, {""code"": ""TIG_WELD"", ""count_per_part"": 3}]","[{""code"": ""TAP_M6"", ""count_per_part"": 4, ""text"": ""4-M6""}, {""code"": ""TIG_WELD"", ""count_per_part"": 3, ""text"": ""コーナー3ヶ所 TIG溶接""}]",CORRECT,false,false,CORRECT,"""DX521-2819""","""DX521-2819""",CORRECT,null,null,CORRECT,[],[],1,6520,532,True,False,"{""material"": ""free"", ""quantity"": ""free"", ""processes"": [""callouts"", ""callouts""]}"
Lv2_0053,Lv2,fax,memo,False,8.49,,CORRECT,"""SPCC""","""SPCC""",CORRECT,null,null,CORRECT,100,100,CORRECT,"""ZINC_BLACK""","""ZINC_BLACK""",CORRECT,[],[],CORRECT,false,false,CORRECT,"""D2024-1395""","""D2024-1395""",CORRECT,null,null,CORRECT,[],[],2,26676,844,True,False,"{""material"": ""free"", ""quantity"": ""free"", ""finish"": ""free""}"
Lv2_0054,Lv2,vector,jis_cad,False,0.12,,CORRECT,null,null,CORRECT,null,null,CORRECT,null,null,CORRECT_FLAGGED,"""ANODIZE_CLEAR""","""ANODIZE_CLEAR""",CORRECT,"[{""code"": ""SPOT_WELD"", ""count_per_part"": 8}]","[{""code"": ""SPOT_WELD"", ""count_per_part"": 8, ""text"": ""スポット溶接（8ヶ所）""}]",CORRECT,true,true,CORRECT,"""D2019-3662""","""D2019-3662""",CORRECT,null,null,CORRECT,"[""appearance""]","[""appearance""]",1,6733,515,False,False,"{""finish"": ""title"", ""processes"": [""callouts""], ""rush"": ""title""}"
Lv2_0055,Lv2,scan,jis_bom,False,6.37,,CORRECT,"""SECC""","""SECC""",CORRECT,null,null,CORRECT,null,null,CORRECT,null,null,CORRECT,"[{""code"": ""PRESS_STUD"", ""count_per_part"": 3}, {""code"": ""SPOT_WELD"", ""count_per_part"": 5}, {""code"": ""TAP_M4"", ""count_per_part"": 7}]","[{""code"": ""PRESS_STUD"", ""count_per_part"": 3, ""text"": ""圧入スタッド M4×10""}, {""code"": ""SPOT_WELD"", ""count_per_part"": 5, ""text"": ""SPOT 5点""}, {""code"": ""TAP_M4"", ""count_per_part"": 7, ""text"": ""7-M4×0.7""}]",CORRECT,false,false,CORRECT,"""SS983-9899""","""SS983-9899""",CORRECT,null,null,DANGEROUS,[],"[""tolerance""]",2,26676,1205,True,False,"{""material"": ""title"", ""processes"": [""bom"", ""callouts"", ""notes""]}"
Lv2_0056,Lv2,scan,iso_en,False,7.35,,CORRECT,"""SUS304""","""SUS304""",CORRECT,1.6,1.6,CORRECT,5,5,CORRECT,"""POWDER_COAT""","""POWDER_COAT""",CORRECT,[],[],CORRECT,false,false,CORRECT,"""C61820-15""","""C61820-15""",CORRECT,null,null,CORRECT,[],[],2,26676,1001,True,False,"{""material"": ""title"", ""thickness"": ""title"", ""quantity"": ""title"", ""finish"": ""notes""}"
Lv2_0057,Lv2,fax,iso_en,False,9.41,,CORRECT,"""SPCC""","""SPCC""",CORRECT,2.0,2.0,CORRECT,null,null,CORRECT,"""BAKING_PAINT""","""BAKING_PAINT""",CORRECT,[],[],CORRECT,false,false,CORRECT,"""D2019-7406""","""D2019-7406""",CORRECT,null,null,CORRECT,[],[],2,26676,933,True,False,"{""material"": ""title"", ""thickness"": ""title"", ""finish"": ""title""}"
Lv2_0058,Lv2,handwritten,jis_cad,False,6.37,,CORRECT,"""SPCC""","""SPCC""",CORRECT,3.2,3.2,CORRECT,200,200,CORRECT,"""BAKING_PAINT""","""BAKING_PAINT""",CORRECT,"[{""code"": ""PRESS_NUT"", ""count_per_part"": 5}]","[{""code"": ""PRESS_NUT"", ""count_per_part"": 5, ""text"": ""5-M6 圧入ナット""}]",CORRECT,true,true,CORRECT,"""D2022-3346""","""D2022-3346""",CORRECT,"""A""","""A""",CORRECT,[],[],2,26676,1052,True,False,"{""material"": ""title"", ""thickness"": ""title"", ""quantity"": ""title"", ""finish"": ""title"", ""processes"": [""callouts""], ""rush"": ""handwriting""}"
Lv2_0059,Lv2,vector,jis_bom,False,0.41,,CORRECT,"""SUS304""","""SUS304""",CORRECT,4.5,4.5,CORRECT,2000,2000,CORRECT,null,null,CORRECT,"[{""code"": ""PRESS_NUT"", ""count_per_part"": 5}, {""code"": ""TAP_M5"", ""count_per_part"": 7}]","[{""code"": ""PRESS_NUT"", ""count_per_part"": 5, ""text"": ""圧入ナット M6""}, {""code"": ""TAP_M5"", ""count_per_part"": 7, ""text"": ""M5タップ（7ヶ所）""}]",CORRECT,false,false,CORRECT,"""TC-23-8906""","""TC-23-8906""",CORRECT,null,null,CORRECT,[],[],1,11853,549,True,False,"{""material"": ""title"", ""thickness"": ""title"", ""quantity"": ""notes"", ""processes"": [""bom"", ""callouts""]}"
Lv3_0000,Lv3,handwritten,jis_cad,False,6.72,,CORRECT,"""SECC""","""SECC""",CORRECT,1.0,1.0,CORRECT,null,null,CORRECT,"""NONE""","""NONE""",CORRECT,"[{""code"": ""TAP_M3"", ""count_per_part"": 2}, {""code"": ""TAP_M4"", ""count_per_part"": 6}, {""code"": ""TIG_WELD"", ""count_per_part"": 2}]","[{""code"": ""TAP_M3"", ""count_per_part"": 2, ""text"": ""2×M3 タップ""}, {""code"": ""TAP_M4"", ""count_per_part"": 6, ""text"": ""6×M4 タップ""}, {""code"": ""TIG_WELD"", ""count_per_part"": 2, ""text"": ""角部 TIG溶接 2ヶ所""}]",CORRECT,false,false,CORRECT,"""D2020-5629""","""D2020-5629""",CORRECT,null,null,CORRECT,[],[],2,26676,1279,True,False,"{""material"": ""title"", ""thickness"": ""notes"", ""finish"": ""notes"", ""processes"": [""callouts"", ""callouts"", ""callouts""]}"
Lv3_0001,Lv3,vector,jis_cad,False,0.13,,CORRECT,null,null,CORRECT,2.3,2.3,CORRECT,20,20,CORRECT,"""ZINC_CLEAR""","""ZINC_CLEAR""",CORRECT,"[{""code"": ""TAP_M6"", ""count_per_part"": 2}, {""code"": ""TAP_M8"", ""count_per_part"": 8}, {""code"": ""UNREGISTERED"", ""count_per_part"": null}]","[{""code"": ""TAP_M6"", ""count_per_part"": 2, ""text"": ""2-M6×1.0""}, {""code"": ""TAP_M8"", ""count_per_part"": 8, ""text"": ""M8×1.25 タップ 4箇所 + M8×1.25 タップ 4箇所""}, {""code"": ""UNREGISTERED"", ""count_per_part"": 4, ""text"": ""バーリングタップ M4 4ヶ所""}]",CORRECT,false,false,CORRECT,"""M42849-05""","""M42849-05""",CORRECT,"""A""","""A""",CORRECT,[],[],1,6916,679,True,False,"{""thickness"": ""title"", ""quantity"": ""title"", ""finish"": ""title"", ""processes"": [""callouts"", ""notes"", ""callouts""]}"
Lv3_0002,Lv3,fax,jis_bom,False,5.5,,CORRECT,"""SUS304""","""SUS304""",CORRECT,null,null,CORRECT,null,null,CORRECT,"""NONE""","""NONE""",CORRECT,"[{""code"": ""COUNTERSINK"", ""count_per_part"": 5}]","[{""code"": ""COUNTERSINK"", ""count_per_part"": 5, ""text"": ""皿もみ M5用 5ヶ所""}]",CORRECT,false,false,CORRECT,"""DK-25-3479""","""DK-25-3479""",CORRECT,null,null,CORRECT,[],[],2,26676,963,True,False,"{""finish"": ""title"", ""material"": ""bom"", ""processes"": [""notes""]}"
Lv3_0003,Lv3,scan,jis_cad,False,20.43,,CORRECT,null,null,CORRECT,4.5,4.5,CORRECT,null,null,CORRECT,"""POWDER_COAT""","""POWDER_COAT""",CORRECT,[],[],CORRECT,false,false,CORRECT,"""DS697-9605""","""DS697-9605""",CORRECT,null,null,CORRECT,"[""inspection""]","[""inspection""]",2,45214,1013,True,False,"{""finish"": ""title"", ""thickness"": ""notes""}"
Lv3_0004,Lv3,scan,memo,False,9.47,,CORRECT,"""SPHC""","""SPHC""",CORRECT,1.0,1.0,CORRECT,null,null,CORRECT,"""BAKING_PAINT""","""BAKING_PAINT""",CORRECT,[],[],CORRECT,false,false,CORRECT,null,null,CORRECT,null,null,CORRECT,[],[],2,26676,852,True,False,"{""material"": ""bom"", ""thickness"": ""free"", ""finish"": ""free""}"
Lv3_0005,Lv3,vector,iso_en,False,0.11,,CORRECT,"""SUS304""","""SUS304""",CORRECT,null,null,CORRECT,null,null,CORRECT,null,null,CORRECT,"[{""code"": ""UNREGISTERED"", ""count_per_part"": null}]","[{""code"": ""UNREGISTERED"", ""count_per_part"": 2, ""text"": ""2X M10 TAP""}]",CORRECT,false,false,CORRECT,"""CX843-7257""","""CX843-7257""",CORRECT,null,null,CORRECT,"[""appearance""]","[""appearance""]",1,6741,523,True,False,"{""material"": ""title"", ""processes"": [""callouts""]}"
Lv3_0006,Lv3,vector,jis_bom,False,0.15,,CORRECT,"""AL5052""","""AL5052""",CORRECT,3.2,3.2,CORRECT,10,10,CORRECT,"""UNREGISTERED""","""UNREGISTERED""",CORRECT,"[{""code"": ""TAP_M6"", ""count_per_part"": 5}]","[{""code"": ""TAP_M6"", ""count_per_part"": 5, ""text"": ""M6タップ（5ヶ所）""}]",CORRECT,false,false,CORRECT,"""D2025-5300""","""D2025-5300""",CORRECT,"""A""","""A""",CORRECT,[],[],1,6952,522,True,False,"{""material"": ""bom"", ""thickness"": ""title"", ""quantity"": ""notes"", ""finish"": ""title"", ""processes"": [""callouts""]}"
Lv3_0007,Lv3,vector,jis_cad,False,0.13,,CORRECT,"""SUS304""","""SUS304""",CORRECT,3.2,3.2,CORRECT,200,200,CORRECT,"""POWDER_COAT""","""POWDER_COAT""",CORRECT,"[{""code"": ""TAP_M5"", ""count_per_part"": 6}]","[{""code"": ""TAP_M5"", ""count_per_part"": 6, ""text"": ""M5タップ 6ヶ所""}]",CORRECT,false,false,CORRECT,"""D2021-5359""","""D2021-5359""",CORRECT,"""A""","""A""",CORRECT,"[""tolerance""]","[""tolerance""]",1,6866,532,True,False,"{""material"": ""title"", ""thickness"": ""title"", ""quantity"": ""title"", ""finish"": ""notes"", ""processes"": [""notes""]}"
Lv3_0008,Lv3,vector,jis_cad,False,0.12,,CORRECT,"""SPCC""","""SPCC""",CORRECT,2.3,2.3,CORRECT,null,null,CORRECT,"""ZINC_CLEAR""","""ZINC_CLEAR""",CORRECT,"[{""code"": ""TAP_M6"", ""count_per_part"": 3}]","[{""code"": ""TAP_M6"", ""count_per_part"": 3, ""text"": ""M6タップ 3ヶ所""}]",CORRECT,false,false,CORRECT,"""C99226-11""","""C99226-11""",CORRECT,"""A""","""A""",CORRECT,[],[],1,6848,524,True,False,"{""material"": ""title"", ""thickness"": ""notes"", ""finish"": ""title"", ""processes"": [""callouts""]}"
Lv3_0009,Lv3,fax,jis_cad,False,6.54,,CORRECT,"""SUS304""","""SUS304""",CORRECT,1.0,1.0,CORRECT,50,50,CORRECT,null,null,CORRECT,"[{""code"": ""TAP_M3"", ""count_per_part"": 1}]","[{""code"": ""TAP_M3"", ""count_per_part"": 1, ""text"": ""1-M3×0.5""}]",CORRECT,false,false,CORRECT,"""D2023-1729""","""D2023-1729""",CORRECT,"""B""","""B""",CORRECT,[],[],2,26676,1082,True,False,"{""material"": ""title"", ""thickness"": ""title"", ""quantity"": ""title"", ""processes"": [""callouts""]}"
Lv3_0010,Lv3,vector,iso_en,False,0.15,,CORRECT,"""SPCC""","""SPCC""",CORRECT,1.6,1.6,CORRECT,5,5,CORRECT,null,null,CORRECT,"[{""code"": ""PRESS_STUD"", ""count_per_part"": 6}]","[{""code"": ""PRESS_STUD"", ""count_per_part"": 6, ""text"": ""SELF-CLINCHING STUD M3x10, 6 PLCS""}]",CORRECT,false,false,CORRECT,"""DX-22-9562""","""DX-22-9562""",CORRECT,"""A""","""A""",CORRECT,[],[],1,6907,526,True,False,"{""material"": ""title"", ""thickness"": ""notes"", ""quantity"": ""notes"", ""processes"": [""callouts""]}"
Lv3_0011,Lv3,scan,jis_cad,False,6.82,,CORRECT,"""SUS304""","""SUS304""",CORRECT,4.5,4.5,CORRECT,null,null,CORRECT,null,null,CORRECT,[],[],CORRECT,true,true,CORRECT,"""CB258-4279""","""CB258-4279""",CORRECT,"""C""","""C""",CORRECT,"[""appearance""]","[""appearance""]",2,26676,1058,True,False,"{""material"": ""title"", ""thickness"": ""title"", ""rush"": ""stamp""}"
Lv3_0012,Lv3,fax,iso_en,False,5.93,,CORRECT,"""SECC""","""SECC""",CORRECT,1.2,1.2,CORRECT,20,20,CORRECT,null,null,CORRECT,[],[],CORRECT,true,true,CORRECT,"""CA-24-0554""","""CA-24-0554""",CORRECT,null,null,DANGEROUS,[],"[""tolerance""]",2,26676,1126,True,False,"{""material"": ""notes"", ""thickness"": ""notes"", ""quantity"": ""notes"", ""rush"": ""stamp""}"
Lv3_0013,Lv3,handwritten,jis_cad,False,6.86,,CORRECT,"""SPHC""","""SPHC""",CORRECT,3.2,3.2,CORRECT,300,300,CORRECT,"""POWDER_COAT""","""POWDER_COAT""",CORRECT,"[{""code"": ""PRESS_STUD"", ""count_per_part"": 5}]","[{""code"": ""PRESS_STUD"", ""count_per_part"": 5, ""text"": ""圧入スタッド M5×10 5ヶ所""}]",CORRECT,false,false,CORRECT,"""A88770-09""","""A88770-09""",CORRECT,"""C""","""C""",CORRECT,"[""inspection"", ""tolerance""]","[""inspection"", ""tolerance""]",2,26676,1250,True,False,"{""material"": ""title"", ""thickness"": ""title"", ""quantity"": ""notes"", ""finish"": ""title"", ""processes"": [""notes""]}"
Lv3_0014,Lv3,vector,jis_cad,False,0.14,,CORRECT,"""SUS304""","""SUS304""",CORRECT,null,null,CORRECT,150,150,CORRECT,"""NONE""","""NONE""",CORRECT,"[{""code"": ""TAP_M6"", ""count_per_part"": 8}, {""code"": ""TIG_WELD"", ""count_per_part"": 4}]","[{""code"": ""TAP_M6"", ""count_per_part"": 8, ""text"": ""M6タップ 8ヶ所""}, {""code"": ""TIG_WELD"", ""count_per_part"": 4, ""text"": ""TIG溶接 4箇所""}]",CORRECT,false,false,CORRECT,"""D2022-8418""","""D2022-8418""",CORRECT,"""2""","""2""",CORRECT,[],[],1,6888,585,True,False,"{""material"": ""title"", ""quantity"": ""title"", ""finish"": ""title"", ""processes"": [""callouts"", ""callouts""]}"
Lv3_0015,Lv3,vector,iso_en,False,0.14,,CORRECT,"""SPHC""","""SPHC""",CORRECT,1.2,1.2,CORRECT,100,100,CORRECT,"""NONE""","""NONE""",CORRECT,[],[],CORRECT,false,false,CORRECT,"""D51487-01""","""D51487-01""",CORRECT,null,null,CORRECT,[],[],1,6765,414,True,False,"{""material"": ""notes"", ""thickness"": ""title"", ""quantity"": ""title"", ""finish"": ""notes""}"
Lv3_0016,Lv3,fax,memo,False,5.58,,CORRECT,"""SUS304""","""SUS304""",CORRECT,4.5,4.5,CORRECT,null,null,CORRECT,"""NONE""","""NONE""",CORRECT,[],[],CORRECT,false,false,CORRECT,"""SC656-5661""","""SC656-5661""",CORRECT,null,null,CORRECT,[],[],2,26676,824,True,False,"{""material"": ""free"", ""thickness"": ""free"", ""finish"": ""free""}"
Lv3_0017,Lv3,scan,jis_bom,False,7.09,,CORRECT,null,null,CORRECT,2.3,2.3,CORRECT,10,10,CORRECT,"""NONE""","""NONE""",CORRECT,"[{""code"": ""SPOT_WELD"", ""count_per_part"": 6}]","[{""code"": ""SPOT_WELD"", ""count_per_part"": 6, ""text"": ""スポット溶接（6ヶ所）""}]",CORRECT,false,false,CORRECT,"""D2019-0448""","""D2019-0448""",CORRECT,"""3""","""3""",CORRECT,[],[],2,26676,1147,True,False,"{""thickness"": ""title"", ""quantity"": ""notes"", ""finish"": ""notes"", ""processes"": [""callouts""]}"
Lv3_0018,Lv3,vector,memo,False,0.15,,CORRECT,"""SECC""","""SECC""",CORRECT,null,null,CORRECT,30,30,CORRECT,null,null,CORRECT,"[{""code"": ""PRESS_STUD"", ""count_per_part"": 3}, {""code"": ""TAP_M3"", ""count_per_part"": 7}]","[{""code"": ""PRESS_STUD"", ""count_per_part"": 3, ""text"": ""PEMスタッド FH-M5-10""}, {""code"": ""TAP_M3"", ""count_per_part"": 7, ""text"": ""M3タップ（7ヶ所）""}]",CORRECT,false,false,CORRECT,null,null,CORRECT,null,null,CORRECT,"[""inspection""]","[""inspection""]",1,6658,562,True,False,"{""material"": ""free"", ""quantity"": ""bom"", ""processes"": [""callouts"", ""bom""]}"
Lv3_0019,Lv3,vector,iso_en,False,0.65,,CORRECT,"""SPCC""","""SPCC""",CORRECT,2.3,2.3,CORRECT,null,null,CORRECT,null,null,CORRECT,"[{""code"": ""TAP_M5"", ""count_per_part"": 2}]","[{""code"": ""TAP_M5"", ""count_per_part"": 2, ""text"": ""M5 TAP, 2 PLCS""}]",CORRECT,true,true,CORRECT,"""D2021-8011""","""D2021-8011""",CORRECT,null,null,CORRECT,[],[],1,19025,487,True,False,"{""material"": ""notes"", ""thickness"": ""title"", ""processes"": [""callouts""], ""rush"": ""notes""}"
Lv3_0020,Lv3,fax,jis_cad,False,7.36,,CORRECT,"""SECC""","""SECC""",CORRECT,1.6,1.6,CORRECT,1,1,CORRECT,"""POWDER_COAT""","""POWDER_COAT""",CORRECT,"[{""code"": ""PRESS_STUD"", ""count_per_part"": 6}, {""code"": ""TIG_WELD"", ""count_per_part"": 2}]","[{""code"": ""PRESS_STUD"", ""count_per_part"": 6, ""text"": ""PEMスタッド FH-M6-10 ×6""}, {""code"": ""TIG_WELD"", ""count_per_part"": 2, ""text"": ""コーナー2ヶ所 TIG溶接""}]",CORRECT,true,true,CORRECT,"""SR-22-4785""","""SR-22-4785""",CORRECT,"""B""","""B""",CORRECT,"[""appearance""]","[""appearance""]",2,26676,1282,True,False,"{""material"": ""notes"", ""thickness"": ""title"", ""quantity"": ""notes"", ""finish"": ""notes"", ""processes"": [""callouts"", ""callouts""], ""rush"": ""stamp""}"
Lv3_0021,Lv3,vector,bilingual,False,0.12,,CORRECT,"""UNREGISTERED""","""UNREGISTERED""",CORRECT,2.0,2.0,CORRECT,30,30,CORRECT,"""POWDER_COAT""","""POWDER_COAT""",CORRECT,"[{""code"": ""TAP_M6"", ""count_per_part"": 4}]","[{""code"": ""TAP_M6"", ""count_per_part"": 4, ""text"": ""M6×1.0 タップ 4箇所""}]",CORRECT,false,false,CORRECT,"""SA853-8908""","""SA853-8908""",CORRECT,null,null,CORRECT,[],[],1,6825,504,True,False,"{""material"": ""title"", ""thickness"": ""title"", ""quantity"": ""title"", ""finish"": ""title"", ""processes"": [""notes""]}"
Lv3_0022,Lv3,scan,bilingual,False,6.11,,CORRECT,"""SPCC""","""SPCC""",CORRECT,1.0,1.0,CORRECT,50,50,CORRECT,"""ZINC_CLEAR""","""ZINC_CLEAR""",CORRECT,"[{""code"": ""TAP_M4"", ""count_per_part"": 8}]","[{""code"": ""TAP_M4"", ""count_per_part"": 8, ""text"": ""8×M4 タップ""}]",CORRECT,false,false,CORRECT,"""C64524-01""","""C64524-01""",CORRECT,null,null,CORRECT,[],[],2,26676,1004,True,False,"{""material"": ""notes"", ""thickness"": ""title"", ""quantity"": ""title"", ""finish"": ""title"", ""processes"": [""callouts""]}"
Lv3_0023,Lv3,vector,iso_en,False,0.17,,CORRECT,"""SPHC""","""SPHC""",CORRECT,0.8,0.8,CORRECT,null,null,CORRECT_FLAGGED,"""ZINC_BLACK""","""ZINC_BLACK""",CORRECT,[],[],CORRECT,false,false,CORRECT,"""K71283-20""","""K71283-20""",CORRECT,null,null,DANGEROUS,"[""appearance""]","[""appearance"", ""tolerance""]",1,6913,476,False,False,"{""material"": ""title"", ""thickness"": ""notes"", ""finish"": ""title""}"
Lv3_0024,Lv3,vector,jis_cad,False,0.2,,CORRECT,"""SECC""","""SECC""",CORRECT,2.0,2.0,CORRECT,500,500,CORRECT,"""NONE""","""NONE""",CORRECT,"[{""code"": ""PRESS_STUD"", ""count_per_part"": 4}, {""code"": ""SPOT_WELD"", ""count_per_part"": 11}]","[{""code"": ""PRESS_STUD"", ""count_per_part"": 4, ""text"": ""圧入スタッド M4×10 4ヶ所""}, {""code"": ""SPOT_WELD"", ""count_per_part"": 11, ""text"": ""スポット溶接（11ヶ所）""}]",CORRECT,false,false,CORRECT,"""BX511-2892""","""BX511-2892""",CORRECT,"""A""","""A""",CORRECT,"[""tolerance""]","[""tolerance""]",1,9193,585,True,False,"{""material"": ""notes"", ""thickness"": ""title"", ""quantity"": ""notes"", ""finish"": ""title"", ""processes"": [""notes"", ""callouts""]}"
Lv3_0025,Lv3,fax,jis_bom,False,6.37,,CORRECT,null,null,CORRECT,1.0,1.0,CORRECT,300,300,CORRECT,null,null,CORRECT,[],[],CORRECT,false,false,CORRECT,"""DP113-2859""","""DP113-2859""",CORRECT,"""1""","""1""",CORRECT,[],[],2,26676,1021,True,False,"{""thickness"": ""title"", ""quantity"": ""bom""}"
Lv3_0026,Lv3,vector,bilingual,False,0.12,,CORRECT,"""SUS304""","""SUS304""",CORRECT,1.2,1.2,CORRECT,300,300,CORRECT,"""NONE""","""NONE""",CORRECT,"[{""code"": ""PRESS_NUT"", ""count_per_part"": 2}, {""code"": ""PRESS_STUD"", ""count_per_part"": 6}]","[{""code"": ""PRESS_NUT"", ""count_per_part"": 2, ""text"": ""2-M4 圧入ナット""}, {""code"": ""PRESS_STUD"", ""count_per_part"": 6, ""text"": ""PEMスタッド FH-M5-10 ×6""}]",CORRECT,false,false,CORRECT,"""D2026-7616""","""D2026-7616""",CORRECT,null,null,CORRECT,"[""inspection""]","[""inspection""]",1,6840,586,True,False,"{""material"": ""notes"", ""thickness"": ""title"", ""quantity"": ""notes"", ""finish"": ""notes"", ""processes"": [""notes"", ""callouts""]}"
Lv3_0027,Lv3,vector,jis_cad,False,0.14,,CORRECT,"""SECC""","""SECC""",CORRECT,null,null,CORRECT,20,20,CORRECT,null,null,CORRECT,"[{""code"": ""PRESS_NUT"", ""count_per_part"": 4}, {""code"": ""PRESS_STUD"", ""count_per_part"": 2}, {""code"": ""TAP_M4"", ""count_per_part"": 5}]","[{""code"": ""PRESS_NUT"", ""count_per_part"": 4, ""text"": ""4-M4 圧入ナット""}, {""code"": ""PRESS_STUD"", ""count_per_part"": 2, ""text"": ""圧入スタッド M6×10 2ヶ所""}, {""code"": ""TAP_M4"", ""count_per_part"": 5, ""text"": ""5×M4 タップ""}]",CORRECT,false,false,CORRECT,"""BR448-5321""","""BR448-5321""",CORRECT,"""1""","""1""",CORRECT,"[""appearance""]","[""appearance""]",1,6917,677,True,False,"{""material"": ""title"", ""quantity"": ""notes"", ""processes"": [""notes"", ""callouts"", ""callouts""]}"
Lv3_0028,Lv3,scan,bilingual,False,6.17,,CORRECT,null,null,CORRECT,null,null,CORRECT,10,10,CORRECT,null,null,CORRECT,"[{""code"": ""COUNTERSINK"", ""count_per_part"": 4}]","[{""code"": ""COUNTERSINK"", ""count_per_part"": 4, ""text"": ""皿もみ M3用 4ヶ所""}]",CORRECT,true,true,CORRECT,"""KP-20-2804""","""KP-20-2804""",CORRECT,"""A""","""A""",CORRECT,[],[],2,26676,1004,True,False,"{""quantity"": ""title"", ""processes"": [""callouts""], ""rush"": ""notes""}"
Lv3_0029,Lv3,handwritten,memo,False,6.16,,CORRECT,"""UNREGISTERED""","""UNREGISTERED""",CORRECT,1.2,1.2,CORRECT,null,null,CORRECT,"""POWDER_COAT""","""POWDER_COAT""",CORRECT,"[{""code"": ""UNREGISTERED"", ""count_per_part"": null}]","[{""code"": ""UNREGISTERED"", ""count_per_part"": 5, ""text"": ""バーリングタップ M4 5ヶ所""}]",CORRECT,false,false,CORRECT,null,null,CORRECT,null,null,CORRECT,[],[],2,26676,1056,True,False,"{""material"": ""bom"", ""thickness"": ""free"", ""finish"": ""free"", ""processes"": [""callouts""]}"
Lv3_0030,Lv3,fax,iso_en,False,5.59,,CORRECT,"""SPCC""","""SPCC""",CORRECT,1.0,1.0,CORRECT,null,null,CORRECT,null,null,CORRECT,[],[],CORRECT,false,false,CORRECT,"""DP-20-8909""","""DP-20-8909""",CORRECT,"""2""","""2""",CORRECT,[],[],2,26676,992,True,False,"{""material"": ""title"", ""thickness"": ""title""}"
Lv3_0031,Lv3,handwritten,iso_en,False,5.34,,CORRECT,null,null,CORRECT,2.3,2.3,CORRECT,10,10,CORRECT,null,null,CORRECT,"[{""code"": ""PRESS_NUT"", ""count_per_part"": 4}]","[{""code"": ""PRESS_NUT"", ""count_per_part"": 4, ""text"": ""SELF-CLINCHING NUT M3, 4 PLCS""}]",CORRECT,true,true,CORRECT,"""MS-26-5114""","""MS-26-5114""",CORRECT,null,null,CORRECT,[],[],2,26676,998,True,False,"{""thickness"": ""title"", ""quantity"": ""title"", ""processes"": [""notes""], ""rush"": ""title""}"
Lv3_0032,Lv3,vector,iso_en,False,0.12,,CORRECT,"""SPCC""","""SPCC""",CORRECT,2.0,2.0,CORRECT,null,null,CORRECT,null,null,CORRECT,"[{""code"": ""COUNTERSINK"", ""count_per_part"": 2}, {""code"": ""TAP_M5"", ""count_per_part"": 3}]","[{""code"": ""COUNTERSINK"", ""count_per_part"": 2, ""text"": ""CSK FOR M5 FHS, 2 PLCS""}, {""code"": ""TAP_M5"", ""count_per_part"": 3, ""text"": ""M5 TAP, 3 PLCS""}]",CORRECT,true,true,CORRECT,"""D2020-5571""","""D2020-5571""",CORRECT,"""A""","""A""",CORRECT,[],[],1,6899,548,True,False,"{""material"": ""title"", ""thickness"": ""notes"", ""processes"": [""callouts"", ""callouts""], ""rush"": ""notes""}"
Lv3_0033,Lv3,vector,memo,False,0.1,,CORRECT,"""SPCC""","""SPCC""",CORRECT,null,null,CORRECT,2000,2000,CORRECT,"""POWDER_COAT""","""POWDER_COAT""",CORRECT,"[{""code"": ""PRESS_NUT"", ""count_per_part"": 4}, {""code"": ""UNREGISTERED"", ""count_per_part"": null}]","[{""code"": ""PRESS_NUT"", ""count_per_part"": 4, ""text"": ""4-M5 圧入ナット""}, {""code"": ""UNREGISTERED"", ""count_per_part"": 4, ""text"": ""バーリングタップ M4 4ヶ所""}]",CORRECT,true,true,CORRECT,"""D2026-6167""","""D2026-6167""",CORRECT,null,null,CORRECT,[],[],1,6576,569,True,False,"{""material"": ""free"", ""quantity"": ""free"", ""finish"": ""free"", ""processes"": [""callouts"", ""callouts""], ""rush"": ""free""}"
Lv3_0034,Lv3,vector,bilingual,False,0.11,,CORRECT,"""AL5052""","""AL5052""",CORRECT,1.2,1.2,CORRECT,null,null,CORRECT,null,null,CORRECT,"[{""code"": ""TIG_WELD"", ""count_per_part"": 4}]","[{""code"": ""TIG_WELD"", ""count_per_part"": 4, ""text"": ""コーナー4ヶ所 TIG溶接""}]",CORRECT,false,false,CORRECT,"""BX-21-4406""","""BX-21-4406""",CORRECT,"""2""","""2""",CORRECT,[],[],1,6895,520,True,False,"{""material"": ""title"", ""thickness"": ""title"", ""processes"": [""callouts""]}"
Lv3_0035,Lv3,vector,iso_en,False,0.41,,CORRECT,"""SECC""","""SECC""",CORRECT,3.2,3.2,CORRECT,null,null,CORRECT,null,null,CORRECT,"[{""code"": ""PRESS_NUT"", ""count_per_part"": 3}, {""code"": ""PRESS_STUD"", ""count_per_part"": 4}]","[{""code"": ""PRESS_NUT"", ""count_per_part"": 3, ""text"": ""SELF-CLINCHING NUT M6, 3 PLCS""}, {""code"": ""PRESS_STUD"", ""count_per_part"": 4, ""text"": ""SELF-CLINCHING STUD M4x10, 4 PLCS""}]",CORRECT,false,false,CORRECT,"""KS-24-8380""","""KS-24-8380""",CORRECT,null,null,CORRECT,"[""appearance""]","[""appearance""]",1,11760,617,True,False,"{""material"": ""title"", ""thickness"": ""notes"", ""processes"": [""notes"", ""callouts""]}"
Lv3_0036,Lv3,scan,jis_cad,False,5.31,,CORRECT,"""SPCC""","""SPCC""",CORRECT,1.0,1.0,CORRECT,500,500,CORRECT,"""POWDER_COAT""","""POWDER_COAT""",CORRECT,"[{""code"": ""SPOT_WELD"", ""count_per_part"": 12}]","[{""code"": ""SPOT_WELD"", ""count_per_part"": 12, ""text"": ""スポット溶接 12点""}]",CORRECT,false,false,CORRECT,"""D75096-20""","""D75096-20""",CORRECT,null,null,CORRECT,"[""appearance""]","[""appearance""]",2,26676,1074,True,False,"{""material"": ""title"", ""thickness"": ""title"", ""quantity"": ""notes"", ""finish"": ""title"", ""processes"": [""callouts""]}"
Lv3_0037,Lv3,vector,jis_cad,False,0.2,,CORRECT,"""SPCC""","""SPCC""",CORRECT,1.2,1.2,CORRECT,null,null,CORRECT_FLAGGED,"""ZINC_CLEAR""","""ZINC_CLEAR""",CORRECT,"[{""code"": ""PRESS_NUT"", ""count_per_part"": 4}, {""code"": ""TAP_M6"", ""count_per_part"": 5}]","[{""code"": ""PRESS_NUT"", ""count_per_part"": 4, ""text"": ""4-M5 圧入ナット""}, {""code"": ""TAP_M6"", ""count_per_part"": 5, ""text"": ""5×M6 タップ""}]",CORRECT,false,false,CORRECT,"""AS-25-9961""","""AS-25-9961""",CORRECT,"""B""","""B""",CORRECT,[],[],1,6967,622,False,False,"{""material"": ""title"", ""thickness"": ""title"", ""finish"": ""title"", ""processes"": [""notes"", ""notes""]}"
Lv3_0038,Lv3,scan,jis_cad,False,6.4,,CORRECT,"""SECC""","""SECC""",CORRECT,4.5,4.5,CORRECT,1000,1000,CORRECT,null,null,CORRECT,"[{""code"": ""UNREGISTERED"", ""count_per_part"": null}]","[{""code"": ""UNREGISTERED"", ""count_per_part"": 4, ""text"": ""圧入スペーサ SO-M3-10 4ヶ所""}]",CORRECT,false,false,CORRECT,"""S55000-03""","""S55000-03""",CORRECT,null,null,CORRECT,[],[],2,26676,981,True,False,"{""material"": ""notes"", ""thickness"": ""notes"", ""quantity"": ""title"", ""processes"": [""callouts""]}"
Lv3_0039,Lv3,fax,bilingual,False,5.46,,CORRECT,"""SECC""","""SECC""",CORRECT,null,null,CORRECT,null,null,CORRECT,null,null,CORRECT,[],[],CORRECT,false,false,CORRECT,"""T58318-11""","""T58318-11""",CORRECT,null,null,CORRECT,"[""appearance""]","[""appearance""]",2,26676,866,True,False,"{""material"": ""title""}"
Lv3_0040,Lv3,vector,jis_bom,False,0.12,,CORRECT,null,null,CORRECT,1.0,1.0,CORRECT,10,10,CORRECT,"""ZINC_CLEAR""","""ZINC_CLEAR""",CORRECT,[],[],CORRECT,false,false,CORRECT,"""CA991-9430""","""CA991-9430""",CORRECT,null,null,CORRECT,[],[],1,6859,432,True,False,"{""thickness"": ""title"", ""quantity"": ""title"", ""finish"": ""notes""}"
Lv3_0041,Lv3,vector,iso_en,False,0.11,,CORRECT,"""SPCC""","""SPCC""",CORRECT,null,null,CORRECT,1000,1000,CORRECT,"""ZINC_YELLOW""","""ZINC_YELLOW""",CORRECT,[],[],CORRECT,false,false,CORRECT,"""D2023-2093""","""D2023-2093""",CORRECT,null,null,CORRECT,[],[],1,6775,440,True,False,"{""material"": ""title"", ""quantity"": ""title"", ""finish"": ""title""}"
Lv3_0042,Lv3,handwritten,iso_en,False,7.64,,CORRECT,"""SPCC""","""SPCC""",CORRECT,2.0,2.0,CORRECT,null,null,CORRECT,"""UNREGISTERED""","""UNREGISTERED""",CORRECT,"[{""code"": ""PRESS_STUD"", ""count_per_part"": 4}, {""code"": ""TAP_M5"", ""count_per_part"": 4}, {""code"": ""UNREGISTERED"", ""count_per_part"": null}]","[{""code"": ""PRESS_STUD"", ""count_per_part"": 4, ""text"": ""4X PEM FH-M4-10 STUD""}, {""code"": ""TAP_M5"", ""count_per_part"": 4, ""text"": ""M5タップ追加 4ヶ所""}, {""code"": ""UNREGISTERED"", ""count_per_part"": 2, ""text"": ""2X PEM SO-M3-10 STANDOFF""}]",CORRECT,false,false,CORRECT,"""M38155-06""","""M38155-06""",CORRECT,null,null,CORRECT,"[""inspection""]","[""inspection""]",2,45214,1335,True,False,"{""material"": ""title"", ""thickness"": ""title"", ""finish"": ""notes"", ""processes"": [""callouts"", ""callouts""]}"
Lv3_0043,Lv3,fax,bilingual,False,6.42,,CORRECT,"""SPHC""","""SPHC""",CORRECT,null,null,CORRECT,50,50,CORRECT_FLAGGED,"""POWDER_COAT""","""POWDER_COAT""",CORRECT,"[{""code"": ""TIG_WELD"", ""count_per_part"": 2}, {""code"": ""UNREGISTERED"", ""count_per_part"": null}]","[{""code"": ""TIG_WELD"", ""count_per_part"": 2, ""text"": ""コーナー2ヶ所 TIG溶接""}, {""code"": ""UNREGISTERED"", ""count_per_part"": 6, ""text"": ""M10タップ 6ヶ所""}]",CORRECT,false,false,CORRECT,"""DB-25-0367""","""DB-25-0367""",CORRECT,"""A""","""A""",CORRECT,[],[],2,26676,1210,False,False,"{""material"": ""title"", ""quantity"": ""title"", ""finish"": ""title"", ""processes"": [""callouts"", ""callouts""]}"
Lv3_0044,Lv3,fax,jis_bom,False,5.61,,CORRECT,"""UNREGISTERED""","""UNREGISTERED""",CORRECT,null,null,CORRECT,2,2,CORRECT,"""NONE""","""NONE""",CORRECT,"[{""code"": ""TAP_M5"", ""count_per_part"": 3}]","[{""code"": ""TAP_M5"", ""count_per_part"": 3, ""text"": ""M5タップ 3ヶ所""}]",CORRECT,false,false,CORRECT,"""D2025-7173""","""D2025-7173""",CORRECT,null,null,CORRECT,"[""inspection""]","[""inspection""]",2,26676,1021,True,False,"{""material"": ""notes"", ""quantity"": ""notes"", ""finish"": ""notes"", ""processes"": [""callouts""]}"
Lv3_0045,Lv3,vector,iso_en,False,0.13,,CORRECT,"""SS400""","""SS400""",CORRECT,3.2,3.2,CORRECT,300,300,CORRECT,null,null,CORRECT,"[{""code"": ""SPOT_WELD"", ""count_per_part"": 9}]","[{""code"": ""SPOT_WELD"", ""count_per_part"": 9, ""text"": ""SPOT WELD 9 PLCS""}]",CORRECT,false,false,CORRECT,"""MP463-8339""","""MP463-8339""",CORRECT,"""C""","""C""",CORRECT,"[""inspection""]","[""inspection""]",1,6983,566,True,False,"{""material"": ""title"", ""thickness"": ""title"", ""quantity"": ""title"", ""processes"": [""callouts""]}"
Lv3_0046,Lv3,scan,jis_cad,False,6.18,,CORRECT,"""SECC""","""SECC""",CORRECT,2.3,2.3,CORRECT,30,30,CORRECT,"""NONE""","""NONE""",CORRECT,"[{""code"": ""TIG_WELD"", ""count_per_part"": 3}]","[{""code"": ""TIG_WELD"", ""count_per_part"": 3, ""text"": ""角部 TIG溶接 3ヶ所""}]",CORRECT,false,false,CORRECT,"""S61396-03""","""S61396-03""",CORRECT,null,null,DANGEROUS,[],"[""tolerance""]",2,26676,998,True,False,"{""material"": ""title"", ""thickness"": ""notes"", ""quantity"": ""notes"", ""finish"": ""title"", ""processes"": [""callouts""]}"
Lv3_0047,Lv3,scan,jis_bom,False,12.13,,CORRECT,"""AL5052""","""AL5052""",CORRECT,null,null,CORRECT,200,200,CORRECT,"""NONE""","""NONE""",CORRECT,"[{""code"": ""COUNTERSINK"", ""count_per_part"": 3}]","[{""code"": ""COUNTERSINK"", ""count_per_part"": 3, ""text"": ""3-φ5.5 皿 φ10.4×90°""}]",CORRECT,false,false,CORRECT,"""KR421-2254""","""KR421-2254""",CORRECT,"""1""","""1""",CORRECT,[],[],2,45214,1010,True,False,"{""material"": ""title"", ""quantity"": ""notes"", ""finish"": ""notes"", ""processes"": [""notes""]}"
Lv3_0048,Lv3,vector,jis_cad,False,0.12,,CORRECT,"""AL5052""","""AL5052""",CORRECT,null,null,CORRECT,null,null,CORRECT,"""NONE""","""NONE""",CORRECT,[],[],CORRECT,false,false,CORRECT,"""D2020-9339""","""D2020-9339""",CORRECT,"""A""","""A""",CORRECT,[],[],1,6826,485,True,False,"{""finish"": ""title"", ""material"": ""title""}"
Lv3_0049,Lv3,vector,bilingual,False,0.63,,CORRECT,"""SECC""","""SECC""",CORRECT,2.0,2.0,CORRECT,100,100,CORRECT,null,null,CORRECT,"[{""code"": ""PRESS_NUT"", ""count_per_part"": 2}, {""code"": ""TIG_WELD"", ""count_per_part"": 3}]","[{""code"": ""PRESS_NUT"", ""count_per_part"": 2, ""text"": ""2-M4 圧入ナット""}, {""code"": ""TIG_WELD"", ""count_per_part"": 3, ""text"": ""角部 TIG溶接 3ヶ所""}]",CORRECT,false,false,CORRECT,"""D2019-2316""","""D2019-2316""",CORRECT,"""2""","""2""",CORRECT,"[""inspection""]","[""inspection""]",1,19222,608,True,False,"{""material"": ""title"", ""thickness"": ""title"", ""quantity"": ""title"", ""processes"": [""notes"", ""notes""]}"
Lv3_0050,Lv3,fax,memo,False,11.59,,CORRECT,"""SUS304""","""SUS304""",CORRECT,0.8,0.8,CORRECT,50,50,CORRECT,"""POWDER_COAT""","""POWDER_COAT""",CORRECT,"[{""code"": ""PRESS_STUD"", ""count_per_part"": 4}, {""code"": ""TIG_WELD"", ""count_per_part"": 3}]","[{""code"": ""PRESS_STUD"", ""count_per_part"": 4, ""text"": ""PEMスタッド FH-M3-10""}, {""code"": ""TIG_WELD"", ""count_per_part"": 3, ""text"": ""コーナー3ヶ所 TIG溶接""}]",CORRECT,false,false,CORRECT,"""DX269-1807""","""DX269-1807""",CORRECT,null,null,CORRECT,"[""appearance"", ""inspection""]","[""appearance"", ""inspection""]",2,26676,1257,True,False,"{""material"": ""free"", ""thickness"": ""free"", ""quantity"": ""free"", ""finish"": ""free"", ""processes"": [""bom"", ""free""]}"
Lv3_0051,Lv3,scan,jis_bom,False,7.54,,CORRECT,null,null,CORRECT,2.3,2.3,CORRECT,200,200,CORRECT,"""UNREGISTERED""","""UNREGISTERED""",CORRECT,"[{""code"": ""COUNTERSINK"", ""count_per_part"": 6}]","[{""code"": ""COUNTERSINK"", ""count_per_part"": 6, ""text"": ""6-φ5.5 皿 φ10.4×90°""}]",CORRECT,false,false,CORRECT,"""D2021-9297""","""D2021-9297""",CORRECT,null,null,CORRECT,[],[],2,26676,1062,True,False,"{""thickness"": ""title"", ""quantity"": ""bom"", ""finish"": ""title"", ""processes"": [""notes""]}"
Lv3_0052,Lv3,fax,bilingual,False,6.66,,CORRECT,"""SPCC""","""SPCC""",CORRECT,null,null,CORRECT,50,50,CORRECT,null,null,CORRECT,"[{""code"": ""PRESS_STUD"", ""count_per_part"": 3}, {""code"": ""TAP_M5"", ""count_per_part"": 7}]","[{""code"": ""PRESS_STUD"", ""count_per_part"": 3, ""text"": ""圧入スタッド M4×10 3ヶ所""}, {""code"": ""TAP_M5"", ""count_per_part"": 7, ""text"": ""M5タップ 4ヶ所 + M5タップ 3ヶ所""}]",CORRECT,true,true,CORRECT,"""TC465-1487""","""TC465-1487""",CORRECT,null,null,CORRECT,"[""inspection""]","[""inspection""]",2,26676,1268,True,False,"{""material"": ""title"", ""quantity"": ""notes"", ""processes"": [""callouts"", ""callouts""], ""rush"": ""notes""}"
Lv3_0053,Lv3,vector,jis_cad,False,0.12,,CORRECT,"""SS400""","""SS400""",CORRECT,null,null,CORRECT,100,100,CORRECT,"""POWDER_COAT""","""POWDER_COAT""",CORRECT,[],[],CORRECT,false,false,CORRECT,"""KP-22-1970""","""KP-22-1970""",CORRECT,null,null,CORRECT,[],[],1,6725,421,True,False,"{""material"": ""title"", ""quantity"": ""title"", ""finish"": ""title""}"
Lv3_0054,Lv3,vector,iso_en,False,0.11,,CORRECT,"""AL5052""","""AL5052""",CORRECT,null,null,CORRECT,null,null,CORRECT,"""ANODIZE_BLACK""","""ANODIZE_BLACK""",CORRECT,[],[],CORRECT,true,true,CORRECT,"""D52541-18""","""D52541-18""",CORRECT,null,null,CORRECT,[],[],1,6797,433,True,False,"{""finish"": ""title"", ""material"": ""title"", ""rush"": ""notes""}"
Lv3_0055,Lv3,vector,jis_bom,False,0.4,,CORRECT,"""SECC""","""SECC""",CORRECT,null,null,CORRECT,20,20,CORRECT,"""BAKING_PAINT""","""BAKING_PAINT""",CORRECT,"[{""code"": ""COUNTERSINK"", ""count_per_part"": 3}, {""code"": ""PRESS_NUT"", ""count_per_part"": 2}]","[{""code"": ""COUNTERSINK"", ""count_per_part"": 3, ""text"": ""皿もみ M3用 3ヶ所""}, {""code"": ""PRESS_NUT"", ""count_per_part"": 2, ""text"": ""PEMナット CLS-M4-1""}]",CORRECT,false,false,CORRECT,"""CX695-6142""","""CX695-6142""",CORRECT,null,null,CORRECT,"[""appearance""]","[""appearance""]",1,11879,613,True,False,"{""material"": ""bom"", ""quantity"": ""bom"", ""finish"": ""title"", ""processes"": [""bom"", ""callouts""]}"
Lv3_0056,Lv3,scan,jis_cad,False,6.19,"BadRequestError: Error code: 400 - {'type': 'error', 'error': {'type': 'invalid_request_error', 'message': 'Your credit balance is too low to access the Anthropic API. Please go to Plans & Billing to upgrade or purchase credits.'}, 'request_id': 'req_011CfVYfJmjHe4NMnr79iYbf'}",REJECTED,,"""AL5052""",REJECTED,,1.0,REJECTED,,null,REJECTED,,"""ANODIZE_BLACK""",REJECTED,,"[{""code"": ""TAP_M3"", ""count_per_part"": 6, ""text"": ""M3タップ 6ヶ所""}]",REJECTED,,false,REJECTED,,"""D2021-0261""",REJECTED,,"""B""",REJECTED,,"[""inspection""]",0,0,0,False,False,"{""material"": ""title"", ""thickness"": ""title"", ""finish"": ""title"", ""processes"": [""callouts""]}"
Lv3_0057,Lv3,vector,jis_cad,False,0.21,,CORRECT,"""UNREGISTERED""","""UNREGISTERED""",CORRECT,2.3,2.3,CORRECT,150,150,CORRECT,"""POWDER_COAT""","""POWDER_COAT""",CORRECT,"[{""code"": ""PRESS_NUT"", ""count_per_part"": 6}, {""code"": ""TAP_M6"", ""count_per_part"": 6}, {""code"": ""TAP_M8"", ""count_per_part"": 8}]","[{""code"": ""PRESS_NUT"", ""count_per_part"": 6, ""text"": ""クリンチナット M6（2個） + クリンチナット M6（4個）""}, {""code"": ""TAP_M6"", ""count_per_part"": 6, ""text"": ""6×M6 タップ""}, {""code"": ""TAP_M8"", ""count_per_part"": 8, ""text"": ""8×M8 タップ""}]",CORRECT,false,false,CORRECT,"""T20683-04""","""T20683-04""",CORRECT,null,null,CORRECT,[],[],1,6812,677,True,False,"{""material"": ""notes"", ""thickness"": ""title"", ""quantity"": ""title"", ""finish"": ""title"", ""processes"": [""notes"", ""callouts"", ""callouts""]}"
Lv3_0058,Lv3,handwritten,iso_en,False,6.15,,CORRECT,"""SUS304""","""SUS304""",CORRECT,3.2,3.2,CORRECT,20,20,CORRECT,"""NONE""","""NONE""",CORRECT,"[{""code"": ""TAP_M3"", ""count_per_part"": 3}]","[{""code"": ""TAP_M3"", ""count_per_part"": 3, ""text"": ""M3タップ追加 3ヶ所""}]",CORRECT,false,false,CORRECT,"""D2021-1740""","""D2021-1740""",CORRECT,"""2""","""2""",CORRECT,[],[],2,26676,1148,True,False,"{""material"": ""notes"", ""thickness"": ""title"", ""quantity"": ""notes"", ""finish"": ""notes""}"
Lv3_0059,Lv3,vector,bilingual,False,0.11,,CORRECT,"""SECC""","""SECC""",CORRECT,null,null,CORRECT,5,5,CORRECT,null,null,DANGEROUS,"[{""code"": ""SPOT_WELD"", ""count_per_part"": 9}, {""code"": ""TAP_M3"", ""count_per_part"": 5}]","[{""code"": ""COUNTERSINK"", ""count_per_part"": 2, ""text"": ""2-φ4.5 皿 φ8.4×90°""}, {""code"": ""SPOT_WELD"", ""count_per_part"": 9, ""text"": ""スポット溶接（9ヶ所）""}, {""code"": ""TAP_M3"", ""count_per_part"": 5, ""text"": ""5-M3×0.5""}]",CORRECT,false,false,CORRECT,"""D50322-02""","""D50322-02""",CORRECT,null,null,CORRECT,[],[],1,6771,548,False,True,"{""material"": ""title"", ""quantity"": ""title"", ""processes"": [""callouts"", ""notes"", ""callouts""]}"
Lv4_0000,Lv4,fax,iso_en,False,1.02,"BadRequestError: Error code: 400 - {'type': 'error', 'error': {'type': 'invalid_request_error', 'message': 'Your credit balance is too low to access the Anthropic API. Please go to Plans & Billing to upgrade or purchase credits.'}, 'request_id': 'req_011CfVYffKzQnpdUFBZzuEGj'}",REJECTED,,"""SS400""",REJECTED,,null,REJECTED,,1,REJECTED,,null,REJECTED,,"[{""code"": ""TAP_M6"", ""count_per_part"": 8, ""text"": ""M6 TAP, 8 PLCS""}]",REJECTED,,true,REJECTED,,"""D2024-4571""",REJECTED,,"""3""",REJECTED,,[],0,0,0,False,False,"{""material"": ""title"", ""quantity"": ""title"", ""processes"": [""callouts""], ""rush"": ""notes""}"
Lv4_0001,Lv4,handwritten,jis_cad,False,1.51,"BadRequestError: Error code: 400 - {'type': 'error', 'error': {'type': 'invalid_request_error', 'message': 'Your credit balance is too low to access the Anthropic API. Please go to Plans & Billing to upgrade or purchase credits.'}, 'request_id': 'req_011CfVYfkTohHsfqg8c7L2Q8'}",REJECTED,,null,REJECTED,,2.0,REJECTED,,150,REJECTED,,"""NONE""",REJECTED,,"[{""code"": ""TAP_M3"", ""count_per_part"": 6, ""text"": ""M3×0.5 タップ 6箇所""}, {""code"": ""TAP_M4"", ""count_per_part"": 2, ""text"": ""+ M4タップ 2ヶ所""}]",REJECTED,,false,REJECTED,,"""DR959-4968""",REJECTED,,null,REJECTED,,"[""appearance""]",0,0,0,False,False,"{""thickness"": ""title"", ""quantity"": ""title"", ""finish"": ""title"", ""processes"": [""notes""]}"
Lv4_0002,Lv4,scan,jis_cad,False,0.99,"BadRequestError: Error code: 400 - {'type': 'error', 'error': {'type': 'invalid_request_error', 'message': 'Your credit balance is too low to access the Anthropic API. Please go to Plans & Billing to upgrade or purchase credits.'}, 'request_id': 'req_011CfVYfk2mMMHtSRiuWqGyP'}",REJECTED,,"""SPHC""",REJECTED,,1.2,REJECTED,,20,REJECTED,,"""BAKING_PAINT""",REJECTED,,"[{""code"": ""UNREGISTERED"", ""count_per_part"": 5, ""text"": ""バーリングタップ M4 5ヶ所""}]",REJECTED,,false,REJECTED,,"""D2026-4338""",REJECTED,,"""B""",REJECTED,,[],0,0,0,False,False,"{""material"": ""notes"", ""thickness"": ""title"", ""quantity"": ""title"", ""finish"": ""notes"", ""processes"": [""callouts""]}"
Lv4_0003,Lv4,vector,jis_cad,False,0.12,,CORRECT,"""SECC""","""SECC""",CORRECT,3.2,3.2,CORRECT,100,100,CORRECT,"""UNREGISTERED""","""UNREGISTERED""",CORRECT,[],[],CORRECT,false,false,CORRECT,"""BK-23-2996""","""BK-23-2996""",CORRECT,"""3""","""3""",CORRECT,[],[],1,6976,627,True,False,"{""material"": ""title"", ""thickness"": ""title"", ""quantity"": ""title"", ""finish"": ""notes""}"
Lv4_0004,Lv4,vector,memo,False,0.09,,CORRECT,null,null,CORRECT,null,null,CORRECT,5,5,CORRECT,null,null,CORRECT,"[{""code"": ""TAP_M6"", ""count_per_part"": 6}]","[{""code"": ""TAP_M6"", ""count_per_part"": 6, ""text"": ""6-M6""}]",CORRECT,false,false,CORRECT,"""AA-25-7480""","""AA-25-7480""",CORRECT,null,null,CORRECT,"[""inspection""]","[""inspection""]",1,6485,479,True,False,"{""quantity"": ""free"", ""processes"": [""free""]}"
Lv4_0005,Lv4,vector,jis_cad,False,0.12,,CORRECT,null,null,CORRECT,4.5,4.5,CORRECT,20,20,CORRECT,null,null,CORRECT,[],[],CORRECT,false,false,CORRECT,"""K84627-18""","""K84627-18""",CORRECT,null,null,CORRECT,[],[],1,6724,537,True,False,"{""thickness"": ""title"", ""quantity"": ""title""}"
Lv4_0006,Lv4,vector,iso_en,False,0.12,,CORRECT,"""SPCC""","""SPCC""",CORRECT,null,null,CORRECT,null,null,CORRECT,null,null,CORRECT,"[{""code"": ""SPOT_WELD"", ""count_per_part"": 10}, {""code"": ""TAP_M4"", ""count_per_part"": 2}]","[{""code"": ""SPOT_WELD"", ""count_per_part"": 10, ""text"": ""SPOT WELD 10 PLCS""}, {""code"": ""TAP_M4"", ""count_per_part"": 2, ""text"": ""2X M4-0.7 THD""}]",CORRECT,false,false,CORRECT,"""S38712-03""","""S38712-03""",CORRECT,null,null,CORRECT,[],[],1,6749,548,True,False,"{""material"": ""title"", ""processes"": [""callouts"", ""notes""]}"
Lv4_0007,Lv4,fax,memo,False,0.86,"BadRequestError: Error code: 400 - {'type': 'error', 'error': {'type': 'invalid_request_error', 'message': 'Your credit balance is too low to access the Anthropic API. Please go to Plans & Billing to upgrade or purchase credits.'}, 'request_id': 'req_011CfVYfmwrhFnYGmjmGchXy'}",REJECTED,,"""SPCC""",REJECTED,,null,REJECTED,,5,REJECTED,,"""ZINC_CLEAR""",REJECTED,,"[{""code"": ""TAP_M6"", ""count_per_part"": 3, ""text"": ""3-M6""}]",REJECTED,,true,REJECTED,,"""D67373-14""",REJECTED,,null,REJECTED,,"[""tolerance""]",0,0,0,False,False,"{""material"": ""free"", ""quantity"": ""free"", ""finish"": ""free"", ""processes"": [""callouts""], ""rush"": ""free""}"
Lv4_0008,Lv4,scan,jis_bom,False,1.2,"BadRequestError: Error code: 400 - {'type': 'error', 'error': {'type': 'invalid_request_error', 'message': 'Your credit balance is too low to access the Anthropic API. Please go to Plans & Billing to upgrade or purchase credits.'}, 'request_id': 'req_011CfVYfnzra6LeiKDfkVbr3'}",REJECTED,,"""SUS304""",REJECTED,,0.8,REJECTED,,10,REJECTED,,null,REJECTED,,"[{""code"": ""PRESS_NUT"", ""count_per_part"": 2, ""text"": ""PEMナット CLS-M5-1""}, {""code"": ""TAP_M4"", ""count_per_part"": 2, ""text"": ""2-M4×0.7""}, {""code"": ""UNREGISTERED"", ""count_per_part"": 2, ""text"": ""圧入スペーサ SO-M3-10 2ヶ所""}]",REJECTED,,false,REJECTED,,"""BB-20-8908""",REJECTED,,null,REJECTED,,[],0,0,0,False,False,"{""material"": ""title"", ""thickness"": ""title"", ""quantity"": ""notes"", ""processes"": [""callouts"", ""bom"", ""callouts""]}"
Lv4_0009,Lv4,vector,jis_cad,False,0.46,,CORRECT,"""SPCC""","""SPCC""",CORRECT,null,null,CORRECT,100,100,CORRECT,null,null,CORRECT,"[{""code"": ""COUNTERSINK"", ""count_per_part"": 4}, {""code"": ""PRESS_NUT"", ""count_per_part"": 2}, {""code"": ""TAP_M6"", ""count_per_part"": 1}]","[{""code"": ""COUNTERSINK"", ""count_per_part"": 4, ""text"": ""皿もみ M5用 4ヶ所""}, {""code"": ""PRESS_NUT"", ""count_per_part"": 2, ""text"": ""圧入ナット M4 ×2""}, {""code"": ""TAP_M6"", ""count_per_part"": 1, ""text"": ""M6タップ 1ヶ所""}]",CORRECT,false,false,CORRECT,"""DR135-8124""","""DR135-8124""",CORRECT,"""C""","""C""",CORRECT,[],[],1,11980,668,True,False,"{""material"": ""title"", ""quantity"": ""notes"", ""processes"": [""callouts"", ""callouts"", ""callouts""]}"
Lv4_0010,Lv4,fax,jis_cad,False,1.02,"BadRequestError: Error code: 400 - {'type': 'error', 'error': {'type': 'invalid_request_error', 'message': 'Your credit balance is too low to access the Anthropic API. Please go to Plans & Billing to upgrade or purchase credits.'}, 'request_id': 'req_011CfVYfpRgiBsHgvnkdgWS5'}",REJECTED,,"""SECC""",REJECTED,,0.8,REJECTED,,2000,REJECTED,,null,REJECTED,,[],REJECTED,,false,REJECTED,,"""D2025-6540""",REJECTED,,null,REJECTED,,"[""inspection""]",0,0,0,False,False,"{""material"": ""notes"", ""thickness"": ""title"", ""quantity"": ""title""}"
Lv4_0011,Lv4,fax,iso_en,False,1.07,"BadRequestError: Error code: 400 - {'type': 'error', 'error': {'type': 'invalid_request_error', 'message': 'Your credit balance is too low to access the Anthropic API. Please go to Plans & Billing to upgrade or purchase credits.'}, 'request_id': 'req_011CfVYfr3fMgfpHs2GQdSrZ'}",REJECTED,,"""SPCC""",REJECTED,,null,REJECTED,,50,REJECTED,,"""ELECTROLESS_NI""",REJECTED,,"[{""code"": ""PRESS_STUD"", ""count_per_part"": 2, ""text"": ""SELF-CLINCHING STUD M3x10, 2 PLCS""}]",REJECTED,,false,REJECTED,,"""B23374-11""",REJECTED,,null,REJECTED,,[],0,0,0,False,False,"{""material"": ""notes"", ""quantity"": ""title"", ""finish"": ""title"", ""processes"": [""callouts""]}"
Lv4_0012,Lv4,vector,jis_cad,False,0.12,,CORRECT,"""SS400""","""SS400""",CORRECT,1.6,1.6,CORRECT,null,null,CORRECT,"""ZINC_YELLOW""","""ZINC_YELLOW""",CORRECT,"[{""code"": ""COUNTERSINK"", ""count_per_part"": 6}, {""code"": ""PRESS_STUD"", ""count_per_part"": 6}, {""code"": ""TAP_M3"", ""count_per_part"": 4}]","[{""code"": ""COUNTERSINK"", ""count_per_part"": 6, ""text"": ""皿もみ M5用 6ヶ所""}, {""code"": ""PRESS_STUD"", ""count_per_part"": 6, ""text"": ""PEMスタッド FH-M3-10 ×6""}, {""code"": ""TAP_M3"", ""count_per_part"": 4, ""text"": ""4-M3""}]",CORRECT,true,true,CORRECT,"""S15596-06""","""S15596-06""",CORRECT,null,null,CORRECT,"[""tolerance""]","[""tolerance""]",1,6829,654,True,False,"{""material"": ""notes"", ""thickness"": ""title"", ""finish"": ""notes"", ""processes"": [""notes"", ""notes"", ""callouts""], ""rush"": ""notes""}"
Lv4_0013,Lv4,scan,jis_cad,False,0.96,"BadRequestError: Error code: 400 - {'type': 'error', 'error': {'type': 'invalid_request_error', 'message': 'Your credit balance is too low to access the Anthropic API. Please go to Plans & Billing to upgrade or purchase credits.'}, 'request_id': 'req_011CfVYfs1xa4ebuszBU4JSq'}",REJECTED,,"""SECC""",REJECTED,,2.3,REJECTED,,null,REJECTED,,"""NONE""",REJECTED,,"[{""code"": ""TAP_M5"", ""count_per_part"": 5, ""text"": ""5-M5×0.8""}]",REJECTED,,false,REJECTED,,"""D2026-5846""",REJECTED,,null,REJECTED,,[],0,0,0,False,False,"{""material"": ""title"", ""thickness"": ""title"", ""finish"": ""title"", ""processes"": [""notes""]}"
Lv4_0014,Lv4,vector,iso_en,False,0.12,,CORRECT,"""AL5052""","""AL5052""",CORRECT,1.6,1.6,CORRECT,50,50,CORRECT,"""ANODIZE_CLEAR""","""ANODIZE_CLEAR""",CORRECT,"[{""code"": ""PRESS_STUD"", ""count_per_part"": 2}, {""code"": ""TAP_M6"", ""count_per_part"": 4}, {""code"": ""UNREGISTERED"", ""count_per_part"": null}]","[{""code"": ""PRESS_STUD"", ""count_per_part"": 2, ""text"": ""2X PEM FH-M4-10 STUD""}, {""code"": ""TAP_M6"", ""count_per_part"": 4, ""text"": ""3X M6-1.0 THD + 1X M6-1.0 THD""}, {""code"": ""UNREGISTERED"", ""count_per_part"": 5, ""text"": ""5X BLIND RIVET""}]",CORRECT,false,false,CORRECT,"""B37657-08""","""B37657-08""",CORRECT,"""3""","""3""",CORRECT,[],[],1,7127,801,True,False,"{""material"": ""title"", ""thickness"": ""title"", ""quantity"": ""title"", ""finish"": ""title"", ""processes"": [""callouts"", ""callouts"", ""notes""]}"
Lv4_0015,Lv4,vector,jis_cad,False,0.38,,CORRECT,null,null,CORRECT,4.5,4.5,CORRECT,null,null,CORRECT,null,null,CORRECT,"[{""code"": ""PRESS_STUD"", ""count_per_part"": 3}]","[{""code"": ""PRESS_STUD"", ""count_per_part"": 3, ""text"": ""圧入スタッド M3×10 3ヶ所""}]",CORRECT,false,false,CORRECT,"""BR892-8430""","""BR892-8430""",CORRECT,null,null,CORRECT,"[""tolerance""]","[""tolerance""]",1,11737,507,True,False,"{""thickness"": ""title"", ""processes"": [""callouts""]}"
Lv4_0016,Lv4,vector,bilingual,False,0.46,,CORRECT,"""SS400""","""SS400""",CORRECT,3.2,3.2,CORRECT,200,200,CORRECT,"""POWDER_COAT""","""POWDER_COAT""",CORRECT,"[{""code"": ""PRESS_NUT"", ""count_per_part"": 5}, {""code"": ""SPOT_WELD"", ""count_per_part"": 7}, {""code"": ""UNREGISTERED"", ""count_per_part"": null}]","[{""code"": ""PRESS_NUT"", ""count_per_part"": 5, ""text"": ""3-M6 圧入ナット + 2-M6 圧入ナット""}, {""code"": ""SPOT_WELD"", ""count_per_part"": 7, ""text"": ""スポット溶接（7ヶ所）""}, {""code"": ""UNREGISTERED"", ""count_per_part"": 4, ""text"": ""バーリングタップ M4 4ヶ所""}]",CORRECT,false,false,CORRECT,"""MA-22-8398""","""MA-22-8398""",CORRECT,null,null,DANGEROUS,"[""appearance""]","[""appearance"", ""tolerance""]",1,11922,735,True,False,"{""material"": ""title"", ""thickness"": ""notes"", ""quantity"": ""title"", ""finish"": ""notes"", ""processes"": [""notes"", ""callouts"", ""notes""]}"
Lv4_0017,Lv4,vector,jis_bom,False,0.2,,CORRECT,null,null,CORRECT,0.8,0.8,CORRECT,50,50,CORRECT,"""NONE""","""NONE""",CORRECT,"[{""code"": ""UNREGISTERED"", ""count_per_part"": null}]","[{""code"": ""UNREGISTERED"", ""count_per_part"": 6, ""text"": ""圧入スペーサ SO-M3-10 6ヶ所""}]",CORRECT,false,false,CORRECT,"""S86208-15""","""S86208-15""",CORRECT,"""C""","""C""",CORRECT,"[""appearance"", ""inspection""]","[""appearance"", ""inspection""]",1,7046,635,True,False,"{""thickness"": ""notes"", ""quantity"": ""title"", ""finish"": ""title"", ""processes"": [""notes""]}"
Lv4_0018,Lv4,handwritten,jis_cad,False,2.2,"BadRequestError: Error code: 400 - {'type': 'error', 'error': {'type': 'invalid_request_error', 'message': 'Your credit balance is too low to access the Anthropic API. Please go to Plans & Billing to upgrade or purchase credits.'}, 'request_id': 'req_011CfVYfzDYdfkWtnzaZmTr8'}",REJECTED,,"""SPCC""",REJECTED,,null,REJECTED,,300,REJECTED,,null,REJECTED,,"[{""code"": ""SPOT_WELD"", ""count_per_part"": 10, ""text"": ""スポット溶接 10点""}, {""code"": ""TAP_M3"", ""count_per_part"": 6, ""text"": ""M3タップ 6ヶ所""}]",REJECTED,,false,REJECTED,,"""M21231-03""",REJECTED,,null,REJECTED,,"[""inspection""]",0,0,0,False,False,"{""material"": ""title"", ""quantity"": ""title"", ""processes"": [""callouts"", ""callouts""]}"
Lv4_0019,Lv4,scan,jis_cad,False,2.37,"BadRequestError: Error code: 400 - {'type': 'error', 'error': {'type': 'invalid_request_error', 'message': 'Your credit balance is too low to access the Anthropic API. Please go to Plans & Billing to upgrade or purchase credits.'}, 'request_id': 'req_011CfVYfyzQ93okRLFXKqmPt'}",REJECTED,,"""UNREGISTERED""",REJECTED,,2.3,REJECTED,,150,REJECTED,,"""UNREGISTERED""",REJECTED,,"[{""code"": ""PRESS_STUD"", ""count_per_part"": 3, ""text"": ""圧入スタッド M3×10 3ヶ所""}]",REJECTED,,true,REJECTED,,"""C44166-13""",REJECTED,,"""B""",REJECTED,,[],0,0,0,False,False,"{""material"": ""notes"", ""thickness"": ""title"", ""quantity"": ""notes"", ""finish"": ""title"", ""processes"": [""callouts""], ""rush"": ""notes""}"
Lv4_0020,Lv4,vector,memo,False,0.09,,CORRECT,"""SECC""","""SECC""",CORRECT,null,null,CORRECT,1000,1000,CORRECT,null,null,CORRECT,[],[],CORRECT,false,false,CORRECT,"""KK808-7278""","""KK808-7278""",CORRECT,null,null,CORRECT,"[""appearance""]","[""appearance""]",1,6541,441,True,False,"{""material"": ""bom"", ""quantity"": ""bom""}"
Lv4_0021,Lv4,vector,jis_bom,False,0.12,,CORRECT,null,null,CORRECT,2.0,2.0,CORRECT,null,null,CORRECT,null,null,CORRECT,"[{""code"": ""PRESS_NUT"", ""count_per_part"": 3}, {""code"": ""PRESS_STUD"", ""count_per_part"": 3}]","[{""code"": ""PRESS_NUT"", ""count_per_part"": 3, ""text"": ""クリンチナット M6""}, {""code"": ""PRESS_STUD"", ""count_per_part"": 3, ""text"": ""圧入スタッド M3×10""}]",CORRECT,false,false,CORRECT,"""T69206-11""","""T69206-11""",CORRECT,null,null,CORRECT,"[""inspection""]","[""inspection""]",1,6971,559,True,False,"{""thickness"": ""title"", ""processes"": [""bom"", ""bom""]}"
Lv4_0022,Lv4,vector,jis_cad,False,0.14,,CORRECT,null,null,CORRECT,null,null,CORRECT,null,null,CORRECT,"""ZINC_CLEAR""","""ZINC_CLEAR""",CORRECT,"[{""code"": ""PRESS_NUT"", ""count_per_part"": 2}, {""code"": ""TAP_M4"", ""count_per_part"": 1}]","[{""code"": ""PRESS_NUT"", ""count_per_part"": 2, ""text"": ""2-M3 圧入ナット""}, {""code"": ""TAP_M4"", ""count_per_part"": 1, ""text"": ""M4タップ（1ヶ所）""}]",CORRECT,true,true,CORRECT,"""DR-23-4943""","""DR-23-4943""",CORRECT,null,null,CORRECT,[],[],1,6786,561,True,False,"{""finish"": ""notes"", ""processes"": [""callouts"", ""notes""], ""rush"": ""notes""}"
Lv4_0023,Lv4,fax,jis_cad,False,1.54,"BadRequestError: Error code: 400 - {'type': 'error', 'error': {'type': 'invalid_request_error', 'message': 'Your credit balance is too low to access the Anthropic API. Please go to Plans & Billing to upgrade or purchase credits.'}, 'request_id': 'req_011CfVYfxa5SXFy2fZxwYWQ8'}",REJECTED,,"""SUS304""",REJECTED,,4.5,REJECTED,,100,REJECTED,,"""NONE""",REJECTED,,"[{""code"": ""SPOT_WELD"", ""count_per_part"": 9, ""text"": ""スポット溶接（9ヶ所）""}, {""code"": ""UNREGISTERED"", ""count_per_part"": 4, ""text"": ""M10タップ 4ヶ所""}]",REJECTED,,true,REJECTED,,"""T81477-13""",REJECTED,,null,REJECTED,,"[""appearance""]",0,0,0,False,False,"{""material"": ""title"", ""thickness"": ""title"", ""quantity"": ""title"", ""finish"": ""title"", ""processes"": [""notes"", ""callouts""], ""rush"": ""title""}"
Lv4_0024,Lv4,vector,jis_bom,False,0.9,,CORRECT,"""AL5052""","""AL5052""",CORRECT,4.5,4.5,CORRECT,null,null,CORRECT,"""ANODIZE_CLEAR""","""ANODIZE_CLEAR""",CORRECT,"[{""code"": ""PRESS_STUD"", ""count_per_part"": 6}, {""code"": ""TAP_M4"", ""count_per_part"": 6}]","[{""code"": ""PRESS_STUD"", ""count_per_part"": 6, ""text"": ""圧入スタッド M5×10 6ヶ所""}, {""code"": ""TAP_M4"", ""count_per_part"": 6, ""text"": ""M4タップ 3ヶ所 + M4タップ 3ヶ所""}]",CORRECT,false,false,CORRECT,"""M84498-02""","""M84498-02""",CORRECT,null,null,CORRECT,"[""inspection""]","[""inspection""]",1,19159,651,True,False,"{""material"": ""title"", ""thickness"": ""title"", ""finish"": ""notes"", ""processes"": [""notes"", ""callouts""]}"
Lv4_0025,Lv4,handwritten,jis_cad,False,1.66,"BadRequestError: Error code: 400 - {'type': 'error', 'error': {'type': 'invalid_request_error', 'message': 'Your credit balance is too low to access the Anthropic API. Please go to Plans & Billing to upgrade or purchase credits.'}, 'request_id': 'req_011CfVYfyAYXbaccsL8rftdH'}",REJECTED,,"""SECC""",REJECTED,,null,REJECTED,,50,REJECTED,,"""NONE""",REJECTED,,"[{""code"": ""TAP_M3"", ""count_per_part"": 7, ""text"": ""M3×0.5 タップ 7箇所""}, {""code"": ""UNREGISTERED"", ""count_per_part"": 5, ""text"": ""圧入スペーサ SO-M3-10 5ヶ所""}]",REJECTED,,true,REJECTED,,"""KK300-9434""",REJECTED,,null,REJECTED,,[],0,0,0,False,False,"{""material"": ""notes"", ""quantity"": ""title"", ""finish"": ""title"", ""processes"": [""notes"", ""callouts""], ""rush"": ""handwriting""}"
Lv4_0026,Lv4,scan,memo,False,1.66,"BadRequestError: Error code: 400 - {'type': 'error', 'error': {'type': 'invalid_request_error', 'message': 'Your credit balance is too low to access the Anthropic API. Please go to Plans & Billing to upgrade or purchase credits.'}, 'request_id': 'req_011CfVYfybqWTzpWZ4SZMKxu'}",REJECTED,,"""SS400""",REJECTED,,null,REJECTED,,null,REJECTED,,"""ZINC_CLEAR""",REJECTED,,"[{""code"": ""TAP_M4"", ""count_per_part"": 7, ""text"": ""7×M4 タップ""}]",REJECTED,,false,REJECTED,,null,REJECTED,,null,REJECTED,,"[""inspection"", ""tolerance""]",0,0,0,False,False,"{""finish"": ""free"", ""material"": ""bom"", ""processes"": [""callouts""]}"
Lv4_0027,Lv4,fax,jis_bom,False,1.1,"BadRequestError: Error code: 400 - {'type': 'error', 'error': {'type': 'invalid_request_error', 'message': 'Your credit balance is too low to access the Anthropic API. Please go to Plans & Billing to upgrade or purchase credits.'}, 'request_id': 'req_011CfVYfzhp4Hb8PHqhRYXhj'}",REJECTED,,"""AL5052""",REJECTED,,1.0,REJECTED,,150,REJECTED,,"""ANODIZE_BLACK""",REJECTED,,"[{""code"": ""TAP_M4"", ""count_per_part"": 1, ""text"": ""M4タップ 1ヶ所""}]",REJECTED,,false,REJECTED,,"""D2019-3368""",REJECTED,,"""3""",REJECTED,,"[""appearance""]",0,0,0,False,False,"{""material"": ""bom"", ""thickness"": ""notes"", ""quantity"": ""title"", ""finish"": ""title"", ""processes"": [""notes""]}"
Lv4_0028,Lv4,scan,jis_bom,False,1.15,"BadRequestError: Error code: 400 - {'type': 'error', 'error': {'type': 'invalid_request_error', 'message': 'Your credit balance is too low to access the Anthropic API. Please go to Plans & Billing to upgrade or purchase credits.'}, 'request_id': 'req_011CfVYg31yJMVgNziPBUK7i'}",REJECTED,,"""SUS304""",REJECTED,,null,REJECTED,,null,REJECTED,,null,REJECTED,,"[{""code"": ""UNREGISTERED"", ""count_per_part"": 6, ""text"": ""ブラインドリベット 6ヶ所""}]",REJECTED,,false,REJECTED,,"""D2026-2439""",REJECTED,,"""2""",REJECTED,,"[""tolerance""]",0,0,0,False,False,"{""material"": ""bom"", ""processes"": [""callouts""]}"
Lv4_0029,Lv4,vector,memo,False,0.09,,CORRECT,"""SPCC""","""SPCC""",CORRECT,1.6,1.6,CORRECT,500,500,CORRECT,"""ZINC_YELLOW""","""ZINC_YELLOW""",CORRECT,"[{""code"": ""PRESS_NUT"", ""count_per_part"": 2}]","[{""code"": ""PRESS_NUT"", ""count_per_part"": 2, ""text"": ""PEMナット CLS-M3-1 1ヶ所 圧入 + PEMナット CLS-M3-1 1ヶ所 圧入""}]",CORRECT,false,false,CORRECT,null,null,CORRECT,null,null,CORRECT,[],[],1,6565,583,True,False,"{""material"": ""free"", ""thickness"": ""free"", ""quantity"": ""free"", ""finish"": ""free"", ""processes"": [""callouts""]}"
Lv4_0030,Lv4,scan,bilingual,False,0.92,"BadRequestError: Error code: 400 - {'type': 'error', 'error': {'type': 'invalid_request_error', 'message': 'Your credit balance is too low to access the Anthropic API. Please go to Plans & Billing to upgrade or purchase credits.'}, 'request_id': 'req_011CfVYg41Fcp7jroGbvvugo'}",REJECTED,,null,REJECTED,,1.0,REJECTED,,null,REJECTED,,"""NONE""",REJECTED,,[],REJECTED,,false,REJECTED,,"""D2023-3476""",REJECTED,,null,REJECTED,,"[""appearance"", ""tolerance""]",0,0,0,False,False,"{""finish"": ""title"", ""thickness"": ""title""}"
Lv4_0031,Lv4,vector,jis_cad,False,0.11,,CORRECT,"""SPCC""","""SPCC""",CORRECT,null,null,CORRECT,3,3,CORRECT,null,null,CORRECT,"[{""code"": ""PRESS_NUT"", ""count_per_part"": 4}, {""code"": ""TAP_M4"", ""count_per_part"": 7}]","[{""code"": ""PRESS_NUT"", ""count_per_part"": 4, ""text"": ""圧入ナット M6 ×4""}, {""code"": ""TAP_M4"", ""count_per_part"": 7, ""text"": ""M4×0.7 タップ 7箇所""}]",CORRECT,true,true,CORRECT,"""D2020-9793""","""D2020-9793""",CORRECT,null,null,CORRECT,[],[],1,6822,554,True,False,"{""material"": ""title"", ""quantity"": ""title"", ""processes"": [""notes"", ""callouts""], ""rush"": ""notes""}"
Lv4_0032,Lv4,vector,jis_bom,False,0.49,,CORRECT,"""SUS304""","""SUS304""",CORRECT,4.5,4.5,CORRECT,300,300,CORRECT,null,null,CORRECT,"[{""code"": ""COUNTERSINK"", ""count_per_part"": 3}, {""code"": ""PRESS_NUT"", ""count_per_part"": 5}, {""code"": ""SPOT_WELD"", ""count_per_part"": 6}]","[{""code"": ""COUNTERSINK"", ""count_per_part"": 3, ""text"": ""3-φ4.5 皿 φ8.4×90°""}, {""code"": ""PRESS_NUT"", ""count_per_part"": 5, ""text"": ""クリンチナット M5（5個）""}, {""code"": ""SPOT_WELD"", ""count_per_part"": 6, ""text"": ""スポット溶接 6点""}]",CORRECT,true,true,CORRECT,"""D2024-6603""","""D2024-6603""",CORRECT,"""A""","""A""",CORRECT,[],[],1,11940,633,True,False,"{""material"": ""title"", ""thickness"": ""title"", ""quantity"": ""bom"", ""processes"": [""callouts"", ""callouts"", ""notes""], ""rush"": ""notes""}"
Lv4_0033,Lv4,vector,jis_bom,False,0.22,,CORRECT,"""SPHC""","""SPHC""",CORRECT,null,null,CORRECT,150,150,CORRECT,null,null,CORRECT,[],[],CORRECT,false,false,CORRECT,"""B79896-09""","""B79896-09""",CORRECT,"""C""","""C""",CORRECT,[],[],1,6993,548,True,False,"{""material"": ""bom"", ""quantity"": ""bom""}"
Lv4_0034,Lv4,vector,jis_cad,False,0.23,,CORRECT,"""SUS304""","""SUS304""",CORRECT,1.0,1.0,CORRECT,50,50,CORRECT,"""NONE""","""NONE""",CORRECT,"[{""code"": ""PRESS_NUT"", ""count_per_part"": 5}, {""code"": ""SPOT_WELD"", ""count_per_part"": 4}]","[{""code"": ""PRESS_NUT"", ""count_per_part"": 5, ""text"": ""5-M4 圧入ナット""}, {""code"": ""SPOT_WELD"", ""count_per_part"": 4, ""text"": ""スポット溶接 4点""}]",CORRECT,false,false,CORRECT,"""SS658-4734""","""SS658-4734""",CORRECT,"""1""","""1""",CORRECT,[],[],1,6842,566,True,False,"{""material"": ""title"", ""thickness"": ""title"", ""quantity"": ""title"", ""finish"": ""title"", ""processes"": [""callouts"", ""notes""]}"
Lv4_0035,Lv4,vector,jis_cad,False,0.17,,CORRECT,"""SECC""","""SECC""",CORRECT,3.2,3.2,CORRECT,null,null,CORRECT,null,null,CORRECT,"[{""code"": ""TAP_M6"", ""count_per_part"": 3}, {""code"": ""UNREGISTERED"", ""count_per_part"": null}]","[{""code"": ""TAP_M6"", ""count_per_part"": 3, ""text"": ""3-M6×1.0""}, {""code"": ""UNREGISTERED"", ""count_per_part"": 6, ""text"": ""ブラインドリベット 6ヶ所""}]",CORRECT,false,false,CORRECT,"""CX-23-4746""","""CX-23-4746""",CORRECT,"""A""","""A""",CORRECT,"[""appearance""]","[""appearance""]",1,6859,577,True,False,"{""material"": ""notes"", ""thickness"": ""title"", ""processes"": [""callouts"", ""notes""]}"
Lv4_0036,Lv4,fax,iso_en,False,1.75,"BadRequestError: Error code: 400 - {'type': 'error', 'error': {'type': 'invalid_request_error', 'message': 'Your credit balance is too low to access the Anthropic API. Please go to Plans & Billing to upgrade or purchase credits.'}, 'request_id': 'req_011CfVYg8W7mmr1VLKuCqDrk'}",REJECTED,,"""SPHC""",REJECTED,,4.5,REJECTED,,20,REJECTED,,null,REJECTED,,"[{""code"": ""TAP_M6"", ""count_per_part"": 3, ""text"": ""M6 TAP, 1 PLCS + M6 TAP, 2 PLCS""}, {""code"": ""UNREGISTERED"", ""count_per_part"": 3, ""text"": ""3X M10 TAP""}]",REJECTED,,false,REJECTED,,"""DS979-4363""",REJECTED,,"""A""",REJECTED,,"[""tolerance""]",0,0,0,False,False,"{""material"": ""title"", ""thickness"": ""title"", ""quantity"": ""title"", ""processes"": [""callouts"", ""callouts""]}"
Lv4_0037,Lv4,fax,bilingual,False,1.13,"BadRequestError: Error code: 400 - {'type': 'error', 'error': {'type': 'invalid_request_error', 'message': 'Your credit balance is too low to access the Anthropic API. Please go to Plans & Billing to upgrade or purchase credits.'}, 'request_id': 'req_011CfVYg6EwMSUfA4RSzpmbq'}",REJECTED,,null,REJECTED,,0.8,REJECTED,,100,REJECTED,,"""BAKING_PAINT""",REJECTED,,"[{""code"": ""TAP_M4"", ""count_per_part"": 7, ""text"": ""7-M4×0.7""}]",REJECTED,,false,REJECTED,,"""KA916-1456""",REJECTED,,"""B""",REJECTED,,[],0,0,0,False,False,"{""thickness"": ""title"", ""quantity"": ""title"", ""finish"": ""title"", ""processes"": [""notes""]}"
Lv4_0038,Lv4,scan,jis_cad,False,1.43,"BadRequestError: Error code: 400 - {'type': 'error', 'error': {'type': 'invalid_request_error', 'message': 'Your credit balance is too low to access the Anthropic API. Please go to Plans & Billing to upgrade or purchase credits.'}, 'request_id': 'req_011CfVYg7LvBeLDk445jwkcB'}",REJECTED,,"""SS400""",REJECTED,,1.2,REJECTED,,1,REJECTED,,"""UNREGISTERED""",REJECTED,,[],REJECTED,,false,REJECTED,,"""A36713-17""",REJECTED,,null,REJECTED,,"[""appearance""]",0,0,0,False,False,"{""material"": ""title"", ""thickness"": ""title"", ""quantity"": ""title"", ""finish"": ""title""}"
Lv4_0039,Lv4,handwritten,bilingual,False,1.03,"BadRequestError: Error code: 400 - {'type': 'error', 'error': {'type': 'invalid_request_error', 'message': 'Your credit balance is too low to access the Anthropic API. Please go to Plans & Billing to upgrade or purchase credits.'}, 'request_id': 'req_011CfVYg6R7DPfSaS7nK2grp'}",REJECTED,,"""SPCC""",REJECTED,,2.0,REJECTED,,null,REJECTED,,null,REJECTED,,"[{""code"": ""SPOT_WELD"", ""count_per_part"": 6, ""text"": ""SPOT 6点""}, {""code"": ""TAP_M6"", ""count_per_part"": 1, ""text"": ""M6タップ 1ヶ所""}]",REJECTED,,true,REJECTED,,"""D2020-3861""",REJECTED,,null,REJECTED,,[],0,0,0,False,False,"{""material"": ""title"", ""thickness"": ""title"", ""processes"": [""callouts"", ""callouts""], ""rush"": ""notes""}"
Lv4_0040,Lv4,fax,iso_en,False,1.21,"BadRequestError: Error code: 400 - {'type': 'error', 'error': {'type': 'invalid_request_error', 'message': 'Your credit balance is too low to access the Anthropic API. Please go to Plans & Billing to upgrade or purchase credits.'}, 'request_id': 'req_011CfVYg8DW8pcEXW4couTQQ'}",REJECTED,,"""UNREGISTERED""",REJECTED,,2.3,REJECTED,,2000,REJECTED,,"""NONE""",REJECTED,,"[{""code"": ""TAP_M4"", ""count_per_part"": 8, ""text"": ""8X M4x0.7 TAP THRU""}]",REJECTED,,false,REJECTED,,"""CR-20-7919""",REJECTED,,null,REJECTED,,"[""inspection""]",0,0,0,False,False,"{""material"": ""title"", ""thickness"": ""title"", ""quantity"": ""title"", ""finish"": ""title"", ""processes"": [""notes""]}"
Lv4_0041,Lv4,vector,bilingual,False,0.15,,CORRECT,null,null,CORRECT,null,null,CORRECT,1000,1000,CORRECT,"""NONE""","""NONE""",CORRECT,"[{""code"": ""PRESS_NUT"", ""count_per_part"": 5}]","[{""code"": ""PRESS_NUT"", ""count_per_part"": 5, ""text"": ""クリンチナット M4（2個） + クリンチナット M4（3個）""}]",CORRECT,false,false,CORRECT,"""AR741-7115""","""AR741-7115""",CORRECT,null,null,CORRECT,[],[],1,6816,541,True,False,"{""finish"": ""title"", ""quantity"": ""title"", ""processes"": [""callouts""]}"
Lv4_0042,Lv4,vector,iso_en,False,0.17,,CORRECT,"""SPHC""","""SPHC""",CORRECT,1.6,1.6,CORRECT,null,null,CORRECT,null,null,CORRECT,"[{""code"": ""COUNTERSINK"", ""count_per_part"": 2}, {""code"": ""TAP_M4"", ""count_per_part"": 4}]","[{""code"": ""COUNTERSINK"", ""count_per_part"": 2, ""text"": ""2X Ø5.5 CSK Ø10.4 x 90°""}, {""code"": ""TAP_M4"", ""count_per_part"": 4, ""text"": ""2X M4x0.7 TAP THRU + 2X M4x0.7 TAP THRU""}]",CORRECT,true,true,CORRECT,"""KS848-3189""","""KS848-3189""",CORRECT,"""2""","""2""",DANGEROUS,[],"[""tolerance""]",1,7120,717,True,False,"{""material"": ""title"", ""thickness"": ""title"", ""processes"": [""callouts"", ""callouts""], ""rush"": ""notes""}"
Lv4_0043,Lv4,scan,jis_cad,False,0.93,"BadRequestError: Error code: 400 - {'type': 'error', 'error': {'type': 'invalid_request_error', 'message': 'Your credit balance is too low to access the Anthropic API. Please go to Plans & Billing to upgrade or purchase credits.'}, 'request_id': 'req_011CfVYg9HFhGVJUfWDtWLZL'}",REJECTED,,"""SS400""",REJECTED,,null,REJECTED,,200,REJECTED,,"""UNREGISTERED""",REJECTED,,"[{""code"": ""PRESS_NUT"", ""count_per_part"": 5, ""text"": ""クリンチナット M6（5個）""}]",REJECTED,,false,REJECTED,,"""BP892-9150""",REJECTED,,null,REJECTED,,"[""inspection""]",0,0,0,False,False,"{""material"": ""title"", ""quantity"": ""title"", ""finish"": ""notes"", ""processes"": [""notes""]}"
Lv4_0044,Lv4,scan,jis_cad,False,1.29,"BadRequestError: Error code: 400 - {'type': 'error', 'error': {'type': 'invalid_request_error', 'message': 'Your credit balance is too low to access the Anthropic API. Please go to Plans & Billing to upgrade or purchase credits.'}, 'request_id': 'req_011CfVYgCHadhRP7xvdVVJU6'}",REJECTED,,"""SUS304""",REJECTED,,2.3,REJECTED,,2,REJECTED,,"""NONE""",REJECTED,,"[{""code"": ""SPOT_WELD"", ""count_per_part"": 9, ""text"": ""スポット溶接（9ヶ所）""}, {""code"": ""UNREGISTERED"", ""count_per_part"": 3, ""text"": ""ブラインドリベット 3ヶ所""}]",REJECTED,,false,REJECTED,,"""D96622-04""",REJECTED,,null,REJECTED,,[],0,0,0,False,False,"{""material"": ""title"", ""thickness"": ""title"", ""quantity"": ""title"", ""finish"": ""notes"", ""processes"": [""callouts"", ""notes""]}"
Lv4_0045,Lv4,vector,iso_en,False,0.44,,CORRECT,"""SPCC""","""SPCC""",CORRECT,4.5,4.5,CORRECT,200,200,CORRECT,"""BAKING_PAINT""","""BAKING_PAINT""",CORRECT,[],[],CORRECT,false,false,CORRECT,"""D2026-4610""","""D2026-4610""",CORRECT,null,null,CORRECT,"[""inspection""]","[""inspection""]",1,11756,477,True,False,"{""material"": ""title"", ""thickness"": ""title"", ""quantity"": ""title"", ""finish"": ""title""}"
Lv4_0046,Lv4,handwritten,iso_en,False,1.28,"BadRequestError: Error code: 400 - {'type': 'error', 'error': {'type': 'invalid_request_error', 'message': 'Your credit balance is too low to access the Anthropic API. Please go to Plans & Billing to upgrade or purchase credits.'}, 'request_id': 'req_011CfVYgDXz61FBbz4RHmf6y'}",REJECTED,,"""SPHC""",REJECTED,,1.6,REJECTED,,100,REJECTED,,"""POWDER_COAT""",REJECTED,,"[{""code"": ""COUNTERSINK"", ""count_per_part"": 5, ""text"": ""CSK FOR M3 FHS, 1 PLCS + CSK FOR M3 FHS, 4 PLCS""}, {""code"": ""TAP_M3"", ""count_per_part"": 3, ""text"": ""+ M3タップ 3ヶ所""}, {""code"": ""UNREGISTERED"", ""count_per_part"": 4, ""text"": ""4X BLIND RIVET""}]",REJECTED,,true,REJECTED,,"""CP-24-6960""",REJECTED,,null,REJECTED,,"[""inspection""]",0,0,0,False,False,"{""material"": ""title"", ""thickness"": ""title"", ""quantity"": ""title"", ""finish"": ""notes"", ""processes"": [""callouts"", ""notes""], ""rush"": ""notes""}"
Lv4_0047,Lv4,vector,memo,False,0.11,,CORRECT,"""SUS304""","""SUS304""",CORRECT,1.2,1.2,CORRECT,null,null,CORRECT,"""NONE""","""NONE""",CORRECT,"[{""code"": ""TAP_M6"", ""count_per_part"": 4}]","[{""code"": ""TAP_M6"", ""count_per_part"": 4, ""text"": ""1×M6 タップ + 3×M6 タップ""}]",CORRECT,false,false,CORRECT,"""T26261-20""","""T26261-20""",CORRECT,null,null,CORRECT,[],[],1,6607,533,True,False,"{""material"": ""bom"", ""thickness"": ""free"", ""finish"": ""free"", ""processes"": [""callouts""]}"
Lv4_0048,Lv4,vector,bilingual,False,0.58,,CORRECT,"""SS400""","""SS400""",CORRECT,2.3,2.3,CORRECT,null,null,CORRECT_FLAGGED,"""POWDER_COAT""","""POWDER_COAT""",CORRECT,[],[],CORRECT,false,false,CORRECT,"""SA-22-6871""","""SA-22-6871""",CORRECT,"""3""","""3""",CORRECT,[],[],1,11966,557,False,False,"{""material"": ""notes"", ""thickness"": ""notes"", ""finish"": ""title""}"
Lv4_0049,Lv4,fax,iso_en,False,1.56,"BadRequestError: Error code: 400 - {'type': 'error', 'error': {'type': 'invalid_request_error', 'message': 'Your credit balance is too low to access the Anthropic API. Please go to Plans & Billing to upgrade or purchase credits.'}, 'request_id': 'req_011CfVYgFFRRNnLJ1wCyjCxL'}",REJECTED,,"""SS400""",REJECTED,,3.2,REJECTED,,5,REJECTED,,"""ZINC_YELLOW""",REJECTED,,[],REJECTED,,true,REJECTED,,"""A96684-02""",REJECTED,,null,REJECTED,,"[""tolerance""]",0,0,0,False,False,"{""material"": ""title"", ""thickness"": ""title"", ""quantity"": ""title"", ""finish"": ""notes"", ""rush"": ""notes""}"
Lv4_0050,Lv4,scan,jis_cad,False,2.13,"BadRequestError: Error code: 400 - {'type': 'error', 'error': {'type': 'invalid_request_error', 'message': 'Your credit balance is too low to access the Anthropic API. Please go to Plans & Billing to upgrade or purchase credits.'}, 'request_id': 'req_011CfVYgJGjqmf12sXkn5RBb'}",REJECTED,,"""SUS304""",REJECTED,,null,REJECTED,,3,REJECTED,,"""NONE""",REJECTED,,"[{""code"": ""PRESS_STUD"", ""count_per_part"": 2, ""text"": ""PEMスタッド FH-M5-10 ×2""}, {""code"": ""TAP_M6"", ""count_per_part"": 4, ""text"": ""M6タップ（4ヶ所）""}]",REJECTED,,false,REJECTED,,"""CS-24-1678""",REJECTED,,"""B""",REJECTED,,[],0,0,0,False,False,"{""material"": ""title"", ""quantity"": ""title"", ""finish"": ""notes"", ""processes"": [""notes"", ""notes""]}"
Lv4_0051,Lv4,scan,iso_en,False,1.45,"BadRequestError: Error code: 400 - {'type': 'error', 'error': {'type': 'invalid_request_error', 'message': 'Your credit balance is too low to access the Anthropic API. Please go to Plans & Billing to upgrade or purchase credits.'}, 'request_id': 'req_011CfVYgFaGoCVoku2z2fSVK'}",REJECTED,,"""SS400""",REJECTED,,3.2,REJECTED,,null,REJECTED,,null,REJECTED,,"[{""code"": ""PRESS_STUD"", ""count_per_part"": 6, ""text"": ""SELF-CLINCHING STUD M5x10, 6 PLCS""}, {""code"": ""SPOT_WELD"", ""count_per_part"": 10, ""text"": ""SPOT WELD 10 PLCS""}]",REJECTED,,false,REJECTED,,"""CB-21-1353""",REJECTED,,null,REJECTED,,[],0,0,0,False,False,"{""material"": ""title"", ""thickness"": ""notes"", ""processes"": [""callouts"", ""notes""]}"
Lv4_0052,Lv4,vector,bilingual,False,0.28,,CORRECT,null,null,CORRECT,1.0,1.0,CORRECT,1,1,CORRECT,"""NONE""","""NONE""",CORRECT,[],[],CORRECT,false,false,CORRECT,"""D2024-0908""","""D2024-0908""",CORRECT,null,null,DANGEROUS,[],"[""tolerance""]",1,6810,414,True,False,"{""thickness"": ""title"", ""quantity"": ""notes"", ""finish"": ""notes""}"
Lv4_0053,Lv4,fax,jis_cad,False,1.25,"BadRequestError: Error code: 400 - {'type': 'error', 'error': {'type': 'invalid_request_error', 'message': 'Your credit balance is too low to access the Anthropic API. Please go to Plans & Billing to upgrade or purchase credits.'}, 'request_id': 'req_011CfVYgH64DgkR52JLL5uEr'}",REJECTED,,"""SECC""",REJECTED,,2.0,REJECTED,,50,REJECTED,,"""BAKING_PAINT""",REJECTED,,[],REJECTED,,true,REJECTED,,"""MB715-8644""",REJECTED,,null,REJECTED,,[],0,0,0,False,False,"{""material"": ""title"", ""thickness"": ""title"", ""quantity"": ""title"", ""finish"": ""title"", ""rush"": ""stamp""}"
Lv4_0054,Lv4,vector,jis_cad,False,0.56,,CORRECT,"""UNREGISTERED""","""UNREGISTERED""",CORRECT,null,null,CORRECT,3,3,CORRECT,"""NONE""","""NONE""",CORRECT,"[{""code"": ""TAP_M3"", ""count_per_part"": 5}]","[{""code"": ""TAP_M3"", ""count_per_part"": 5, ""text"": ""M3タップ（5ヶ所）""}]",CORRECT,false,false,CORRECT,"""D2019-2904""","""D2019-2904""",CORRECT,"""2""","""2""",CORRECT,"[""appearance""]","[""appearance""]",1,11911,545,True,False,"{""material"": ""title"", ""quantity"": ""title"", ""finish"": ""title"", ""processes"": [""callouts""]}"
Lv4_0055,Lv4,vector,jis_cad,False,0.29,,CORRECT_FLAGGED,"""SECC""","""SECC""",CORRECT,0.8,0.8,CORRECT,10,10,CORRECT,"""NONE""","""NONE""",CORRECT,"[{""code"": ""TAP_M3"", ""count_per_part"": 2}, {""code"": ""UNREGISTERED"", ""count_per_part"": null}]","[{""code"": ""TAP_M3"", ""count_per_part"": 2, ""text"": ""2-M3×0.5""}, {""code"": ""UNREGISTERED"", ""count_per_part"": 3, ""text"": ""ブラインドリベット 3ヶ所""}]",CORRECT,false,false,CORRECT,"""TP771-8678""","""TP771-8678""",CORRECT,"""B""","""B""",CORRECT,"[""appearance""]","[""appearance""]",1,6987,619,False,False,"{""material"": ""title"", ""thickness"": ""title"", ""quantity"": ""notes"", ""finish"": ""notes"", ""processes"": [""callouts"", ""callouts""]}"
Lv4_0056,Lv4,fax,jis_cad,False,1.12,"BadRequestError: Error code: 400 - {'type': 'error', 'error': {'type': 'invalid_request_error', 'message': 'Your credit balance is too low to access the Anthropic API. Please go to Plans & Billing to upgrade or purchase credits.'}, 'request_id': 'req_011CfVYgKdqtWKa5v4b3XR5j'}",REJECTED,,"""SPHC""",REJECTED,,1.0,REJECTED,,100,REJECTED,,"""BAKING_PAINT""",REJECTED,,"[{""code"": ""PRESS_NUT"", ""count_per_part"": 3, ""text"": ""クリンチナット M6（3個）""}, {""code"": ""TAP_M3"", ""count_per_part"": 5, ""text"": ""2×M3 タップ + 3×M3 タップ""}]",REJECTED,,false,REJECTED,,"""BX747-2989""",REJECTED,,null,REJECTED,,[],0,0,0,False,False,"{""material"": ""title"", ""thickness"": ""title"", ""quantity"": ""notes"", ""finish"": ""title"", ""processes"": [""callouts"", ""callouts""]}"
Lv4_0057,Lv4,vector,iso_en,False,0.74,,CORRECT,"""SPCC""","""SPCC""",CORRECT,3.2,3.2,CORRECT,10,10,CORRECT,"""ZINC_CLEAR""","""ZINC_CLEAR""",CORRECT,"[{""code"": ""COUNTERSINK"", ""count_per_part"": 6}, {""code"": ""SPOT_WELD"", ""count_per_part"": 8}]","[{""code"": ""COUNTERSINK"", ""count_per_part"": 6, ""text"": ""6X Ø3.4 CSK Ø6.4 x 90°""}, {""code"": ""SPOT_WELD"", ""count_per_part"": 8, ""text"": ""8X SPOT WELD""}]",CORRECT,false,false,CORRECT,"""B80989-18""","""B80989-18""",CORRECT,null,null,CORRECT,"[""inspection""]","[""inspection""]",1,19173,708,True,False,"{""material"": ""notes"", ""thickness"": ""notes"", ""quantity"": ""title"", ""finish"": ""notes"", ""processes"": [""notes"", ""callouts""]}"
Lv4_0058,Lv4,handwritten,bilingual,False,1.23,"BadRequestError: Error code: 400 - {'type': 'error', 'error': {'type': 'invalid_request_error', 'message': 'Your credit balance is too low to access the Anthropic API. Please go to Plans & Billing to upgrade or purchase credits.'}, 'request_id': 'req_011CfVYgLh6VmWGZxe7quoE5'}",REJECTED,,"""SPCC""",REJECTED,,4.5,REJECTED,,3,REJECTED,,"""BAKING_PAINT""",REJECTED,,"[{""code"": ""TAP_M8"", ""count_per_part"": 5, ""text"": ""M8タップ 5ヶ所""}]",REJECTED,,true,REJECTED,,"""D2025-4536""",REJECTED,,null,REJECTED,,"[""tolerance""]",0,0,0,False,False,"{""material"": ""title"", ""thickness"": ""title"", ""quantity"": ""title"", ""finish"": ""title"", ""processes"": [""notes""], ""rush"": ""notes""}"
Lv4_0059,Lv4,vector,memo,False,0.25,,CORRECT,"""SPCC""","""SPCC""",CORRECT,1.0,1.0,CORRECT,50,50,CORRECT,"""POWDER_COAT""","""POWDER_COAT""",CORRECT,"[{""code"": ""TAP_M3"", ""count_per_part"": 2}]","[{""code"": ""TAP_M3"", ""count_per_part"": 2, ""text"": ""M3タップ 2ヶ所""}]",CORRECT,true,true,CORRECT,null,null,CORRECT,null,null,CORRECT,[],[],1,6619,502,True,False,"{""material"": ""free"", ""thickness"": ""free"", ""quantity"": ""bom"", ""finish"": ""free"", ""processes"": [""free""], ""rush"": ""free""}"
