ISO-10303-21;
HEADER;
FILE_DESCRIPTION(('Open CASCADE Model'),'2;1');
FILE_NAME('Open CASCADE Shape Model','2026-01-01T00:00:00',('Author'),(
    'Open CASCADE'),'Open CASCADE STEP processor 7.9','Open CASCADE 7.9'
  ,'Unknown');
FILE_SCHEMA(('AUTOMOTIVE_DESIGN { 1 0 10303 214 1 1 1 1 }'));
ENDSEC;
DATA;
#1 = APPLICATION_PROTOCOL_DEFINITION('international standard',
  'automotive_design',2000,#2);
#2 = APPLICATION_CONTEXT(
  'core data for automotive mechanical design processes');
#3 = SHAPE_DEFINITION_REPRESENTATION(#4,#10);
#4 = PRODUCT_DEFINITION_SHAPE('','',#5);
#5 = PRODUCT_DEFINITION('design','',#6,#9);
#6 = PRODUCT_DEFINITION_FORMATION('','',#7);
#7 = PRODUCT('A_Lv0_0035',
  'A_Lv0_0035','',(#8));
#8 = PRODUCT_CONTEXT('',#2,'mechanical');
#9 = PRODUCT_DEFINITION_CONTEXT('part definition',#2,'design');
#10 = ADVANCED_BREP_SHAPE_REPRESENTATION('',(#11,#15),#2801);
#11 = AXIS2_PLACEMENT_3D('',#12,#13,#14);
#12 = CARTESIAN_POINT('',(0.,0.,0.));
#13 = DIRECTION('',(0.,0.,1.));
#14 = DIRECTION('',(1.,0.,-0.));
#15 = MANIFOLD_SOLID_BREP('',#16);
#16 = CLOSED_SHELL('',(#17,#137,#213,#284,#1209,#1984,#1991,#2038,#2065,
    #2092,#2099,#2126,#2173,#2200,#2227,#2234,#2281,#2308,#2335,#2342,
    #2389,#2416,#2443,#2450,#2497,#2524,#2551,#2558,#2605,#2632,#2659,
    #2666,#2693,#2740,#2767,#2794));
#17 = ADVANCED_FACE('',(#18),#32,.F.);
#18 = FACE_BOUND('',#19,.F.);
#19 = EDGE_LOOP('',(#20,#55,#83,#111));
#20 = ORIENTED_EDGE('',*,*,#21,.T.);
#21 = EDGE_CURVE('',#22,#24,#26,.T.);
#22 = VERTEX_POINT('',#23);
#23 = CARTESIAN_POINT('',(-577.3979186007,-294.0023324921,
    241.72655407063));
#24 = VERTEX_POINT('',#25);
#25 = CARTESIAN_POINT('',(-576.9279426593,-292.9565738793,
    242.08083014701));
#26 = SURFACE_CURVE('',#27,(#31,#43),.PCURVE_S1.);
#27 = LINE('',#28,#29);
#28 = CARTESIAN_POINT('',(-577.3979186007,-294.0023324921,
    241.72655407063));
#29 = VECTOR('',#30,1.);
#30 = DIRECTION('',(0.391646617802,0.871465510665,0.295230063654));
#31 = PCURVE('',#32,#37);
#32 = PLANE('',#33);
#33 = AXIS2_PLACEMENT_3D('',#34,#35,#36);
#34 = CARTESIAN_POINT('',(-577.3979186007,-294.0023324921,
    241.72655407063));
#35 = DIRECTION('',(0.750029952013,-0.488230107095,0.446191028159));
#36 = DIRECTION('',(-0.532980297804,-4.668218340247E-02,0.844838905298)
  );
#37 = DEFINITIONAL_REPRESENTATION('',(#38),#42);
#38 = LINE('',#39,#40);
#39 = CARTESIAN_POINT('',(0.,-0.));
#40 = VECTOR('',#41,1.);
#41 = DIRECTION('',(-2.775557561563E-17,-1.));
#42 = ( GEOMETRIC_REPRESENTATION_CONTEXT(2) 
PARAMETRIC_REPRESENTATION_CONTEXT() REPRESENTATION_CONTEXT('2D SPACE',''
  ) );
#43 = PCURVE('',#44,#49);
#44 = PLANE('',#45);
#45 = AXIS2_PLACEMENT_3D('',#46,#47,#48);
#46 = CARTESIAN_POINT('',(-370.0271207479,-428.9898307544,
    365.09094672702));
#47 = DIRECTION('',(-0.532980297804,-4.668218340247E-02,0.844838905298)
  );
#48 = DIRECTION('',(-0.750029952013,0.488230107095,-0.446191028159));
#49 = DEFINITIONAL_REPRESENTATION('',(#50),#54);
#50 = LINE('',#51,#52);
#51 = CARTESIAN_POINT('',(276.48335549306,-4.263256414561E-14));
#52 = VECTOR('',#53,1.);
#53 = DIRECTION('',(0.,-1.));
#54 = ( GEOMETRIC_REPRESENTATION_CONTEXT(2) 
PARAMETRIC_REPRESENTATION_CONTEXT() REPRESENTATION_CONTEXT('2D SPACE',''
  ) );
#55 = ORIENTED_EDGE('',*,*,#56,.T.);
#56 = EDGE_CURVE('',#24,#57,#59,.T.);
#57 = VERTEX_POINT('',#58);
#58 = CARTESIAN_POINT('',(-628.7212747785,-297.4930001581,
    324.17959100094));
#59 = SURFACE_CURVE('',#60,(#64,#71),.PCURVE_S1.);
#60 = LINE('',#61,#62);
#61 = CARTESIAN_POINT('',(-576.9279426593,-292.9565738793,
    242.08083014701));
#62 = VECTOR('',#63,1.);
#63 = DIRECTION('',(-0.532980297804,-4.668218340247E-02,0.844838905298)
  );
#64 = PCURVE('',#32,#65);
#65 = DEFINITIONAL_REPRESENTATION('',(#66),#70);
#66 = LINE('',#67,#68);
#67 = CARTESIAN_POINT('',(4.679590048795E-14,-1.2));
#68 = VECTOR('',#69,1.);
#69 = DIRECTION('',(1.,5.551115123126E-17));
#70 = ( GEOMETRIC_REPRESENTATION_CONTEXT(2) 
PARAMETRIC_REPRESENTATION_CONTEXT() REPRESENTATION_CONTEXT('2D SPACE',''
  ) );
#71 = PCURVE('',#72,#77);
#72 = PLANE('',#73);
#73 = AXIS2_PLACEMENT_3D('',#74,#75,#76);
#74 = CARTESIAN_POINT('',(-499.1392097925,-362.7185361498,
    344.81240690217));
#75 = DIRECTION('',(0.391646617802,0.871465510665,0.295230063654));
#76 = DIRECTION('',(-0.750029952013,0.488230107095,-0.446191028159));
#77 = DEFINITIONAL_REPRESENTATION('',(#78),#82);
#78 = LINE('',#79,#80);
#79 = CARTESIAN_POINT('',(138.24167774653,-48.58841155341));
#80 = VECTOR('',#81,1.);
#81 = DIRECTION('',(5.551115123126E-17,1.));
#82 = ( GEOMETRIC_REPRESENTATION_CONTEXT(2) 
PARAMETRIC_REPRESENTATION_CONTEXT() REPRESENTATION_CONTEXT('2D SPACE',''
  ) );
#83 = ORIENTED_EDGE('',*,*,#84,.F.);
#84 = EDGE_CURVE('',#85,#57,#87,.T.);
#85 = VERTEX_POINT('',#86);
#86 = CARTESIAN_POINT('',(-629.1912507199,-298.5387587709,
    323.82531492455));
#87 = SURFACE_CURVE('',#88,(#92,#99),.PCURVE_S1.);
#88 = LINE('',#89,#90);
#89 = CARTESIAN_POINT('',(-629.1912507199,-298.5387587709,
    323.82531492455));
#90 = VECTOR('',#91,1.);
#91 = DIRECTION('',(0.391646617802,0.871465510665,0.295230063654));
#92 = PCURVE('',#32,#93);
#93 = DEFINITIONAL_REPRESENTATION('',(#94),#98);
#94 = LINE('',#95,#96);
#95 = CARTESIAN_POINT('',(97.176823106837,-2.13162820728E-14));
#96 = VECTOR('',#97,1.);
#97 = DIRECTION('',(-2.775557561563E-17,-1.));
#98 = ( GEOMETRIC_REPRESENTATION_CONTEXT(2) 
PARAMETRIC_REPRESENTATION_CONTEXT() REPRESENTATION_CONTEXT('2D SPACE',''
  ) );
#99 = PCURVE('',#100,#105);
#100 = PLANE('',#101);
#101 = AXIS2_PLACEMENT_3D('',#102,#103,#104);
#102 = CARTESIAN_POINT('',(-629.1912507199,-298.5387587709,
    323.82531492455));
#103 = DIRECTION('',(0.532980297804,4.668218340247E-02,-0.844838905298)
  );
#104 = DIRECTION('',(0.750029952013,-0.488230107095,0.446191028159));
#105 = DEFINITIONAL_REPRESENTATION('',(#106),#110);
#106 = LINE('',#107,#108);
#107 = CARTESIAN_POINT('',(0.,-0.));
#108 = VECTOR('',#109,1.);
#109 = DIRECTION('',(0.,-1.));
#110 = ( GEOMETRIC_REPRESENTATION_CONTEXT(2) 
PARAMETRIC_REPRESENTATION_CONTEXT() REPRESENTATION_CONTEXT('2D SPACE',''
  ) );
#111 = ORIENTED_EDGE('',*,*,#112,.F.);
#112 = EDGE_CURVE('',#22,#85,#113,.T.);
#113 = SURFACE_CURVE('',#114,(#118,#125),.PCURVE_S1.);
#114 = LINE('',#115,#116);
#115 = CARTESIAN_POINT('',(-577.3979186007,-294.0023324921,
    241.72655407063));
#116 = VECTOR('',#117,1.);
#117 = DIRECTION('',(-0.532980297804,-4.668218340247E-02,0.844838905298)
  );
#118 = PCURVE('',#32,#119);
#119 = DEFINITIONAL_REPRESENTATION('',(#120),#124);
#120 = LINE('',#121,#122);
#121 = CARTESIAN_POINT('',(0.,-0.));
#122 = VECTOR('',#123,1.);
#123 = DIRECTION('',(1.,5.551115123126E-17));
#124 = ( GEOMETRIC_REPRESENTATION_CONTEXT(2) 
PARAMETRIC_REPRESENTATION_CONTEXT() REPRESENTATION_CONTEXT('2D SPACE',''
  ) );
#125 = PCURVE('',#126,#131);
#126 = PLANE('',#127);
#127 = AXIS2_PLACEMENT_3D('',#128,#129,#130);
#128 = CARTESIAN_POINT('',(-499.6091857339,-363.7642947626,
    344.45813082578));
#129 = DIRECTION('',(0.391646617802,0.871465510665,0.295230063654));
#130 = DIRECTION('',(-0.750029952013,0.488230107095,-0.446191028159));
#131 = DEFINITIONAL_REPRESENTATION('',(#132),#136);
#132 = LINE('',#133,#134);
#133 = CARTESIAN_POINT('',(138.24167774653,-48.58841155341));
#134 = VECTOR('',#135,1.);
#135 = DIRECTION('',(5.551115123126E-17,1.));
#136 = ( GEOMETRIC_REPRESENTATION_CONTEXT(2) 
PARAMETRIC_REPRESENTATION_CONTEXT() REPRESENTATION_CONTEXT('2D SPACE',''
  ) );
#137 = ADVANCED_FACE('',(#138),#44,.F.);
#138 = FACE_BOUND('',#139,.F.);
#139 = EDGE_LOOP('',(#140,#170,#191,#192));
#140 = ORIENTED_EDGE('',*,*,#141,.T.);
#141 = EDGE_CURVE('',#142,#144,#146,.T.);
#142 = VERTEX_POINT('',#143);
#143 = CARTESIAN_POINT('',(-370.0271207479,-428.9898307544,
    365.09094672702));
#144 = VERTEX_POINT('',#145);
#145 = CARTESIAN_POINT('',(-369.5571448065,-427.9440721416,
    365.4452228034));
#146 = SURFACE_CURVE('',#147,(#151,#158),.PCURVE_S1.);
#147 = LINE('',#148,#149);
#148 = CARTESIAN_POINT('',(-370.0271207479,-428.9898307544,
    365.09094672702));
#149 = VECTOR('',#150,1.);
#150 = DIRECTION('',(0.391646617802,0.871465510665,0.295230063654));
#151 = PCURVE('',#44,#152);
#152 = DEFINITIONAL_REPRESENTATION('',(#153),#157);
#153 = LINE('',#154,#155);
#154 = CARTESIAN_POINT('',(0.,-0.));
#155 = VECTOR('',#156,1.);
#156 = DIRECTION('',(0.,-1.));
#157 = ( GEOMETRIC_REPRESENTATION_CONTEXT(2) 
PARAMETRIC_REPRESENTATION_CONTEXT() REPRESENTATION_CONTEXT('2D SPACE',''
  ) );
#158 = PCURVE('',#159,#164);
#159 = PLANE('',#160);
#160 = AXIS2_PLACEMENT_3D('',#161,#162,#163);
#161 = CARTESIAN_POINT('',(-421.8204528671,-433.5262570332,
    447.18970758094));
#162 = DIRECTION('',(-0.750029952013,0.488230107095,-0.446191028159));
#163 = DIRECTION('',(0.532980297804,4.668218340247E-02,-0.844838905298)
  );
#164 = DEFINITIONAL_REPRESENTATION('',(#165),#169);
#165 = LINE('',#166,#167);
#166 = CARTESIAN_POINT('',(97.176823106837,-7.105427357601E-15));
#167 = VECTOR('',#168,1.);
#168 = DIRECTION('',(2.775557561563E-17,-1.));
#169 = ( GEOMETRIC_REPRESENTATION_CONTEXT(2) 
PARAMETRIC_REPRESENTATION_CONTEXT() REPRESENTATION_CONTEXT('2D SPACE',''
  ) );
#170 = ORIENTED_EDGE('',*,*,#171,.T.);
#171 = EDGE_CURVE('',#144,#24,#172,.T.);
#172 = SURFACE_CURVE('',#173,(#177,#184),.PCURVE_S1.);
#173 = LINE('',#174,#175);
#174 = CARTESIAN_POINT('',(-369.5571448065,-427.9440721416,
    365.4452228034));
#175 = VECTOR('',#176,1.);
#176 = DIRECTION('',(-0.750029952013,0.488230107095,-0.446191028159));
#177 = PCURVE('',#44,#178);
#178 = DEFINITIONAL_REPRESENTATION('',(#179),#183);
#179 = LINE('',#180,#181);
#180 = CARTESIAN_POINT('',(2.275957200482E-15,-1.2));
#181 = VECTOR('',#182,1.);
#182 = DIRECTION('',(1.,0.));
#183 = ( GEOMETRIC_REPRESENTATION_CONTEXT(2) 
PARAMETRIC_REPRESENTATION_CONTEXT() REPRESENTATION_CONTEXT('2D SPACE',''
  ) );
#184 = PCURVE('',#72,#185);
#185 = DEFINITIONAL_REPRESENTATION('',(#186),#190);
#186 = LINE('',#187,#188);
#187 = CARTESIAN_POINT('',(-138.2416777465,-48.58841155341));
#188 = VECTOR('',#189,1.);
#189 = DIRECTION('',(1.,5.551115123126E-17));
#190 = ( GEOMETRIC_REPRESENTATION_CONTEXT(2) 
PARAMETRIC_REPRESENTATION_CONTEXT() REPRESENTATION_CONTEXT('2D SPACE',''
  ) );
#191 = ORIENTED_EDGE('',*,*,#21,.F.);
#192 = ORIENTED_EDGE('',*,*,#193,.F.);
#193 = EDGE_CURVE('',#142,#22,#194,.T.);
#194 = SURFACE_CURVE('',#195,(#199,#206),.PCURVE_S1.);
#195 = LINE('',#196,#197);
#196 = CARTESIAN_POINT('',(-370.0271207479,-428.9898307544,
    365.09094672702));
#197 = VECTOR('',#198,1.);
#198 = DIRECTION('',(-0.750029952013,0.488230107095,-0.446191028159));
#199 = PCURVE('',#44,#200);
#200 = DEFINITIONAL_REPRESENTATION('',(#201),#205);
#201 = LINE('',#202,#203);
#202 = CARTESIAN_POINT('',(0.,-0.));
#203 = VECTOR('',#204,1.);
#204 = DIRECTION('',(1.,0.));
#205 = ( GEOMETRIC_REPRESENTATION_CONTEXT(2) 
PARAMETRIC_REPRESENTATION_CONTEXT() REPRESENTATION_CONTEXT('2D SPACE',''
  ) );
#206 = PCURVE('',#126,#207);
#207 = DEFINITIONAL_REPRESENTATION('',(#208),#212);
#208 = LINE('',#209,#210);
#209 = CARTESIAN_POINT('',(-138.2416777465,-48.58841155341));
#210 = VECTOR('',#211,1.);
#211 = DIRECTION('',(1.,5.551115123126E-17));
#212 = ( GEOMETRIC_REPRESENTATION_CONTEXT(2) 
PARAMETRIC_REPRESENTATION_CONTEXT() REPRESENTATION_CONTEXT('2D SPACE',''
  ) );
#213 = ADVANCED_FACE('',(#214),#100,.F.);
#214 = FACE_BOUND('',#215,.F.);
#215 = EDGE_LOOP('',(#216,#217,#240,#263));
#216 = ORIENTED_EDGE('',*,*,#84,.T.);
#217 = ORIENTED_EDGE('',*,*,#218,.T.);
#218 = EDGE_CURVE('',#57,#219,#221,.T.);
#219 = VERTEX_POINT('',#220);
#220 = CARTESIAN_POINT('',(-421.3504769257,-432.4804984204,
    447.54398365732));
#221 = SURFACE_CURVE('',#222,(#226,#233),.PCURVE_S1.);
#222 = LINE('',#223,#224);
#223 = CARTESIAN_POINT('',(-628.7212747785,-297.4930001581,
    324.17959100094));
#224 = VECTOR('',#225,1.);
#225 = DIRECTION('',(0.750029952013,-0.488230107095,0.446191028159));
#226 = PCURVE('',#100,#227);
#227 = DEFINITIONAL_REPRESENTATION('',(#228),#232);
#228 = LINE('',#229,#230);
#229 = CARTESIAN_POINT('',(6.811218256075E-14,-1.2));
#230 = VECTOR('',#231,1.);
#231 = DIRECTION('',(1.,0.));
#232 = ( GEOMETRIC_REPRESENTATION_CONTEXT(2) 
PARAMETRIC_REPRESENTATION_CONTEXT() REPRESENTATION_CONTEXT('2D SPACE',''
  ) );
#233 = PCURVE('',#72,#234);
#234 = DEFINITIONAL_REPRESENTATION('',(#235),#239);
#235 = LINE('',#236,#237);
#236 = CARTESIAN_POINT('',(138.24167774653,48.588411553418));
#237 = VECTOR('',#238,1.);
#238 = DIRECTION('',(-1.,-5.551115123126E-17));
#239 = ( GEOMETRIC_REPRESENTATION_CONTEXT(2) 
PARAMETRIC_REPRESENTATION_CONTEXT() REPRESENTATION_CONTEXT('2D SPACE',''
  ) );
#240 = ORIENTED_EDGE('',*,*,#241,.F.);
#241 = EDGE_CURVE('',#242,#219,#244,.T.);
#242 = VERTEX_POINT('',#243);
#243 = CARTESIAN_POINT('',(-421.8204528671,-433.5262570332,
    447.18970758094));
#244 = SURFACE_CURVE('',#245,(#249,#256),.PCURVE_S1.);
#245 = LINE('',#246,#247);
#246 = CARTESIAN_POINT('',(-421.8204528671,-433.5262570332,
    447.18970758094));
#247 = VECTOR('',#248,1.);
#248 = DIRECTION('',(0.391646617802,0.871465510665,0.295230063654));
#249 = PCURVE('',#100,#250);
#250 = DEFINITIONAL_REPRESENTATION('',(#251),#255);
#251 = LINE('',#252,#253);
#252 = CARTESIAN_POINT('',(276.48335549306,8.526512829121E-14));
#253 = VECTOR('',#254,1.);
#254 = DIRECTION('',(0.,-1.));
#255 = ( GEOMETRIC_REPRESENTATION_CONTEXT(2) 
PARAMETRIC_REPRESENTATION_CONTEXT() REPRESENTATION_CONTEXT('2D SPACE',''
  ) );
#256 = PCURVE('',#159,#257);
#257 = DEFINITIONAL_REPRESENTATION('',(#258),#262);
#258 = LINE('',#259,#260);
#259 = CARTESIAN_POINT('',(0.,-0.));
#260 = VECTOR('',#261,1.);
#261 = DIRECTION('',(2.775557561563E-17,-1.));
#262 = ( GEOMETRIC_REPRESENTATION_CONTEXT(2) 
PARAMETRIC_REPRESENTATION_CONTEXT() REPRESENTATION_CONTEXT('2D SPACE',''
  ) );
#263 = ORIENTED_EDGE('',*,*,#264,.F.);
#264 = EDGE_CURVE('',#85,#242,#265,.T.);
#265 = SURFACE_CURVE('',#266,(#270,#277),.PCURVE_S1.);
#266 = LINE('',#267,#268);
#267 = CARTESIAN_POINT('',(-629.1912507199,-298.5387587709,
    323.82531492455));
#268 = VECTOR('',#269,1.);
#269 = DIRECTION('',(0.750029952013,-0.488230107095,0.446191028159));
#270 = PCURVE('',#100,#271);
#271 = DEFINITIONAL_REPRESENTATION('',(#272),#276);
#272 = LINE('',#273,#274);
#273 = CARTESIAN_POINT('',(0.,-0.));
#274 = VECTOR('',#275,1.);
#275 = DIRECTION('',(1.,0.));
#276 = ( GEOMETRIC_REPRESENTATION_CONTEXT(2) 
PARAMETRIC_REPRESENTATION_CONTEXT() REPRESENTATION_CONTEXT('2D SPACE',''
  ) );
#277 = PCURVE('',#126,#278);
#278 = DEFINITIONAL_REPRESENTATION('',(#279),#283);
#279 = LINE('',#280,#281);
#280 = CARTESIAN_POINT('',(138.24167774653,48.588411553418));
#281 = VECTOR('',#282,1.);
#282 = DIRECTION('',(-1.,-5.551115123126E-17));
#283 = ( GEOMETRIC_REPRESENTATION_CONTEXT(2) 
PARAMETRIC_REPRESENTATION_CONTEXT() REPRESENTATION_CONTEXT('2D SPACE',''
  ) );
#284 = ADVANCED_FACE('',(#285,#311,#435,#470,#594,#708,#832,#946,#1060,
    #1095),#126,.F.);
#285 = FACE_BOUND('',#286,.F.);
#286 = EDGE_LOOP('',(#287,#288,#289,#310));
#287 = ORIENTED_EDGE('',*,*,#112,.T.);
#288 = ORIENTED_EDGE('',*,*,#264,.T.);
#289 = ORIENTED_EDGE('',*,*,#290,.T.);
#290 = EDGE_CURVE('',#242,#142,#291,.T.);
#291 = SURFACE_CURVE('',#292,(#296,#303),.PCURVE_S1.);
#292 = LINE('',#293,#294);
#293 = CARTESIAN_POINT('',(-421.8204528671,-433.5262570332,
    447.18970758094));
#294 = VECTOR('',#295,1.);
#295 = DIRECTION('',(0.532980297804,4.668218340247E-02,-0.844838905298)
  );
#296 = PCURVE('',#126,#297);
#297 = DEFINITIONAL_REPRESENTATION('',(#298),#302);
#298 = LINE('',#299,#300);
#299 = CARTESIAN_POINT('',(-138.2416777465,48.588411553418));
#300 = VECTOR('',#301,1.);
#301 = DIRECTION('',(-5.551115123126E-17,-1.));
#302 = ( GEOMETRIC_REPRESENTATION_CONTEXT(2) 
PARAMETRIC_REPRESENTATION_CONTEXT() REPRESENTATION_CONTEXT('2D SPACE',''
  ) );
#303 = PCURVE('',#159,#304);
#304 = DEFINITIONAL_REPRESENTATION('',(#305),#309);
#305 = LINE('',#306,#307);
#306 = CARTESIAN_POINT('',(0.,-0.));
#307 = VECTOR('',#308,1.);
#308 = DIRECTION('',(1.,-5.551115123126E-17));
#309 = ( GEOMETRIC_REPRESENTATION_CONTEXT(2) 
PARAMETRIC_REPRESENTATION_CONTEXT() REPRESENTATION_CONTEXT('2D SPACE',''
  ) );
#310 = ORIENTED_EDGE('',*,*,#193,.T.);
#311 = FACE_BOUND('',#312,.F.);
#312 = EDGE_LOOP('',(#313,#343,#376,#404));
#313 = ORIENTED_EDGE('',*,*,#314,.F.);
#314 = EDGE_CURVE('',#315,#317,#319,.T.);
#315 = VERTEX_POINT('',#316);
#316 = CARTESIAN_POINT('',(-443.6459292421,-387.723692949,340.9421238934
    ));
#317 = VERTEX_POINT('',#318);
#318 = CARTESIAN_POINT('',(-421.9400624309,-401.8530722484,
    353.85489224833));
#319 = SURFACE_CURVE('',#320,(#324,#331),.PCURVE_S1.);
#320 = LINE('',#321,#322);
#321 = CARTESIAN_POINT('',(-452.3324038972,-382.0692541633,
    335.77456085538));
#322 = VECTOR('',#323,1.);
#323 = DIRECTION('',(0.750029952013,-0.488230107095,0.446191028159));
#324 = PCURVE('',#126,#325);
#325 = DEFINITIONAL_REPRESENTATION('',(#326),#330);
#326 = LINE('',#327,#328);
#327 = CARTESIAN_POINT('',(-40.52150368763,-31.67929553849));
#328 = VECTOR('',#329,1.);
#329 = DIRECTION('',(-1.,-5.551115123126E-17));
#330 = ( GEOMETRIC_REPRESENTATION_CONTEXT(2) 
PARAMETRIC_REPRESENTATION_CONTEXT() REPRESENTATION_CONTEXT('2D SPACE',''
  ) );
#331 = PCURVE('',#332,#337);
#332 = PLANE('',#333);
#333 = AXIS2_PLACEMENT_3D('',#334,#335,#336);
#334 = CARTESIAN_POINT('',(-422.3317090487,-402.724537759,
    353.55966218467));
#335 = DIRECTION('',(-0.532980297804,-4.668218340247E-02,0.844838905298)
  );
#336 = DIRECTION('',(-0.750029952013,0.488230107095,-0.446191028159));
#337 = DEFINITIONAL_REPRESENTATION('',(#338),#342);
#338 = LINE('',#339,#340);
#339 = CARTESIAN_POINT('',(40.521503687638,-1.));
#340 = VECTOR('',#341,1.);
#341 = DIRECTION('',(-1.,0.));
#342 = ( GEOMETRIC_REPRESENTATION_CONTEXT(2) 
PARAMETRIC_REPRESENTATION_CONTEXT() REPRESENTATION_CONTEXT('2D SPACE',''
  ) );
#343 = ORIENTED_EDGE('',*,*,#344,.T.);
#344 = EDGE_CURVE('',#315,#345,#347,.T.);
#345 = VERTEX_POINT('',#346);
#346 = CARTESIAN_POINT('',(-439.0516390751,-387.3212925281,
    333.65961252973));
#347 = SURFACE_CURVE('',#348,(#353,#364),.PCURVE_S1.);
#348 = CIRCLE('',#349,4.31);
#349 = AXIS2_PLACEMENT_3D('',#350,#351,#352);
#350 = CARTESIAN_POINT('',(-441.3487841586,-387.5224927386,
    337.30086821156));
#351 = DIRECTION('',(-0.391646617802,-0.871465510665,-0.295230063654));
#352 = DIRECTION('',(-0.532980297804,-4.668218340247E-02,0.844838905298)
  );
#353 = PCURVE('',#126,#354);
#354 = DEFINITIONAL_REPRESENTATION('',(#355),#363);
#355 = ( BOUNDED_CURVE() B_SPLINE_CURVE(2,(#356,#357,#358,#359,#360,#361
,#362),.UNSPECIFIED.,.T.,.F.) B_SPLINE_CURVE_WITH_KNOTS((1,2,2,2,2,1),(
    -2.094395102393,0.,2.094395102393,4.188790204786,6.28318530718,
8.377580409573),.UNSPECIFIED.) CURVE() GEOMETRIC_REPRESENTATION_ITEM() 
RATIONAL_B_SPLINE_CURVE((1.,0.5,1.,0.5,1.,0.5,1.)) REPRESENTATION_ITEM(
  '') );
#356 = CARTESIAN_POINT('',(-52.10300737527,-31.67929553849));
#357 = CARTESIAN_POINT('',(-44.63786839465,-31.67929553849));
#358 = CARTESIAN_POINT('',(-48.37043788496,-38.14429553849));
#359 = CARTESIAN_POINT('',(-52.10300737527,-44.60929553849));
#360 = CARTESIAN_POINT('',(-55.83557686558,-38.14429553849));
#361 = CARTESIAN_POINT('',(-59.56814635589,-31.67929553849));
#362 = CARTESIAN_POINT('',(-52.10300737527,-31.67929553849));
#363 = ( GEOMETRIC_REPRESENTATION_CONTEXT(2) 
PARAMETRIC_REPRESENTATION_CONTEXT() REPRESENTATION_CONTEXT('2D SPACE',''
  ) );
#364 = PCURVE('',#365,#370);
#365 = CYLINDRICAL_SURFACE('',#366,4.31);
#366 = AXIS2_PLACEMENT_3D('',#367,#368,#369);
#367 = CARTESIAN_POINT('',(-441.7404307764,-388.3939582492,
    337.00563814791));
#368 = DIRECTION('',(-0.391646617802,-0.871465510665,-0.295230063654));
#369 = DIRECTION('',(-0.532980297804,-4.668218340247E-02,0.844838905298)
  );
#370 = DEFINITIONAL_REPRESENTATION('',(#371),#375);
#371 = LINE('',#372,#373);
#372 = CARTESIAN_POINT('',(0.,-1.));
#373 = VECTOR('',#374,1.);
#374 = DIRECTION('',(1.,0.));
#375 = ( GEOMETRIC_REPRESENTATION_CONTEXT(2) 
PARAMETRIC_REPRESENTATION_CONTEXT() REPRESENTATION_CONTEXT('2D SPACE',''
  ) );
#376 = ORIENTED_EDGE('',*,*,#377,.F.);
#377 = EDGE_CURVE('',#378,#345,#380,.T.);
#378 = VERTEX_POINT('',#379);
#379 = CARTESIAN_POINT('',(-417.3457722638,-401.4506718274,
    346.57238088466));
#380 = SURFACE_CURVE('',#381,(#385,#392),.PCURVE_S1.);
#381 = LINE('',#382,#383);
#382 = CARTESIAN_POINT('',(-458.5910471358,-374.6021640927,
    322.03566531424));
#383 = VECTOR('',#384,1.);
#384 = DIRECTION('',(-0.750029952013,0.488230107095,-0.446191028159));
#385 = PCURVE('',#126,#386);
#386 = DEFINITIONAL_REPRESENTATION('',(#387),#391);
#387 = LINE('',#388,#389);
#388 = CARTESIAN_POINT('',(-26.05150368763,-40.29929553849));
#389 = VECTOR('',#390,1.);
#390 = DIRECTION('',(1.,5.551115123126E-17));
#391 = ( GEOMETRIC_REPRESENTATION_CONTEXT(2) 
PARAMETRIC_REPRESENTATION_CONTEXT() REPRESENTATION_CONTEXT('2D SPACE',''
  ) );
#392 = PCURVE('',#393,#398);
#393 = PLANE('',#394);
#394 = AXIS2_PLACEMENT_3D('',#395,#396,#397);
#395 = CARTESIAN_POINT('',(-439.4432856929,-388.1927580388,
    333.36438246607));
#396 = DIRECTION('',(0.532980297804,4.668218340247E-02,-0.844838905298)
  );
#397 = DIRECTION('',(0.750029952013,-0.488230107095,0.446191028159));
#398 = DEFINITIONAL_REPRESENTATION('',(#399),#403);
#399 = LINE('',#400,#401);
#400 = CARTESIAN_POINT('',(-26.05150368763,-1.));
#401 = VECTOR('',#402,1.);
#402 = DIRECTION('',(-1.,0.));
#403 = ( GEOMETRIC_REPRESENTATION_CONTEXT(2) 
PARAMETRIC_REPRESENTATION_CONTEXT() REPRESENTATION_CONTEXT('2D SPACE',''
  ) );
#404 = ORIENTED_EDGE('',*,*,#405,.T.);
#405 = EDGE_CURVE('',#378,#317,#406,.T.);
#406 = SURFACE_CURVE('',#407,(#412,#423),.PCURVE_S1.);
#407 = CIRCLE('',#408,4.31);
#408 = AXIS2_PLACEMENT_3D('',#409,#410,#411);
#409 = CARTESIAN_POINT('',(-419.6429173474,-401.6518720379,
    350.21363656649));
#410 = DIRECTION('',(-0.391646617802,-0.871465510665,-0.295230063654));
#411 = DIRECTION('',(0.532980297804,4.668218340247E-02,-0.844838905298)
  );
#412 = PCURVE('',#126,#413);
#413 = DEFINITIONAL_REPRESENTATION('',(#414),#422);
#414 = ( BOUNDED_CURVE() B_SPLINE_CURVE(2,(#415,#416,#417,#418,#419,#420
,#421),.UNSPECIFIED.,.T.,.F.) B_SPLINE_CURVE_WITH_KNOTS((1,2,2,2,2,1),(
    -2.094395102393,0.,2.094395102393,4.188790204786,6.28318530718,
8.377580409573),.UNSPECIFIED.) CURVE() GEOMETRIC_REPRESENTATION_ITEM() 
RATIONAL_B_SPLINE_CURVE((1.,0.5,1.,0.5,1.,0.5,1.)) REPRESENTATION_ITEM(
  '') );
#415 = CARTESIAN_POINT('',(-81.04300737527,-40.29929553849));
#416 = CARTESIAN_POINT('',(-88.50814635589,-40.29929553849));
#417 = CARTESIAN_POINT('',(-84.77557686558,-33.83429553849));
#418 = CARTESIAN_POINT('',(-81.04300737527,-27.36929553849));
#419 = CARTESIAN_POINT('',(-77.31043788496,-33.83429553849));
#420 = CARTESIAN_POINT('',(-73.57786839465,-40.29929553849));
#421 = CARTESIAN_POINT('',(-81.04300737527,-40.29929553849));
#422 = ( GEOMETRIC_REPRESENTATION_CONTEXT(2) 
PARAMETRIC_REPRESENTATION_CONTEXT() REPRESENTATION_CONTEXT('2D SPACE',''
  ) );
#423 = PCURVE('',#424,#429);
#424 = CYLINDRICAL_SURFACE('',#425,4.31);
#425 = AXIS2_PLACEMENT_3D('',#426,#427,#428);
#426 = CARTESIAN_POINT('',(-420.0345639652,-402.5233375486,
    349.91840650284));
#427 = DIRECTION('',(-0.391646617802,-0.871465510665,-0.295230063654));
#428 = DIRECTION('',(0.532980297804,4.668218340247E-02,-0.844838905298)
  );
#429 = DEFINITIONAL_REPRESENTATION('',(#430),#434);
#430 = LINE('',#431,#432);
#431 = CARTESIAN_POINT('',(0.,-1.));
#432 = VECTOR('',#433,1.);
#433 = DIRECTION('',(1.,0.));
#434 = ( GEOMETRIC_REPRESENTATION_CONTEXT(2) 
PARAMETRIC_REPRESENTATION_CONTEXT() REPRESENTATION_CONTEXT('2D SPACE',''
  ) );
#435 = FACE_BOUND('',#436,.F.);
#436 = EDGE_LOOP('',(#437));
#437 = ORIENTED_EDGE('',*,*,#438,.T.);
#438 = EDGE_CURVE('',#439,#439,#441,.T.);
#439 = VERTEX_POINT('',#440);
#440 = CARTESIAN_POINT('',(-395.0781337281,-420.3140972048,
    372.71395743994));
#441 = SURFACE_CURVE('',#442,(#447,#458),.PCURVE_S1.);
#442 = CIRCLE('',#443,2.47);
#443 = AXIS2_PLACEMENT_3D('',#444,#445,#446);
#444 = CARTESIAN_POINT('',(-393.2255597467,-421.5200255693,
    373.81604927949));
#445 = DIRECTION('',(-0.391646617802,-0.871465510665,-0.295230063654));
#446 = DIRECTION('',(-0.750029952013,0.488230107095,-0.446191028159));
#447 = PCURVE('',#126,#448);
#448 = DEFINITIONAL_REPRESENTATION('',(#449),#457);
#449 = ( BOUNDED_CURVE() B_SPLINE_CURVE(2,(#450,#451,#452,#453,#454,#455
,#456),.UNSPECIFIED.,.T.,.F.) B_SPLINE_CURVE_WITH_KNOTS((1,2,2,2,2,1),(
    -2.094395102393,0.,2.094395102393,4.188790204786,6.28318530718,
8.377580409573),.UNSPECIFIED.) CURVE() GEOMETRIC_REPRESENTATION_ITEM() 
RATIONAL_B_SPLINE_CURVE((1.,0.5,1.,0.5,1.,0.5,1.)) REPRESENTATION_ITEM(
  '') );
#450 = CARTESIAN_POINT('',(-118.6182323507,-29.20150135385));
#451 = CARTESIAN_POINT('',(-118.6182323507,-33.47966684854));
#452 = CARTESIAN_POINT('',(-122.3232323507,-31.3405841012));
#453 = CARTESIAN_POINT('',(-126.0282323507,-29.20150135385));
#454 = CARTESIAN_POINT('',(-122.3232323507,-27.0624186065));
#455 = CARTESIAN_POINT('',(-118.6182323507,-24.92333585915));
#456 = CARTESIAN_POINT('',(-118.6182323507,-29.20150135385));
#457 = ( GEOMETRIC_REPRESENTATION_CONTEXT(2) 
PARAMETRIC_REPRESENTATION_CONTEXT() REPRESENTATION_CONTEXT('2D SPACE',''
  ) );
#458 = PCURVE('',#459,#464);
#459 = CYLINDRICAL_SURFACE('',#460,2.47);
#460 = AXIS2_PLACEMENT_3D('',#461,#462,#463);
#461 = CARTESIAN_POINT('',(-393.6172063645,-422.39149108,373.52081921584
    ));
#462 = DIRECTION('',(-0.391646617802,-0.871465510665,-0.295230063654));
#463 = DIRECTION('',(-0.750029952013,0.488230107095,-0.446191028159));
#464 = DEFINITIONAL_REPRESENTATION('',(#465),#469);
#465 = LINE('',#466,#467);
#466 = CARTESIAN_POINT('',(-6.28318530718,-1.));
#467 = VECTOR('',#468,1.);
#468 = DIRECTION('',(1.,-0.));
#469 = ( GEOMETRIC_REPRESENTATION_CONTEXT(2) 
PARAMETRIC_REPRESENTATION_CONTEXT() REPRESENTATION_CONTEXT('2D SPACE',''
  ) );
#470 = FACE_BOUND('',#471,.F.);
#471 = EDGE_LOOP('',(#472,#502,#535,#563));
#472 = ORIENTED_EDGE('',*,*,#473,.F.);
#473 = EDGE_CURVE('',#474,#476,#478,.T.);
#474 = VERTEX_POINT('',#475);
#475 = CARTESIAN_POINT('',(-450.7505668444,-393.0614575734,
    366.12311315259));
#476 = VERTEX_POINT('',#477);
#477 = CARTESIAN_POINT('',(-441.151591681,-392.2207114504,
    350.90756446817));
#478 = SURFACE_CURVE('',#479,(#483,#490),.PCURVE_S1.);
#479 = LINE('',#480,#481);
#480 = CARTESIAN_POINT('',(-447.6485164518,-392.7897580642,
    361.20598419174));
#481 = VECTOR('',#482,1.);
#482 = DIRECTION('',(0.532980297804,4.668218340247E-02,-0.844838905298)
  );
#483 = PCURVE('',#126,#484);
#484 = DEFINITIONAL_REPRESENTATION('',(#485),#489);
#485 = LINE('',#486,#487);
#486 = CARTESIAN_POINT('',(-60.61590525722,-12.18980288311));
#487 = VECTOR('',#488,1.);
#488 = DIRECTION('',(-1.665334536938E-16,-1.));
#489 = ( GEOMETRIC_REPRESENTATION_CONTEXT(2) 
PARAMETRIC_REPRESENTATION_CONTEXT() REPRESENTATION_CONTEXT('2D SPACE',''
  ) );
#490 = PCURVE('',#491,#496);
#491 = PLANE('',#492);
#492 = AXIS2_PLACEMENT_3D('',#493,#494,#495);
#493 = CARTESIAN_POINT('',(-441.5432382988,-393.092176961,
    350.61233440452));
#494 = DIRECTION('',(0.750029952013,-0.488230107095,0.446191028159));
#495 = DIRECTION('',(-0.532980297804,-4.668218340247E-02,0.844838905298)
  );
#496 = DEFINITIONAL_REPRESENTATION('',(#497),#501);
#497 = LINE('',#498,#499);
#498 = CARTESIAN_POINT('',(12.189802883116,-1.));
#499 = VECTOR('',#500,1.);
#500 = DIRECTION('',(-1.,-2.775557561563E-17));
#501 = ( GEOMETRIC_REPRESENTATION_CONTEXT(2) 
PARAMETRIC_REPRESENTATION_CONTEXT() REPRESENTATION_CONTEXT('2D SPACE',''
  ) );
#502 = ORIENTED_EDGE('',*,*,#503,.T.);
#503 = EDGE_CURVE('',#474,#504,#506,.T.);
#504 = VERTEX_POINT('',#505);
#505 = CARTESIAN_POINT('',(-453.3681713769,-391.3575344997,
    364.56590646431));
#506 = SURFACE_CURVE('',#507,(#512,#523),.PCURVE_S1.);
#507 = CIRCLE('',#508,1.745);
#508 = AXIS2_PLACEMENT_3D('',#509,#510,#511);
#509 = CARTESIAN_POINT('',(-452.0593691107,-392.2094960366,
    365.34450980845));
#510 = DIRECTION('',(-0.391646617802,-0.871465510665,-0.295230063654));
#511 = DIRECTION('',(0.750029952013,-0.488230107095,0.446191028159));
#512 = PCURVE('',#126,#513);
#513 = DEFINITIONAL_REPRESENTATION('',(#514),#522);
#514 = ( BOUNDED_CURVE() B_SPLINE_CURVE(2,(#515,#516,#517,#518,#519,#520
,#521),.UNSPECIFIED.,.T.,.F.) B_SPLINE_CURVE_WITH_KNOTS((1,2,2,2,2,1),(
    -2.094395102393,0.,2.094395102393,4.188790204786,6.28318530718,
8.377580409573),.UNSPECIFIED.) CURVE() GEOMETRIC_REPRESENTATION_ITEM() 
RATIONAL_B_SPLINE_CURVE((1.,0.5,1.,0.5,1.,0.5,1.)) REPRESENTATION_ITEM(
  '') );
#515 = CARTESIAN_POINT('',(-60.61590525722,-6.369605766232));
#516 = CARTESIAN_POINT('',(-60.61590525722,-3.347177107024));
#517 = CARTESIAN_POINT('',(-57.99840525722,-4.858391436628));
#518 = CARTESIAN_POINT('',(-55.38090525722,-6.369605766232));
#519 = CARTESIAN_POINT('',(-57.99840525722,-7.880820095836));
#520 = CARTESIAN_POINT('',(-60.61590525722,-9.39203442544));
#521 = CARTESIAN_POINT('',(-60.61590525722,-6.369605766232));
#522 = ( GEOMETRIC_REPRESENTATION_CONTEXT(2) 
PARAMETRIC_REPRESENTATION_CONTEXT() REPRESENTATION_CONTEXT('2D SPACE',''
  ) );
#523 = PCURVE('',#524,#529);
#524 = CYLINDRICAL_SURFACE('',#525,1.745);
#525 = AXIS2_PLACEMENT_3D('',#526,#527,#528);
#526 = CARTESIAN_POINT('',(-452.4510157285,-393.0809615472,
    365.0492797448));
#527 = DIRECTION('',(-0.391646617802,-0.871465510665,-0.295230063654));
#528 = DIRECTION('',(0.750029952013,-0.488230107095,0.446191028159));
#529 = DEFINITIONAL_REPRESENTATION('',(#530),#534);
#530 = LINE('',#531,#532);
#531 = CARTESIAN_POINT('',(0.,-1.));
#532 = VECTOR('',#533,1.);
#533 = DIRECTION('',(1.,0.));
#534 = ( GEOMETRIC_REPRESENTATION_CONTEXT(2) 
PARAMETRIC_REPRESENTATION_CONTEXT() REPRESENTATION_CONTEXT('2D SPACE',''
  ) );
#535 = ORIENTED_EDGE('',*,*,#536,.F.);
#536 = EDGE_CURVE('',#537,#504,#539,.T.);
#537 = VERTEX_POINT('',#538);
#538 = CARTESIAN_POINT('',(-443.7691962135,-390.5167883766,
    349.3503577799));
#539 = SURFACE_CURVE('',#540,(#544,#551),.PCURVE_S1.);
#540 = LINE('',#541,#542);
#541 = CARTESIAN_POINT('',(-455.065608566,-391.506208052,367.25655184568
    ));
#542 = VECTOR('',#543,1.);
#543 = DIRECTION('',(-0.532980297804,-4.668218340247E-02,0.844838905298)
  );
#544 = PCURVE('',#126,#545);
#545 = DEFINITIONAL_REPRESENTATION('',(#546),#550);
#546 = LINE('',#547,#548);
#547 = CARTESIAN_POINT('',(-57.12590525722,-3.184802883116));
#548 = VECTOR('',#549,1.);
#549 = DIRECTION('',(1.665334536938E-16,1.));
#550 = ( GEOMETRIC_REPRESENTATION_CONTEXT(2) 
PARAMETRIC_REPRESENTATION_CONTEXT() REPRESENTATION_CONTEXT('2D SPACE',''
  ) );
#551 = PCURVE('',#552,#557);
#552 = PLANE('',#553);
#553 = AXIS2_PLACEMENT_3D('',#554,#555,#556);
#554 = CARTESIAN_POINT('',(-453.7598179947,-392.2290000103,
    364.27067640066));
#555 = DIRECTION('',(-0.750029952013,0.488230107095,-0.446191028159));
#556 = DIRECTION('',(0.532980297804,4.668218340247E-02,-0.844838905298)
  );
#557 = DEFINITIONAL_REPRESENTATION('',(#558),#562);
#558 = LINE('',#559,#560);
#559 = CARTESIAN_POINT('',(-3.184802883116,-1.));
#560 = VECTOR('',#561,1.);
#561 = DIRECTION('',(-1.,2.775557561563E-17));
#562 = ( GEOMETRIC_REPRESENTATION_CONTEXT(2) 
PARAMETRIC_REPRESENTATION_CONTEXT() REPRESENTATION_CONTEXT('2D SPACE',''
  ) );
#563 = ORIENTED_EDGE('',*,*,#564,.T.);
#564 = EDGE_CURVE('',#537,#476,#565,.T.);
#565 = SURFACE_CURVE('',#566,(#571,#582),.PCURVE_S1.);
#566 = CIRCLE('',#567,1.745);
#567 = AXIS2_PLACEMENT_3D('',#568,#569,#570);
#568 = CARTESIAN_POINT('',(-442.4603939472,-391.3687499135,
    350.12896112403));
#569 = DIRECTION('',(-0.391646617802,-0.871465510665,-0.295230063654));
#570 = DIRECTION('',(-0.750029952013,0.488230107095,-0.446191028159));
#571 = PCURVE('',#126,#572);
#572 = DEFINITIONAL_REPRESENTATION('',(#573),#581);
#573 = ( BOUNDED_CURVE() B_SPLINE_CURVE(2,(#574,#575,#576,#577,#578,#579
,#580),.UNSPECIFIED.,.T.,.F.) B_SPLINE_CURVE_WITH_KNOTS((1,2,2,2,2,1),(
    -2.094395102393,0.,2.094395102393,4.188790204786,6.28318530718,
8.377580409573),.UNSPECIFIED.) CURVE() GEOMETRIC_REPRESENTATION_ITEM() 
RATIONAL_B_SPLINE_CURVE((1.,0.5,1.,0.5,1.,0.5,1.)) REPRESENTATION_ITEM(
  '') );
#574 = CARTESIAN_POINT('',(-57.12590525722,-24.37960576623));
#575 = CARTESIAN_POINT('',(-57.12590525722,-27.40203442544));
#576 = CARTESIAN_POINT('',(-59.74340525722,-25.89082009583));
#577 = CARTESIAN_POINT('',(-62.36090525722,-24.37960576623));
#578 = CARTESIAN_POINT('',(-59.74340525722,-22.86839143662));
#579 = CARTESIAN_POINT('',(-57.12590525722,-21.35717710702));
#580 = CARTESIAN_POINT('',(-57.12590525722,-24.37960576623));
#581 = ( GEOMETRIC_REPRESENTATION_CONTEXT(2) 
PARAMETRIC_REPRESENTATION_CONTEXT() REPRESENTATION_CONTEXT('2D SPACE',''
  ) );
#582 = PCURVE('',#583,#588);
#583 = CYLINDRICAL_SURFACE('',#584,1.745);
#584 = AXIS2_PLACEMENT_3D('',#585,#586,#587);
#585 = CARTESIAN_POINT('',(-442.852040565,-392.2402154242,
    349.83373106038));
#586 = DIRECTION('',(-0.391646617802,-0.871465510665,-0.295230063654));
#587 = DIRECTION('',(-0.750029952013,0.488230107095,-0.446191028159));
#588 = DEFINITIONAL_REPRESENTATION('',(#589),#593);
#589 = LINE('',#590,#591);
#590 = CARTESIAN_POINT('',(0.,-1.));
#591 = VECTOR('',#592,1.);
#592 = DIRECTION('',(1.,0.));
#593 = ( GEOMETRIC_REPRESENTATION_CONTEXT(2) 
PARAMETRIC_REPRESENTATION_CONTEXT() REPRESENTATION_CONTEXT('2D SPACE',''
  ) );
#594 = FACE_BOUND('',#595,.F.);
#595 = EDGE_LOOP('',(#596,#626,#654,#682));
#596 = ORIENTED_EDGE('',*,*,#597,.T.);
#597 = EDGE_CURVE('',#598,#600,#602,.T.);
#598 = VERTEX_POINT('',#599);
#599 = CARTESIAN_POINT('',(-521.0633302186,-345.972588225,
    320.40090775627));
#600 = VERTEX_POINT('',#601);
#601 = CARTESIAN_POINT('',(-505.8041042924,-344.6360773142,
    296.21316989759));
#602 = SURFACE_CURVE('',#603,(#607,#614),.PCURVE_S1.);
#603 = LINE('',#604,#605);
#604 = CARTESIAN_POINT('',(-516.0241074043,-345.5312174566,
    312.41312377347));
#605 = VECTOR('',#606,1.);
#606 = DIRECTION('',(0.532980297804,4.668218340247E-02,-0.844838905298)
  );
#607 = PCURVE('',#126,#608);
#608 = DEFINITIONAL_REPRESENTATION('',(#609),#613);
#609 = LINE('',#610,#611);
#610 = CARTESIAN_POINT('',(35.511814842617,-19.1751986968));
#611 = VECTOR('',#612,1.);
#612 = DIRECTION('',(-5.551115123126E-17,-1.));
#613 = ( GEOMETRIC_REPRESENTATION_CONTEXT(2) 
PARAMETRIC_REPRESENTATION_CONTEXT() REPRESENTATION_CONTEXT('2D SPACE',''
  ) );
#614 = PCURVE('',#615,#620);
#615 = PLANE('',#616);
#616 = AXIS2_PLACEMENT_3D('',#617,#618,#619);
#617 = CARTESIAN_POINT('',(-506.1957509102,-345.5075428249,
    295.91793983393));
#618 = DIRECTION('',(0.750029952013,-0.488230107095,0.446191028159));
#619 = DIRECTION('',(-0.532980297804,-4.668218340247E-02,0.844838905298)
  );
#620 = DEFINITIONAL_REPRESENTATION('',(#621),#625);
#621 = LINE('',#622,#623);
#622 = CARTESIAN_POINT('',(19.175198696808,-1.));
#623 = VECTOR('',#624,1.);
#624 = DIRECTION('',(-1.,-5.551115123126E-17));
#625 = ( GEOMETRIC_REPRESENTATION_CONTEXT(2) 
PARAMETRIC_REPRESENTATION_CONTEXT() REPRESENTATION_CONTEXT('2D SPACE',''
  ) );
#626 = ORIENTED_EDGE('',*,*,#627,.T.);
#627 = EDGE_CURVE('',#600,#628,#630,.T.);
#628 = VERTEX_POINT('',#629);
#629 = CARTESIAN_POINT('',(-479.928070948,-361.480016009,311.60676036908
    ));
#630 = SURFACE_CURVE('',#631,(#635,#642),.PCURVE_S1.);
#631 = LINE('',#632,#633);
#632 = CARTESIAN_POINT('',(-479.5486252291,-361.7270152435,
    311.83249172155));
#633 = VECTOR('',#634,1.);
#634 = DIRECTION('',(0.750029952013,-0.488230107095,0.446191028159));
#635 = PCURVE('',#126,#636);
#636 = DEFINITIONAL_REPRESENTATION('',(#637),#641);
#637 = LINE('',#638,#639);
#638 = CARTESIAN_POINT('',(0.505907421309,-38.35039739361));
#639 = VECTOR('',#640,1.);
#640 = DIRECTION('',(-1.,-5.551115123126E-17));
#641 = ( GEOMETRIC_REPRESENTATION_CONTEXT(2) 
PARAMETRIC_REPRESENTATION_CONTEXT() REPRESENTATION_CONTEXT('2D SPACE',''
  ) );
#642 = PCURVE('',#643,#648);
#643 = PLANE('',#644);
#644 = AXIS2_PLACEMENT_3D('',#645,#646,#647);
#645 = CARTESIAN_POINT('',(-480.3197175658,-362.3514815196,
    311.31153030543));
#646 = DIRECTION('',(-0.532980297804,-4.668218340247E-02,0.844838905298)
  );
#647 = DIRECTION('',(-0.750029952013,0.488230107095,-0.446191028159));
#648 = DEFINITIONAL_REPRESENTATION('',(#649),#653);
#649 = LINE('',#650,#651);
#650 = CARTESIAN_POINT('',(-0.505907421308,-1.));
#651 = VECTOR('',#652,1.);
#652 = DIRECTION('',(-1.,0.));
#653 = ( GEOMETRIC_REPRESENTATION_CONTEXT(2) 
PARAMETRIC_REPRESENTATION_CONTEXT() REPRESENTATION_CONTEXT('2D SPACE',''
  ) );
#654 = ORIENTED_EDGE('',*,*,#655,.T.);
#655 = EDGE_CURVE('',#628,#656,#658,.T.);
#656 = VERTEX_POINT('',#657);
#657 = CARTESIAN_POINT('',(-495.1872968741,-362.8165269198,
    335.79449822777));
#658 = SURFACE_CURVE('',#659,(#663,#670),.PCURVE_S1.);
#659 = LINE('',#660,#661);
#660 = CARTESIAN_POINT('',(-497.7776870229,-363.0434116067,
    339.90058317431));
#661 = VECTOR('',#662,1.);
#662 = DIRECTION('',(-0.532980297804,-4.668218340247E-02,0.844838905298)
  );
#663 = PCURVE('',#126,#664);
#664 = DEFINITIONAL_REPRESENTATION('',(#665),#669);
#665 = LINE('',#666,#667);
#666 = CARTESIAN_POINT('',(1.011814842617,-4.860198696808));
#667 = VECTOR('',#668,1.);
#668 = DIRECTION('',(5.551115123126E-17,1.));
#669 = ( GEOMETRIC_REPRESENTATION_CONTEXT(2) 
PARAMETRIC_REPRESENTATION_CONTEXT() REPRESENTATION_CONTEXT('2D SPACE',''
  ) );
#670 = PCURVE('',#671,#676);
#671 = PLANE('',#672);
#672 = AXIS2_PLACEMENT_3D('',#673,#674,#675);
#673 = CARTESIAN_POINT('',(-495.5789434919,-363.6879924305,
    335.49926816411));
#674 = DIRECTION('',(-0.750029952013,0.488230107095,-0.446191028159));
#675 = DIRECTION('',(0.532980297804,4.668218340247E-02,-0.844838905298)
  );
#676 = DEFINITIONAL_REPRESENTATION('',(#677),#681);
#677 = LINE('',#678,#679);
#678 = CARTESIAN_POINT('',(-4.860198696808,-1.));
#679 = VECTOR('',#680,1.);
#680 = DIRECTION('',(-1.,5.551115123126E-17));
#681 = ( GEOMETRIC_REPRESENTATION_CONTEXT(2) 
PARAMETRIC_REPRESENTATION_CONTEXT() REPRESENTATION_CONTEXT('2D SPACE',''
  ) );
#682 = ORIENTED_EDGE('',*,*,#683,.T.);
#683 = EDGE_CURVE('',#656,#598,#684,.T.);
#684 = SURFACE_CURVE('',#685,(#689,#696),.PCURVE_S1.);
#685 = LINE('',#686,#687);
#686 = CARTESIAN_POINT('',(-507.7458678274,-354.6415568069,
    328.32343434449));
#687 = VECTOR('',#688,1.);
#688 = DIRECTION('',(-0.750029952013,0.488230107095,-0.446191028159));
#689 = PCURVE('',#126,#690);
#690 = DEFINITIONAL_REPRESENTATION('',(#691),#695);
#691 = LINE('',#692,#693);
#692 = CARTESIAN_POINT('',(17.755907421309,-9.720397393615));
#693 = VECTOR('',#694,1.);
#694 = DIRECTION('',(1.,5.551115123126E-17));
#695 = ( GEOMETRIC_REPRESENTATION_CONTEXT(2) 
PARAMETRIC_REPRESENTATION_CONTEXT() REPRESENTATION_CONTEXT('2D SPACE',''
  ) );
#696 = PCURVE('',#697,#702);
#697 = PLANE('',#698);
#698 = AXIS2_PLACEMENT_3D('',#699,#700,#701);
#699 = CARTESIAN_POINT('',(-521.4549768364,-346.8440537357,
    320.10567769262));
#700 = DIRECTION('',(0.532980297804,4.668218340247E-02,-0.844838905298)
  );
#701 = DIRECTION('',(0.750029952013,-0.488230107095,0.446191028159));
#702 = DEFINITIONAL_REPRESENTATION('',(#703),#707);
#703 = LINE('',#704,#705);
#704 = CARTESIAN_POINT('',(17.755907421309,-1.));
#705 = VECTOR('',#706,1.);
#706 = DIRECTION('',(-1.,0.));
#707 = ( GEOMETRIC_REPRESENTATION_CONTEXT(2) 
PARAMETRIC_REPRESENTATION_CONTEXT() REPRESENTATION_CONTEXT('2D SPACE',''
  ) );
#708 = FACE_BOUND('',#709,.F.);
#709 = EDGE_LOOP('',(#710,#740,#773,#801));
#710 = ORIENTED_EDGE('',*,*,#711,.F.);
#711 = EDGE_CURVE('',#712,#714,#716,.T.);
#712 = VERTEX_POINT('',#713);
#713 = CARTESIAN_POINT('',(-591.7501940018,-305.1992157165,
    293.81717616143));
#714 = VERTEX_POINT('',#715);
#715 = CARTESIAN_POINT('',(-570.9426431756,-303.3767432765,
    260.83466529859));
#716 = SURFACE_CURVE('',#717,(#721,#728),.PCURVE_S1.);
#717 = LINE('',#718,#719);
#718 = CARTESIAN_POINT('',(-580.3891999476,-304.204139519,
    275.80861220619));
#719 = VECTOR('',#720,1.);
#720 = DIRECTION('',(0.532980297804,4.668218340247E-02,-0.844838905298)
  );
#721 = PCURVE('',#126,#722);
#722 = DEFINITIONAL_REPRESENTATION('',(#723),#727);
#723 = LINE('',#724,#725);
#724 = CARTESIAN_POINT('',(120.29729045299,-17.72402621812));
#725 = VECTOR('',#726,1.);
#726 = DIRECTION('',(-1.665334536938E-16,-1.));
#727 = ( GEOMETRIC_REPRESENTATION_CONTEXT(2) 
PARAMETRIC_REPRESENTATION_CONTEXT() REPRESENTATION_CONTEXT('2D SPACE',''
  ) );
#728 = PCURVE('',#729,#734);
#729 = PLANE('',#730);
#730 = AXIS2_PLACEMENT_3D('',#731,#732,#733);
#731 = CARTESIAN_POINT('',(-571.3342897934,-304.2482087871,
    260.53943523494));
#732 = DIRECTION('',(0.750029952013,-0.488230107095,0.446191028159));
#733 = DIRECTION('',(-0.532980297804,-4.668218340247E-02,0.844838905298)
  );
#734 = DEFINITIONAL_REPRESENTATION('',(#735),#739);
#735 = LINE('',#736,#737);
#736 = CARTESIAN_POINT('',(17.724026218128,-1.));
#737 = VECTOR('',#738,1.);
#738 = DIRECTION('',(-1.,-2.775557561563E-17));
#739 = ( GEOMETRIC_REPRESENTATION_CONTEXT(2) 
PARAMETRIC_REPRESENTATION_CONTEXT() REPRESENTATION_CONTEXT('2D SPACE',''
  ) );
#740 = ORIENTED_EDGE('',*,*,#741,.T.);
#741 = EDGE_CURVE('',#712,#742,#744,.T.);
#742 = VERTEX_POINT('',#743);
#743 = CARTESIAN_POINT('',(-595.0053239936,-303.0802970517,
    291.88070709922));
#744 = SURFACE_CURVE('',#745,(#750,#761),.PCURVE_S1.);
#745 = CIRCLE('',#746,2.17);
#746 = AXIS2_PLACEMENT_3D('',#747,#748,#749);
#747 = CARTESIAN_POINT('',(-593.3777589977,-304.1397563841,
    292.84894163032));
#748 = DIRECTION('',(-0.391646617802,-0.871465510665,-0.295230063654));
#749 = DIRECTION('',(0.750029952013,-0.488230107095,0.446191028159));
#750 = PCURVE('',#126,#751);
#751 = DEFINITIONAL_REPRESENTATION('',(#752),#760);
#752 = ( BOUNDED_CURVE() B_SPLINE_CURVE(2,(#753,#754,#755,#756,#757,#758
,#759),.UNSPECIFIED.,.T.,.F.) B_SPLINE_CURVE_WITH_KNOTS((1,2,2,2,2,1),(
    -2.094395102393,0.,2.094395102393,4.188790204786,6.28318530718,
8.377580409573),.UNSPECIFIED.) CURVE() GEOMETRIC_REPRESENTATION_ITEM() 
RATIONAL_B_SPLINE_CURVE((1.,0.5,1.,0.5,1.,0.5,1.)) REPRESENTATION_ITEM(
  '') );
#753 = CARTESIAN_POINT('',(120.29729045299,3.591947563744));
#754 = CARTESIAN_POINT('',(120.29729045299,7.350497816168));
#755 = CARTESIAN_POINT('',(123.55229045299,5.471222689956));
#756 = CARTESIAN_POINT('',(126.80729045299,3.591947563744));
#757 = CARTESIAN_POINT('',(123.55229045299,1.712672437532));
#758 = CARTESIAN_POINT('',(120.29729045299,-0.166602688681));
#759 = CARTESIAN_POINT('',(120.29729045299,3.591947563744));
#760 = ( GEOMETRIC_REPRESENTATION_CONTEXT(2) 
PARAMETRIC_REPRESENTATION_CONTEXT() REPRESENTATION_CONTEXT('2D SPACE',''
  ) );
#761 = PCURVE('',#762,#767);
#762 = CYLINDRICAL_SURFACE('',#763,2.17);
#763 = AXIS2_PLACEMENT_3D('',#764,#765,#766);
#764 = CARTESIAN_POINT('',(-593.7694056155,-305.0112218948,
    292.55371156667));
#765 = DIRECTION('',(-0.391646617802,-0.871465510665,-0.295230063654));
#766 = DIRECTION('',(0.750029952013,-0.488230107095,0.446191028159));
#767 = DEFINITIONAL_REPRESENTATION('',(#768),#772);
#768 = LINE('',#769,#770);
#769 = CARTESIAN_POINT('',(0.,-1.));
#770 = VECTOR('',#771,1.);
#771 = DIRECTION('',(1.,0.));
#772 = ( GEOMETRIC_REPRESENTATION_CONTEXT(2) 
PARAMETRIC_REPRESENTATION_CONTEXT() REPRESENTATION_CONTEXT('2D SPACE',''
  ) );
#773 = ORIENTED_EDGE('',*,*,#774,.F.);
#774 = EDGE_CURVE('',#775,#742,#777,.T.);
#775 = VERTEX_POINT('',#776);
#776 = CARTESIAN_POINT('',(-574.1977731673,-301.2578246117,
    258.89819623638));
#777 = SURFACE_CURVE('',#778,(#782,#789),.PCURVE_S1.);
#778 = LINE('',#779,#780);
#779 = CARTESIAN_POINT('',(-594.0481053525,-302.9964570742,
    290.36339857539));
#780 = VECTOR('',#781,1.);
#781 = DIRECTION('',(-0.532980297804,-4.668218340247E-02,0.844838905298)
  );
#782 = PCURVE('',#126,#783);
#783 = DEFINITIONAL_REPRESENTATION('',(#784),#788);
#784 = LINE('',#785,#786);
#785 = CARTESIAN_POINT('',(124.63729045299,1.795973781872));
#786 = VECTOR('',#787,1.);
#787 = DIRECTION('',(1.665334536938E-16,1.));
#788 = ( GEOMETRIC_REPRESENTATION_CONTEXT(2) 
PARAMETRIC_REPRESENTATION_CONTEXT() REPRESENTATION_CONTEXT('2D SPACE',''
  ) );
#789 = PCURVE('',#790,#795);
#790 = PLANE('',#791);
#791 = AXIS2_PLACEMENT_3D('',#792,#793,#794);
#792 = CARTESIAN_POINT('',(-595.3969706114,-303.9517625624,
    291.58547703556));
#793 = DIRECTION('',(-0.750029952013,0.488230107095,-0.446191028159));
#794 = DIRECTION('',(0.532980297804,4.668218340247E-02,-0.844838905298)
  );
#795 = DEFINITIONAL_REPRESENTATION('',(#796),#800);
#796 = LINE('',#797,#798);
#797 = CARTESIAN_POINT('',(1.795973781872,-1.));
#798 = VECTOR('',#799,1.);
#799 = DIRECTION('',(-1.,2.775557561563E-17));
#800 = ( GEOMETRIC_REPRESENTATION_CONTEXT(2) 
PARAMETRIC_REPRESENTATION_CONTEXT() REPRESENTATION_CONTEXT('2D SPACE',''
  ) );
#801 = ORIENTED_EDGE('',*,*,#802,.T.);
#802 = EDGE_CURVE('',#775,#714,#803,.T.);
#803 = SURFACE_CURVE('',#804,(#809,#820),.PCURVE_S1.);
#804 = CIRCLE('',#805,2.17);
#805 = AXIS2_PLACEMENT_3D('',#806,#807,#808);
#806 = CARTESIAN_POINT('',(-572.5702081714,-302.3172839441,
    259.86643076749));
#807 = DIRECTION('',(-0.391646617802,-0.871465510665,-0.295230063654));
#808 = DIRECTION('',(-0.750029952013,0.488230107095,-0.446191028159));
#809 = PCURVE('',#126,#810);
#810 = DEFINITIONAL_REPRESENTATION('',(#811),#819);
#811 = ( BOUNDED_CURVE() B_SPLINE_CURVE(2,(#812,#813,#814,#815,#816,#817
,#818),.UNSPECIFIED.,.T.,.F.) B_SPLINE_CURVE_WITH_KNOTS((1,2,2,2,2,1),(
    -2.094395102393,0.,2.094395102393,4.188790204786,6.28318530718,
8.377580409573),.UNSPECIFIED.) CURVE() GEOMETRIC_REPRESENTATION_ITEM() 
RATIONAL_B_SPLINE_CURVE((1.,0.5,1.,0.5,1.,0.5,1.)) REPRESENTATION_ITEM(
  '') );
#812 = CARTESIAN_POINT('',(124.63729045299,-35.44805243625));
#813 = CARTESIAN_POINT('',(124.63729045299,-39.20660268868));
#814 = CARTESIAN_POINT('',(121.38229045299,-37.32732756246));
#815 = CARTESIAN_POINT('',(118.12729045299,-35.44805243625));
#816 = CARTESIAN_POINT('',(121.38229045299,-33.56877731004));
#817 = CARTESIAN_POINT('',(124.63729045299,-31.68950218383));
#818 = CARTESIAN_POINT('',(124.63729045299,-35.44805243625));
#819 = ( GEOMETRIC_REPRESENTATION_CONTEXT(2) 
PARAMETRIC_REPRESENTATION_CONTEXT() REPRESENTATION_CONTEXT('2D SPACE',''
  ) );
#820 = PCURVE('',#821,#826);
#821 = CYLINDRICAL_SURFACE('',#822,2.17);
#822 = AXIS2_PLACEMENT_3D('',#823,#824,#825);
#823 = CARTESIAN_POINT('',(-572.9618547892,-303.1887494547,
    259.57120070383));
#824 = DIRECTION('',(-0.391646617802,-0.871465510665,-0.295230063654));
#825 = DIRECTION('',(-0.750029952013,0.488230107095,-0.446191028159));
#826 = DEFINITIONAL_REPRESENTATION('',(#827),#831);
#827 = LINE('',#828,#829);
#828 = CARTESIAN_POINT('',(0.,-1.));
#829 = VECTOR('',#830,1.);
#830 = DIRECTION('',(1.,0.));
#831 = ( GEOMETRIC_REPRESENTATION_CONTEXT(2) 
PARAMETRIC_REPRESENTATION_CONTEXT() REPRESENTATION_CONTEXT('2D SPACE',''
  ) );
#832 = FACE_BOUND('',#833,.F.);
#833 = EDGE_LOOP('',(#834,#864,#892,#920));
#834 = ORIENTED_EDGE('',*,*,#835,.T.);
#835 = EDGE_CURVE('',#836,#838,#840,.T.);
#836 = VERTEX_POINT('',#837);
#837 = CARTESIAN_POINT('',(-452.1238771625,-405.3942928673,
    404.3492098071));
#838 = VERTEX_POINT('',#839);
#839 = CARTESIAN_POINT('',(-444.7527596438,-404.7486782708,
    392.66508774682));
#840 = SURFACE_CURVE('',#841,(#845,#852),.PCURVE_S1.);
#841 = LINE('',#842,#843);
#842 = CARTESIAN_POINT('',(-441.1810031291,-404.4358385779,
    387.00341718165));
#843 = VECTOR('',#844,1.);
#844 = DIRECTION('',(0.532980297804,4.668218340247E-02,-0.844838905298)
  );
#845 = PCURVE('',#126,#846);
#846 = DEFINITIONAL_REPRESENTATION('',(#847),#851);
#847 = LINE('',#848,#849);
#848 = CARTESIAN_POINT('',(-82.66328425034,6.701479453269));
#849 = VECTOR('',#850,1.);
#850 = DIRECTION('',(-5.551115123126E-17,-1.));
#851 = ( GEOMETRIC_REPRESENTATION_CONTEXT(2) 
PARAMETRIC_REPRESENTATION_CONTEXT() REPRESENTATION_CONTEXT('2D SPACE',''
  ) );
#852 = PCURVE('',#853,#858);
#853 = PLANE('',#854);
#854 = AXIS2_PLACEMENT_3D('',#855,#856,#857);
#855 = CARTESIAN_POINT('',(-445.1444062617,-405.6201437815,
    392.36985768317));
#856 = DIRECTION('',(0.750029952013,-0.488230107095,0.446191028159));
#857 = DIRECTION('',(-0.532980297804,-4.668218340247E-02,0.844838905298)
  );
#858 = DEFINITIONAL_REPRESENTATION('',(#859),#863);
#859 = LINE('',#860,#861);
#860 = CARTESIAN_POINT('',(-6.701479453269,-1.));
#861 = VECTOR('',#862,1.);
#862 = DIRECTION('',(-1.,-5.551115123126E-17));
#863 = ( GEOMETRIC_REPRESENTATION_CONTEXT(2) 
PARAMETRIC_REPRESENTATION_CONTEXT() REPRESENTATION_CONTEXT('2D SPACE',''
  ) );
#864 = ORIENTED_EDGE('',*,*,#865,.T.);
#865 = EDGE_CURVE('',#838,#866,#868,.T.);
#866 = VERTEX_POINT('',#867);
#867 = CARTESIAN_POINT('',(-427.1945584672,-416.1781450779,
    403.11041971603));
#868 = SURFACE_CURVE('',#869,(#873,#880),.PCURVE_S1.);
#869 = LINE('',#870,#871);
#870 = CARTESIAN_POINT('',(-466.9736286153,-390.2840596132,
    379.44594583609));
#871 = VECTOR('',#872,1.);
#872 = DIRECTION('',(0.750029952013,-0.488230107095,0.446191028159));
#873 = PCURVE('',#126,#874);
#874 = DEFINITIONAL_REPRESENTATION('',(#875),#879);
#875 = LINE('',#876,#877);
#876 = CARTESIAN_POINT('',(-53.03664212517,13.402958906538));
#877 = VECTOR('',#878,1.);
#878 = DIRECTION('',(-1.,-5.551115123126E-17));
#879 = ( GEOMETRIC_REPRESENTATION_CONTEXT(2) 
PARAMETRIC_REPRESENTATION_CONTEXT() REPRESENTATION_CONTEXT('2D SPACE',''
  ) );
#880 = PCURVE('',#881,#886);
#881 = PLANE('',#882);
#882 = AXIS2_PLACEMENT_3D('',#883,#884,#885);
#883 = CARTESIAN_POINT('',(-427.586205085,-417.0496105886,
    402.81518965238));
#884 = DIRECTION('',(-0.532980297804,-4.668218340247E-02,0.844838905298)
  );
#885 = DIRECTION('',(-0.750029952013,0.488230107095,-0.446191028159));
#886 = DEFINITIONAL_REPRESENTATION('',(#887),#891);
#887 = LINE('',#888,#889);
#888 = CARTESIAN_POINT('',(53.036642125171,-1.));
#889 = VECTOR('',#890,1.);
#890 = DIRECTION('',(-1.,0.));
#891 = ( GEOMETRIC_REPRESENTATION_CONTEXT(2) 
PARAMETRIC_REPRESENTATION_CONTEXT() REPRESENTATION_CONTEXT('2D SPACE',''
  ) );
#892 = ORIENTED_EDGE('',*,*,#893,.T.);
#893 = EDGE_CURVE('',#866,#894,#896,.T.);
#894 = VERTEX_POINT('',#895);
#895 = CARTESIAN_POINT('',(-434.5656759859,-416.8237596744,
    414.79454177631));
#896 = SURFACE_CURVE('',#897,(#901,#908),.PCURVE_S1.);
#897 = LINE('',#898,#899);
#898 = CARTESIAN_POINT('',(-427.3083607118,-416.1881126832,
    403.29081018099));
#899 = VECTOR('',#900,1.);
#900 = DIRECTION('',(-0.532980297804,-4.668218340247E-02,0.844838905298)
  );
#901 = PCURVE('',#126,#902);
#902 = DEFINITIONAL_REPRESENTATION('',(#903),#907);
#903 = LINE('',#904,#905);
#904 = CARTESIAN_POINT('',(-106.0732842503,13.616479453269));
#905 = VECTOR('',#906,1.);
#906 = DIRECTION('',(5.551115123126E-17,1.));
#907 = ( GEOMETRIC_REPRESENTATION_CONTEXT(2) 
PARAMETRIC_REPRESENTATION_CONTEXT() REPRESENTATION_CONTEXT('2D SPACE',''
  ) );
#908 = PCURVE('',#909,#914);
#909 = PLANE('',#910);
#910 = AXIS2_PLACEMENT_3D('',#911,#912,#913);
#911 = CARTESIAN_POINT('',(-434.9573226037,-417.695225185,
    414.49931171265));
#912 = DIRECTION('',(-0.750029952013,0.488230107095,-0.446191028159));
#913 = DIRECTION('',(0.532980297804,4.668218340247E-02,-0.844838905298)
  );
#914 = DEFINITIONAL_REPRESENTATION('',(#915),#919);
#915 = LINE('',#916,#917);
#916 = CARTESIAN_POINT('',(13.616479453269,-1.));
#917 = VECTOR('',#918,1.);
#918 = DIRECTION('',(-1.,5.551115123126E-17));
#919 = ( GEOMETRIC_REPRESENTATION_CONTEXT(2) 
PARAMETRIC_REPRESENTATION_CONTEXT() REPRESENTATION_CONTEXT('2D SPACE',''
  ) );
#920 = ORIENTED_EDGE('',*,*,#921,.T.);
#921 = EDGE_CURVE('',#894,#836,#922,.T.);
#922 = SURFACE_CURVE('',#923,(#927,#934),.PCURVE_S1.);
#923 = LINE('',#924,#925);
#924 = CARTESIAN_POINT('',(-483.1238467222,-385.2149408061,
    385.90740191175));
#925 = VECTOR('',#926,1.);
#926 = DIRECTION('',(-0.750029952013,0.488230107095,-0.446191028159));
#927 = PCURVE('',#126,#928);
#928 = DEFINITIONAL_REPRESENTATION('',(#929),#933);
#929 = LINE('',#930,#931);
#930 = CARTESIAN_POINT('',(-41.33164212517,27.232958906538));
#931 = VECTOR('',#932,1.);
#932 = DIRECTION('',(1.,5.551115123126E-17));
#933 = ( GEOMETRIC_REPRESENTATION_CONTEXT(2) 
PARAMETRIC_REPRESENTATION_CONTEXT() REPRESENTATION_CONTEXT('2D SPACE',''
  ) );
#934 = PCURVE('',#935,#940);
#935 = PLANE('',#936);
#936 = AXIS2_PLACEMENT_3D('',#937,#938,#939);
#937 = CARTESIAN_POINT('',(-452.5155237803,-406.2657583779,
    404.05397974344));
#938 = DIRECTION('',(0.532980297804,4.668218340247E-02,-0.844838905298)
  );
#939 = DIRECTION('',(0.750029952013,-0.488230107095,0.446191028159));
#940 = DEFINITIONAL_REPRESENTATION('',(#941),#945);
#941 = LINE('',#942,#943);
#942 = CARTESIAN_POINT('',(-41.33164212517,-1.));
#943 = VECTOR('',#944,1.);
#944 = DIRECTION('',(-1.,0.));
#945 = ( GEOMETRIC_REPRESENTATION_CONTEXT(2) 
PARAMETRIC_REPRESENTATION_CONTEXT() REPRESENTATION_CONTEXT('2D SPACE',''
  ) );
#946 = FACE_BOUND('',#947,.F.);
#947 = EDGE_LOOP('',(#948,#978,#1006,#1034));
#948 = ORIENTED_EDGE('',*,*,#949,.T.);
#949 = EDGE_CURVE('',#950,#952,#954,.T.);
#950 = VERTEX_POINT('',#951);
#951 = CARTESIAN_POINT('',(-497.5546829992,-374.3388799392,
    372.94692061751));
#952 = VERTEX_POINT('',#953);
#953 = CARTESIAN_POINT('',(-496.7107278585,-371.564585589,
    363.63813280282));
#954 = SURFACE_CURVE('',#955,(#959,#966),.PCURVE_S1.);
#955 = LINE('',#956,#957);
#956 = CARTESIAN_POINT('',(-495.8329847577,-368.6792216544,
    353.95666528551));
#957 = VECTOR('',#958,1.);
#958 = DIRECTION('',(8.655950160874E-02,0.284543010278,-0.954747468173)
  );
#959 = PCURVE('',#126,#960);
#960 = DEFINITIONAL_REPRESENTATION('',(#961),#965);
#961 = LINE('',#962,#963);
#962 = CARTESIAN_POINT('',(-9.47003997626,6.241530252616));
#963 = VECTOR('',#964,1.);
#964 = DIRECTION('',(0.5,-0.866025403784));
#965 = ( GEOMETRIC_REPRESENTATION_CONTEXT(2) 
PARAMETRIC_REPRESENTATION_CONTEXT() REPRESENTATION_CONTEXT('2D SPACE',''
  ) );
#966 = PCURVE('',#967,#972);
#967 = PLANE('',#968);
#968 = AXIS2_PLACEMENT_3D('',#969,#970,#971);
#969 = CARTESIAN_POINT('',(-497.1023744763,-372.4360510996,
    363.34290273917));
#970 = DIRECTION('',(0.916035140944,-0.399478583935,-3.600668732236E-02)
  );
#971 = DIRECTION('',(-8.655950160874E-02,-0.284543010278,0.954747468173)
  );
#972 = DEFINITIONAL_REPRESENTATION('',(#973),#977);
#973 = LINE('',#974,#975);
#974 = CARTESIAN_POINT('',(-10.14034374538,-1.));
#975 = VECTOR('',#976,1.);
#976 = DIRECTION('',(-1.,-5.551115123126E-17));
#977 = ( GEOMETRIC_REPRESENTATION_CONTEXT(2) 
PARAMETRIC_REPRESENTATION_CONTEXT() REPRESENTATION_CONTEXT('2D SPACE',''
  ) );
#978 = ORIENTED_EDGE('',*,*,#979,.T.);
#979 = EDGE_CURVE('',#952,#980,#982,.T.);
#980 = VERTEX_POINT('',#981);
#981 = CARTESIAN_POINT('',(-491.6084121234,-373.7896813015,
    363.43757555443));
#982 = SURFACE_CURVE('',#983,(#987,#994),.PCURVE_S1.);
#983 = LINE('',#984,#985);
#984 = CARTESIAN_POINT('',(-496.4865420294,-371.6623519666,
    363.62932070742));
#985 = VECTOR('',#986,1.);
#986 = DIRECTION('',(0.916035140944,-0.399478583935,-3.600668732236E-02)
  );
#987 = PCURVE('',#126,#988);
#988 = DEFINITIONAL_REPRESENTATION('',(#989),#993);
#989 = LINE('',#990,#991);
#990 = CARTESIAN_POINT('',(-14.7521585467,14.900958056223));
#991 = VECTOR('',#992,1.);
#992 = DIRECTION('',(-0.866025403784,-0.5));
#993 = ( GEOMETRIC_REPRESENTATION_CONTEXT(2) 
PARAMETRIC_REPRESENTATION_CONTEXT() REPRESENTATION_CONTEXT('2D SPACE',''
  ) );
#994 = PCURVE('',#995,#1000);
#995 = PLANE('',#996);
#996 = AXIS2_PLACEMENT_3D('',#997,#998,#999);
#997 = CARTESIAN_POINT('',(-492.0000587412,-374.6611468122,
    363.14234549078));
#998 = DIRECTION('',(-8.655950160874E-02,-0.284543010278,0.954747468173)
  );
#999 = DIRECTION('',(-0.916035140944,0.399478583935,3.600668732236E-02)
  );
#1000 = DEFINITIONAL_REPRESENTATION('',(#1001),#1005);
#1001 = LINE('',#1002,#1003);
#1002 = CARTESIAN_POINT('',(5.325265033994,-1.));
#1003 = VECTOR('',#1004,1.);
#1004 = DIRECTION('',(-1.,-5.20417042793E-18));
#1005 = ( GEOMETRIC_REPRESENTATION_CONTEXT(2) 
PARAMETRIC_REPRESENTATION_CONTEXT() REPRESENTATION_CONTEXT('2D SPACE',''
  ) );
#1006 = ORIENTED_EDGE('',*,*,#1007,.T.);
#1007 = EDGE_CURVE('',#980,#1008,#1010,.T.);
#1008 = VERTEX_POINT('',#1009);
#1009 = CARTESIAN_POINT('',(-492.4523672641,-376.5639756517,
    372.74636336912));
#1010 = SURFACE_CURVE('',#1011,(#1015,#1022),.PCURVE_S1.);
#1011 = LINE('',#1012,#1013);
#1012 = CARTESIAN_POINT('',(-491.152646593,-372.291464542,
    358.41050194447));
#1013 = VECTOR('',#1014,1.);
#1014 = DIRECTION('',(-8.655950160874E-02,-0.284543010278,0.954747468173
    ));
#1015 = PCURVE('',#126,#1016);
#1016 = DEFINITIONAL_REPRESENTATION('',(#1017),#1021);
#1017 = LINE('',#1018,#1019);
#1018 = CARTESIAN_POINT('',(-16.73130147534,7.678404096065));
#1019 = VECTOR('',#1020,1.);
#1020 = DIRECTION('',(-0.5,0.866025403784));
#1021 = ( GEOMETRIC_REPRESENTATION_CONTEXT(2) 
PARAMETRIC_REPRESENTATION_CONTEXT() REPRESENTATION_CONTEXT('2D SPACE',''
  ) );
#1022 = PCURVE('',#1023,#1028);
#1023 = PLANE('',#1024);
#1024 = AXIS2_PLACEMENT_3D('',#1025,#1026,#1027);
#1025 = CARTESIAN_POINT('',(-492.8440138819,-377.4354411624,
    372.45113330547));
#1026 = DIRECTION('',(-0.916035140944,0.399478583935,3.600668732236E-02)
  );
#1027 = DIRECTION('',(8.655950160874E-02,0.284543010278,-0.954747468173)
  );
#1028 = DEFINITIONAL_REPRESENTATION('',(#1029),#1033);
#1029 = LINE('',#1030,#1031);
#1030 = CARTESIAN_POINT('',(15.015343745385,-1.));
#1031 = VECTOR('',#1032,1.);
#1032 = DIRECTION('',(-1.,5.551115123126E-17));
#1033 = ( GEOMETRIC_REPRESENTATION_CONTEXT(2) 
PARAMETRIC_REPRESENTATION_CONTEXT() REPRESENTATION_CONTEXT('2D SPACE',''
  ) );
#1034 = ORIENTED_EDGE('',*,*,#1035,.T.);
#1035 = EDGE_CURVE('',#1008,#950,#1036,.T.);
#1036 = SURFACE_CURVE('',#1037,(#1041,#1048),.PCURVE_S1.);
#1037 = LINE('',#1038,#1039);
#1038 = CARTESIAN_POINT('',(-499.8816550376,-373.3240984606,
    373.0383871463));
#1039 = VECTOR('',#1040,1.);
#1040 = DIRECTION('',(-0.916035140944,0.399478583935,3.600668732236E-02)
  );
#1041 = PCURVE('',#126,#1042);
#1042 = DEFINITIONAL_REPRESENTATION('',(#1043),#1047);
#1043 = LINE('',#1044,#1045);
#1044 = CARTESIAN_POINT('',(-17.21527779716,24.737205743122));
#1045 = VECTOR('',#1046,1.);
#1046 = DIRECTION('',(0.866025403784,0.5));
#1047 = ( GEOMETRIC_REPRESENTATION_CONTEXT(2) 
PARAMETRIC_REPRESENTATION_CONTEXT() REPRESENTATION_CONTEXT('2D SPACE',''
  ) );
#1048 = PCURVE('',#1049,#1054);
#1049 = PLANE('',#1050);
#1050 = AXIS2_PLACEMENT_3D('',#1051,#1052,#1053);
#1051 = CARTESIAN_POINT('',(-497.946329617,-375.2103454498,
    372.65169055385));
#1052 = DIRECTION('',(8.655950160874E-02,0.284543010278,-0.954747468173)
  );
#1053 = DIRECTION('',(0.916035140944,-0.399478583935,-3.600668732236E-02
    ));
#1054 = DEFINITIONAL_REPRESENTATION('',(#1055),#1059);
#1055 = LINE('',#1056,#1057);
#1056 = CARTESIAN_POINT('',(-2.540265033994,-1.));
#1057 = VECTOR('',#1058,1.);
#1058 = DIRECTION('',(-1.,5.20417042793E-18));
#1059 = ( GEOMETRIC_REPRESENTATION_CONTEXT(2) 
PARAMETRIC_REPRESENTATION_CONTEXT() REPRESENTATION_CONTEXT('2D SPACE',''
  ) );
#1060 = FACE_BOUND('',#1061,.F.);
#1061 = EDGE_LOOP('',(#1062));
#1062 = ORIENTED_EDGE('',*,*,#1063,.T.);
#1063 = EDGE_CURVE('',#1064,#1064,#1066,.T.);
#1064 = VERTEX_POINT('',#1065);
#1065 = CARTESIAN_POINT('',(-598.5944663651,-306.1627731309,
    305.74090483942));
#1066 = SURFACE_CURVE('',#1067,(#1072,#1083),.PCURVE_S1.);
#1067 = CIRCLE('',#1068,11.155);
#1068 = AXIS2_PLACEMENT_3D('',#1069,#1070,#1071);
#1069 = CARTESIAN_POINT('',(-590.2278822504,-311.6089799756,
    310.71816575853));
#1070 = DIRECTION('',(-0.391646617802,-0.871465510665,-0.295230063654));
#1071 = DIRECTION('',(-0.750029952013,0.488230107095,-0.446191028159));
#1072 = PCURVE('',#126,#1073);
#1073 = DEFINITIONAL_REPRESENTATION('',(#1074),#1082);
#1074 = ( BOUNDED_CURVE() B_SPLINE_CURVE(2,(#1075,#1076,#1077,#1078,
#1079,#1080,#1081),.UNSPECIFIED.,.T.,.F.) B_SPLINE_CURVE_WITH_KNOTS((1,2
    ,2,2,2,1),(-2.094395102393,0.,2.094395102393,4.188790204786,
6.28318530718,8.377580409573),.UNSPECIFIED.) CURVE() 
GEOMETRIC_REPRESENTATION_ITEM() RATIONAL_B_SPLINE_CURVE((1.,0.5,1.,0.5,
1.,0.5,1.)) REPRESENTATION_ITEM('') );
#1075 = CARTESIAN_POINT('',(119.64000122721,17.35842073349));
#1076 = CARTESIAN_POINT('',(119.64000122721,-1.962606024941));
#1077 = CARTESIAN_POINT('',(102.90750122721,7.697907354274));
#1078 = CARTESIAN_POINT('',(86.175001227213,17.35842073349));
#1079 = CARTESIAN_POINT('',(102.90750122721,27.018934112705));
#1080 = CARTESIAN_POINT('',(119.64000122721,36.679447491921));
#1081 = CARTESIAN_POINT('',(119.64000122721,17.35842073349));
#1082 = ( GEOMETRIC_REPRESENTATION_CONTEXT(2) 
PARAMETRIC_REPRESENTATION_CONTEXT() REPRESENTATION_CONTEXT('2D SPACE',''
  ) );
#1083 = PCURVE('',#1084,#1089);
#1084 = CYLINDRICAL_SURFACE('',#1085,11.155);
#1085 = AXIS2_PLACEMENT_3D('',#1086,#1087,#1088);
#1086 = CARTESIAN_POINT('',(-590.6195288682,-312.4804454862,
    310.42293569488));
#1087 = DIRECTION('',(-0.391646617802,-0.871465510665,-0.295230063654));
#1088 = DIRECTION('',(-0.750029952013,0.488230107095,-0.446191028159));
#1089 = DEFINITIONAL_REPRESENTATION('',(#1090),#1094);
#1090 = LINE('',#1091,#1092);
#1091 = CARTESIAN_POINT('',(-6.28318530718,-1.));
#1092 = VECTOR('',#1093,1.);
#1093 = DIRECTION('',(1.,-0.));
#1094 = ( GEOMETRIC_REPRESENTATION_CONTEXT(2) 
PARAMETRIC_REPRESENTATION_CONTEXT() REPRESENTATION_CONTEXT('2D SPACE',''
  ) );
#1095 = FACE_BOUND('',#1096,.F.);
#1096 = EDGE_LOOP('',(#1097,#1127,#1155,#1183));
#1097 = ORIENTED_EDGE('',*,*,#1098,.T.);
#1098 = EDGE_CURVE('',#1099,#1101,#1103,.T.);
#1099 = VERTEX_POINT('',#1100);
#1100 = CARTESIAN_POINT('',(-606.5463994895,-311.4074611105,
    331.77115496524));
#1101 = VERTEX_POINT('',#1102);
#1102 = CARTESIAN_POINT('',(-602.53838765,-311.0564110913,325.4179663974
    ));
#1103 = SURFACE_CURVE('',#1104,(#1108,#1115),.PCURVE_S1.);
#1104 = LINE('',#1105,#1106);
#1105 = CARTESIAN_POINT('',(-592.8613719323,-310.2088296246,
    310.07871389749));
#1106 = VECTOR('',#1107,1.);
#1107 = DIRECTION('',(0.532980297804,4.668218340247E-02,-0.844838905298)
  );
#1108 = PCURVE('',#126,#1109);
#1109 = DEFINITIONAL_REPRESENTATION('',(#1110),#1114);
#1110 = LINE('',#1111,#1112);
#1111 = CARTESIAN_POINT('',(111.42911060606,18.156422962665));
#1112 = VECTOR('',#1113,1.);
#1113 = DIRECTION('',(-5.551115123126E-17,-1.));
#1114 = ( GEOMETRIC_REPRESENTATION_CONTEXT(2) 
PARAMETRIC_REPRESENTATION_CONTEXT() REPRESENTATION_CONTEXT('2D SPACE',''
  ) );
#1115 = PCURVE('',#1116,#1121);
#1116 = PLANE('',#1117);
#1117 = AXIS2_PLACEMENT_3D('',#1118,#1119,#1120);
#1118 = CARTESIAN_POINT('',(-602.9300342678,-311.927876602,
    325.12273633374));
#1119 = DIRECTION('',(0.750029952013,-0.488230107095,0.446191028159));
#1120 = DIRECTION('',(-0.532980297804,-4.668218340247E-02,0.844838905298
    ));
#1121 = DEFINITIONAL_REPRESENTATION('',(#1122),#1126);
#1122 = LINE('',#1123,#1124);
#1123 = CARTESIAN_POINT('',(-18.15642296266,-1.));
#1124 = VECTOR('',#1125,1.);
#1125 = DIRECTION('',(-1.,-5.551115123126E-17));
#1126 = ( GEOMETRIC_REPRESENTATION_CONTEXT(2) 
PARAMETRIC_REPRESENTATION_CONTEXT() REPRESENTATION_CONTEXT('2D SPACE',''
  ) );
#1127 = ORIENTED_EDGE('',*,*,#1128,.T.);
#1128 = EDGE_CURVE('',#1101,#1129,#1131,.T.);
#1129 = VERTEX_POINT('',#1130);
#1130 = CARTESIAN_POINT('',(-584.8376807825,-322.5786416187,
    335.94807466196));
#1131 = SURFACE_CURVE('',#1132,(#1136,#1143),.PCURVE_S1.);
#1132 = LINE('',#1133,#1134);
#1133 = CARTESIAN_POINT('',(-551.9004489759,-344.0190496574,
    355.54235524378));
#1134 = VECTOR('',#1135,1.);
#1135 = DIRECTION('',(0.750029952013,-0.488230107095,0.446191028159));
#1136 = PCURVE('',#126,#1137);
#1137 = DEFINITIONAL_REPRESENTATION('',(#1138),#1142);
#1138 = LINE('',#1139,#1140);
#1139 = CARTESIAN_POINT('',(43.914555303034,36.31284592533));
#1140 = VECTOR('',#1141,1.);
#1141 = DIRECTION('',(-1.,-5.551115123126E-17));
#1142 = ( GEOMETRIC_REPRESENTATION_CONTEXT(2) 
PARAMETRIC_REPRESENTATION_CONTEXT() REPRESENTATION_CONTEXT('2D SPACE',''
  ) );
#1143 = PCURVE('',#1144,#1149);
#1144 = PLANE('',#1145);
#1145 = AXIS2_PLACEMENT_3D('',#1146,#1147,#1148);
#1146 = CARTESIAN_POINT('',(-585.2293274003,-323.4501071294,
    335.6528445983));
#1147 = DIRECTION('',(-0.532980297804,-4.668218340247E-02,0.844838905298
    ));
#1148 = DIRECTION('',(-0.750029952013,0.488230107095,-0.446191028159));
#1149 = DEFINITIONAL_REPRESENTATION('',(#1150),#1154);
#1150 = LINE('',#1151,#1152);
#1151 = CARTESIAN_POINT('',(-43.91455530303,-1.));
#1152 = VECTOR('',#1153,1.);
#1153 = DIRECTION('',(-1.,0.));
#1154 = ( GEOMETRIC_REPRESENTATION_CONTEXT(2) 
PARAMETRIC_REPRESENTATION_CONTEXT() REPRESENTATION_CONTEXT('2D SPACE',''
  ) );
#1155 = ORIENTED_EDGE('',*,*,#1156,.T.);
#1156 = EDGE_CURVE('',#1129,#1157,#1159,.T.);
#1157 = VERTEX_POINT('',#1158);
#1158 = CARTESIAN_POINT('',(-588.845692622,-322.9296916379,
    342.3012632298));
#1159 = SURFACE_CURVE('',#1160,(#1164,#1171),.PCURVE_S1.);
#1160 = LINE('',#1161,#1162);
#1161 = CARTESIAN_POINT('',(-577.1646709845,-321.9065851617,
    323.78541644597));
#1162 = VECTOR('',#1163,1.);
#1163 = DIRECTION('',(-0.532980297804,-4.668218340247E-02,0.844838905298
    ));
#1164 = PCURVE('',#126,#1165);
#1165 = DEFINITIONAL_REPRESENTATION('',(#1166),#1170);
#1166 = LINE('',#1167,#1168);
#1167 = CARTESIAN_POINT('',(87.829110606067,21.916422962665));
#1168 = VECTOR('',#1169,1.);
#1169 = DIRECTION('',(5.551115123126E-17,1.));
#1170 = ( GEOMETRIC_REPRESENTATION_CONTEXT(2) 
PARAMETRIC_REPRESENTATION_CONTEXT() REPRESENTATION_CONTEXT('2D SPACE',''
  ) );
#1171 = PCURVE('',#1172,#1177);
#1172 = PLANE('',#1173);
#1173 = AXIS2_PLACEMENT_3D('',#1174,#1175,#1176);
#1174 = CARTESIAN_POINT('',(-589.2373392398,-323.8011571486,
    342.00603316615));
#1175 = DIRECTION('',(-0.750029952013,0.488230107095,-0.446191028159));
#1176 = DIRECTION('',(0.532980297804,4.668218340247E-02,-0.844838905298)
  );
#1177 = DEFINITIONAL_REPRESENTATION('',(#1178),#1182);
#1178 = LINE('',#1179,#1180);
#1179 = CARTESIAN_POINT('',(21.916422962665,-1.));
#1180 = VECTOR('',#1181,1.);
#1181 = DIRECTION('',(-1.,5.551115123126E-17));
#1182 = ( GEOMETRIC_REPRESENTATION_CONTEXT(2) 
PARAMETRIC_REPRESENTATION_CONTEXT() REPRESENTATION_CONTEXT('2D SPACE',''
  ) );
#1183 = ORIENTED_EDGE('',*,*,#1184,.T.);
#1184 = EDGE_CURVE('',#1157,#1099,#1185,.T.);
#1185 = SURFACE_CURVE('',#1186,(#1190,#1197),.PCURVE_S1.);
#1186 = LINE('',#1187,#1188);
#1187 = CARTESIAN_POINT('',(-564.7588142491,-338.6089844128,
    356.63048967934));
#1188 = VECTOR('',#1189,1.);
#1189 = DIRECTION('',(-0.750029952013,0.488230107095,-0.446191028159));
#1190 = PCURVE('',#126,#1191);
#1191 = DEFINITIONAL_REPRESENTATION('',(#1192),#1196);
#1192 = LINE('',#1193,#1194);
#1193 = CARTESIAN_POINT('',(55.714555303034,43.83284592533));
#1194 = VECTOR('',#1195,1.);
#1195 = DIRECTION('',(1.,5.551115123126E-17));
#1196 = ( GEOMETRIC_REPRESENTATION_CONTEXT(2) 
PARAMETRIC_REPRESENTATION_CONTEXT() REPRESENTATION_CONTEXT('2D SPACE',''
  ) );
#1197 = PCURVE('',#1198,#1203);
#1198 = PLANE('',#1199);
#1199 = AXIS2_PLACEMENT_3D('',#1200,#1201,#1202);
#1200 = CARTESIAN_POINT('',(-606.9380461073,-312.2789266212,
    331.47592490159));
#1201 = DIRECTION('',(0.532980297804,4.668218340247E-02,-0.844838905298)
  );
#1202 = DIRECTION('',(0.750029952013,-0.488230107095,0.446191028159));
#1203 = DEFINITIONAL_REPRESENTATION('',(#1204),#1208);
#1204 = LINE('',#1205,#1206);
#1205 = CARTESIAN_POINT('',(55.714555303034,-1.));
#1206 = VECTOR('',#1207,1.);
#1207 = DIRECTION('',(-1.,0.));
#1208 = ( GEOMETRIC_REPRESENTATION_CONTEXT(2) 
PARAMETRIC_REPRESENTATION_CONTEXT() REPRESENTATION_CONTEXT('2D SPACE',''
  ) );
#1209 = ADVANCED_FACE('',(#1210,#1236,#1340,#1370,#1474,#1568,#1672,
    #1766,#1860,#1890),#72,.T.);
#1210 = FACE_BOUND('',#1211,.T.);
#1211 = EDGE_LOOP('',(#1212,#1213,#1214,#1235));
#1212 = ORIENTED_EDGE('',*,*,#56,.T.);
#1213 = ORIENTED_EDGE('',*,*,#218,.T.);
#1214 = ORIENTED_EDGE('',*,*,#1215,.T.);
#1215 = EDGE_CURVE('',#219,#144,#1216,.T.);
#1216 = SURFACE_CURVE('',#1217,(#1221,#1228),.PCURVE_S1.);
#1217 = LINE('',#1218,#1219);
#1218 = CARTESIAN_POINT('',(-421.3504769257,-432.4804984204,
    447.54398365732));
#1219 = VECTOR('',#1220,1.);
#1220 = DIRECTION('',(0.532980297804,4.668218340247E-02,-0.844838905298)
  );
#1221 = PCURVE('',#72,#1222);
#1222 = DEFINITIONAL_REPRESENTATION('',(#1223),#1227);
#1223 = LINE('',#1224,#1225);
#1224 = CARTESIAN_POINT('',(-138.2416777465,48.588411553418));
#1225 = VECTOR('',#1226,1.);
#1226 = DIRECTION('',(-5.551115123126E-17,-1.));
#1227 = ( GEOMETRIC_REPRESENTATION_CONTEXT(2) 
PARAMETRIC_REPRESENTATION_CONTEXT() REPRESENTATION_CONTEXT('2D SPACE',''
  ) );
#1228 = PCURVE('',#159,#1229);
#1229 = DEFINITIONAL_REPRESENTATION('',(#1230),#1234);
#1230 = LINE('',#1231,#1232);
#1231 = CARTESIAN_POINT('',(-1.648681191568E-14,-1.2));
#1232 = VECTOR('',#1233,1.);
#1233 = DIRECTION('',(1.,-5.551115123126E-17));
#1234 = ( GEOMETRIC_REPRESENTATION_CONTEXT(2) 
PARAMETRIC_REPRESENTATION_CONTEXT() REPRESENTATION_CONTEXT('2D SPACE',''
  ) );
#1235 = ORIENTED_EDGE('',*,*,#171,.T.);
#1236 = FACE_BOUND('',#1237,.T.);
#1237 = EDGE_LOOP('',(#1238,#1263,#1291,#1314));
#1238 = ORIENTED_EDGE('',*,*,#1239,.F.);
#1239 = EDGE_CURVE('',#1240,#1242,#1244,.T.);
#1240 = VERTEX_POINT('',#1241);
#1241 = CARTESIAN_POINT('',(-443.1759533008,-386.6779343362,
    341.29639996978));
#1242 = VERTEX_POINT('',#1243);
#1243 = CARTESIAN_POINT('',(-421.4700864895,-400.8073136356,
    354.20916832471));
#1244 = SURFACE_CURVE('',#1245,(#1249,#1256),.PCURVE_S1.);
#1245 = LINE('',#1246,#1247);
#1246 = CARTESIAN_POINT('',(-451.8624279559,-381.0234955505,
    336.12883693176));
#1247 = VECTOR('',#1248,1.);
#1248 = DIRECTION('',(0.750029952013,-0.488230107095,0.446191028159));
#1249 = PCURVE('',#72,#1250);
#1250 = DEFINITIONAL_REPRESENTATION('',(#1251),#1255);
#1251 = LINE('',#1252,#1253);
#1252 = CARTESIAN_POINT('',(-40.52150368763,-31.67929553849));
#1253 = VECTOR('',#1254,1.);
#1254 = DIRECTION('',(-1.,-5.551115123126E-17));
#1255 = ( GEOMETRIC_REPRESENTATION_CONTEXT(2) 
PARAMETRIC_REPRESENTATION_CONTEXT() REPRESENTATION_CONTEXT('2D SPACE',''
  ) );
#1256 = PCURVE('',#332,#1257);
#1257 = DEFINITIONAL_REPRESENTATION('',(#1258),#1262);
#1258 = LINE('',#1259,#1260);
#1259 = CARTESIAN_POINT('',(40.521503687638,-2.2));
#1260 = VECTOR('',#1261,1.);
#1261 = DIRECTION('',(-1.,0.));
#1262 = ( GEOMETRIC_REPRESENTATION_CONTEXT(2) 
PARAMETRIC_REPRESENTATION_CONTEXT() REPRESENTATION_CONTEXT('2D SPACE',''
  ) );
#1263 = ORIENTED_EDGE('',*,*,#1264,.T.);
#1264 = EDGE_CURVE('',#1240,#1265,#1267,.T.);
#1265 = VERTEX_POINT('',#1266);
#1266 = CARTESIAN_POINT('',(-438.5816631337,-386.2755339153,
    334.01388860611));
#1267 = SURFACE_CURVE('',#1268,(#1273,#1284),.PCURVE_S1.);
#1268 = CIRCLE('',#1269,4.31);
#1269 = AXIS2_PLACEMENT_3D('',#1270,#1271,#1272);
#1270 = CARTESIAN_POINT('',(-440.8788082172,-386.4767341258,
    337.65514428795));
#1271 = DIRECTION('',(-0.391646617802,-0.871465510665,-0.295230063654));
#1272 = DIRECTION('',(-0.532980297804,-4.668218340247E-02,0.844838905298
    ));
#1273 = PCURVE('',#72,#1274);
#1274 = DEFINITIONAL_REPRESENTATION('',(#1275),#1283);
#1275 = ( BOUNDED_CURVE() B_SPLINE_CURVE(2,(#1276,#1277,#1278,#1279,
#1280,#1281,#1282),.UNSPECIFIED.,.T.,.F.) B_SPLINE_CURVE_WITH_KNOTS((1,2
    ,2,2,2,1),(-2.094395102393,0.,2.094395102393,4.188790204786,
6.28318530718,8.377580409573),.UNSPECIFIED.) CURVE() 
GEOMETRIC_REPRESENTATION_ITEM() RATIONAL_B_SPLINE_CURVE((1.,0.5,1.,0.5,
1.,0.5,1.)) REPRESENTATION_ITEM('') );
#1276 = CARTESIAN_POINT('',(-52.10300737527,-31.67929553849));
#1277 = CARTESIAN_POINT('',(-44.63786839465,-31.67929553849));
#1278 = CARTESIAN_POINT('',(-48.37043788496,-38.14429553849));
#1279 = CARTESIAN_POINT('',(-52.10300737527,-44.60929553849));
#1280 = CARTESIAN_POINT('',(-55.83557686558,-38.14429553849));
#1281 = CARTESIAN_POINT('',(-59.56814635589,-31.67929553849));
#1282 = CARTESIAN_POINT('',(-52.10300737527,-31.67929553849));
#1283 = ( GEOMETRIC_REPRESENTATION_CONTEXT(2) 
PARAMETRIC_REPRESENTATION_CONTEXT() REPRESENTATION_CONTEXT('2D SPACE',''
  ) );
#1284 = PCURVE('',#365,#1285);
#1285 = DEFINITIONAL_REPRESENTATION('',(#1286),#1290);
#1286 = LINE('',#1287,#1288);
#1287 = CARTESIAN_POINT('',(0.,-2.2));
#1288 = VECTOR('',#1289,1.);
#1289 = DIRECTION('',(1.,0.));
#1290 = ( GEOMETRIC_REPRESENTATION_CONTEXT(2) 
PARAMETRIC_REPRESENTATION_CONTEXT() REPRESENTATION_CONTEXT('2D SPACE',''
  ) );
#1291 = ORIENTED_EDGE('',*,*,#1292,.F.);
#1292 = EDGE_CURVE('',#1293,#1265,#1295,.T.);
#1293 = VERTEX_POINT('',#1294);
#1294 = CARTESIAN_POINT('',(-416.8757963225,-400.4049132146,
    346.92665696104));
#1295 = SURFACE_CURVE('',#1296,(#1300,#1307),.PCURVE_S1.);
#1296 = LINE('',#1297,#1298);
#1297 = CARTESIAN_POINT('',(-458.1210711944,-373.5564054799,
    322.38994139063));
#1298 = VECTOR('',#1299,1.);
#1299 = DIRECTION('',(-0.750029952013,0.488230107095,-0.446191028159));
#1300 = PCURVE('',#72,#1301);
#1301 = DEFINITIONAL_REPRESENTATION('',(#1302),#1306);
#1302 = LINE('',#1303,#1304);
#1303 = CARTESIAN_POINT('',(-26.05150368763,-40.29929553849));
#1304 = VECTOR('',#1305,1.);
#1305 = DIRECTION('',(1.,5.551115123126E-17));
#1306 = ( GEOMETRIC_REPRESENTATION_CONTEXT(2) 
PARAMETRIC_REPRESENTATION_CONTEXT() REPRESENTATION_CONTEXT('2D SPACE',''
  ) );
#1307 = PCURVE('',#393,#1308);
#1308 = DEFINITIONAL_REPRESENTATION('',(#1309),#1313);
#1309 = LINE('',#1310,#1311);
#1310 = CARTESIAN_POINT('',(-26.05150368763,-2.2));
#1311 = VECTOR('',#1312,1.);
#1312 = DIRECTION('',(-1.,0.));
#1313 = ( GEOMETRIC_REPRESENTATION_CONTEXT(2) 
PARAMETRIC_REPRESENTATION_CONTEXT() REPRESENTATION_CONTEXT('2D SPACE',''
  ) );
#1314 = ORIENTED_EDGE('',*,*,#1315,.T.);
#1315 = EDGE_CURVE('',#1293,#1242,#1316,.T.);
#1316 = SURFACE_CURVE('',#1317,(#1322,#1333),.PCURVE_S1.);
#1317 = CIRCLE('',#1318,4.31);
#1318 = AXIS2_PLACEMENT_3D('',#1319,#1320,#1321);
#1319 = CARTESIAN_POINT('',(-419.172941406,-400.6061134251,
    350.56791264288));
#1320 = DIRECTION('',(-0.391646617802,-0.871465510665,-0.295230063654));
#1321 = DIRECTION('',(0.532980297804,4.668218340247E-02,-0.844838905298)
  );
#1322 = PCURVE('',#72,#1323);
#1323 = DEFINITIONAL_REPRESENTATION('',(#1324),#1332);
#1324 = ( BOUNDED_CURVE() B_SPLINE_CURVE(2,(#1325,#1326,#1327,#1328,
#1329,#1330,#1331),.UNSPECIFIED.,.T.,.F.) B_SPLINE_CURVE_WITH_KNOTS((1,2
    ,2,2,2,1),(-2.094395102393,0.,2.094395102393,4.188790204786,
6.28318530718,8.377580409573),.UNSPECIFIED.) CURVE() 
GEOMETRIC_REPRESENTATION_ITEM() RATIONAL_B_SPLINE_CURVE((1.,0.5,1.,0.5,
1.,0.5,1.)) REPRESENTATION_ITEM('') );
#1325 = CARTESIAN_POINT('',(-81.04300737527,-40.29929553849));
#1326 = CARTESIAN_POINT('',(-88.50814635589,-40.29929553849));
#1327 = CARTESIAN_POINT('',(-84.77557686558,-33.83429553849));
#1328 = CARTESIAN_POINT('',(-81.04300737527,-27.36929553849));
#1329 = CARTESIAN_POINT('',(-77.31043788496,-33.83429553849));
#1330 = CARTESIAN_POINT('',(-73.57786839465,-40.29929553849));
#1331 = CARTESIAN_POINT('',(-81.04300737527,-40.29929553849));
#1332 = ( GEOMETRIC_REPRESENTATION_CONTEXT(2) 
PARAMETRIC_REPRESENTATION_CONTEXT() REPRESENTATION_CONTEXT('2D SPACE',''
  ) );
#1333 = PCURVE('',#424,#1334);
#1334 = DEFINITIONAL_REPRESENTATION('',(#1335),#1339);
#1335 = LINE('',#1336,#1337);
#1336 = CARTESIAN_POINT('',(0.,-2.2));
#1337 = VECTOR('',#1338,1.);
#1338 = DIRECTION('',(1.,0.));
#1339 = ( GEOMETRIC_REPRESENTATION_CONTEXT(2) 
PARAMETRIC_REPRESENTATION_CONTEXT() REPRESENTATION_CONTEXT('2D SPACE',''
  ) );
#1340 = FACE_BOUND('',#1341,.T.);
#1341 = EDGE_LOOP('',(#1342));
#1342 = ORIENTED_EDGE('',*,*,#1343,.T.);
#1343 = EDGE_CURVE('',#1344,#1344,#1346,.T.);
#1344 = VERTEX_POINT('',#1345);
#1345 = CARTESIAN_POINT('',(-394.6081577868,-419.268338592,
    373.06823351632));
#1346 = SURFACE_CURVE('',#1347,(#1352,#1363),.PCURVE_S1.);
#1347 = CIRCLE('',#1348,2.47);
#1348 = AXIS2_PLACEMENT_3D('',#1349,#1350,#1351);
#1349 = CARTESIAN_POINT('',(-392.7555838053,-420.4742669565,
    374.17032535587));
#1350 = DIRECTION('',(-0.391646617802,-0.871465510665,-0.295230063654));
#1351 = DIRECTION('',(-0.750029952013,0.488230107095,-0.446191028159));
#1352 = PCURVE('',#72,#1353);
#1353 = DEFINITIONAL_REPRESENTATION('',(#1354),#1362);
#1354 = ( BOUNDED_CURVE() B_SPLINE_CURVE(2,(#1355,#1356,#1357,#1358,
#1359,#1360,#1361),.UNSPECIFIED.,.T.,.F.) B_SPLINE_CURVE_WITH_KNOTS((1,2
    ,2,2,2,1),(-2.094395102393,0.,2.094395102393,4.188790204786,
6.28318530718,8.377580409573),.UNSPECIFIED.) CURVE() 
GEOMETRIC_REPRESENTATION_ITEM() RATIONAL_B_SPLINE_CURVE((1.,0.5,1.,0.5,
1.,0.5,1.)) REPRESENTATION_ITEM('') );
#1355 = CARTESIAN_POINT('',(-118.6182323507,-29.20150135385));
#1356 = CARTESIAN_POINT('',(-118.6182323507,-33.47966684854));
#1357 = CARTESIAN_POINT('',(-122.3232323507,-31.3405841012));
#1358 = CARTESIAN_POINT('',(-126.0282323507,-29.20150135385));
#1359 = CARTESIAN_POINT('',(-122.3232323507,-27.0624186065));
#1360 = CARTESIAN_POINT('',(-118.6182323507,-24.92333585915));
#1361 = CARTESIAN_POINT('',(-118.6182323507,-29.20150135385));
#1362 = ( GEOMETRIC_REPRESENTATION_CONTEXT(2) 
PARAMETRIC_REPRESENTATION_CONTEXT() REPRESENTATION_CONTEXT('2D SPACE',''
  ) );
#1363 = PCURVE('',#459,#1364);
#1364 = DEFINITIONAL_REPRESENTATION('',(#1365),#1369);
#1365 = LINE('',#1366,#1367);
#1366 = CARTESIAN_POINT('',(-6.28318530718,-2.2));
#1367 = VECTOR('',#1368,1.);
#1368 = DIRECTION('',(1.,-0.));
#1369 = ( GEOMETRIC_REPRESENTATION_CONTEXT(2) 
PARAMETRIC_REPRESENTATION_CONTEXT() REPRESENTATION_CONTEXT('2D SPACE',''
  ) );
#1370 = FACE_BOUND('',#1371,.T.);
#1371 = EDGE_LOOP('',(#1372,#1397,#1425,#1448));
#1372 = ORIENTED_EDGE('',*,*,#1373,.F.);
#1373 = EDGE_CURVE('',#1374,#1376,#1378,.T.);
#1374 = VERTEX_POINT('',#1375);
#1375 = CARTESIAN_POINT('',(-450.2805909031,-392.0156989606,
    366.47738922898));
#1376 = VERTEX_POINT('',#1377);
#1377 = CARTESIAN_POINT('',(-440.6816157396,-391.1749528376,
    351.26184054456));
#1378 = SURFACE_CURVE('',#1379,(#1383,#1390),.PCURVE_S1.);
#1379 = LINE('',#1380,#1381);
#1380 = CARTESIAN_POINT('',(-447.1785405104,-391.7439994514,
    361.56026026813));
#1381 = VECTOR('',#1382,1.);
#1382 = DIRECTION('',(0.532980297804,4.668218340247E-02,-0.844838905298)
  );
#1383 = PCURVE('',#72,#1384);
#1384 = DEFINITIONAL_REPRESENTATION('',(#1385),#1389);
#1385 = LINE('',#1386,#1387);
#1386 = CARTESIAN_POINT('',(-60.61590525722,-12.18980288311));
#1387 = VECTOR('',#1388,1.);
#1388 = DIRECTION('',(-1.665334536938E-16,-1.));
#1389 = ( GEOMETRIC_REPRESENTATION_CONTEXT(2) 
PARAMETRIC_REPRESENTATION_CONTEXT() REPRESENTATION_CONTEXT('2D SPACE',''
  ) );
#1390 = PCURVE('',#491,#1391);
#1391 = DEFINITIONAL_REPRESENTATION('',(#1392),#1396);
#1392 = LINE('',#1393,#1394);
#1393 = CARTESIAN_POINT('',(12.189802883116,-2.2));
#1394 = VECTOR('',#1395,1.);
#1395 = DIRECTION('',(-1.,-2.775557561563E-17));
#1396 = ( GEOMETRIC_REPRESENTATION_CONTEXT(2) 
PARAMETRIC_REPRESENTATION_CONTEXT() REPRESENTATION_CONTEXT('2D SPACE',''
  ) );
#1397 = ORIENTED_EDGE('',*,*,#1398,.T.);
#1398 = EDGE_CURVE('',#1374,#1399,#1401,.T.);
#1399 = VERTEX_POINT('',#1400);
#1400 = CARTESIAN_POINT('',(-452.8981954356,-390.3117758869,
    364.9201825407));
#1401 = SURFACE_CURVE('',#1402,(#1407,#1418),.PCURVE_S1.);
#1402 = CIRCLE('',#1403,1.745);
#1403 = AXIS2_PLACEMENT_3D('',#1404,#1405,#1406);
#1404 = CARTESIAN_POINT('',(-451.5893931693,-391.1637374238,
    365.69878588484));
#1405 = DIRECTION('',(-0.391646617802,-0.871465510665,-0.295230063654));
#1406 = DIRECTION('',(0.750029952013,-0.488230107095,0.446191028159));
#1407 = PCURVE('',#72,#1408);
#1408 = DEFINITIONAL_REPRESENTATION('',(#1409),#1417);
#1409 = ( BOUNDED_CURVE() B_SPLINE_CURVE(2,(#1410,#1411,#1412,#1413,
#1414,#1415,#1416),.UNSPECIFIED.,.T.,.F.) B_SPLINE_CURVE_WITH_KNOTS((1,2
    ,2,2,2,1),(-2.094395102393,0.,2.094395102393,4.188790204786,
6.28318530718,8.377580409573),.UNSPECIFIED.) CURVE() 
GEOMETRIC_REPRESENTATION_ITEM() RATIONAL_B_SPLINE_CURVE((1.,0.5,1.,0.5,
1.,0.5,1.)) REPRESENTATION_ITEM('') );
#1410 = CARTESIAN_POINT('',(-60.61590525722,-6.369605766232));
#1411 = CARTESIAN_POINT('',(-60.61590525722,-3.347177107024));
#1412 = CARTESIAN_POINT('',(-57.99840525722,-4.858391436628));
#1413 = CARTESIAN_POINT('',(-55.38090525722,-6.369605766232));
#1414 = CARTESIAN_POINT('',(-57.99840525722,-7.880820095836));
#1415 = CARTESIAN_POINT('',(-60.61590525722,-9.39203442544));
#1416 = CARTESIAN_POINT('',(-60.61590525722,-6.369605766232));
#1417 = ( GEOMETRIC_REPRESENTATION_CONTEXT(2) 
PARAMETRIC_REPRESENTATION_CONTEXT() REPRESENTATION_CONTEXT('2D SPACE',''
  ) );
#1418 = PCURVE('',#524,#1419);
#1419 = DEFINITIONAL_REPRESENTATION('',(#1420),#1424);
#1420 = LINE('',#1421,#1422);
#1421 = CARTESIAN_POINT('',(0.,-2.2));
#1422 = VECTOR('',#1423,1.);
#1423 = DIRECTION('',(1.,0.));
#1424 = ( GEOMETRIC_REPRESENTATION_CONTEXT(2) 
PARAMETRIC_REPRESENTATION_CONTEXT() REPRESENTATION_CONTEXT('2D SPACE',''
  ) );
#1425 = ORIENTED_EDGE('',*,*,#1426,.F.);
#1426 = EDGE_CURVE('',#1427,#1399,#1429,.T.);
#1427 = VERTEX_POINT('',#1428);
#1428 = CARTESIAN_POINT('',(-443.2992202721,-389.4710297638,
    349.70463385628));
#1429 = SURFACE_CURVE('',#1430,(#1434,#1441),.PCURVE_S1.);
#1430 = LINE('',#1431,#1432);
#1431 = CARTESIAN_POINT('',(-454.5956326247,-390.4604494392,
    367.61082792206));
#1432 = VECTOR('',#1433,1.);
#1433 = DIRECTION('',(-0.532980297804,-4.668218340247E-02,0.844838905298
    ));
#1434 = PCURVE('',#72,#1435);
#1435 = DEFINITIONAL_REPRESENTATION('',(#1436),#1440);
#1436 = LINE('',#1437,#1438);
#1437 = CARTESIAN_POINT('',(-57.12590525722,-3.184802883116));
#1438 = VECTOR('',#1439,1.);
#1439 = DIRECTION('',(1.665334536938E-16,1.));
#1440 = ( GEOMETRIC_REPRESENTATION_CONTEXT(2) 
PARAMETRIC_REPRESENTATION_CONTEXT() REPRESENTATION_CONTEXT('2D SPACE',''
  ) );
#1441 = PCURVE('',#552,#1442);
#1442 = DEFINITIONAL_REPRESENTATION('',(#1443),#1447);
#1443 = LINE('',#1444,#1445);
#1444 = CARTESIAN_POINT('',(-3.184802883116,-2.2));
#1445 = VECTOR('',#1446,1.);
#1446 = DIRECTION('',(-1.,2.775557561563E-17));
#1447 = ( GEOMETRIC_REPRESENTATION_CONTEXT(2) 
PARAMETRIC_REPRESENTATION_CONTEXT() REPRESENTATION_CONTEXT('2D SPACE',''
  ) );
#1448 = ORIENTED_EDGE('',*,*,#1449,.T.);
#1449 = EDGE_CURVE('',#1427,#1376,#1450,.T.);
#1450 = SURFACE_CURVE('',#1451,(#1456,#1467),.PCURVE_S1.);
#1451 = CIRCLE('',#1452,1.745);
#1452 = AXIS2_PLACEMENT_3D('',#1453,#1454,#1455);
#1453 = CARTESIAN_POINT('',(-441.9904180059,-390.3229913007,
    350.48323720042));
#1454 = DIRECTION('',(-0.391646617802,-0.871465510665,-0.295230063654));
#1455 = DIRECTION('',(-0.750029952013,0.488230107095,-0.446191028159));
#1456 = PCURVE('',#72,#1457);
#1457 = DEFINITIONAL_REPRESENTATION('',(#1458),#1466);
#1458 = ( BOUNDED_CURVE() B_SPLINE_CURVE(2,(#1459,#1460,#1461,#1462,
#1463,#1464,#1465),.UNSPECIFIED.,.T.,.F.) B_SPLINE_CURVE_WITH_KNOTS((1,2
    ,2,2,2,1),(-2.094395102393,0.,2.094395102393,4.188790204786,
6.28318530718,8.377580409573),.UNSPECIFIED.) CURVE() 
GEOMETRIC_REPRESENTATION_ITEM() RATIONAL_B_SPLINE_CURVE((1.,0.5,1.,0.5,
1.,0.5,1.)) REPRESENTATION_ITEM('') );
#1459 = CARTESIAN_POINT('',(-57.12590525722,-24.37960576623));
#1460 = CARTESIAN_POINT('',(-57.12590525722,-27.40203442544));
#1461 = CARTESIAN_POINT('',(-59.74340525722,-25.89082009583));
#1462 = CARTESIAN_POINT('',(-62.36090525722,-24.37960576623));
#1463 = CARTESIAN_POINT('',(-59.74340525722,-22.86839143662));
#1464 = CARTESIAN_POINT('',(-57.12590525722,-21.35717710702));
#1465 = CARTESIAN_POINT('',(-57.12590525722,-24.37960576623));
#1466 = ( GEOMETRIC_REPRESENTATION_CONTEXT(2) 
PARAMETRIC_REPRESENTATION_CONTEXT() REPRESENTATION_CONTEXT('2D SPACE',''
  ) );
#1467 = PCURVE('',#583,#1468);
#1468 = DEFINITIONAL_REPRESENTATION('',(#1469),#1473);
#1469 = LINE('',#1470,#1471);
#1470 = CARTESIAN_POINT('',(0.,-2.2));
#1471 = VECTOR('',#1472,1.);
#1472 = DIRECTION('',(1.,0.));
#1473 = ( GEOMETRIC_REPRESENTATION_CONTEXT(2) 
PARAMETRIC_REPRESENTATION_CONTEXT() REPRESENTATION_CONTEXT('2D SPACE',''
  ) );
#1474 = FACE_BOUND('',#1475,.T.);
#1475 = EDGE_LOOP('',(#1476,#1501,#1524,#1547));
#1476 = ORIENTED_EDGE('',*,*,#1477,.T.);
#1477 = EDGE_CURVE('',#1478,#1480,#1482,.T.);
#1478 = VERTEX_POINT('',#1479);
#1479 = CARTESIAN_POINT('',(-520.5933542772,-344.9268296122,
    320.75518383265));
#1480 = VERTEX_POINT('',#1481);
#1481 = CARTESIAN_POINT('',(-505.3341283511,-343.5903187014,
    296.56744597397));
#1482 = SURFACE_CURVE('',#1483,(#1487,#1494),.PCURVE_S1.);
#1483 = LINE('',#1484,#1485);
#1484 = CARTESIAN_POINT('',(-515.5541314629,-344.4854588438,
    312.76739984985));
#1485 = VECTOR('',#1486,1.);
#1486 = DIRECTION('',(0.532980297804,4.668218340247E-02,-0.844838905298)
  );
#1487 = PCURVE('',#72,#1488);
#1488 = DEFINITIONAL_REPRESENTATION('',(#1489),#1493);
#1489 = LINE('',#1490,#1491);
#1490 = CARTESIAN_POINT('',(35.511814842617,-19.1751986968));
#1491 = VECTOR('',#1492,1.);
#1492 = DIRECTION('',(-5.551115123126E-17,-1.));
#1493 = ( GEOMETRIC_REPRESENTATION_CONTEXT(2) 
PARAMETRIC_REPRESENTATION_CONTEXT() REPRESENTATION_CONTEXT('2D SPACE',''
  ) );
#1494 = PCURVE('',#615,#1495);
#1495 = DEFINITIONAL_REPRESENTATION('',(#1496),#1500);
#1496 = LINE('',#1497,#1498);
#1497 = CARTESIAN_POINT('',(19.175198696808,-2.2));
#1498 = VECTOR('',#1499,1.);
#1499 = DIRECTION('',(-1.,-5.551115123126E-17));
#1500 = ( GEOMETRIC_REPRESENTATION_CONTEXT(2) 
PARAMETRIC_REPRESENTATION_CONTEXT() REPRESENTATION_CONTEXT('2D SPACE',''
  ) );
#1501 = ORIENTED_EDGE('',*,*,#1502,.T.);
#1502 = EDGE_CURVE('',#1480,#1503,#1505,.T.);
#1503 = VERTEX_POINT('',#1504);
#1504 = CARTESIAN_POINT('',(-479.4580950066,-360.4342573962,
    311.96103644547));
#1505 = SURFACE_CURVE('',#1506,(#1510,#1517),.PCURVE_S1.);
#1506 = LINE('',#1507,#1508);
#1507 = CARTESIAN_POINT('',(-479.0786492877,-360.6812566307,
    312.18676779793));
#1508 = VECTOR('',#1509,1.);
#1509 = DIRECTION('',(0.750029952013,-0.488230107095,0.446191028159));
#1510 = PCURVE('',#72,#1511);
#1511 = DEFINITIONAL_REPRESENTATION('',(#1512),#1516);
#1512 = LINE('',#1513,#1514);
#1513 = CARTESIAN_POINT('',(0.505907421309,-38.35039739361));
#1514 = VECTOR('',#1515,1.);
#1515 = DIRECTION('',(-1.,-5.551115123126E-17));
#1516 = ( GEOMETRIC_REPRESENTATION_CONTEXT(2) 
PARAMETRIC_REPRESENTATION_CONTEXT() REPRESENTATION_CONTEXT('2D SPACE',''
  ) );
#1517 = PCURVE('',#643,#1518);
#1518 = DEFINITIONAL_REPRESENTATION('',(#1519),#1523);
#1519 = LINE('',#1520,#1521);
#1520 = CARTESIAN_POINT('',(-0.505907421309,-2.2));
#1521 = VECTOR('',#1522,1.);
#1522 = DIRECTION('',(-1.,0.));
#1523 = ( GEOMETRIC_REPRESENTATION_CONTEXT(2) 
PARAMETRIC_REPRESENTATION_CONTEXT() REPRESENTATION_CONTEXT('2D SPACE',''
  ) );
#1524 = ORIENTED_EDGE('',*,*,#1525,.T.);
#1525 = EDGE_CURVE('',#1503,#1526,#1528,.T.);
#1526 = VERTEX_POINT('',#1527);
#1527 = CARTESIAN_POINT('',(-494.7173209328,-361.770768307,
    336.14877430415));
#1528 = SURFACE_CURVE('',#1529,(#1533,#1540),.PCURVE_S1.);
#1529 = LINE('',#1530,#1531);
#1530 = CARTESIAN_POINT('',(-497.3077110816,-361.9976529939,
    340.25485925069));
#1531 = VECTOR('',#1532,1.);
#1532 = DIRECTION('',(-0.532980297804,-4.668218340247E-02,0.844838905298
    ));
#1533 = PCURVE('',#72,#1534);
#1534 = DEFINITIONAL_REPRESENTATION('',(#1535),#1539);
#1535 = LINE('',#1536,#1537);
#1536 = CARTESIAN_POINT('',(1.011814842617,-4.860198696808));
#1537 = VECTOR('',#1538,1.);
#1538 = DIRECTION('',(5.551115123126E-17,1.));
#1539 = ( GEOMETRIC_REPRESENTATION_CONTEXT(2) 
PARAMETRIC_REPRESENTATION_CONTEXT() REPRESENTATION_CONTEXT('2D SPACE',''
  ) );
#1540 = PCURVE('',#671,#1541);
#1541 = DEFINITIONAL_REPRESENTATION('',(#1542),#1546);
#1542 = LINE('',#1543,#1544);
#1543 = CARTESIAN_POINT('',(-4.860198696808,-2.2));
#1544 = VECTOR('',#1545,1.);
#1545 = DIRECTION('',(-1.,5.551115123126E-17));
#1546 = ( GEOMETRIC_REPRESENTATION_CONTEXT(2) 
PARAMETRIC_REPRESENTATION_CONTEXT() REPRESENTATION_CONTEXT('2D SPACE',''
  ) );
#1547 = ORIENTED_EDGE('',*,*,#1548,.T.);
#1548 = EDGE_CURVE('',#1526,#1478,#1549,.T.);
#1549 = SURFACE_CURVE('',#1550,(#1554,#1561),.PCURVE_S1.);
#1550 = LINE('',#1551,#1552);
#1551 = CARTESIAN_POINT('',(-507.275891886,-353.5957981941,
    328.67771042087));
#1552 = VECTOR('',#1553,1.);
#1553 = DIRECTION('',(-0.750029952013,0.488230107095,-0.446191028159));
#1554 = PCURVE('',#72,#1555);
#1555 = DEFINITIONAL_REPRESENTATION('',(#1556),#1560);
#1556 = LINE('',#1557,#1558);
#1557 = CARTESIAN_POINT('',(17.755907421309,-9.720397393615));
#1558 = VECTOR('',#1559,1.);
#1559 = DIRECTION('',(1.,5.551115123126E-17));
#1560 = ( GEOMETRIC_REPRESENTATION_CONTEXT(2) 
PARAMETRIC_REPRESENTATION_CONTEXT() REPRESENTATION_CONTEXT('2D SPACE',''
  ) );
#1561 = PCURVE('',#697,#1562);
#1562 = DEFINITIONAL_REPRESENTATION('',(#1563),#1567);
#1563 = LINE('',#1564,#1565);
#1564 = CARTESIAN_POINT('',(17.755907421309,-2.2));
#1565 = VECTOR('',#1566,1.);
#1566 = DIRECTION('',(-1.,0.));
#1567 = ( GEOMETRIC_REPRESENTATION_CONTEXT(2) 
PARAMETRIC_REPRESENTATION_CONTEXT() REPRESENTATION_CONTEXT('2D SPACE',''
  ) );
#1568 = FACE_BOUND('',#1569,.T.);
#1569 = EDGE_LOOP('',(#1570,#1595,#1623,#1646));
#1570 = ORIENTED_EDGE('',*,*,#1571,.F.);
#1571 = EDGE_CURVE('',#1572,#1574,#1576,.T.);
#1572 = VERTEX_POINT('',#1573);
#1573 = CARTESIAN_POINT('',(-591.2802180605,-304.1534571037,
    294.17145223781));
#1574 = VERTEX_POINT('',#1575);
#1575 = CARTESIAN_POINT('',(-570.4726672342,-302.3309846637,
    261.18894137498));
#1576 = SURFACE_CURVE('',#1577,(#1581,#1588),.PCURVE_S1.);
#1577 = LINE('',#1578,#1579);
#1578 = CARTESIAN_POINT('',(-579.9192240062,-303.1583809062,
    276.16288828257));
#1579 = VECTOR('',#1580,1.);
#1580 = DIRECTION('',(0.532980297804,4.668218340247E-02,-0.844838905298)
  );
#1581 = PCURVE('',#72,#1582);
#1582 = DEFINITIONAL_REPRESENTATION('',(#1583),#1587);
#1583 = LINE('',#1584,#1585);
#1584 = CARTESIAN_POINT('',(120.29729045299,-17.72402621812));
#1585 = VECTOR('',#1586,1.);
#1586 = DIRECTION('',(-1.665334536938E-16,-1.));
#1587 = ( GEOMETRIC_REPRESENTATION_CONTEXT(2) 
PARAMETRIC_REPRESENTATION_CONTEXT() REPRESENTATION_CONTEXT('2D SPACE',''
  ) );
#1588 = PCURVE('',#729,#1589);
#1589 = DEFINITIONAL_REPRESENTATION('',(#1590),#1594);
#1590 = LINE('',#1591,#1592);
#1591 = CARTESIAN_POINT('',(17.724026218128,-2.2));
#1592 = VECTOR('',#1593,1.);
#1593 = DIRECTION('',(-1.,-2.775557561563E-17));
#1594 = ( GEOMETRIC_REPRESENTATION_CONTEXT(2) 
PARAMETRIC_REPRESENTATION_CONTEXT() REPRESENTATION_CONTEXT('2D SPACE',''
  ) );
#1595 = ORIENTED_EDGE('',*,*,#1596,.T.);
#1596 = EDGE_CURVE('',#1572,#1597,#1599,.T.);
#1597 = VERTEX_POINT('',#1598);
#1598 = CARTESIAN_POINT('',(-594.5353480522,-302.0345384389,
    292.2349831756));
#1599 = SURFACE_CURVE('',#1600,(#1605,#1616),.PCURVE_S1.);
#1600 = CIRCLE('',#1601,2.17);
#1601 = AXIS2_PLACEMENT_3D('',#1602,#1603,#1604);
#1602 = CARTESIAN_POINT('',(-592.9077830563,-303.0939977713,
    293.20321770671));
#1603 = DIRECTION('',(-0.391646617802,-0.871465510665,-0.295230063654));
#1604 = DIRECTION('',(0.750029952013,-0.488230107095,0.446191028159));
#1605 = PCURVE('',#72,#1606);
#1606 = DEFINITIONAL_REPRESENTATION('',(#1607),#1615);
#1607 = ( BOUNDED_CURVE() B_SPLINE_CURVE(2,(#1608,#1609,#1610,#1611,
#1612,#1613,#1614),.UNSPECIFIED.,.T.,.F.) B_SPLINE_CURVE_WITH_KNOTS((1,2
    ,2,2,2,1),(-2.094395102393,0.,2.094395102393,4.188790204786,
6.28318530718,8.377580409573),.UNSPECIFIED.) CURVE() 
GEOMETRIC_REPRESENTATION_ITEM() RATIONAL_B_SPLINE_CURVE((1.,0.5,1.,0.5,
1.,0.5,1.)) REPRESENTATION_ITEM('') );
#1608 = CARTESIAN_POINT('',(120.29729045299,3.591947563744));
#1609 = CARTESIAN_POINT('',(120.29729045299,7.350497816168));
#1610 = CARTESIAN_POINT('',(123.55229045299,5.471222689956));
#1611 = CARTESIAN_POINT('',(126.80729045299,3.591947563744));
#1612 = CARTESIAN_POINT('',(123.55229045299,1.712672437532));
#1613 = CARTESIAN_POINT('',(120.29729045299,-0.166602688681));
#1614 = CARTESIAN_POINT('',(120.29729045299,3.591947563744));
#1615 = ( GEOMETRIC_REPRESENTATION_CONTEXT(2) 
PARAMETRIC_REPRESENTATION_CONTEXT() REPRESENTATION_CONTEXT('2D SPACE',''
  ) );
#1616 = PCURVE('',#762,#1617);
#1617 = DEFINITIONAL_REPRESENTATION('',(#1618),#1622);
#1618 = LINE('',#1619,#1620);
#1619 = CARTESIAN_POINT('',(0.,-2.2));
#1620 = VECTOR('',#1621,1.);
#1621 = DIRECTION('',(1.,0.));
#1622 = ( GEOMETRIC_REPRESENTATION_CONTEXT(2) 
PARAMETRIC_REPRESENTATION_CONTEXT() REPRESENTATION_CONTEXT('2D SPACE',''
  ) );
#1623 = ORIENTED_EDGE('',*,*,#1624,.F.);
#1624 = EDGE_CURVE('',#1625,#1597,#1627,.T.);
#1625 = VERTEX_POINT('',#1626);
#1626 = CARTESIAN_POINT('',(-573.7277972259,-300.2120659989,
    259.25247231276));
#1627 = SURFACE_CURVE('',#1628,(#1632,#1639),.PCURVE_S1.);
#1628 = LINE('',#1629,#1630);
#1629 = CARTESIAN_POINT('',(-593.5781294111,-301.9506984614,
    290.71767465178));
#1630 = VECTOR('',#1631,1.);
#1631 = DIRECTION('',(-0.532980297804,-4.668218340247E-02,0.844838905298
    ));
#1632 = PCURVE('',#72,#1633);
#1633 = DEFINITIONAL_REPRESENTATION('',(#1634),#1638);
#1634 = LINE('',#1635,#1636);
#1635 = CARTESIAN_POINT('',(124.63729045299,1.795973781872));
#1636 = VECTOR('',#1637,1.);
#1637 = DIRECTION('',(1.665334536938E-16,1.));
#1638 = ( GEOMETRIC_REPRESENTATION_CONTEXT(2) 
PARAMETRIC_REPRESENTATION_CONTEXT() REPRESENTATION_CONTEXT('2D SPACE',''
  ) );
#1639 = PCURVE('',#790,#1640);
#1640 = DEFINITIONAL_REPRESENTATION('',(#1641),#1645);
#1641 = LINE('',#1642,#1643);
#1642 = CARTESIAN_POINT('',(1.795973781872,-2.2));
#1643 = VECTOR('',#1644,1.);
#1644 = DIRECTION('',(-1.,2.775557561563E-17));
#1645 = ( GEOMETRIC_REPRESENTATION_CONTEXT(2) 
PARAMETRIC_REPRESENTATION_CONTEXT() REPRESENTATION_CONTEXT('2D SPACE',''
  ) );
#1646 = ORIENTED_EDGE('',*,*,#1647,.T.);
#1647 = EDGE_CURVE('',#1625,#1574,#1648,.T.);
#1648 = SURFACE_CURVE('',#1649,(#1654,#1665),.PCURVE_S1.);
#1649 = CIRCLE('',#1650,2.17);
#1650 = AXIS2_PLACEMENT_3D('',#1651,#1652,#1653);
#1651 = CARTESIAN_POINT('',(-572.1002322301,-301.2715253313,
    260.22070684387));
#1652 = DIRECTION('',(-0.391646617802,-0.871465510665,-0.295230063654));
#1653 = DIRECTION('',(-0.750029952013,0.488230107095,-0.446191028159));
#1654 = PCURVE('',#72,#1655);
#1655 = DEFINITIONAL_REPRESENTATION('',(#1656),#1664);
#1656 = ( BOUNDED_CURVE() B_SPLINE_CURVE(2,(#1657,#1658,#1659,#1660,
#1661,#1662,#1663),.UNSPECIFIED.,.T.,.F.) B_SPLINE_CURVE_WITH_KNOTS((1,2
    ,2,2,2,1),(-2.094395102393,0.,2.094395102393,4.188790204786,
6.28318530718,8.377580409573),.UNSPECIFIED.) CURVE() 
GEOMETRIC_REPRESENTATION_ITEM() RATIONAL_B_SPLINE_CURVE((1.,0.5,1.,0.5,
1.,0.5,1.)) REPRESENTATION_ITEM('') );
#1657 = CARTESIAN_POINT('',(124.63729045299,-35.44805243625));
#1658 = CARTESIAN_POINT('',(124.63729045299,-39.20660268868));
#1659 = CARTESIAN_POINT('',(121.38229045299,-37.32732756246));
#1660 = CARTESIAN_POINT('',(118.12729045299,-35.44805243625));
#1661 = CARTESIAN_POINT('',(121.38229045299,-33.56877731004));
#1662 = CARTESIAN_POINT('',(124.63729045299,-31.68950218383));
#1663 = CARTESIAN_POINT('',(124.63729045299,-35.44805243625));
#1664 = ( GEOMETRIC_REPRESENTATION_CONTEXT(2) 
PARAMETRIC_REPRESENTATION_CONTEXT() REPRESENTATION_CONTEXT('2D SPACE',''
  ) );
#1665 = PCURVE('',#821,#1666);
#1666 = DEFINITIONAL_REPRESENTATION('',(#1667),#1671);
#1667 = LINE('',#1668,#1669);
#1668 = CARTESIAN_POINT('',(0.,-2.2));
#1669 = VECTOR('',#1670,1.);
#1670 = DIRECTION('',(1.,0.));
#1671 = ( GEOMETRIC_REPRESENTATION_CONTEXT(2) 
PARAMETRIC_REPRESENTATION_CONTEXT() REPRESENTATION_CONTEXT('2D SPACE',''
  ) );
#1672 = FACE_BOUND('',#1673,.T.);
#1673 = EDGE_LOOP('',(#1674,#1699,#1722,#1745));
#1674 = ORIENTED_EDGE('',*,*,#1675,.T.);
#1675 = EDGE_CURVE('',#1676,#1678,#1680,.T.);
#1676 = VERTEX_POINT('',#1677);
#1677 = CARTESIAN_POINT('',(-451.6539012211,-404.3485342545,
    404.70348588348));
#1678 = VERTEX_POINT('',#1679);
#1679 = CARTESIAN_POINT('',(-444.2827837025,-403.702919658,
    393.01936382321));
#1680 = SURFACE_CURVE('',#1681,(#1685,#1692),.PCURVE_S1.);
#1681 = LINE('',#1682,#1683);
#1682 = CARTESIAN_POINT('',(-440.7110271878,-403.3900799651,
    387.35769325803));
#1683 = VECTOR('',#1684,1.);
#1684 = DIRECTION('',(0.532980297804,4.668218340247E-02,-0.844838905298)
  );
#1685 = PCURVE('',#72,#1686);
#1686 = DEFINITIONAL_REPRESENTATION('',(#1687),#1691);
#1687 = LINE('',#1688,#1689);
#1688 = CARTESIAN_POINT('',(-82.66328425034,6.701479453269));
#1689 = VECTOR('',#1690,1.);
#1690 = DIRECTION('',(-5.551115123126E-17,-1.));
#1691 = ( GEOMETRIC_REPRESENTATION_CONTEXT(2) 
PARAMETRIC_REPRESENTATION_CONTEXT() REPRESENTATION_CONTEXT('2D SPACE',''
  ) );
#1692 = PCURVE('',#853,#1693);
#1693 = DEFINITIONAL_REPRESENTATION('',(#1694),#1698);
#1694 = LINE('',#1695,#1696);
#1695 = CARTESIAN_POINT('',(-6.701479453269,-2.2));
#1696 = VECTOR('',#1697,1.);
#1697 = DIRECTION('',(-1.,-5.551115123126E-17));
#1698 = ( GEOMETRIC_REPRESENTATION_CONTEXT(2) 
PARAMETRIC_REPRESENTATION_CONTEXT() REPRESENTATION_CONTEXT('2D SPACE',''
  ) );
#1699 = ORIENTED_EDGE('',*,*,#1700,.T.);
#1700 = EDGE_CURVE('',#1678,#1701,#1703,.T.);
#1701 = VERTEX_POINT('',#1702);
#1702 = CARTESIAN_POINT('',(-426.7245825259,-415.1323864651,
    403.46469579242));
#1703 = SURFACE_CURVE('',#1704,(#1708,#1715),.PCURVE_S1.);
#1704 = LINE('',#1705,#1706);
#1705 = CARTESIAN_POINT('',(-466.5036526739,-389.2383010004,
    379.80022191247));
#1706 = VECTOR('',#1707,1.);
#1707 = DIRECTION('',(0.750029952013,-0.488230107095,0.446191028159));
#1708 = PCURVE('',#72,#1709);
#1709 = DEFINITIONAL_REPRESENTATION('',(#1710),#1714);
#1710 = LINE('',#1711,#1712);
#1711 = CARTESIAN_POINT('',(-53.03664212517,13.402958906538));
#1712 = VECTOR('',#1713,1.);
#1713 = DIRECTION('',(-1.,-5.551115123126E-17));
#1714 = ( GEOMETRIC_REPRESENTATION_CONTEXT(2) 
PARAMETRIC_REPRESENTATION_CONTEXT() REPRESENTATION_CONTEXT('2D SPACE',''
  ) );
#1715 = PCURVE('',#881,#1716);
#1716 = DEFINITIONAL_REPRESENTATION('',(#1717),#1721);
#1717 = LINE('',#1718,#1719);
#1718 = CARTESIAN_POINT('',(53.036642125171,-2.2));
#1719 = VECTOR('',#1720,1.);
#1720 = DIRECTION('',(-1.,0.));
#1721 = ( GEOMETRIC_REPRESENTATION_CONTEXT(2) 
PARAMETRIC_REPRESENTATION_CONTEXT() REPRESENTATION_CONTEXT('2D SPACE',''
  ) );
#1722 = ORIENTED_EDGE('',*,*,#1723,.T.);
#1723 = EDGE_CURVE('',#1701,#1724,#1726,.T.);
#1724 = VERTEX_POINT('',#1725);
#1725 = CARTESIAN_POINT('',(-434.0957000445,-415.7780010616,
    415.14881785269));
#1726 = SURFACE_CURVE('',#1727,(#1731,#1738),.PCURVE_S1.);
#1727 = LINE('',#1728,#1729);
#1728 = CARTESIAN_POINT('',(-426.8383847705,-415.1423540704,
    403.64508625738));
#1729 = VECTOR('',#1730,1.);
#1730 = DIRECTION('',(-0.532980297804,-4.668218340247E-02,0.844838905298
    ));
#1731 = PCURVE('',#72,#1732);
#1732 = DEFINITIONAL_REPRESENTATION('',(#1733),#1737);
#1733 = LINE('',#1734,#1735);
#1734 = CARTESIAN_POINT('',(-106.0732842503,13.616479453269));
#1735 = VECTOR('',#1736,1.);
#1736 = DIRECTION('',(5.551115123126E-17,1.));
#1737 = ( GEOMETRIC_REPRESENTATION_CONTEXT(2) 
PARAMETRIC_REPRESENTATION_CONTEXT() REPRESENTATION_CONTEXT('2D SPACE',''
  ) );
#1738 = PCURVE('',#909,#1739);
#1739 = DEFINITIONAL_REPRESENTATION('',(#1740),#1744);
#1740 = LINE('',#1741,#1742);
#1741 = CARTESIAN_POINT('',(13.616479453269,-2.2));
#1742 = VECTOR('',#1743,1.);
#1743 = DIRECTION('',(-1.,5.551115123126E-17));
#1744 = ( GEOMETRIC_REPRESENTATION_CONTEXT(2) 
PARAMETRIC_REPRESENTATION_CONTEXT() REPRESENTATION_CONTEXT('2D SPACE',''
  ) );
#1745 = ORIENTED_EDGE('',*,*,#1746,.T.);
#1746 = EDGE_CURVE('',#1724,#1676,#1747,.T.);
#1747 = SURFACE_CURVE('',#1748,(#1752,#1759),.PCURVE_S1.);
#1748 = LINE('',#1749,#1750);
#1749 = CARTESIAN_POINT('',(-482.6538707809,-384.1691821933,
    386.26167798814));
#1750 = VECTOR('',#1751,1.);
#1751 = DIRECTION('',(-0.750029952013,0.488230107095,-0.446191028159));
#1752 = PCURVE('',#72,#1753);
#1753 = DEFINITIONAL_REPRESENTATION('',(#1754),#1758);
#1754 = LINE('',#1755,#1756);
#1755 = CARTESIAN_POINT('',(-41.33164212517,27.232958906538));
#1756 = VECTOR('',#1757,1.);
#1757 = DIRECTION('',(1.,5.551115123126E-17));
#1758 = ( GEOMETRIC_REPRESENTATION_CONTEXT(2) 
PARAMETRIC_REPRESENTATION_CONTEXT() REPRESENTATION_CONTEXT('2D SPACE',''
  ) );
#1759 = PCURVE('',#935,#1760);
#1760 = DEFINITIONAL_REPRESENTATION('',(#1761),#1765);
#1761 = LINE('',#1762,#1763);
#1762 = CARTESIAN_POINT('',(-41.33164212517,-2.2));
#1763 = VECTOR('',#1764,1.);
#1764 = DIRECTION('',(-1.,0.));
#1765 = ( GEOMETRIC_REPRESENTATION_CONTEXT(2) 
PARAMETRIC_REPRESENTATION_CONTEXT() REPRESENTATION_CONTEXT('2D SPACE',''
  ) );
#1766 = FACE_BOUND('',#1767,.T.);
#1767 = EDGE_LOOP('',(#1768,#1793,#1816,#1839));
#1768 = ORIENTED_EDGE('',*,*,#1769,.T.);
#1769 = EDGE_CURVE('',#1770,#1772,#1774,.T.);
#1770 = VERTEX_POINT('',#1771);
#1771 = CARTESIAN_POINT('',(-497.0847070578,-373.2931213264,
    373.30119669389));
#1772 = VERTEX_POINT('',#1773);
#1773 = CARTESIAN_POINT('',(-496.2407519171,-370.5188269762,
    363.9924088792));
#1774 = SURFACE_CURVE('',#1775,(#1779,#1786),.PCURVE_S1.);
#1775 = LINE('',#1776,#1777);
#1776 = CARTESIAN_POINT('',(-495.3630088164,-367.6334630416,
    354.31094136189));
#1777 = VECTOR('',#1778,1.);
#1778 = DIRECTION('',(8.655950160874E-02,0.284543010278,-0.954747468173)
  );
#1779 = PCURVE('',#72,#1780);
#1780 = DEFINITIONAL_REPRESENTATION('',(#1781),#1785);
#1781 = LINE('',#1782,#1783);
#1782 = CARTESIAN_POINT('',(-9.47003997626,6.241530252616));
#1783 = VECTOR('',#1784,1.);
#1784 = DIRECTION('',(0.5,-0.866025403784));
#1785 = ( GEOMETRIC_REPRESENTATION_CONTEXT(2) 
PARAMETRIC_REPRESENTATION_CONTEXT() REPRESENTATION_CONTEXT('2D SPACE',''
  ) );
#1786 = PCURVE('',#967,#1787);
#1787 = DEFINITIONAL_REPRESENTATION('',(#1788),#1792);
#1788 = LINE('',#1789,#1790);
#1789 = CARTESIAN_POINT('',(-10.14034374538,-2.2));
#1790 = VECTOR('',#1791,1.);
#1791 = DIRECTION('',(-1.,-5.551115123126E-17));
#1792 = ( GEOMETRIC_REPRESENTATION_CONTEXT(2) 
PARAMETRIC_REPRESENTATION_CONTEXT() REPRESENTATION_CONTEXT('2D SPACE',''
  ) );
#1793 = ORIENTED_EDGE('',*,*,#1794,.T.);
#1794 = EDGE_CURVE('',#1772,#1795,#1797,.T.);
#1795 = VERTEX_POINT('',#1796);
#1796 = CARTESIAN_POINT('',(-491.138436182,-372.7439226887,
    363.79185163082));
#1797 = SURFACE_CURVE('',#1798,(#1802,#1809),.PCURVE_S1.);
#1798 = LINE('',#1799,#1800);
#1799 = CARTESIAN_POINT('',(-496.016566088,-370.6165933538,
    363.98359678381));
#1800 = VECTOR('',#1801,1.);
#1801 = DIRECTION('',(0.916035140944,-0.399478583935,-3.600668732236E-02
    ));
#1802 = PCURVE('',#72,#1803);
#1803 = DEFINITIONAL_REPRESENTATION('',(#1804),#1808);
#1804 = LINE('',#1805,#1806);
#1805 = CARTESIAN_POINT('',(-14.7521585467,14.900958056223));
#1806 = VECTOR('',#1807,1.);
#1807 = DIRECTION('',(-0.866025403784,-0.5));
#1808 = ( GEOMETRIC_REPRESENTATION_CONTEXT(2) 
PARAMETRIC_REPRESENTATION_CONTEXT() REPRESENTATION_CONTEXT('2D SPACE',''
  ) );
#1809 = PCURVE('',#995,#1810);
#1810 = DEFINITIONAL_REPRESENTATION('',(#1811),#1815);
#1811 = LINE('',#1812,#1813);
#1812 = CARTESIAN_POINT('',(5.325265033994,-2.2));
#1813 = VECTOR('',#1814,1.);
#1814 = DIRECTION('',(-1.,-5.20417042793E-18));
#1815 = ( GEOMETRIC_REPRESENTATION_CONTEXT(2) 
PARAMETRIC_REPRESENTATION_CONTEXT() REPRESENTATION_CONTEXT('2D SPACE',''
  ) );
#1816 = ORIENTED_EDGE('',*,*,#1817,.T.);
#1817 = EDGE_CURVE('',#1795,#1818,#1820,.T.);
#1818 = VERTEX_POINT('',#1819);
#1819 = CARTESIAN_POINT('',(-491.9823913227,-375.5182170389,
    373.10063944551));
#1820 = SURFACE_CURVE('',#1821,(#1825,#1832),.PCURVE_S1.);
#1821 = LINE('',#1822,#1823);
#1822 = CARTESIAN_POINT('',(-490.6826706516,-371.2457059292,
    358.76477802085));
#1823 = VECTOR('',#1824,1.);
#1824 = DIRECTION('',(-8.655950160874E-02,-0.284543010278,0.954747468173
    ));
#1825 = PCURVE('',#72,#1826);
#1826 = DEFINITIONAL_REPRESENTATION('',(#1827),#1831);
#1827 = LINE('',#1828,#1829);
#1828 = CARTESIAN_POINT('',(-16.73130147534,7.678404096065));
#1829 = VECTOR('',#1830,1.);
#1830 = DIRECTION('',(-0.5,0.866025403784));
#1831 = ( GEOMETRIC_REPRESENTATION_CONTEXT(2) 
PARAMETRIC_REPRESENTATION_CONTEXT() REPRESENTATION_CONTEXT('2D SPACE',''
  ) );
#1832 = PCURVE('',#1023,#1833);
#1833 = DEFINITIONAL_REPRESENTATION('',(#1834),#1838);
#1834 = LINE('',#1835,#1836);
#1835 = CARTESIAN_POINT('',(15.015343745385,-2.2));
#1836 = VECTOR('',#1837,1.);
#1837 = DIRECTION('',(-1.,5.551115123126E-17));
#1838 = ( GEOMETRIC_REPRESENTATION_CONTEXT(2) 
PARAMETRIC_REPRESENTATION_CONTEXT() REPRESENTATION_CONTEXT('2D SPACE',''
  ) );
#1839 = ORIENTED_EDGE('',*,*,#1840,.T.);
#1840 = EDGE_CURVE('',#1818,#1770,#1841,.T.);
#1841 = SURFACE_CURVE('',#1842,(#1846,#1853),.PCURVE_S1.);
#1842 = LINE('',#1843,#1844);
#1843 = CARTESIAN_POINT('',(-499.4116790962,-372.2783398478,
    373.39266322269));
#1844 = VECTOR('',#1845,1.);
#1845 = DIRECTION('',(-0.916035140944,0.399478583935,3.600668732236E-02)
  );
#1846 = PCURVE('',#72,#1847);
#1847 = DEFINITIONAL_REPRESENTATION('',(#1848),#1852);
#1848 = LINE('',#1849,#1850);
#1849 = CARTESIAN_POINT('',(-17.21527779716,24.737205743122));
#1850 = VECTOR('',#1851,1.);
#1851 = DIRECTION('',(0.866025403784,0.5));
#1852 = ( GEOMETRIC_REPRESENTATION_CONTEXT(2) 
PARAMETRIC_REPRESENTATION_CONTEXT() REPRESENTATION_CONTEXT('2D SPACE',''
  ) );
#1853 = PCURVE('',#1049,#1854);
#1854 = DEFINITIONAL_REPRESENTATION('',(#1855),#1859);
#1855 = LINE('',#1856,#1857);
#1856 = CARTESIAN_POINT('',(-2.540265033994,-2.2));
#1857 = VECTOR('',#1858,1.);
#1858 = DIRECTION('',(-1.,5.20417042793E-18));
#1859 = ( GEOMETRIC_REPRESENTATION_CONTEXT(2) 
PARAMETRIC_REPRESENTATION_CONTEXT() REPRESENTATION_CONTEXT('2D SPACE',''
  ) );
#1860 = FACE_BOUND('',#1861,.T.);
#1861 = EDGE_LOOP('',(#1862));
#1862 = ORIENTED_EDGE('',*,*,#1863,.T.);
#1863 = EDGE_CURVE('',#1864,#1864,#1866,.T.);
#1864 = VERTEX_POINT('',#1865);
#1865 = CARTESIAN_POINT('',(-598.1244904237,-305.1170145181,
    306.0951809158));
#1866 = SURFACE_CURVE('',#1867,(#1872,#1883),.PCURVE_S1.);
#1867 = CIRCLE('',#1868,11.155);
#1868 = AXIS2_PLACEMENT_3D('',#1869,#1870,#1871);
#1869 = CARTESIAN_POINT('',(-589.757906309,-310.5632213628,
    311.07244183492));
#1870 = DIRECTION('',(-0.391646617802,-0.871465510665,-0.295230063654));
#1871 = DIRECTION('',(-0.750029952013,0.488230107095,-0.446191028159));
#1872 = PCURVE('',#72,#1873);
#1873 = DEFINITIONAL_REPRESENTATION('',(#1874),#1882);
#1874 = ( BOUNDED_CURVE() B_SPLINE_CURVE(2,(#1875,#1876,#1877,#1878,
#1879,#1880,#1881),.UNSPECIFIED.,.T.,.F.) B_SPLINE_CURVE_WITH_KNOTS((1,2
    ,2,2,2,1),(-2.094395102393,0.,2.094395102393,4.188790204786,
6.28318530718,8.377580409573),.UNSPECIFIED.) CURVE() 
GEOMETRIC_REPRESENTATION_ITEM() RATIONAL_B_SPLINE_CURVE((1.,0.5,1.,0.5,
1.,0.5,1.)) REPRESENTATION_ITEM('') );
#1875 = CARTESIAN_POINT('',(119.64000122721,17.35842073349));
#1876 = CARTESIAN_POINT('',(119.64000122721,-1.962606024941));
#1877 = CARTESIAN_POINT('',(102.90750122721,7.697907354274));
#1878 = CARTESIAN_POINT('',(86.175001227213,17.35842073349));
#1879 = CARTESIAN_POINT('',(102.90750122721,27.018934112705));
#1880 = CARTESIAN_POINT('',(119.64000122721,36.679447491921));
#1881 = CARTESIAN_POINT('',(119.64000122721,17.35842073349));
#1882 = ( GEOMETRIC_REPRESENTATION_CONTEXT(2) 
PARAMETRIC_REPRESENTATION_CONTEXT() REPRESENTATION_CONTEXT('2D SPACE',''
  ) );
#1883 = PCURVE('',#1084,#1884);
#1884 = DEFINITIONAL_REPRESENTATION('',(#1885),#1889);
#1885 = LINE('',#1886,#1887);
#1886 = CARTESIAN_POINT('',(-6.28318530718,-2.2));
#1887 = VECTOR('',#1888,1.);
#1888 = DIRECTION('',(1.,-0.));
#1889 = ( GEOMETRIC_REPRESENTATION_CONTEXT(2) 
PARAMETRIC_REPRESENTATION_CONTEXT() REPRESENTATION_CONTEXT('2D SPACE',''
  ) );
#1890 = FACE_BOUND('',#1891,.T.);
#1891 = EDGE_LOOP('',(#1892,#1917,#1940,#1963));
#1892 = ORIENTED_EDGE('',*,*,#1893,.T.);
#1893 = EDGE_CURVE('',#1894,#1896,#1898,.T.);
#1894 = VERTEX_POINT('',#1895);
#1895 = CARTESIAN_POINT('',(-606.0764235481,-310.3617024977,
    332.12543104162));
#1896 = VERTEX_POINT('',#1897);
#1897 = CARTESIAN_POINT('',(-602.0684117086,-310.0106524785,
    325.77224247378));
#1898 = SURFACE_CURVE('',#1899,(#1903,#1910),.PCURVE_S1.);
#1899 = LINE('',#1900,#1901);
#1900 = CARTESIAN_POINT('',(-592.3913959909,-309.1630710118,
    310.43298997388));
#1901 = VECTOR('',#1902,1.);
#1902 = DIRECTION('',(0.532980297804,4.668218340247E-02,-0.844838905298)
  );
#1903 = PCURVE('',#72,#1904);
#1904 = DEFINITIONAL_REPRESENTATION('',(#1905),#1909);
#1905 = LINE('',#1906,#1907);
#1906 = CARTESIAN_POINT('',(111.42911060606,18.156422962665));
#1907 = VECTOR('',#1908,1.);
#1908 = DIRECTION('',(-5.551115123126E-17,-1.));
#1909 = ( GEOMETRIC_REPRESENTATION_CONTEXT(2) 
PARAMETRIC_REPRESENTATION_CONTEXT() REPRESENTATION_CONTEXT('2D SPACE',''
  ) );
#1910 = PCURVE('',#1116,#1911);
#1911 = DEFINITIONAL_REPRESENTATION('',(#1912),#1916);
#1912 = LINE('',#1913,#1914);
#1913 = CARTESIAN_POINT('',(-18.15642296266,-2.2));
#1914 = VECTOR('',#1915,1.);
#1915 = DIRECTION('',(-1.,-5.551115123126E-17));
#1916 = ( GEOMETRIC_REPRESENTATION_CONTEXT(2) 
PARAMETRIC_REPRESENTATION_CONTEXT() REPRESENTATION_CONTEXT('2D SPACE',''
  ) );
#1917 = ORIENTED_EDGE('',*,*,#1918,.T.);
#1918 = EDGE_CURVE('',#1896,#1919,#1921,.T.);
#1919 = VERTEX_POINT('',#1920);
#1920 = CARTESIAN_POINT('',(-584.3677048411,-321.5328830059,
    336.30235073834));
#1921 = SURFACE_CURVE('',#1922,(#1926,#1933),.PCURVE_S1.);
#1922 = LINE('',#1923,#1924);
#1923 = CARTESIAN_POINT('',(-551.4304730345,-342.9732910446,
    355.89663132016));
#1924 = VECTOR('',#1925,1.);
#1925 = DIRECTION('',(0.750029952013,-0.488230107095,0.446191028159));
#1926 = PCURVE('',#72,#1927);
#1927 = DEFINITIONAL_REPRESENTATION('',(#1928),#1932);
#1928 = LINE('',#1929,#1930);
#1929 = CARTESIAN_POINT('',(43.914555303034,36.31284592533));
#1930 = VECTOR('',#1931,1.);
#1931 = DIRECTION('',(-1.,-5.551115123126E-17));
#1932 = ( GEOMETRIC_REPRESENTATION_CONTEXT(2) 
PARAMETRIC_REPRESENTATION_CONTEXT() REPRESENTATION_CONTEXT('2D SPACE',''
  ) );
#1933 = PCURVE('',#1144,#1934);
#1934 = DEFINITIONAL_REPRESENTATION('',(#1935),#1939);
#1935 = LINE('',#1936,#1937);
#1936 = CARTESIAN_POINT('',(-43.91455530303,-2.2));
#1937 = VECTOR('',#1938,1.);
#1938 = DIRECTION('',(-1.,0.));
#1939 = ( GEOMETRIC_REPRESENTATION_CONTEXT(2) 
PARAMETRIC_REPRESENTATION_CONTEXT() REPRESENTATION_CONTEXT('2D SPACE',''
  ) );
#1940 = ORIENTED_EDGE('',*,*,#1941,.T.);
#1941 = EDGE_CURVE('',#1919,#1942,#1944,.T.);
#1942 = VERTEX_POINT('',#1943);
#1943 = CARTESIAN_POINT('',(-588.3757166806,-321.8839330251,
    342.65553930618));
#1944 = SURFACE_CURVE('',#1945,(#1949,#1956),.PCURVE_S1.);
#1945 = LINE('',#1946,#1947);
#1946 = CARTESIAN_POINT('',(-576.6946950432,-320.8608265489,
    324.13969252236));
#1947 = VECTOR('',#1948,1.);
#1948 = DIRECTION('',(-0.532980297804,-4.668218340247E-02,0.844838905298
    ));
#1949 = PCURVE('',#72,#1950);
#1950 = DEFINITIONAL_REPRESENTATION('',(#1951),#1955);
#1951 = LINE('',#1952,#1953);
#1952 = CARTESIAN_POINT('',(87.829110606068,21.916422962665));
#1953 = VECTOR('',#1954,1.);
#1954 = DIRECTION('',(5.551115123126E-17,1.));
#1955 = ( GEOMETRIC_REPRESENTATION_CONTEXT(2) 
PARAMETRIC_REPRESENTATION_CONTEXT() REPRESENTATION_CONTEXT('2D SPACE',''
  ) );
#1956 = PCURVE('',#1172,#1957);
#1957 = DEFINITIONAL_REPRESENTATION('',(#1958),#1962);
#1958 = LINE('',#1959,#1960);
#1959 = CARTESIAN_POINT('',(21.916422962665,-2.2));
#1960 = VECTOR('',#1961,1.);
#1961 = DIRECTION('',(-1.,5.551115123126E-17));
#1962 = ( GEOMETRIC_REPRESENTATION_CONTEXT(2) 
PARAMETRIC_REPRESENTATION_CONTEXT() REPRESENTATION_CONTEXT('2D SPACE',''
  ) );
#1963 = ORIENTED_EDGE('',*,*,#1964,.T.);
#1964 = EDGE_CURVE('',#1942,#1894,#1965,.T.);
#1965 = SURFACE_CURVE('',#1966,(#1970,#1977),.PCURVE_S1.);
#1966 = LINE('',#1967,#1968);
#1967 = CARTESIAN_POINT('',(-564.2888383078,-337.5632258,356.98476575572
    ));
#1968 = VECTOR('',#1969,1.);
#1969 = DIRECTION('',(-0.750029952013,0.488230107095,-0.446191028159));
#1970 = PCURVE('',#72,#1971);
#1971 = DEFINITIONAL_REPRESENTATION('',(#1972),#1976);
#1972 = LINE('',#1973,#1974);
#1973 = CARTESIAN_POINT('',(55.714555303034,43.83284592533));
#1974 = VECTOR('',#1975,1.);
#1975 = DIRECTION('',(1.,5.551115123126E-17));
#1976 = ( GEOMETRIC_REPRESENTATION_CONTEXT(2) 
PARAMETRIC_REPRESENTATION_CONTEXT() REPRESENTATION_CONTEXT('2D SPACE',''
  ) );
#1977 = PCURVE('',#1198,#1978);
#1978 = DEFINITIONAL_REPRESENTATION('',(#1979),#1983);
#1979 = LINE('',#1980,#1981);
#1980 = CARTESIAN_POINT('',(55.714555303034,-2.2));
#1981 = VECTOR('',#1982,1.);
#1982 = DIRECTION('',(-1.,0.));
#1983 = ( GEOMETRIC_REPRESENTATION_CONTEXT(2) 
PARAMETRIC_REPRESENTATION_CONTEXT() REPRESENTATION_CONTEXT('2D SPACE',''
  ) );
#1984 = ADVANCED_FACE('',(#1985),#159,.F.);
#1985 = FACE_BOUND('',#1986,.F.);
#1986 = EDGE_LOOP('',(#1987,#1988,#1989,#1990));
#1987 = ORIENTED_EDGE('',*,*,#241,.T.);
#1988 = ORIENTED_EDGE('',*,*,#1215,.T.);
#1989 = ORIENTED_EDGE('',*,*,#141,.F.);
#1990 = ORIENTED_EDGE('',*,*,#290,.F.);
#1991 = ADVANCED_FACE('',(#1992),#332,.F.);
#1992 = FACE_BOUND('',#1993,.F.);
#1993 = EDGE_LOOP('',(#1994,#1995,#2016,#2017));
#1994 = ORIENTED_EDGE('',*,*,#314,.T.);
#1995 = ORIENTED_EDGE('',*,*,#1996,.T.);
#1996 = EDGE_CURVE('',#317,#1242,#1997,.T.);
#1997 = SURFACE_CURVE('',#1998,(#2002,#2009),.PCURVE_S1.);
#1998 = LINE('',#1999,#2000);
#1999 = CARTESIAN_POINT('',(-422.3317090487,-402.724537759,
    353.55966218467));
#2000 = VECTOR('',#2001,1.);
#2001 = DIRECTION('',(0.391646617802,0.871465510665,0.295230063654));
#2002 = PCURVE('',#332,#2003);
#2003 = DEFINITIONAL_REPRESENTATION('',(#2004),#2008);
#2004 = LINE('',#2005,#2006);
#2005 = CARTESIAN_POINT('',(0.,-0.));
#2006 = VECTOR('',#2007,1.);
#2007 = DIRECTION('',(0.,-1.));
#2008 = ( GEOMETRIC_REPRESENTATION_CONTEXT(2) 
PARAMETRIC_REPRESENTATION_CONTEXT() REPRESENTATION_CONTEXT('2D SPACE',''
  ) );
#2009 = PCURVE('',#424,#2010);
#2010 = DEFINITIONAL_REPRESENTATION('',(#2011),#2015);
#2011 = LINE('',#2012,#2013);
#2012 = CARTESIAN_POINT('',(3.14159265359,0.));
#2013 = VECTOR('',#2014,1.);
#2014 = DIRECTION('',(0.,-1.));
#2015 = ( GEOMETRIC_REPRESENTATION_CONTEXT(2) 
PARAMETRIC_REPRESENTATION_CONTEXT() REPRESENTATION_CONTEXT('2D SPACE',''
  ) );
#2016 = ORIENTED_EDGE('',*,*,#1239,.F.);
#2017 = ORIENTED_EDGE('',*,*,#2018,.F.);
#2018 = EDGE_CURVE('',#315,#1240,#2019,.T.);
#2019 = SURFACE_CURVE('',#2020,(#2024,#2031),.PCURVE_S1.);
#2020 = LINE('',#2021,#2022);
#2021 = CARTESIAN_POINT('',(-444.03757586,-388.5951584597,
    340.64689382974));
#2022 = VECTOR('',#2023,1.);
#2023 = DIRECTION('',(0.391646617802,0.871465510665,0.295230063654));
#2024 = PCURVE('',#332,#2025);
#2025 = DEFINITIONAL_REPRESENTATION('',(#2026),#2030);
#2026 = LINE('',#2027,#2028);
#2027 = CARTESIAN_POINT('',(28.94,7.105427357601E-15));
#2028 = VECTOR('',#2029,1.);
#2029 = DIRECTION('',(0.,-1.));
#2030 = ( GEOMETRIC_REPRESENTATION_CONTEXT(2) 
PARAMETRIC_REPRESENTATION_CONTEXT() REPRESENTATION_CONTEXT('2D SPACE',''
  ) );
#2031 = PCURVE('',#365,#2032);
#2032 = DEFINITIONAL_REPRESENTATION('',(#2033),#2037);
#2033 = LINE('',#2034,#2035);
#2034 = CARTESIAN_POINT('',(0.,0.));
#2035 = VECTOR('',#2036,1.);
#2036 = DIRECTION('',(0.,-1.));
#2037 = ( GEOMETRIC_REPRESENTATION_CONTEXT(2) 
PARAMETRIC_REPRESENTATION_CONTEXT() REPRESENTATION_CONTEXT('2D SPACE',''
  ) );
#2038 = ADVANCED_FACE('',(#2039),#365,.F.);
#2039 = FACE_BOUND('',#2040,.F.);
#2040 = EDGE_LOOP('',(#2041,#2042,#2043,#2044));
#2041 = ORIENTED_EDGE('',*,*,#344,.F.);
#2042 = ORIENTED_EDGE('',*,*,#2018,.T.);
#2043 = ORIENTED_EDGE('',*,*,#1264,.T.);
#2044 = ORIENTED_EDGE('',*,*,#2045,.F.);
#2045 = EDGE_CURVE('',#345,#1265,#2046,.T.);
#2046 = SURFACE_CURVE('',#2047,(#2051,#2058),.PCURVE_S1.);
#2047 = LINE('',#2048,#2049);
#2048 = CARTESIAN_POINT('',(-439.4432856929,-388.1927580388,
    333.36438246607));
#2049 = VECTOR('',#2050,1.);
#2050 = DIRECTION('',(0.391646617802,0.871465510665,0.295230063654));
#2051 = PCURVE('',#365,#2052);
#2052 = DEFINITIONAL_REPRESENTATION('',(#2053),#2057);
#2053 = LINE('',#2054,#2055);
#2054 = CARTESIAN_POINT('',(3.14159265359,0.));
#2055 = VECTOR('',#2056,1.);
#2056 = DIRECTION('',(0.,-1.));
#2057 = ( GEOMETRIC_REPRESENTATION_CONTEXT(2) 
PARAMETRIC_REPRESENTATION_CONTEXT() REPRESENTATION_CONTEXT('2D SPACE',''
  ) );
#2058 = PCURVE('',#393,#2059);
#2059 = DEFINITIONAL_REPRESENTATION('',(#2060),#2064);
#2060 = LINE('',#2061,#2062);
#2061 = CARTESIAN_POINT('',(0.,-0.));
#2062 = VECTOR('',#2063,1.);
#2063 = DIRECTION('',(0.,-1.));
#2064 = ( GEOMETRIC_REPRESENTATION_CONTEXT(2) 
PARAMETRIC_REPRESENTATION_CONTEXT() REPRESENTATION_CONTEXT('2D SPACE',''
  ) );
#2065 = ADVANCED_FACE('',(#2066),#424,.F.);
#2066 = FACE_BOUND('',#2067,.F.);
#2067 = EDGE_LOOP('',(#2068,#2069,#2090,#2091));
#2068 = ORIENTED_EDGE('',*,*,#405,.F.);
#2069 = ORIENTED_EDGE('',*,*,#2070,.T.);
#2070 = EDGE_CURVE('',#378,#1293,#2071,.T.);
#2071 = SURFACE_CURVE('',#2072,(#2076,#2083),.PCURVE_S1.);
#2072 = LINE('',#2073,#2074);
#2073 = CARTESIAN_POINT('',(-417.7374188816,-402.3221373381,
    346.277150821));
#2074 = VECTOR('',#2075,1.);
#2075 = DIRECTION('',(0.391646617802,0.871465510665,0.295230063654));
#2076 = PCURVE('',#424,#2077);
#2077 = DEFINITIONAL_REPRESENTATION('',(#2078),#2082);
#2078 = LINE('',#2079,#2080);
#2079 = CARTESIAN_POINT('',(0.,0.));
#2080 = VECTOR('',#2081,1.);
#2081 = DIRECTION('',(0.,-1.));
#2082 = ( GEOMETRIC_REPRESENTATION_CONTEXT(2) 
PARAMETRIC_REPRESENTATION_CONTEXT() REPRESENTATION_CONTEXT('2D SPACE',''
  ) );
#2083 = PCURVE('',#393,#2084);
#2084 = DEFINITIONAL_REPRESENTATION('',(#2085),#2089);
#2085 = LINE('',#2086,#2087);
#2086 = CARTESIAN_POINT('',(28.94,-7.105427357601E-15));
#2087 = VECTOR('',#2088,1.);
#2088 = DIRECTION('',(0.,-1.));
#2089 = ( GEOMETRIC_REPRESENTATION_CONTEXT(2) 
PARAMETRIC_REPRESENTATION_CONTEXT() REPRESENTATION_CONTEXT('2D SPACE',''
  ) );
#2090 = ORIENTED_EDGE('',*,*,#1315,.T.);
#2091 = ORIENTED_EDGE('',*,*,#1996,.F.);
#2092 = ADVANCED_FACE('',(#2093),#393,.F.);
#2093 = FACE_BOUND('',#2094,.F.);
#2094 = EDGE_LOOP('',(#2095,#2096,#2097,#2098));
#2095 = ORIENTED_EDGE('',*,*,#377,.T.);
#2096 = ORIENTED_EDGE('',*,*,#2045,.T.);
#2097 = ORIENTED_EDGE('',*,*,#1292,.F.);
#2098 = ORIENTED_EDGE('',*,*,#2070,.F.);
#2099 = ADVANCED_FACE('',(#2100),#459,.F.);
#2100 = FACE_BOUND('',#2101,.T.);
#2101 = EDGE_LOOP('',(#2102,#2103,#2124,#2125));
#2102 = ORIENTED_EDGE('',*,*,#438,.T.);
#2103 = ORIENTED_EDGE('',*,*,#2104,.T.);
#2104 = EDGE_CURVE('',#439,#1344,#2105,.T.);
#2105 = SEAM_CURVE('',#2106,(#2110,#2117),.PCURVE_S1.);
#2106 = LINE('',#2107,#2108);
#2107 = CARTESIAN_POINT('',(-395.4697803459,-421.1855627155,
    372.41872737628));
#2108 = VECTOR('',#2109,1.);
#2109 = DIRECTION('',(0.391646617802,0.871465510665,0.295230063654));
#2110 = PCURVE('',#459,#2111);
#2111 = DEFINITIONAL_REPRESENTATION('',(#2112),#2116);
#2112 = LINE('',#2113,#2114);
#2113 = CARTESIAN_POINT('',(-6.28318530718,0.));
#2114 = VECTOR('',#2115,1.);
#2115 = DIRECTION('',(-0.,-1.));
#2116 = ( GEOMETRIC_REPRESENTATION_CONTEXT(2) 
PARAMETRIC_REPRESENTATION_CONTEXT() REPRESENTATION_CONTEXT('2D SPACE',''
  ) );
#2117 = PCURVE('',#459,#2118);
#2118 = DEFINITIONAL_REPRESENTATION('',(#2119),#2123);
#2119 = LINE('',#2120,#2121);
#2120 = CARTESIAN_POINT('',(-0.,0.));
#2121 = VECTOR('',#2122,1.);
#2122 = DIRECTION('',(-0.,-1.));
#2123 = ( GEOMETRIC_REPRESENTATION_CONTEXT(2) 
PARAMETRIC_REPRESENTATION_CONTEXT() REPRESENTATION_CONTEXT('2D SPACE',''
  ) );
#2124 = ORIENTED_EDGE('',*,*,#1343,.F.);
#2125 = ORIENTED_EDGE('',*,*,#2104,.F.);
#2126 = ADVANCED_FACE('',(#2127),#491,.F.);
#2127 = FACE_BOUND('',#2128,.F.);
#2128 = EDGE_LOOP('',(#2129,#2130,#2151,#2152));
#2129 = ORIENTED_EDGE('',*,*,#473,.T.);
#2130 = ORIENTED_EDGE('',*,*,#2131,.T.);
#2131 = EDGE_CURVE('',#476,#1376,#2132,.T.);
#2132 = SURFACE_CURVE('',#2133,(#2137,#2144),.PCURVE_S1.);
#2133 = LINE('',#2134,#2135);
#2134 = CARTESIAN_POINT('',(-441.5432382988,-393.092176961,
    350.61233440452));
#2135 = VECTOR('',#2136,1.);
#2136 = DIRECTION('',(0.391646617802,0.871465510665,0.295230063654));
#2137 = PCURVE('',#491,#2138);
#2138 = DEFINITIONAL_REPRESENTATION('',(#2139),#2143);
#2139 = LINE('',#2140,#2141);
#2140 = CARTESIAN_POINT('',(0.,-0.));
#2141 = VECTOR('',#2142,1.);
#2142 = DIRECTION('',(-2.775557561563E-17,-1.));
#2143 = ( GEOMETRIC_REPRESENTATION_CONTEXT(2) 
PARAMETRIC_REPRESENTATION_CONTEXT() REPRESENTATION_CONTEXT('2D SPACE',''
  ) );
#2144 = PCURVE('',#583,#2145);
#2145 = DEFINITIONAL_REPRESENTATION('',(#2146),#2150);
#2146 = LINE('',#2147,#2148);
#2147 = CARTESIAN_POINT('',(3.14159265359,0.));
#2148 = VECTOR('',#2149,1.);
#2149 = DIRECTION('',(0.,-1.));
#2150 = ( GEOMETRIC_REPRESENTATION_CONTEXT(2) 
PARAMETRIC_REPRESENTATION_CONTEXT() REPRESENTATION_CONTEXT('2D SPACE',''
  ) );
#2151 = ORIENTED_EDGE('',*,*,#1373,.F.);
#2152 = ORIENTED_EDGE('',*,*,#2153,.F.);
#2153 = EDGE_CURVE('',#474,#1374,#2154,.T.);
#2154 = SURFACE_CURVE('',#2155,(#2159,#2166),.PCURVE_S1.);
#2155 = LINE('',#2156,#2157);
#2156 = CARTESIAN_POINT('',(-451.1422134622,-393.9329230841,
    365.82788308894));
#2157 = VECTOR('',#2158,1.);
#2158 = DIRECTION('',(0.391646617802,0.871465510665,0.295230063654));
#2159 = PCURVE('',#491,#2160);
#2160 = DEFINITIONAL_REPRESENTATION('',(#2161),#2165);
#2161 = LINE('',#2162,#2163);
#2162 = CARTESIAN_POINT('',(18.01,-3.907985046681E-14));
#2163 = VECTOR('',#2164,1.);
#2164 = DIRECTION('',(-2.775557561563E-17,-1.));
#2165 = ( GEOMETRIC_REPRESENTATION_CONTEXT(2) 
PARAMETRIC_REPRESENTATION_CONTEXT() REPRESENTATION_CONTEXT('2D SPACE',''
  ) );
#2166 = PCURVE('',#524,#2167);
#2167 = DEFINITIONAL_REPRESENTATION('',(#2168),#2172);
#2168 = LINE('',#2169,#2170);
#2169 = CARTESIAN_POINT('',(0.,0.));
#2170 = VECTOR('',#2171,1.);
#2171 = DIRECTION('',(0.,-1.));
#2172 = ( GEOMETRIC_REPRESENTATION_CONTEXT(2) 
PARAMETRIC_REPRESENTATION_CONTEXT() REPRESENTATION_CONTEXT('2D SPACE',''
  ) );
#2173 = ADVANCED_FACE('',(#2174),#524,.F.);
#2174 = FACE_BOUND('',#2175,.F.);
#2175 = EDGE_LOOP('',(#2176,#2177,#2178,#2179));
#2176 = ORIENTED_EDGE('',*,*,#503,.F.);
#2177 = ORIENTED_EDGE('',*,*,#2153,.T.);
#2178 = ORIENTED_EDGE('',*,*,#1398,.T.);
#2179 = ORIENTED_EDGE('',*,*,#2180,.F.);
#2180 = EDGE_CURVE('',#504,#1399,#2181,.T.);
#2181 = SURFACE_CURVE('',#2182,(#2186,#2193),.PCURVE_S1.);
#2182 = LINE('',#2183,#2184);
#2183 = CARTESIAN_POINT('',(-453.7598179947,-392.2290000103,
    364.27067640066));
#2184 = VECTOR('',#2185,1.);
#2185 = DIRECTION('',(0.391646617802,0.871465510665,0.295230063654));
#2186 = PCURVE('',#524,#2187);
#2187 = DEFINITIONAL_REPRESENTATION('',(#2188),#2192);
#2188 = LINE('',#2189,#2190);
#2189 = CARTESIAN_POINT('',(3.14159265359,0.));
#2190 = VECTOR('',#2191,1.);
#2191 = DIRECTION('',(0.,-1.));
#2192 = ( GEOMETRIC_REPRESENTATION_CONTEXT(2) 
PARAMETRIC_REPRESENTATION_CONTEXT() REPRESENTATION_CONTEXT('2D SPACE',''
  ) );
#2193 = PCURVE('',#552,#2194);
#2194 = DEFINITIONAL_REPRESENTATION('',(#2195),#2199);
#2195 = LINE('',#2196,#2197);
#2196 = CARTESIAN_POINT('',(0.,-0.));
#2197 = VECTOR('',#2198,1.);
#2198 = DIRECTION('',(2.775557561563E-17,-1.));
#2199 = ( GEOMETRIC_REPRESENTATION_CONTEXT(2) 
PARAMETRIC_REPRESENTATION_CONTEXT() REPRESENTATION_CONTEXT('2D SPACE',''
  ) );
#2200 = ADVANCED_FACE('',(#2201),#583,.F.);
#2201 = FACE_BOUND('',#2202,.F.);
#2202 = EDGE_LOOP('',(#2203,#2204,#2225,#2226));
#2203 = ORIENTED_EDGE('',*,*,#564,.F.);
#2204 = ORIENTED_EDGE('',*,*,#2205,.T.);
#2205 = EDGE_CURVE('',#537,#1427,#2206,.T.);
#2206 = SURFACE_CURVE('',#2207,(#2211,#2218),.PCURVE_S1.);
#2207 = LINE('',#2208,#2209);
#2208 = CARTESIAN_POINT('',(-444.1608428313,-391.3882538873,
    349.05512771624));
#2209 = VECTOR('',#2210,1.);
#2210 = DIRECTION('',(0.391646617802,0.871465510665,0.295230063654));
#2211 = PCURVE('',#583,#2212);
#2212 = DEFINITIONAL_REPRESENTATION('',(#2213),#2217);
#2213 = LINE('',#2214,#2215);
#2214 = CARTESIAN_POINT('',(0.,0.));
#2215 = VECTOR('',#2216,1.);
#2216 = DIRECTION('',(0.,-1.));
#2217 = ( GEOMETRIC_REPRESENTATION_CONTEXT(2) 
PARAMETRIC_REPRESENTATION_CONTEXT() REPRESENTATION_CONTEXT('2D SPACE',''
  ) );
#2218 = PCURVE('',#552,#2219);
#2219 = DEFINITIONAL_REPRESENTATION('',(#2220),#2224);
#2220 = LINE('',#2221,#2222);
#2221 = CARTESIAN_POINT('',(18.01,2.22044604925E-14));
#2222 = VECTOR('',#2223,1.);
#2223 = DIRECTION('',(2.775557561563E-17,-1.));
#2224 = ( GEOMETRIC_REPRESENTATION_CONTEXT(2) 
PARAMETRIC_REPRESENTATION_CONTEXT() REPRESENTATION_CONTEXT('2D SPACE',''
  ) );
#2225 = ORIENTED_EDGE('',*,*,#1449,.T.);
#2226 = ORIENTED_EDGE('',*,*,#2131,.F.);
#2227 = ADVANCED_FACE('',(#2228),#552,.F.);
#2228 = FACE_BOUND('',#2229,.F.);
#2229 = EDGE_LOOP('',(#2230,#2231,#2232,#2233));
#2230 = ORIENTED_EDGE('',*,*,#536,.T.);
#2231 = ORIENTED_EDGE('',*,*,#2180,.T.);
#2232 = ORIENTED_EDGE('',*,*,#1426,.F.);
#2233 = ORIENTED_EDGE('',*,*,#2205,.F.);
#2234 = ADVANCED_FACE('',(#2235),#615,.T.);
#2235 = FACE_BOUND('',#2236,.T.);
#2236 = EDGE_LOOP('',(#2237,#2238,#2259,#2260));
#2237 = ORIENTED_EDGE('',*,*,#597,.T.);
#2238 = ORIENTED_EDGE('',*,*,#2239,.T.);
#2239 = EDGE_CURVE('',#600,#1480,#2240,.T.);
#2240 = SURFACE_CURVE('',#2241,(#2245,#2252),.PCURVE_S1.);
#2241 = LINE('',#2242,#2243);
#2242 = CARTESIAN_POINT('',(-506.1957509102,-345.5075428249,
    295.91793983393));
#2243 = VECTOR('',#2244,1.);
#2244 = DIRECTION('',(0.391646617802,0.871465510665,0.295230063654));
#2245 = PCURVE('',#615,#2246);
#2246 = DEFINITIONAL_REPRESENTATION('',(#2247),#2251);
#2247 = LINE('',#2248,#2249);
#2248 = CARTESIAN_POINT('',(0.,-0.));
#2249 = VECTOR('',#2250,1.);
#2250 = DIRECTION('',(-2.775557561563E-17,-1.));
#2251 = ( GEOMETRIC_REPRESENTATION_CONTEXT(2) 
PARAMETRIC_REPRESENTATION_CONTEXT() REPRESENTATION_CONTEXT('2D SPACE',''
  ) );
#2252 = PCURVE('',#643,#2253);
#2253 = DEFINITIONAL_REPRESENTATION('',(#2254),#2258);
#2254 = LINE('',#2255,#2256);
#2255 = CARTESIAN_POINT('',(34.5,4.618527782441E-14));
#2256 = VECTOR('',#2257,1.);
#2257 = DIRECTION('',(0.,-1.));
#2258 = ( GEOMETRIC_REPRESENTATION_CONTEXT(2) 
PARAMETRIC_REPRESENTATION_CONTEXT() REPRESENTATION_CONTEXT('2D SPACE',''
  ) );
#2259 = ORIENTED_EDGE('',*,*,#1477,.F.);
#2260 = ORIENTED_EDGE('',*,*,#2261,.F.);
#2261 = EDGE_CURVE('',#598,#1478,#2262,.T.);
#2262 = SURFACE_CURVE('',#2263,(#2267,#2274),.PCURVE_S1.);
#2263 = LINE('',#2264,#2265);
#2264 = CARTESIAN_POINT('',(-521.4549768364,-346.8440537357,
    320.10567769262));
#2265 = VECTOR('',#2266,1.);
#2266 = DIRECTION('',(0.391646617802,0.871465510665,0.295230063654));
#2267 = PCURVE('',#615,#2268);
#2268 = DEFINITIONAL_REPRESENTATION('',(#2269),#2273);
#2269 = LINE('',#2270,#2271);
#2270 = CARTESIAN_POINT('',(28.63,-3.641531520771E-14));
#2271 = VECTOR('',#2272,1.);
#2272 = DIRECTION('',(-2.775557561563E-17,-1.));
#2273 = ( GEOMETRIC_REPRESENTATION_CONTEXT(2) 
PARAMETRIC_REPRESENTATION_CONTEXT() REPRESENTATION_CONTEXT('2D SPACE',''
  ) );
#2274 = PCURVE('',#697,#2275);
#2275 = DEFINITIONAL_REPRESENTATION('',(#2276),#2280);
#2276 = LINE('',#2277,#2278);
#2277 = CARTESIAN_POINT('',(0.,-0.));
#2278 = VECTOR('',#2279,1.);
#2279 = DIRECTION('',(0.,-1.));
#2280 = ( GEOMETRIC_REPRESENTATION_CONTEXT(2) 
PARAMETRIC_REPRESENTATION_CONTEXT() REPRESENTATION_CONTEXT('2D SPACE',''
  ) );
#2281 = ADVANCED_FACE('',(#2282),#697,.T.);
#2282 = FACE_BOUND('',#2283,.T.);
#2283 = EDGE_LOOP('',(#2284,#2285,#2286,#2287));
#2284 = ORIENTED_EDGE('',*,*,#683,.T.);
#2285 = ORIENTED_EDGE('',*,*,#2261,.T.);
#2286 = ORIENTED_EDGE('',*,*,#1548,.F.);
#2287 = ORIENTED_EDGE('',*,*,#2288,.F.);
#2288 = EDGE_CURVE('',#656,#1526,#2289,.T.);
#2289 = SURFACE_CURVE('',#2290,(#2294,#2301),.PCURVE_S1.);
#2290 = LINE('',#2291,#2292);
#2291 = CARTESIAN_POINT('',(-495.5789434919,-363.6879924305,
    335.49926816411));
#2292 = VECTOR('',#2293,1.);
#2293 = DIRECTION('',(0.391646617802,0.871465510665,0.295230063654));
#2294 = PCURVE('',#697,#2295);
#2295 = DEFINITIONAL_REPRESENTATION('',(#2296),#2300);
#2296 = LINE('',#2297,#2298);
#2297 = CARTESIAN_POINT('',(34.5,2.04281036531E-14));
#2298 = VECTOR('',#2299,1.);
#2299 = DIRECTION('',(0.,-1.));
#2300 = ( GEOMETRIC_REPRESENTATION_CONTEXT(2) 
PARAMETRIC_REPRESENTATION_CONTEXT() REPRESENTATION_CONTEXT('2D SPACE',''
  ) );
#2301 = PCURVE('',#671,#2302);
#2302 = DEFINITIONAL_REPRESENTATION('',(#2303),#2307);
#2303 = LINE('',#2304,#2305);
#2304 = CARTESIAN_POINT('',(0.,-0.));
#2305 = VECTOR('',#2306,1.);
#2306 = DIRECTION('',(2.775557561563E-17,-1.));
#2307 = ( GEOMETRIC_REPRESENTATION_CONTEXT(2) 
PARAMETRIC_REPRESENTATION_CONTEXT() REPRESENTATION_CONTEXT('2D SPACE',''
  ) );
#2308 = ADVANCED_FACE('',(#2309),#643,.T.);
#2309 = FACE_BOUND('',#2310,.T.);
#2310 = EDGE_LOOP('',(#2311,#2312,#2333,#2334));
#2311 = ORIENTED_EDGE('',*,*,#627,.T.);
#2312 = ORIENTED_EDGE('',*,*,#2313,.T.);
#2313 = EDGE_CURVE('',#628,#1503,#2314,.T.);
#2314 = SURFACE_CURVE('',#2315,(#2319,#2326),.PCURVE_S1.);
#2315 = LINE('',#2316,#2317);
#2316 = CARTESIAN_POINT('',(-480.3197175658,-362.3514815196,
    311.31153030543));
#2317 = VECTOR('',#2318,1.);
#2318 = DIRECTION('',(0.391646617802,0.871465510665,0.295230063654));
#2319 = PCURVE('',#643,#2320);
#2320 = DEFINITIONAL_REPRESENTATION('',(#2321),#2325);
#2321 = LINE('',#2322,#2323);
#2322 = CARTESIAN_POINT('',(0.,-0.));
#2323 = VECTOR('',#2324,1.);
#2324 = DIRECTION('',(0.,-1.));
#2325 = ( GEOMETRIC_REPRESENTATION_CONTEXT(2) 
PARAMETRIC_REPRESENTATION_CONTEXT() REPRESENTATION_CONTEXT('2D SPACE',''
  ) );
#2326 = PCURVE('',#671,#2327);
#2327 = DEFINITIONAL_REPRESENTATION('',(#2328),#2332);
#2328 = LINE('',#2329,#2330);
#2329 = CARTESIAN_POINT('',(28.63,-2.93098878501E-14));
#2330 = VECTOR('',#2331,1.);
#2331 = DIRECTION('',(2.775557561563E-17,-1.));
#2332 = ( GEOMETRIC_REPRESENTATION_CONTEXT(2) 
PARAMETRIC_REPRESENTATION_CONTEXT() REPRESENTATION_CONTEXT('2D SPACE',''
  ) );
#2333 = ORIENTED_EDGE('',*,*,#1502,.F.);
#2334 = ORIENTED_EDGE('',*,*,#2239,.F.);
#2335 = ADVANCED_FACE('',(#2336),#671,.T.);
#2336 = FACE_BOUND('',#2337,.T.);
#2337 = EDGE_LOOP('',(#2338,#2339,#2340,#2341));
#2338 = ORIENTED_EDGE('',*,*,#655,.T.);
#2339 = ORIENTED_EDGE('',*,*,#2288,.T.);
#2340 = ORIENTED_EDGE('',*,*,#1525,.F.);
#2341 = ORIENTED_EDGE('',*,*,#2313,.F.);
#2342 = ADVANCED_FACE('',(#2343),#729,.F.);
#2343 = FACE_BOUND('',#2344,.F.);
#2344 = EDGE_LOOP('',(#2345,#2346,#2367,#2368));
#2345 = ORIENTED_EDGE('',*,*,#711,.T.);
#2346 = ORIENTED_EDGE('',*,*,#2347,.T.);
#2347 = EDGE_CURVE('',#714,#1574,#2348,.T.);
#2348 = SURFACE_CURVE('',#2349,(#2353,#2360),.PCURVE_S1.);
#2349 = LINE('',#2350,#2351);
#2350 = CARTESIAN_POINT('',(-571.3342897934,-304.2482087871,
    260.53943523494));
#2351 = VECTOR('',#2352,1.);
#2352 = DIRECTION('',(0.391646617802,0.871465510665,0.295230063654));
#2353 = PCURVE('',#729,#2354);
#2354 = DEFINITIONAL_REPRESENTATION('',(#2355),#2359);
#2355 = LINE('',#2356,#2357);
#2356 = CARTESIAN_POINT('',(0.,-0.));
#2357 = VECTOR('',#2358,1.);
#2358 = DIRECTION('',(-2.775557561563E-17,-1.));
#2359 = ( GEOMETRIC_REPRESENTATION_CONTEXT(2) 
PARAMETRIC_REPRESENTATION_CONTEXT() REPRESENTATION_CONTEXT('2D SPACE',''
  ) );
#2360 = PCURVE('',#821,#2361);
#2361 = DEFINITIONAL_REPRESENTATION('',(#2362),#2366);
#2362 = LINE('',#2363,#2364);
#2363 = CARTESIAN_POINT('',(3.14159265359,0.));
#2364 = VECTOR('',#2365,1.);
#2365 = DIRECTION('',(0.,-1.));
#2366 = ( GEOMETRIC_REPRESENTATION_CONTEXT(2) 
PARAMETRIC_REPRESENTATION_CONTEXT() REPRESENTATION_CONTEXT('2D SPACE',''
  ) );
#2367 = ORIENTED_EDGE('',*,*,#1571,.F.);
#2368 = ORIENTED_EDGE('',*,*,#2369,.F.);
#2369 = EDGE_CURVE('',#712,#1572,#2370,.T.);
#2370 = SURFACE_CURVE('',#2371,(#2375,#2382),.PCURVE_S1.);
#2371 = LINE('',#2372,#2373);
#2372 = CARTESIAN_POINT('',(-592.1418406196,-306.0706812272,
    293.52194609777));
#2373 = VECTOR('',#2374,1.);
#2374 = DIRECTION('',(0.391646617802,0.871465510665,0.295230063654));
#2375 = PCURVE('',#729,#2376);
#2376 = DEFINITIONAL_REPRESENTATION('',(#2377),#2381);
#2377 = LINE('',#2378,#2379);
#2378 = CARTESIAN_POINT('',(39.04,1.7763568394E-14));
#2379 = VECTOR('',#2380,1.);
#2380 = DIRECTION('',(-2.775557561563E-17,-1.));
#2381 = ( GEOMETRIC_REPRESENTATION_CONTEXT(2) 
PARAMETRIC_REPRESENTATION_CONTEXT() REPRESENTATION_CONTEXT('2D SPACE',''
  ) );
#2382 = PCURVE('',#762,#2383);
#2383 = DEFINITIONAL_REPRESENTATION('',(#2384),#2388);
#2384 = LINE('',#2385,#2386);
#2385 = CARTESIAN_POINT('',(0.,0.));
#2386 = VECTOR('',#2387,1.);
#2387 = DIRECTION('',(0.,-1.));
#2388 = ( GEOMETRIC_REPRESENTATION_CONTEXT(2) 
PARAMETRIC_REPRESENTATION_CONTEXT() REPRESENTATION_CONTEXT('2D SPACE',''
  ) );
#2389 = ADVANCED_FACE('',(#2390),#762,.F.);
#2390 = FACE_BOUND('',#2391,.F.);
#2391 = EDGE_LOOP('',(#2392,#2393,#2394,#2395));
#2392 = ORIENTED_EDGE('',*,*,#741,.F.);
#2393 = ORIENTED_EDGE('',*,*,#2369,.T.);
#2394 = ORIENTED_EDGE('',*,*,#1596,.T.);
#2395 = ORIENTED_EDGE('',*,*,#2396,.F.);
#2396 = EDGE_CURVE('',#742,#1597,#2397,.T.);
#2397 = SURFACE_CURVE('',#2398,(#2402,#2409),.PCURVE_S1.);
#2398 = LINE('',#2399,#2400);
#2399 = CARTESIAN_POINT('',(-595.3969706114,-303.9517625624,
    291.58547703556));
#2400 = VECTOR('',#2401,1.);
#2401 = DIRECTION('',(0.391646617802,0.871465510665,0.295230063654));
#2402 = PCURVE('',#762,#2403);
#2403 = DEFINITIONAL_REPRESENTATION('',(#2404),#2408);
#2404 = LINE('',#2405,#2406);
#2405 = CARTESIAN_POINT('',(3.14159265359,0.));
#2406 = VECTOR('',#2407,1.);
#2407 = DIRECTION('',(0.,-1.));
#2408 = ( GEOMETRIC_REPRESENTATION_CONTEXT(2) 
PARAMETRIC_REPRESENTATION_CONTEXT() REPRESENTATION_CONTEXT('2D SPACE',''
  ) );
#2409 = PCURVE('',#790,#2410);
#2410 = DEFINITIONAL_REPRESENTATION('',(#2411),#2415);
#2411 = LINE('',#2412,#2413);
#2412 = CARTESIAN_POINT('',(0.,-0.));
#2413 = VECTOR('',#2414,1.);
#2414 = DIRECTION('',(2.775557561563E-17,-1.));
#2415 = ( GEOMETRIC_REPRESENTATION_CONTEXT(2) 
PARAMETRIC_REPRESENTATION_CONTEXT() REPRESENTATION_CONTEXT('2D SPACE',''
  ) );
#2416 = ADVANCED_FACE('',(#2417),#821,.F.);
#2417 = FACE_BOUND('',#2418,.F.);
#2418 = EDGE_LOOP('',(#2419,#2420,#2441,#2442));
#2419 = ORIENTED_EDGE('',*,*,#802,.F.);
#2420 = ORIENTED_EDGE('',*,*,#2421,.T.);
#2421 = EDGE_CURVE('',#775,#1625,#2422,.T.);
#2422 = SURFACE_CURVE('',#2423,(#2427,#2434),.PCURVE_S1.);
#2423 = LINE('',#2424,#2425);
#2424 = CARTESIAN_POINT('',(-574.5894197851,-302.1292901223,
    258.60296617273));
#2425 = VECTOR('',#2426,1.);
#2426 = DIRECTION('',(0.391646617802,0.871465510665,0.295230063654));
#2427 = PCURVE('',#821,#2428);
#2428 = DEFINITIONAL_REPRESENTATION('',(#2429),#2433);
#2429 = LINE('',#2430,#2431);
#2430 = CARTESIAN_POINT('',(0.,0.));
#2431 = VECTOR('',#2432,1.);
#2432 = DIRECTION('',(0.,-1.));
#2433 = ( GEOMETRIC_REPRESENTATION_CONTEXT(2) 
PARAMETRIC_REPRESENTATION_CONTEXT() REPRESENTATION_CONTEXT('2D SPACE',''
  ) );
#2434 = PCURVE('',#790,#2435);
#2435 = DEFINITIONAL_REPRESENTATION('',(#2436),#2440);
#2436 = LINE('',#2437,#2438);
#2437 = CARTESIAN_POINT('',(39.04,5.861977570021E-14));
#2438 = VECTOR('',#2439,1.);
#2439 = DIRECTION('',(2.775557561563E-17,-1.));
#2440 = ( GEOMETRIC_REPRESENTATION_CONTEXT(2) 
PARAMETRIC_REPRESENTATION_CONTEXT() REPRESENTATION_CONTEXT('2D SPACE',''
  ) );
#2441 = ORIENTED_EDGE('',*,*,#1647,.T.);
#2442 = ORIENTED_EDGE('',*,*,#2347,.F.);
#2443 = ADVANCED_FACE('',(#2444),#790,.F.);
#2444 = FACE_BOUND('',#2445,.F.);
#2445 = EDGE_LOOP('',(#2446,#2447,#2448,#2449));
#2446 = ORIENTED_EDGE('',*,*,#774,.T.);
#2447 = ORIENTED_EDGE('',*,*,#2396,.T.);
#2448 = ORIENTED_EDGE('',*,*,#1624,.F.);
#2449 = ORIENTED_EDGE('',*,*,#2421,.F.);
#2450 = ADVANCED_FACE('',(#2451),#853,.T.);
#2451 = FACE_BOUND('',#2452,.T.);
#2452 = EDGE_LOOP('',(#2453,#2454,#2475,#2476));
#2453 = ORIENTED_EDGE('',*,*,#835,.T.);
#2454 = ORIENTED_EDGE('',*,*,#2455,.T.);
#2455 = EDGE_CURVE('',#838,#1678,#2456,.T.);
#2456 = SURFACE_CURVE('',#2457,(#2461,#2468),.PCURVE_S1.);
#2457 = LINE('',#2458,#2459);
#2458 = CARTESIAN_POINT('',(-445.1444062617,-405.6201437815,
    392.36985768317));
#2459 = VECTOR('',#2460,1.);
#2460 = DIRECTION('',(0.391646617802,0.871465510665,0.295230063654));
#2461 = PCURVE('',#853,#2462);
#2462 = DEFINITIONAL_REPRESENTATION('',(#2463),#2467);
#2463 = LINE('',#2464,#2465);
#2464 = CARTESIAN_POINT('',(0.,-0.));
#2465 = VECTOR('',#2466,1.);
#2466 = DIRECTION('',(-2.775557561563E-17,-1.));
#2467 = ( GEOMETRIC_REPRESENTATION_CONTEXT(2) 
PARAMETRIC_REPRESENTATION_CONTEXT() REPRESENTATION_CONTEXT('2D SPACE',''
  ) );
#2468 = PCURVE('',#881,#2469);
#2469 = DEFINITIONAL_REPRESENTATION('',(#2470),#2474);
#2470 = LINE('',#2471,#2472);
#2471 = CARTESIAN_POINT('',(23.41,-3.01980662698E-14));
#2472 = VECTOR('',#2473,1.);
#2473 = DIRECTION('',(0.,-1.));
#2474 = ( GEOMETRIC_REPRESENTATION_CONTEXT(2) 
PARAMETRIC_REPRESENTATION_CONTEXT() REPRESENTATION_CONTEXT('2D SPACE',''
  ) );
#2475 = ORIENTED_EDGE('',*,*,#1675,.F.);
#2476 = ORIENTED_EDGE('',*,*,#2477,.F.);
#2477 = EDGE_CURVE('',#836,#1676,#2478,.T.);
#2478 = SURFACE_CURVE('',#2479,(#2483,#2490),.PCURVE_S1.);
#2479 = LINE('',#2480,#2481);
#2480 = CARTESIAN_POINT('',(-452.5155237803,-406.2657583779,
    404.05397974344));
#2481 = VECTOR('',#2482,1.);
#2482 = DIRECTION('',(0.391646617802,0.871465510665,0.295230063654));
#2483 = PCURVE('',#853,#2484);
#2484 = DEFINITIONAL_REPRESENTATION('',(#2485),#2489);
#2485 = LINE('',#2486,#2487);
#2486 = CARTESIAN_POINT('',(13.83,1.42108547152E-14));
#2487 = VECTOR('',#2488,1.);
#2488 = DIRECTION('',(-2.775557561563E-17,-1.));
#2489 = ( GEOMETRIC_REPRESENTATION_CONTEXT(2) 
PARAMETRIC_REPRESENTATION_CONTEXT() REPRESENTATION_CONTEXT('2D SPACE',''
  ) );
#2490 = PCURVE('',#935,#2491);
#2491 = DEFINITIONAL_REPRESENTATION('',(#2492),#2496);
#2492 = LINE('',#2493,#2494);
#2493 = CARTESIAN_POINT('',(0.,-0.));
#2494 = VECTOR('',#2495,1.);
#2495 = DIRECTION('',(0.,-1.));
#2496 = ( GEOMETRIC_REPRESENTATION_CONTEXT(2) 
PARAMETRIC_REPRESENTATION_CONTEXT() REPRESENTATION_CONTEXT('2D SPACE',''
  ) );
#2497 = ADVANCED_FACE('',(#2498),#935,.T.);
#2498 = FACE_BOUND('',#2499,.T.);
#2499 = EDGE_LOOP('',(#2500,#2501,#2502,#2503));
#2500 = ORIENTED_EDGE('',*,*,#921,.T.);
#2501 = ORIENTED_EDGE('',*,*,#2477,.T.);
#2502 = ORIENTED_EDGE('',*,*,#1746,.F.);
#2503 = ORIENTED_EDGE('',*,*,#2504,.F.);
#2504 = EDGE_CURVE('',#894,#1724,#2505,.T.);
#2505 = SURFACE_CURVE('',#2506,(#2510,#2517),.PCURVE_S1.);
#2506 = LINE('',#2507,#2508);
#2507 = CARTESIAN_POINT('',(-434.9573226037,-417.695225185,
    414.49931171265));
#2508 = VECTOR('',#2509,1.);
#2509 = DIRECTION('',(0.391646617802,0.871465510665,0.295230063654));
#2510 = PCURVE('',#935,#2511);
#2511 = DEFINITIONAL_REPRESENTATION('',(#2512),#2516);
#2512 = LINE('',#2513,#2514);
#2513 = CARTESIAN_POINT('',(23.41,3.01980662698E-14));
#2514 = VECTOR('',#2515,1.);
#2515 = DIRECTION('',(0.,-1.));
#2516 = ( GEOMETRIC_REPRESENTATION_CONTEXT(2) 
PARAMETRIC_REPRESENTATION_CONTEXT() REPRESENTATION_CONTEXT('2D SPACE',''
  ) );
#2517 = PCURVE('',#909,#2518);
#2518 = DEFINITIONAL_REPRESENTATION('',(#2519),#2523);
#2519 = LINE('',#2520,#2521);
#2520 = CARTESIAN_POINT('',(0.,-0.));
#2521 = VECTOR('',#2522,1.);
#2522 = DIRECTION('',(2.775557561563E-17,-1.));
#2523 = ( GEOMETRIC_REPRESENTATION_CONTEXT(2) 
PARAMETRIC_REPRESENTATION_CONTEXT() REPRESENTATION_CONTEXT('2D SPACE',''
  ) );
#2524 = ADVANCED_FACE('',(#2525),#881,.T.);
#2525 = FACE_BOUND('',#2526,.T.);
#2526 = EDGE_LOOP('',(#2527,#2528,#2549,#2550));
#2527 = ORIENTED_EDGE('',*,*,#865,.T.);
#2528 = ORIENTED_EDGE('',*,*,#2529,.T.);
#2529 = EDGE_CURVE('',#866,#1701,#2530,.T.);
#2530 = SURFACE_CURVE('',#2531,(#2535,#2542),.PCURVE_S1.);
#2531 = LINE('',#2532,#2533);
#2532 = CARTESIAN_POINT('',(-427.586205085,-417.0496105886,
    402.81518965238));
#2533 = VECTOR('',#2534,1.);
#2534 = DIRECTION('',(0.391646617802,0.871465510665,0.295230063654));
#2535 = PCURVE('',#881,#2536);
#2536 = DEFINITIONAL_REPRESENTATION('',(#2537),#2541);
#2537 = LINE('',#2538,#2539);
#2538 = CARTESIAN_POINT('',(0.,-0.));
#2539 = VECTOR('',#2540,1.);
#2540 = DIRECTION('',(0.,-1.));
#2541 = ( GEOMETRIC_REPRESENTATION_CONTEXT(2) 
PARAMETRIC_REPRESENTATION_CONTEXT() REPRESENTATION_CONTEXT('2D SPACE',''
  ) );
#2542 = PCURVE('',#909,#2543);
#2543 = DEFINITIONAL_REPRESENTATION('',(#2544),#2548);
#2544 = LINE('',#2545,#2546);
#2545 = CARTESIAN_POINT('',(13.83,-3.10862446895E-14));
#2546 = VECTOR('',#2547,1.);
#2547 = DIRECTION('',(2.775557561563E-17,-1.));
#2548 = ( GEOMETRIC_REPRESENTATION_CONTEXT(2) 
PARAMETRIC_REPRESENTATION_CONTEXT() REPRESENTATION_CONTEXT('2D SPACE',''
  ) );
#2549 = ORIENTED_EDGE('',*,*,#1700,.F.);
#2550 = ORIENTED_EDGE('',*,*,#2455,.F.);
#2551 = ADVANCED_FACE('',(#2552),#909,.T.);
#2552 = FACE_BOUND('',#2553,.T.);
#2553 = EDGE_LOOP('',(#2554,#2555,#2556,#2557));
#2554 = ORIENTED_EDGE('',*,*,#893,.T.);
#2555 = ORIENTED_EDGE('',*,*,#2504,.T.);
#2556 = ORIENTED_EDGE('',*,*,#1723,.F.);
#2557 = ORIENTED_EDGE('',*,*,#2529,.F.);
#2558 = ADVANCED_FACE('',(#2559),#967,.T.);
#2559 = FACE_BOUND('',#2560,.T.);
#2560 = EDGE_LOOP('',(#2561,#2562,#2583,#2584));
#2561 = ORIENTED_EDGE('',*,*,#949,.T.);
#2562 = ORIENTED_EDGE('',*,*,#2563,.T.);
#2563 = EDGE_CURVE('',#952,#1772,#2564,.T.);
#2564 = SURFACE_CURVE('',#2565,(#2569,#2576),.PCURVE_S1.);
#2565 = LINE('',#2566,#2567);
#2566 = CARTESIAN_POINT('',(-497.1023744763,-372.4360510996,
    363.34290273917));
#2567 = VECTOR('',#2568,1.);
#2568 = DIRECTION('',(0.391646617802,0.871465510665,0.295230063654));
#2569 = PCURVE('',#967,#2570);
#2570 = DEFINITIONAL_REPRESENTATION('',(#2571),#2575);
#2571 = LINE('',#2572,#2573);
#2572 = CARTESIAN_POINT('',(0.,-0.));
#2573 = VECTOR('',#2574,1.);
#2574 = DIRECTION('',(-5.551115123126E-17,-1.));
#2575 = ( GEOMETRIC_REPRESENTATION_CONTEXT(2) 
PARAMETRIC_REPRESENTATION_CONTEXT() REPRESENTATION_CONTEXT('2D SPACE',''
  ) );
#2576 = PCURVE('',#995,#2577);
#2577 = DEFINITIONAL_REPRESENTATION('',(#2578),#2582);
#2578 = LINE('',#2579,#2580);
#2579 = CARTESIAN_POINT('',(5.57,1.656313974863E-14));
#2580 = VECTOR('',#2581,1.);
#2581 = DIRECTION('',(1.734723475977E-18,-1.));
#2582 = ( GEOMETRIC_REPRESENTATION_CONTEXT(2) 
PARAMETRIC_REPRESENTATION_CONTEXT() REPRESENTATION_CONTEXT('2D SPACE',''
  ) );
#2583 = ORIENTED_EDGE('',*,*,#1769,.F.);
#2584 = ORIENTED_EDGE('',*,*,#2585,.F.);
#2585 = EDGE_CURVE('',#950,#1770,#2586,.T.);
#2586 = SURFACE_CURVE('',#2587,(#2591,#2598),.PCURVE_S1.);
#2587 = LINE('',#2588,#2589);
#2588 = CARTESIAN_POINT('',(-497.946329617,-375.2103454498,
    372.65169055385));
#2589 = VECTOR('',#2590,1.);
#2590 = DIRECTION('',(0.391646617802,0.871465510665,0.295230063654));
#2591 = PCURVE('',#967,#2592);
#2592 = DEFINITIONAL_REPRESENTATION('',(#2593),#2597);
#2593 = LINE('',#2594,#2595);
#2594 = CARTESIAN_POINT('',(9.75,1.7763568394E-15));
#2595 = VECTOR('',#2596,1.);
#2596 = DIRECTION('',(-5.551115123126E-17,-1.));
#2597 = ( GEOMETRIC_REPRESENTATION_CONTEXT(2) 
PARAMETRIC_REPRESENTATION_CONTEXT() REPRESENTATION_CONTEXT('2D SPACE',''
  ) );
#2598 = PCURVE('',#1049,#2599);
#2599 = DEFINITIONAL_REPRESENTATION('',(#2600),#2604);
#2600 = LINE('',#2601,#2602);
#2601 = CARTESIAN_POINT('',(0.,-0.));
#2602 = VECTOR('',#2603,1.);
#2603 = DIRECTION('',(-1.734723475977E-18,-1.));
#2604 = ( GEOMETRIC_REPRESENTATION_CONTEXT(2) 
PARAMETRIC_REPRESENTATION_CONTEXT() REPRESENTATION_CONTEXT('2D SPACE',''
  ) );
#2605 = ADVANCED_FACE('',(#2606),#1049,.T.);
#2606 = FACE_BOUND('',#2607,.T.);
#2607 = EDGE_LOOP('',(#2608,#2609,#2610,#2611));
#2608 = ORIENTED_EDGE('',*,*,#1035,.T.);
#2609 = ORIENTED_EDGE('',*,*,#2585,.T.);
#2610 = ORIENTED_EDGE('',*,*,#1840,.F.);
#2611 = ORIENTED_EDGE('',*,*,#2612,.F.);
#2612 = EDGE_CURVE('',#1008,#1818,#2613,.T.);
#2613 = SURFACE_CURVE('',#2614,(#2618,#2625),.PCURVE_S1.);
#2614 = LINE('',#2615,#2616);
#2615 = CARTESIAN_POINT('',(-492.8440138819,-377.4354411624,
    372.45113330547));
#2616 = VECTOR('',#2617,1.);
#2617 = DIRECTION('',(0.391646617802,0.871465510665,0.295230063654));
#2618 = PCURVE('',#1049,#2619);
#2619 = DEFINITIONAL_REPRESENTATION('',(#2620),#2624);
#2620 = LINE('',#2621,#2622);
#2621 = CARTESIAN_POINT('',(5.57,-1.656313974863E-14));
#2622 = VECTOR('',#2623,1.);
#2623 = DIRECTION('',(-1.734723475977E-18,-1.));
#2624 = ( GEOMETRIC_REPRESENTATION_CONTEXT(2) 
PARAMETRIC_REPRESENTATION_CONTEXT() REPRESENTATION_CONTEXT('2D SPACE',''
  ) );
#2625 = PCURVE('',#1023,#2626);
#2626 = DEFINITIONAL_REPRESENTATION('',(#2627),#2631);
#2627 = LINE('',#2628,#2629);
#2628 = CARTESIAN_POINT('',(0.,-0.));
#2629 = VECTOR('',#2630,1.);
#2630 = DIRECTION('',(5.551115123126E-17,-1.));
#2631 = ( GEOMETRIC_REPRESENTATION_CONTEXT(2) 
PARAMETRIC_REPRESENTATION_CONTEXT() REPRESENTATION_CONTEXT('2D SPACE',''
  ) );
#2632 = ADVANCED_FACE('',(#2633),#995,.T.);
#2633 = FACE_BOUND('',#2634,.T.);
#2634 = EDGE_LOOP('',(#2635,#2636,#2657,#2658));
#2635 = ORIENTED_EDGE('',*,*,#979,.T.);
#2636 = ORIENTED_EDGE('',*,*,#2637,.T.);
#2637 = EDGE_CURVE('',#980,#1795,#2638,.T.);
#2638 = SURFACE_CURVE('',#2639,(#2643,#2650),.PCURVE_S1.);
#2639 = LINE('',#2640,#2641);
#2640 = CARTESIAN_POINT('',(-492.0000587412,-374.6611468122,
    363.14234549078));
#2641 = VECTOR('',#2642,1.);
#2642 = DIRECTION('',(0.391646617802,0.871465510665,0.295230063654));
#2643 = PCURVE('',#995,#2644);
#2644 = DEFINITIONAL_REPRESENTATION('',(#2645),#2649);
#2645 = LINE('',#2646,#2647);
#2646 = CARTESIAN_POINT('',(0.,-0.));
#2647 = VECTOR('',#2648,1.);
#2648 = DIRECTION('',(1.734723475977E-18,-1.));
#2649 = ( GEOMETRIC_REPRESENTATION_CONTEXT(2) 
PARAMETRIC_REPRESENTATION_CONTEXT() REPRESENTATION_CONTEXT('2D SPACE',''
  ) );
#2650 = PCURVE('',#1023,#2651);
#2651 = DEFINITIONAL_REPRESENTATION('',(#2652),#2656);
#2652 = LINE('',#2653,#2654);
#2653 = CARTESIAN_POINT('',(9.75,-1.86517468137E-14));
#2654 = VECTOR('',#2655,1.);
#2655 = DIRECTION('',(5.551115123126E-17,-1.));
#2656 = ( GEOMETRIC_REPRESENTATION_CONTEXT(2) 
PARAMETRIC_REPRESENTATION_CONTEXT() REPRESENTATION_CONTEXT('2D SPACE',''
  ) );
#2657 = ORIENTED_EDGE('',*,*,#1794,.F.);
#2658 = ORIENTED_EDGE('',*,*,#2563,.F.);
#2659 = ADVANCED_FACE('',(#2660),#1023,.T.);
#2660 = FACE_BOUND('',#2661,.T.);
#2661 = EDGE_LOOP('',(#2662,#2663,#2664,#2665));
#2662 = ORIENTED_EDGE('',*,*,#1007,.T.);
#2663 = ORIENTED_EDGE('',*,*,#2612,.T.);
#2664 = ORIENTED_EDGE('',*,*,#1817,.F.);
#2665 = ORIENTED_EDGE('',*,*,#2637,.F.);
#2666 = ADVANCED_FACE('',(#2667),#1084,.F.);
#2667 = FACE_BOUND('',#2668,.T.);
#2668 = EDGE_LOOP('',(#2669,#2670,#2691,#2692));
#2669 = ORIENTED_EDGE('',*,*,#1063,.T.);
#2670 = ORIENTED_EDGE('',*,*,#2671,.T.);
#2671 = EDGE_CURVE('',#1064,#1864,#2672,.T.);
#2672 = SEAM_CURVE('',#2673,(#2677,#2684),.PCURVE_S1.);
#2673 = LINE('',#2674,#2675);
#2674 = CARTESIAN_POINT('',(-598.9861129829,-307.0342386416,
    305.44567477576));
#2675 = VECTOR('',#2676,1.);
#2676 = DIRECTION('',(0.391646617802,0.871465510665,0.295230063654));
#2677 = PCURVE('',#1084,#2678);
#2678 = DEFINITIONAL_REPRESENTATION('',(#2679),#2683);
#2679 = LINE('',#2680,#2681);
#2680 = CARTESIAN_POINT('',(-6.28318530718,0.));
#2681 = VECTOR('',#2682,1.);
#2682 = DIRECTION('',(-0.,-1.));
#2683 = ( GEOMETRIC_REPRESENTATION_CONTEXT(2) 
PARAMETRIC_REPRESENTATION_CONTEXT() REPRESENTATION_CONTEXT('2D SPACE',''
  ) );
#2684 = PCURVE('',#1084,#2685);
#2685 = DEFINITIONAL_REPRESENTATION('',(#2686),#2690);
#2686 = LINE('',#2687,#2688);
#2687 = CARTESIAN_POINT('',(-0.,0.));
#2688 = VECTOR('',#2689,1.);
#2689 = DIRECTION('',(-0.,-1.));
#2690 = ( GEOMETRIC_REPRESENTATION_CONTEXT(2) 
PARAMETRIC_REPRESENTATION_CONTEXT() REPRESENTATION_CONTEXT('2D SPACE',''
  ) );
#2691 = ORIENTED_EDGE('',*,*,#1863,.F.);
#2692 = ORIENTED_EDGE('',*,*,#2671,.F.);
#2693 = ADVANCED_FACE('',(#2694),#1116,.T.);
#2694 = FACE_BOUND('',#2695,.T.);
#2695 = EDGE_LOOP('',(#2696,#2697,#2718,#2719));
#2696 = ORIENTED_EDGE('',*,*,#1098,.T.);
#2697 = ORIENTED_EDGE('',*,*,#2698,.T.);
#2698 = EDGE_CURVE('',#1101,#1896,#2699,.T.);
#2699 = SURFACE_CURVE('',#2700,(#2704,#2711),.PCURVE_S1.);
#2700 = LINE('',#2701,#2702);
#2701 = CARTESIAN_POINT('',(-602.9300342678,-311.927876602,
    325.12273633374));
#2702 = VECTOR('',#2703,1.);
#2703 = DIRECTION('',(0.391646617802,0.871465510665,0.295230063654));
#2704 = PCURVE('',#1116,#2705);
#2705 = DEFINITIONAL_REPRESENTATION('',(#2706),#2710);
#2706 = LINE('',#2707,#2708);
#2707 = CARTESIAN_POINT('',(0.,-0.));
#2708 = VECTOR('',#2709,1.);
#2709 = DIRECTION('',(-2.775557561563E-17,-1.));
#2710 = ( GEOMETRIC_REPRESENTATION_CONTEXT(2) 
PARAMETRIC_REPRESENTATION_CONTEXT() REPRESENTATION_CONTEXT('2D SPACE',''
  ) );
#2711 = PCURVE('',#1144,#2712);
#2712 = DEFINITIONAL_REPRESENTATION('',(#2713),#2717);
#2713 = LINE('',#2714,#2715);
#2714 = CARTESIAN_POINT('',(23.6,1.42108547152E-14));
#2715 = VECTOR('',#2716,1.);
#2716 = DIRECTION('',(0.,-1.));
#2717 = ( GEOMETRIC_REPRESENTATION_CONTEXT(2) 
PARAMETRIC_REPRESENTATION_CONTEXT() REPRESENTATION_CONTEXT('2D SPACE',''
  ) );
#2718 = ORIENTED_EDGE('',*,*,#1893,.F.);
#2719 = ORIENTED_EDGE('',*,*,#2720,.F.);
#2720 = EDGE_CURVE('',#1099,#1894,#2721,.T.);
#2721 = SURFACE_CURVE('',#2722,(#2726,#2733),.PCURVE_S1.);
#2722 = LINE('',#2723,#2724);
#2723 = CARTESIAN_POINT('',(-606.9380461073,-312.2789266212,
    331.47592490159));
#2724 = VECTOR('',#2725,1.);
#2725 = DIRECTION('',(0.391646617802,0.871465510665,0.295230063654));
#2726 = PCURVE('',#1116,#2727);
#2727 = DEFINITIONAL_REPRESENTATION('',(#2728),#2732);
#2728 = LINE('',#2729,#2730);
#2729 = CARTESIAN_POINT('',(7.52,7.371880883511E-14));
#2730 = VECTOR('',#2731,1.);
#2731 = DIRECTION('',(-2.775557561563E-17,-1.));
#2732 = ( GEOMETRIC_REPRESENTATION_CONTEXT(2) 
PARAMETRIC_REPRESENTATION_CONTEXT() REPRESENTATION_CONTEXT('2D SPACE',''
  ) );
#2733 = PCURVE('',#1198,#2734);
#2734 = DEFINITIONAL_REPRESENTATION('',(#2735),#2739);
#2735 = LINE('',#2736,#2737);
#2736 = CARTESIAN_POINT('',(0.,-0.));
#2737 = VECTOR('',#2738,1.);
#2738 = DIRECTION('',(0.,-1.));
#2739 = ( GEOMETRIC_REPRESENTATION_CONTEXT(2) 
PARAMETRIC_REPRESENTATION_CONTEXT() REPRESENTATION_CONTEXT('2D SPACE',''
  ) );
#2740 = ADVANCED_FACE('',(#2741),#1198,.T.);
#2741 = FACE_BOUND('',#2742,.T.);
#2742 = EDGE_LOOP('',(#2743,#2744,#2745,#2746));
#2743 = ORIENTED_EDGE('',*,*,#1184,.T.);
#2744 = ORIENTED_EDGE('',*,*,#2720,.T.);
#2745 = ORIENTED_EDGE('',*,*,#1964,.F.);
#2746 = ORIENTED_EDGE('',*,*,#2747,.F.);
#2747 = EDGE_CURVE('',#1157,#1942,#2748,.T.);
#2748 = SURFACE_CURVE('',#2749,(#2753,#2760),.PCURVE_S1.);
#2749 = LINE('',#2750,#2751);
#2750 = CARTESIAN_POINT('',(-589.2373392398,-323.8011571486,
    342.00603316615));
#2751 = VECTOR('',#2752,1.);
#2752 = DIRECTION('',(0.391646617802,0.871465510665,0.295230063654));
#2753 = PCURVE('',#1198,#2754);
#2754 = DEFINITIONAL_REPRESENTATION('',(#2755),#2759);
#2755 = LINE('',#2756,#2757);
#2756 = CARTESIAN_POINT('',(23.6,-7.549516567451E-14));
#2757 = VECTOR('',#2758,1.);
#2758 = DIRECTION('',(0.,-1.));
#2759 = ( GEOMETRIC_REPRESENTATION_CONTEXT(2) 
PARAMETRIC_REPRESENTATION_CONTEXT() REPRESENTATION_CONTEXT('2D SPACE',''
  ) );
#2760 = PCURVE('',#1172,#2761);
#2761 = DEFINITIONAL_REPRESENTATION('',(#2762),#2766);
#2762 = LINE('',#2763,#2764);
#2763 = CARTESIAN_POINT('',(0.,-0.));
#2764 = VECTOR('',#2765,1.);
#2765 = DIRECTION('',(2.775557561563E-17,-1.));
#2766 = ( GEOMETRIC_REPRESENTATION_CONTEXT(2) 
PARAMETRIC_REPRESENTATION_CONTEXT() REPRESENTATION_CONTEXT('2D SPACE',''
  ) );
#2767 = ADVANCED_FACE('',(#2768),#1144,.T.);
#2768 = FACE_BOUND('',#2769,.T.);
#2769 = EDGE_LOOP('',(#2770,#2771,#2792,#2793));
#2770 = ORIENTED_EDGE('',*,*,#1128,.T.);
#2771 = ORIENTED_EDGE('',*,*,#2772,.T.);
#2772 = EDGE_CURVE('',#1129,#1919,#2773,.T.);
#2773 = SURFACE_CURVE('',#2774,(#2778,#2785),.PCURVE_S1.);
#2774 = LINE('',#2775,#2776);
#2775 = CARTESIAN_POINT('',(-585.2293274003,-323.4501071294,
    335.6528445983));
#2776 = VECTOR('',#2777,1.);
#2777 = DIRECTION('',(0.391646617802,0.871465510665,0.295230063654));
#2778 = PCURVE('',#1144,#2779);
#2779 = DEFINITIONAL_REPRESENTATION('',(#2780),#2784);
#2780 = LINE('',#2781,#2782);
#2781 = CARTESIAN_POINT('',(0.,-0.));
#2782 = VECTOR('',#2783,1.);
#2783 = DIRECTION('',(0.,-1.));
#2784 = ( GEOMETRIC_REPRESENTATION_CONTEXT(2) 
PARAMETRIC_REPRESENTATION_CONTEXT() REPRESENTATION_CONTEXT('2D SPACE',''
  ) );
#2785 = PCURVE('',#1172,#2786);
#2786 = DEFINITIONAL_REPRESENTATION('',(#2787),#2791);
#2787 = LINE('',#2788,#2789);
#2788 = CARTESIAN_POINT('',(7.52,2.04281036531E-14));
#2789 = VECTOR('',#2790,1.);
#2790 = DIRECTION('',(2.775557561563E-17,-1.));
#2791 = ( GEOMETRIC_REPRESENTATION_CONTEXT(2) 
PARAMETRIC_REPRESENTATION_CONTEXT() REPRESENTATION_CONTEXT('2D SPACE',''
  ) );
#2792 = ORIENTED_EDGE('',*,*,#1918,.F.);
#2793 = ORIENTED_EDGE('',*,*,#2698,.F.);
#2794 = ADVANCED_FACE('',(#2795),#1172,.T.);
#2795 = FACE_BOUND('',#2796,.T.);
#2796 = EDGE_LOOP('',(#2797,#2798,#2799,#2800));
#2797 = ORIENTED_EDGE('',*,*,#1156,.T.);
#2798 = ORIENTED_EDGE('',*,*,#2747,.T.);
#2799 = ORIENTED_EDGE('',*,*,#1941,.F.);
#2800 = ORIENTED_EDGE('',*,*,#2772,.F.);
#2801 = ( GEOMETRIC_REPRESENTATION_CONTEXT(3) 
GLOBAL_UNCERTAINTY_ASSIGNED_CONTEXT((#2805)) 
GLOBAL_UNIT_ASSIGNED_CONTEXT((#2802,#2803,#2804)) REPRESENTATION_CONTEXT
('Context #1','3D Context with UNIT and UNCERTAINTY') );
#2802 = ( LENGTH_UNIT() NAMED_UNIT(*) SI_UNIT(.MILLI.,.METRE.) );
#2803 = ( NAMED_UNIT(*) PLANE_ANGLE_UNIT() SI_UNIT($,.RADIAN.) );
#2804 = ( NAMED_UNIT(*) SI_UNIT($,.STERADIAN.) SOLID_ANGLE_UNIT() );
#2805 = UNCERTAINTY_MEASURE_WITH_UNIT(LENGTH_MEASURE(1.E-07),#2802,
  'distance_accuracy_value','confusion accuracy');
#2806 = PRODUCT_RELATED_PRODUCT_CATEGORY('part',$,(#7));
ENDSEC;
END-ISO-10303-21;
