ISO-10303-21;
HEADER;
FILE_DESCRIPTION(('Open CASCADE Model'),'2;1');
FILE_NAME('Open CASCADE Shape Model','2026-01-01T00:00:00',('Author'),(
    'Open CASCADE'),'Open CASCADE STEP processor 7.9','Open CASCADE 7.9'
  ,'Unknown');
FILE_SCHEMA(('AUTOMOTIVE_DESIGN { 1 0 10303 214 1 1 1 1 }'));
ENDSEC;
DATA;
#1 = APPLICATION_PROTOCOL_DEFINITION('international standard',
  'automotive_design',2000,#2);
#2 = APPLICATION_CONTEXT(
  'core data for automotive mechanical design processes');
#3 = SHAPE_DEFINITION_REPRESENTATION(#4,#10);
#4 = PRODUCT_DEFINITION_SHAPE('','',#5);
#5 = PRODUCT_DEFINITION('design','',#6,#9);
#6 = PRODUCT_DEFINITION_FORMATION('','',#7);
#7 = PRODUCT('C1_slanted_0033',
  'C1_slanted_0033','',(#8));
#8 = PRODUCT_CONTEXT('',#2,'mechanical');
#9 = PRODUCT_DEFINITION_CONTEXT('part definition',#2,'design');
#10 = ADVANCED_BREP_SHAPE_REPRESENTATION('',(#11,#15),#3005);
#11 = AXIS2_PLACEMENT_3D('',#12,#13,#14);
#12 = CARTESIAN_POINT('',(0.,0.,0.));
#13 = DIRECTION('',(0.,0.,1.));
#14 = DIRECTION('',(1.,0.,-0.));
#15 = MANIFOLD_SOLID_BREP('',#16);
#16 = CLOSED_SHELL('',(#17,#137,#477,#620,#920,#952,#1006,#1053,#1105,
    #1182,#1214,#1296,#1343,#1375,#1457,#1484,#1511,#1564,#1649,#1734,
    #1819,#1897,#1946,#1997,#2070,#2097,#2175,#2224,#2275,#2353,#2558,
    #2609,#2636,#2643,#2670,#2697,#2855,#2862,#2869,#2876,#2921,#2947,
    #2973,#2980));
#17 = ADVANCED_FACE('',(#18),#32,.F.);
#18 = FACE_BOUND('',#19,.F.);
#19 = EDGE_LOOP('',(#20,#55,#83,#111));
#20 = ORIENTED_EDGE('',*,*,#21,.F.);
#21 = EDGE_CURVE('',#22,#24,#26,.T.);
#22 = VERTEX_POINT('',#23);
#23 = CARTESIAN_POINT('',(91.805327147,33.619943688469,0.));
#24 = VERTEX_POINT('',#25);
#25 = CARTESIAN_POINT('',(67.634246809326,37.052248200149,0.));
#26 = SURFACE_CURVE('',#27,(#31,#43),.PCURVE_S1.);
#27 = LINE('',#28,#29);
#28 = CARTESIAN_POINT('',(91.805327147,33.619943688469,0.));
#29 = VECTOR('',#30,1.);
#30 = DIRECTION('',(-0.99006788917,0.14059009508,0.));
#31 = PCURVE('',#32,#37);
#32 = PLANE('',#33);
#33 = AXIS2_PLACEMENT_3D('',#34,#35,#36);
#34 = CARTESIAN_POINT('',(91.805327147,33.619943688469,0.));
#35 = DIRECTION('',(-0.14059009508,-0.99006788917,0.));
#36 = DIRECTION('',(-0.99006788917,0.14059009508,0.));
#37 = DEFINITIONAL_REPRESENTATION('',(#38),#42);
#38 = LINE('',#39,#40);
#39 = CARTESIAN_POINT('',(0.,0.));
#40 = VECTOR('',#41,1.);
#41 = DIRECTION('',(1.,0.));
#42 = ( GEOMETRIC_REPRESENTATION_CONTEXT(2) 
PARAMETRIC_REPRESENTATION_CONTEXT() REPRESENTATION_CONTEXT('2D SPACE',''
  ) );
#43 = PCURVE('',#44,#49);
#44 = PLANE('',#45);
#45 = AXIS2_PLACEMENT_3D('',#46,#47,#48);
#46 = CARTESIAN_POINT('',(-12.94324324065,4.71121760657,0.));
#47 = DIRECTION('',(0.,0.,1.));
#48 = DIRECTION('',(1.,0.,0.));
#49 = DEFINITIONAL_REPRESENTATION('',(#50),#54);
#50 = LINE('',#51,#52);
#51 = CARTESIAN_POINT('',(104.74857038765,28.9087260819));
#52 = VECTOR('',#53,1.);
#53 = DIRECTION('',(-0.99006788917,0.14059009508));
#54 = ( GEOMETRIC_REPRESENTATION_CONTEXT(2) 
PARAMETRIC_REPRESENTATION_CONTEXT() REPRESENTATION_CONTEXT('2D SPACE',''
  ) );
#55 = ORIENTED_EDGE('',*,*,#56,.T.);
#56 = EDGE_CURVE('',#22,#57,#59,.T.);
#57 = VERTEX_POINT('',#58);
#58 = CARTESIAN_POINT('',(91.805327147,33.619943688469,0.8));
#59 = SURFACE_CURVE('',#60,(#64,#71),.PCURVE_S1.);
#60 = LINE('',#61,#62);
#61 = CARTESIAN_POINT('',(91.805327147,33.619943688469,0.));
#62 = VECTOR('',#63,1.);
#63 = DIRECTION('',(0.,0.,1.));
#64 = PCURVE('',#32,#65);
#65 = DEFINITIONAL_REPRESENTATION('',(#66),#70);
#66 = LINE('',#67,#68);
#67 = CARTESIAN_POINT('',(0.,0.));
#68 = VECTOR('',#69,1.);
#69 = DIRECTION('',(0.,-1.));
#70 = ( GEOMETRIC_REPRESENTATION_CONTEXT(2) 
PARAMETRIC_REPRESENTATION_CONTEXT() REPRESENTATION_CONTEXT('2D SPACE',''
  ) );
#71 = PCURVE('',#72,#77);
#72 = PLANE('',#73);
#73 = AXIS2_PLACEMENT_3D('',#74,#75,#76);
#74 = CARTESIAN_POINT('',(-58.72307720289,-74.63034726794,0.));
#75 = DIRECTION('',(-0.583842294278,0.811867092209,0.));
#76 = DIRECTION('',(0.811867092209,0.583842294278,0.));
#77 = DEFINITIONAL_REPRESENTATION('',(#78),#82);
#78 = LINE('',#79,#80);
#79 = CARTESIAN_POINT('',(185.41015616268,0.));
#80 = VECTOR('',#81,1.);
#81 = DIRECTION('',(0.,-1.));
#82 = ( GEOMETRIC_REPRESENTATION_CONTEXT(2) 
PARAMETRIC_REPRESENTATION_CONTEXT() REPRESENTATION_CONTEXT('2D SPACE',''
  ) );
#83 = ORIENTED_EDGE('',*,*,#84,.T.);
#84 = EDGE_CURVE('',#57,#85,#87,.T.);
#85 = VERTEX_POINT('',#86);
#86 = CARTESIAN_POINT('',(67.634246809326,37.052248200149,0.8));
#87 = SURFACE_CURVE('',#88,(#92,#99),.PCURVE_S1.);
#88 = LINE('',#89,#90);
#89 = CARTESIAN_POINT('',(91.805327147,33.619943688469,0.8));
#90 = VECTOR('',#91,1.);
#91 = DIRECTION('',(-0.99006788917,0.14059009508,0.));
#92 = PCURVE('',#32,#93);
#93 = DEFINITIONAL_REPRESENTATION('',(#94),#98);
#94 = LINE('',#95,#96);
#95 = CARTESIAN_POINT('',(0.,-0.8));
#96 = VECTOR('',#97,1.);
#97 = DIRECTION('',(1.,0.));
#98 = ( GEOMETRIC_REPRESENTATION_CONTEXT(2) 
PARAMETRIC_REPRESENTATION_CONTEXT() REPRESENTATION_CONTEXT('2D SPACE',''
  ) );
#99 = PCURVE('',#100,#105);
#100 = PLANE('',#101);
#101 = AXIS2_PLACEMENT_3D('',#102,#103,#104);
#102 = CARTESIAN_POINT('',(-12.94324324065,4.71121760657,0.8));
#103 = DIRECTION('',(0.,0.,1.));
#104 = DIRECTION('',(1.,0.,0.));
#105 = DEFINITIONAL_REPRESENTATION('',(#106),#110);
#106 = LINE('',#107,#108);
#107 = CARTESIAN_POINT('',(104.74857038765,28.9087260819));
#108 = VECTOR('',#109,1.);
#109 = DIRECTION('',(-0.99006788917,0.14059009508));
#110 = ( GEOMETRIC_REPRESENTATION_CONTEXT(2) 
PARAMETRIC_REPRESENTATION_CONTEXT() REPRESENTATION_CONTEXT('2D SPACE',''
  ) );
#111 = ORIENTED_EDGE('',*,*,#112,.T.);
#112 = EDGE_CURVE('',#85,#24,#113,.T.);
#113 = SURFACE_CURVE('',#114,(#118,#125),.PCURVE_S1.);
#114 = LINE('',#115,#116);
#115 = CARTESIAN_POINT('',(67.634246809326,37.052248200149,0.8));
#116 = VECTOR('',#117,1.);
#117 = DIRECTION('',(5.938837165578E-18,4.18226616412E-17,-1.));
#118 = PCURVE('',#32,#119);
#119 = DEFINITIONAL_REPRESENTATION('',(#120),#124);
#120 = LINE('',#121,#122);
#121 = CARTESIAN_POINT('',(24.413558506518,-0.8));
#122 = VECTOR('',#123,1.);
#123 = DIRECTION('',(-2.288161673674E-33,1.));
#124 = ( GEOMETRIC_REPRESENTATION_CONTEXT(2) 
PARAMETRIC_REPRESENTATION_CONTEXT() REPRESENTATION_CONTEXT('2D SPACE',''
  ) );
#125 = PCURVE('',#126,#131);
#126 = PLANE('',#127);
#127 = AXIS2_PLACEMENT_3D('',#128,#129,#130);
#128 = CARTESIAN_POINT('',(67.709468936446,37.581979776005,
    0.664954290862));
#129 = DIRECTION('',(0.99006788917,-0.14059009508,0.));
#130 = DIRECTION('',(0.,0.,1.));
#131 = DEFINITIONAL_REPRESENTATION('',(#132),#136);
#132 = LINE('',#133,#134);
#133 = CARTESIAN_POINT('',(0.135045709138,0.535045709138));
#134 = VECTOR('',#135,1.);
#135 = DIRECTION('',(-1.,-4.224221601234E-17));
#136 = ( GEOMETRIC_REPRESENTATION_CONTEXT(2) 
PARAMETRIC_REPRESENTATION_CONTEXT() REPRESENTATION_CONTEXT('2D SPACE',''
  ) );
#137 = ADVANCED_FACE('',(#138,#442),#44,.F.);
#138 = FACE_BOUND('',#139,.F.);
#139 = EDGE_LOOP('',(#140,#141,#169,#197,#225,#253,#281,#309,#337,#365,
    #393,#421));
#140 = ORIENTED_EDGE('',*,*,#21,.T.);
#141 = ORIENTED_EDGE('',*,*,#142,.F.);
#142 = EDGE_CURVE('',#143,#24,#145,.T.);
#143 = VERTEX_POINT('',#144);
#144 = CARTESIAN_POINT('',(-45.16412809981,53.069669254657,0.));
#145 = SURFACE_CURVE('',#146,(#150,#157),.PCURVE_S1.);
#146 = LINE('',#147,#148);
#147 = CARTESIAN_POINT('',(-45.16412809981,53.069669254657,0.));
#148 = VECTOR('',#149,1.);
#149 = DIRECTION('',(0.99006788917,-0.14059009508,0.));
#150 = PCURVE('',#44,#151);
#151 = DEFINITIONAL_REPRESENTATION('',(#152),#156);
#152 = LINE('',#153,#154);
#153 = CARTESIAN_POINT('',(-32.22088485916,48.358451648087));
#154 = VECTOR('',#155,1.);
#155 = DIRECTION('',(0.99006788917,-0.14059009508));
#156 = ( GEOMETRIC_REPRESENTATION_CONTEXT(2) 
PARAMETRIC_REPRESENTATION_CONTEXT() REPRESENTATION_CONTEXT('2D SPACE',''
  ) );
#157 = PCURVE('',#158,#163);
#158 = CYLINDRICAL_SURFACE('',#159,1.2);
#159 = AXIS2_PLACEMENT_3D('',#160,#161,#162);
#160 = CARTESIAN_POINT('',(-45.16412809981,53.069669254657,1.2));
#161 = DIRECTION('',(-0.99006788917,0.14059009508,-0.));
#162 = DIRECTION('',(-1.951079507405E-17,-1.373995208123E-16,-1.));
#163 = DEFINITIONAL_REPRESENTATION('',(#164),#168);
#164 = LINE('',#165,#166);
#165 = CARTESIAN_POINT('',(-0.,0.));
#166 = VECTOR('',#167,1.);
#167 = DIRECTION('',(-0.,-1.));
#168 = ( GEOMETRIC_REPRESENTATION_CONTEXT(2) 
PARAMETRIC_REPRESENTATION_CONTEXT() REPRESENTATION_CONTEXT('2D SPACE',''
  ) );
#169 = ORIENTED_EDGE('',*,*,#170,.T.);
#170 = EDGE_CURVE('',#143,#171,#173,.T.);
#171 = VERTEX_POINT('',#172);
#172 = CARTESIAN_POINT('',(-69.33520843749,56.501973766337,0.));
#173 = SURFACE_CURVE('',#174,(#178,#185),.PCURVE_S1.);
#174 = LINE('',#175,#176);
#175 = CARTESIAN_POINT('',(91.805327147,33.619943688469,0.));
#176 = VECTOR('',#177,1.);
#177 = DIRECTION('',(-0.99006788917,0.14059009508,0.));
#178 = PCURVE('',#44,#179);
#179 = DEFINITIONAL_REPRESENTATION('',(#180),#184);
#180 = LINE('',#181,#182);
#181 = CARTESIAN_POINT('',(104.74857038765,28.9087260819));
#182 = VECTOR('',#183,1.);
#183 = DIRECTION('',(-0.99006788917,0.14059009508));
#184 = ( GEOMETRIC_REPRESENTATION_CONTEXT(2) 
PARAMETRIC_REPRESENTATION_CONTEXT() REPRESENTATION_CONTEXT('2D SPACE',''
  ) );
#185 = PCURVE('',#186,#191);
#186 = PLANE('',#187);
#187 = AXIS2_PLACEMENT_3D('',#188,#189,#190);
#188 = CARTESIAN_POINT('',(91.805327147,33.619943688469,0.));
#189 = DIRECTION('',(-0.14059009508,-0.99006788917,0.));
#190 = DIRECTION('',(-0.99006788917,0.14059009508,0.));
#191 = DEFINITIONAL_REPRESENTATION('',(#192),#196);
#192 = LINE('',#193,#194);
#193 = CARTESIAN_POINT('',(0.,0.));
#194 = VECTOR('',#195,1.);
#195 = DIRECTION('',(1.,0.));
#196 = ( GEOMETRIC_REPRESENTATION_CONTEXT(2) 
PARAMETRIC_REPRESENTATION_CONTEXT() REPRESENTATION_CONTEXT('2D SPACE',''
  ) );
#197 = ORIENTED_EDGE('',*,*,#198,.T.);
#198 = EDGE_CURVE('',#171,#199,#201,.T.);
#199 = VERTEX_POINT('',#200);
#200 = CARTESIAN_POINT('',(-72.99960048776,49.533507304121,0.));
#201 = SURFACE_CURVE('',#202,(#206,#213),.PCURVE_S1.);
#202 = LINE('',#203,#204);
#203 = CARTESIAN_POINT('',(-69.33520843749,56.501973766337,0.));
#204 = VECTOR('',#205,1.);
#205 = DIRECTION('',(-0.465425949604,-0.88508682367,0.));
#206 = PCURVE('',#44,#207);
#207 = DEFINITIONAL_REPRESENTATION('',(#208),#212);
#208 = LINE('',#209,#210);
#209 = CARTESIAN_POINT('',(-56.39196519683,51.790756159767));
#210 = VECTOR('',#211,1.);
#211 = DIRECTION('',(-0.465425949604,-0.88508682367));
#212 = ( GEOMETRIC_REPRESENTATION_CONTEXT(2) 
PARAMETRIC_REPRESENTATION_CONTEXT() REPRESENTATION_CONTEXT('2D SPACE',''
  ) );
#213 = PCURVE('',#214,#219);
#214 = PLANE('',#215);
#215 = AXIS2_PLACEMENT_3D('',#216,#217,#218);
#216 = CARTESIAN_POINT('',(-69.33520843749,56.501973766337,0.));
#217 = DIRECTION('',(0.88508682367,-0.465425949604,0.));
#218 = DIRECTION('',(-0.465425949604,-0.88508682367,0.));
#219 = DEFINITIONAL_REPRESENTATION('',(#220),#224);
#220 = LINE('',#221,#222);
#221 = CARTESIAN_POINT('',(0.,0.));
#222 = VECTOR('',#223,1.);
#223 = DIRECTION('',(1.,-0.));
#224 = ( GEOMETRIC_REPRESENTATION_CONTEXT(2) 
PARAMETRIC_REPRESENTATION_CONTEXT() REPRESENTATION_CONTEXT('2D SPACE',''
  ) );
#225 = ORIENTED_EDGE('',*,*,#226,.F.);
#226 = EDGE_CURVE('',#227,#199,#229,.T.);
#227 = VERTEX_POINT('',#228);
#228 = CARTESIAN_POINT('',(-90.10009672238,17.013997147115,0.));
#229 = SURFACE_CURVE('',#230,(#234,#241),.PCURVE_S1.);
#230 = LINE('',#231,#232);
#231 = CARTESIAN_POINT('',(-90.10009672238,17.013997147115,0.));
#232 = VECTOR('',#233,1.);
#233 = DIRECTION('',(0.465425949604,0.88508682367,0.));
#234 = PCURVE('',#44,#235);
#235 = DEFINITIONAL_REPRESENTATION('',(#236),#240);
#236 = LINE('',#237,#238);
#237 = CARTESIAN_POINT('',(-77.15685348173,12.302779540545));
#238 = VECTOR('',#239,1.);
#239 = DIRECTION('',(0.465425949604,0.88508682367));
#240 = ( GEOMETRIC_REPRESENTATION_CONTEXT(2) 
PARAMETRIC_REPRESENTATION_CONTEXT() REPRESENTATION_CONTEXT('2D SPACE',''
  ) );
#241 = PCURVE('',#242,#247);
#242 = CYLINDRICAL_SURFACE('',#243,2.4);
#243 = AXIS2_PLACEMENT_3D('',#244,#245,#246);
#244 = CARTESIAN_POINT('',(-90.10009672238,17.013997147115,2.4));
#245 = DIRECTION('',(-0.465425949604,-0.88508682367,-0.));
#246 = DIRECTION('',(1.228304713039E-16,-6.459082568858E-17,-1.));
#247 = DEFINITIONAL_REPRESENTATION('',(#248),#252);
#248 = LINE('',#249,#250);
#249 = CARTESIAN_POINT('',(-0.,0.));
#250 = VECTOR('',#251,1.);
#251 = DIRECTION('',(-0.,-1.));
#252 = ( GEOMETRIC_REPRESENTATION_CONTEXT(2) 
PARAMETRIC_REPRESENTATION_CONTEXT() REPRESENTATION_CONTEXT('2D SPACE',''
  ) );
#253 = ORIENTED_EDGE('',*,*,#254,.T.);
#254 = EDGE_CURVE('',#227,#255,#257,.T.);
#255 = VERTEX_POINT('',#256);
#256 = CARTESIAN_POINT('',(-93.76448877266,10.045530684899,0.));
#257 = SURFACE_CURVE('',#258,(#262,#269),.PCURVE_S1.);
#258 = LINE('',#259,#260);
#259 = CARTESIAN_POINT('',(-69.33520843749,56.501973766337,0.));
#260 = VECTOR('',#261,1.);
#261 = DIRECTION('',(-0.465425949604,-0.88508682367,0.));
#262 = PCURVE('',#44,#263);
#263 = DEFINITIONAL_REPRESENTATION('',(#264),#268);
#264 = LINE('',#265,#266);
#265 = CARTESIAN_POINT('',(-56.39196519683,51.790756159767));
#266 = VECTOR('',#267,1.);
#267 = DIRECTION('',(-0.465425949604,-0.88508682367));
#268 = ( GEOMETRIC_REPRESENTATION_CONTEXT(2) 
PARAMETRIC_REPRESENTATION_CONTEXT() REPRESENTATION_CONTEXT('2D SPACE',''
  ) );
#269 = PCURVE('',#270,#275);
#270 = PLANE('',#271);
#271 = AXIS2_PLACEMENT_3D('',#272,#273,#274);
#272 = CARTESIAN_POINT('',(-69.33520843749,56.501973766337,0.));
#273 = DIRECTION('',(0.88508682367,-0.465425949604,0.));
#274 = DIRECTION('',(-0.465425949604,-0.88508682367,0.));
#275 = DEFINITIONAL_REPRESENTATION('',(#276),#280);
#276 = LINE('',#277,#278);
#277 = CARTESIAN_POINT('',(0.,0.));
#278 = VECTOR('',#279,1.);
#279 = DIRECTION('',(1.,-0.));
#280 = ( GEOMETRIC_REPRESENTATION_CONTEXT(2) 
PARAMETRIC_REPRESENTATION_CONTEXT() REPRESENTATION_CONTEXT('2D SPACE',''
  ) );
#281 = ORIENTED_EDGE('',*,*,#282,.T.);
#282 = EDGE_CURVE('',#255,#283,#285,.T.);
#283 = VERTEX_POINT('',#284);
#284 = CARTESIAN_POINT('',(-88.50827703719,-2.655851008027,
    -2.22044604925E-16));
#285 = SURFACE_CURVE('',#286,(#290,#297),.PCURVE_S1.);
#286 = LINE('',#287,#288);
#287 = CARTESIAN_POINT('',(-93.76448877266,10.045530684899,0.));
#288 = VECTOR('',#289,1.);
#289 = DIRECTION('',(0.382380835783,-0.924004814071,0.));
#290 = PCURVE('',#44,#291);
#291 = DEFINITIONAL_REPRESENTATION('',(#292),#296);
#292 = LINE('',#293,#294);
#293 = CARTESIAN_POINT('',(-80.821245532,5.334313078329));
#294 = VECTOR('',#295,1.);
#295 = DIRECTION('',(0.382380835783,-0.924004814071));
#296 = ( GEOMETRIC_REPRESENTATION_CONTEXT(2) 
PARAMETRIC_REPRESENTATION_CONTEXT() REPRESENTATION_CONTEXT('2D SPACE',''
  ) );
#297 = PCURVE('',#298,#303);
#298 = PLANE('',#299);
#299 = AXIS2_PLACEMENT_3D('',#300,#301,#302);
#300 = CARTESIAN_POINT('',(-93.76448877266,10.045530684899,0.));
#301 = DIRECTION('',(0.924004814071,0.382380835783,0.));
#302 = DIRECTION('',(0.382380835783,-0.924004814071,0.));
#303 = DEFINITIONAL_REPRESENTATION('',(#304),#308);
#304 = LINE('',#305,#306);
#305 = CARTESIAN_POINT('',(0.,0.));
#306 = VECTOR('',#307,1.);
#307 = DIRECTION('',(1.,0.));
#308 = ( GEOMETRIC_REPRESENTATION_CONTEXT(2) 
PARAMETRIC_REPRESENTATION_CONTEXT() REPRESENTATION_CONTEXT('2D SPACE',''
  ) );
#309 = ORIENTED_EDGE('',*,*,#310,.F.);
#310 = EDGE_CURVE('',#311,#283,#313,.T.);
#311 = VERTEX_POINT('',#312);
#312 = CARTESIAN_POINT('',(-63.97928893835,-61.92896557501,
    -2.22044604925E-16));
#313 = SURFACE_CURVE('',#314,(#318,#325),.PCURVE_S1.);
#314 = LINE('',#315,#316);
#315 = CARTESIAN_POINT('',(-63.97928893835,-61.92896557501,
    -2.22044604925E-16));
#316 = VECTOR('',#317,1.);
#317 = DIRECTION('',(-0.382380835783,0.924004814071,0.));
#318 = PCURVE('',#44,#319);
#319 = DEFINITIONAL_REPRESENTATION('',(#320),#324);
#320 = LINE('',#321,#322);
#321 = CARTESIAN_POINT('',(-51.0360456977,-66.64018318158));
#322 = VECTOR('',#323,1.);
#323 = DIRECTION('',(-0.382380835783,0.924004814071));
#324 = ( GEOMETRIC_REPRESENTATION_CONTEXT(2) 
PARAMETRIC_REPRESENTATION_CONTEXT() REPRESENTATION_CONTEXT('2D SPACE',''
  ) );
#325 = PCURVE('',#326,#331);
#326 = CYLINDRICAL_SURFACE('',#327,1.6);
#327 = AXIS2_PLACEMENT_3D('',#328,#329,#330);
#328 = CARTESIAN_POINT('',(-63.97928893835,-61.92896557501,1.6));
#329 = DIRECTION('',(0.382380835783,-0.924004814071,-0.));
#330 = DIRECTION('',(-6.411571371535E-17,-2.653300050388E-17,-1.));
#331 = DEFINITIONAL_REPRESENTATION('',(#332),#336);
#332 = LINE('',#333,#334);
#333 = CARTESIAN_POINT('',(-0.,0.));
#334 = VECTOR('',#335,1.);
#335 = DIRECTION('',(-0.,-1.));
#336 = ( GEOMETRIC_REPRESENTATION_CONTEXT(2) 
PARAMETRIC_REPRESENTATION_CONTEXT() REPRESENTATION_CONTEXT('2D SPACE',''
  ) );
#337 = ORIENTED_EDGE('',*,*,#338,.T.);
#338 = EDGE_CURVE('',#311,#339,#341,.T.);
#339 = VERTEX_POINT('',#340);
#340 = CARTESIAN_POINT('',(-58.72307720289,-74.63034726794,0.));
#341 = SURFACE_CURVE('',#342,(#346,#353),.PCURVE_S1.);
#342 = LINE('',#343,#344);
#343 = CARTESIAN_POINT('',(-93.76448877266,10.045530684899,0.));
#344 = VECTOR('',#345,1.);
#345 = DIRECTION('',(0.382380835783,-0.924004814071,0.));
#346 = PCURVE('',#44,#347);
#347 = DEFINITIONAL_REPRESENTATION('',(#348),#352);
#348 = LINE('',#349,#350);
#349 = CARTESIAN_POINT('',(-80.821245532,5.334313078329));
#350 = VECTOR('',#351,1.);
#351 = DIRECTION('',(0.382380835783,-0.924004814071));
#352 = ( GEOMETRIC_REPRESENTATION_CONTEXT(2) 
PARAMETRIC_REPRESENTATION_CONTEXT() REPRESENTATION_CONTEXT('2D SPACE',''
  ) );
#353 = PCURVE('',#354,#359);
#354 = PLANE('',#355);
#355 = AXIS2_PLACEMENT_3D('',#356,#357,#358);
#356 = CARTESIAN_POINT('',(-93.76448877266,10.045530684899,0.));
#357 = DIRECTION('',(0.924004814071,0.382380835783,0.));
#358 = DIRECTION('',(0.382380835783,-0.924004814071,0.));
#359 = DEFINITIONAL_REPRESENTATION('',(#360),#364);
#360 = LINE('',#361,#362);
#361 = CARTESIAN_POINT('',(0.,0.));
#362 = VECTOR('',#363,1.);
#363 = DIRECTION('',(1.,0.));
#364 = ( GEOMETRIC_REPRESENTATION_CONTEXT(2) 
PARAMETRIC_REPRESENTATION_CONTEXT() REPRESENTATION_CONTEXT('2D SPACE',''
  ) );
#365 = ORIENTED_EDGE('',*,*,#366,.T.);
#366 = EDGE_CURVE('',#339,#367,#369,.T.);
#367 = VERTEX_POINT('',#368);
#368 = CARTESIAN_POINT('',(-36.1438165504,-58.39280362447,0.));
#369 = SURFACE_CURVE('',#370,(#374,#381),.PCURVE_S1.);
#370 = LINE('',#371,#372);
#371 = CARTESIAN_POINT('',(-58.72307720289,-74.63034726794,0.));
#372 = VECTOR('',#373,1.);
#373 = DIRECTION('',(0.811867092209,0.583842294278,0.));
#374 = PCURVE('',#44,#375);
#375 = DEFINITIONAL_REPRESENTATION('',(#376),#380);
#376 = LINE('',#377,#378);
#377 = CARTESIAN_POINT('',(-45.77983396223,-79.3415648745));
#378 = VECTOR('',#379,1.);
#379 = DIRECTION('',(0.811867092209,0.583842294278));
#380 = ( GEOMETRIC_REPRESENTATION_CONTEXT(2) 
PARAMETRIC_REPRESENTATION_CONTEXT() REPRESENTATION_CONTEXT('2D SPACE',''
  ) );
#381 = PCURVE('',#382,#387);
#382 = PLANE('',#383);
#383 = AXIS2_PLACEMENT_3D('',#384,#385,#386);
#384 = CARTESIAN_POINT('',(-58.72307720289,-74.63034726794,0.));
#385 = DIRECTION('',(-0.583842294278,0.811867092209,0.));
#386 = DIRECTION('',(0.811867092209,0.583842294278,0.));
#387 = DEFINITIONAL_REPRESENTATION('',(#388),#392);
#388 = LINE('',#389,#390);
#389 = CARTESIAN_POINT('',(0.,0.));
#390 = VECTOR('',#391,1.);
#391 = DIRECTION('',(1.,0.));
#392 = ( GEOMETRIC_REPRESENTATION_CONTEXT(2) 
PARAMETRIC_REPRESENTATION_CONTEXT() REPRESENTATION_CONTEXT('2D SPACE',''
  ) );
#393 = ORIENTED_EDGE('',*,*,#394,.F.);
#394 = EDGE_CURVE('',#395,#367,#397,.T.);
#395 = VERTEX_POINT('',#396);
#396 = CARTESIAN_POINT('',(69.226066494516,17.382400045008,0.));
#397 = SURFACE_CURVE('',#398,(#402,#409),.PCURVE_S1.);
#398 = LINE('',#399,#400);
#399 = CARTESIAN_POINT('',(69.226066494516,17.382400045008,0.));
#400 = VECTOR('',#401,1.);
#401 = DIRECTION('',(-0.811867092209,-0.583842294278,0.));
#402 = PCURVE('',#44,#403);
#403 = DEFINITIONAL_REPRESENTATION('',(#404),#408);
#404 = LINE('',#405,#406);
#405 = CARTESIAN_POINT('',(82.169309735171,12.671182438438));
#406 = VECTOR('',#407,1.);
#407 = DIRECTION('',(-0.811867092209,-0.583842294278));
#408 = ( GEOMETRIC_REPRESENTATION_CONTEXT(2) 
PARAMETRIC_REPRESENTATION_CONTEXT() REPRESENTATION_CONTEXT('2D SPACE',''
  ) );
#409 = PCURVE('',#410,#415);
#410 = CYLINDRICAL_SURFACE('',#411,1.2);
#411 = AXIS2_PLACEMENT_3D('',#412,#413,#414);
#412 = CARTESIAN_POINT('',(69.226066494516,17.382400045008,1.2));
#413 = DIRECTION('',(0.811867092209,0.583842294278,-0.));
#414 = DIRECTION('',(-8.102439473213E-17,1.126691923383E-16,-1.));
#415 = DEFINITIONAL_REPRESENTATION('',(#416),#420);
#416 = LINE('',#417,#418);
#417 = CARTESIAN_POINT('',(-0.,0.));
#418 = VECTOR('',#419,1.);
#419 = DIRECTION('',(-0.,-1.));
#420 = ( GEOMETRIC_REPRESENTATION_CONTEXT(2) 
PARAMETRIC_REPRESENTATION_CONTEXT() REPRESENTATION_CONTEXT('2D SPACE',''
  ) );
#421 = ORIENTED_EDGE('',*,*,#422,.T.);
#422 = EDGE_CURVE('',#395,#22,#423,.T.);
#423 = SURFACE_CURVE('',#424,(#428,#435),.PCURVE_S1.);
#424 = LINE('',#425,#426);
#425 = CARTESIAN_POINT('',(-58.72307720289,-74.63034726794,0.));
#426 = VECTOR('',#427,1.);
#427 = DIRECTION('',(0.811867092209,0.583842294278,0.));
#428 = PCURVE('',#44,#429);
#429 = DEFINITIONAL_REPRESENTATION('',(#430),#434);
#430 = LINE('',#431,#432);
#431 = CARTESIAN_POINT('',(-45.77983396223,-79.3415648745));
#432 = VECTOR('',#433,1.);
#433 = DIRECTION('',(0.811867092209,0.583842294278));
#434 = ( GEOMETRIC_REPRESENTATION_CONTEXT(2) 
PARAMETRIC_REPRESENTATION_CONTEXT() REPRESENTATION_CONTEXT('2D SPACE',''
  ) );
#435 = PCURVE('',#72,#436);
#436 = DEFINITIONAL_REPRESENTATION('',(#437),#441);
#437 = LINE('',#438,#439);
#438 = CARTESIAN_POINT('',(0.,0.));
#439 = VECTOR('',#440,1.);
#440 = DIRECTION('',(1.,0.));
#441 = ( GEOMETRIC_REPRESENTATION_CONTEXT(2) 
PARAMETRIC_REPRESENTATION_CONTEXT() REPRESENTATION_CONTEXT('2D SPACE',''
  ) );
#442 = FACE_BOUND('',#443,.F.);
#443 = EDGE_LOOP('',(#444));
#444 = ORIENTED_EDGE('',*,*,#445,.T.);
#445 = EDGE_CURVE('',#446,#446,#448,.T.);
#446 = VERTEX_POINT('',#447);
#447 = CARTESIAN_POINT('',(-47.68254260869,-42.30740071456,0.));
#448 = SURFACE_CURVE('',#449,(#454,#465),.PCURVE_S1.);
#449 = CIRCLE('',#450,3.82);
#450 = AXIS2_PLACEMENT_3D('',#451,#452,#453);
#451 = CARTESIAN_POINT('',(-51.50254260869,-42.30740071456,0.));
#452 = DIRECTION('',(0.,0.,-1.));
#453 = DIRECTION('',(1.,0.,0.));
#454 = PCURVE('',#44,#455);
#455 = DEFINITIONAL_REPRESENTATION('',(#456),#464);
#456 = ( BOUNDED_CURVE() B_SPLINE_CURVE(2,(#457,#458,#459,#460,#461,#462
,#463),.UNSPECIFIED.,.T.,.F.) B_SPLINE_CURVE_WITH_KNOTS((1,2,2,2,2,1),(
    -2.094395102393,0.,2.094395102393,4.188790204786,6.28318530718,
8.377580409573),.UNSPECIFIED.) CURVE() GEOMETRIC_REPRESENTATION_ITEM() 
RATIONAL_B_SPLINE_CURVE((1.,0.5,1.,0.5,1.,0.5,1.)) REPRESENTATION_ITEM(
  '') );
#457 = CARTESIAN_POINT('',(-34.73929936803,-47.01861832112));
#458 = CARTESIAN_POINT('',(-34.73929936803,-53.63505240604));
#459 = CARTESIAN_POINT('',(-40.46929936803,-50.32683536358));
#460 = CARTESIAN_POINT('',(-46.19929936803,-47.01861832112));
#461 = CARTESIAN_POINT('',(-40.46929936803,-43.71040127867));
#462 = CARTESIAN_POINT('',(-34.73929936803,-40.40218423621));
#463 = CARTESIAN_POINT('',(-34.73929936803,-47.01861832112));
#464 = ( GEOMETRIC_REPRESENTATION_CONTEXT(2) 
PARAMETRIC_REPRESENTATION_CONTEXT() REPRESENTATION_CONTEXT('2D SPACE',''
  ) );
#465 = PCURVE('',#466,#471);
#466 = CYLINDRICAL_SURFACE('',#467,3.82);
#467 = AXIS2_PLACEMENT_3D('',#468,#469,#470);
#468 = CARTESIAN_POINT('',(-51.50254260869,-42.30740071456,-1.));
#469 = DIRECTION('',(-0.,-0.,-1.));
#470 = DIRECTION('',(1.,0.,0.));
#471 = DEFINITIONAL_REPRESENTATION('',(#472),#476);
#472 = LINE('',#473,#474);
#473 = CARTESIAN_POINT('',(-6.28318530718,-1.));
#474 = VECTOR('',#475,1.);
#475 = DIRECTION('',(1.,-0.));
#476 = ( GEOMETRIC_REPRESENTATION_CONTEXT(2) 
PARAMETRIC_REPRESENTATION_CONTEXT() REPRESENTATION_CONTEXT('2D SPACE',''
  ) );
#477 = ADVANCED_FACE('',(#478),#126,.T.);
#478 = FACE_BOUND('',#479,.T.);
#479 = EDGE_LOOP('',(#480,#504,#532,#560,#588,#619));
#480 = ORIENTED_EDGE('',*,*,#481,.T.);
#481 = EDGE_CURVE('',#24,#482,#484,.T.);
#482 = VERTEX_POINT('',#483);
#483 = CARTESIAN_POINT('',(67.802954923423,38.240329667153,1.2));
#484 = SURFACE_CURVE('',#485,(#490,#497),.PCURVE_S1.);
#485 = CIRCLE('',#486,1.2);
#486 = AXIS2_PLACEMENT_3D('',#487,#488,#489);
#487 = CARTESIAN_POINT('',(67.634246809326,37.052248200149,1.2));
#488 = DIRECTION('',(0.99006788917,-0.14059009508,3.08148791102E-33));
#489 = DIRECTION('',(-1.951079507405E-17,-1.373995208123E-16,-1.));
#490 = PCURVE('',#126,#491);
#491 = DEFINITIONAL_REPRESENTATION('',(#492),#496);
#492 = CIRCLE('',#493,1.2);
#493 = AXIS2_PLACEMENT_2D('',#494,#495);
#494 = CARTESIAN_POINT('',(0.535045709138,0.535045709138));
#495 = DIRECTION('',(-1.,1.387778780781E-16));
#496 = ( GEOMETRIC_REPRESENTATION_CONTEXT(2) 
PARAMETRIC_REPRESENTATION_CONTEXT() REPRESENTATION_CONTEXT('2D SPACE',''
  ) );
#497 = PCURVE('',#158,#498);
#498 = DEFINITIONAL_REPRESENTATION('',(#499),#503);
#499 = LINE('',#500,#501);
#500 = CARTESIAN_POINT('',(-0.,-113.929939697));
#501 = VECTOR('',#502,1.);
#502 = DIRECTION('',(-1.,0.));
#503 = ( GEOMETRIC_REPRESENTATION_CONTEXT(2) 
PARAMETRIC_REPRESENTATION_CONTEXT() REPRESENTATION_CONTEXT('2D SPACE',''
  ) );
#504 = ORIENTED_EDGE('',*,*,#505,.T.);
#505 = EDGE_CURVE('',#482,#506,#508,.T.);
#506 = VERTEX_POINT('',#507);
#507 = CARTESIAN_POINT('',(67.802954923423,38.240329667153,
    29.083874451872));
#508 = SURFACE_CURVE('',#509,(#513,#520),.PCURVE_S1.);
#509 = LINE('',#510,#511);
#510 = CARTESIAN_POINT('',(67.802954923423,38.240329667153,1.2));
#511 = VECTOR('',#512,1.);
#512 = DIRECTION('',(1.953047591908E-17,2.206648572886E-16,1.));
#513 = PCURVE('',#126,#514);
#514 = DEFINITIONAL_REPRESENTATION('',(#515),#519);
#515 = LINE('',#516,#517);
#516 = CARTESIAN_POINT('',(0.535045709138,-0.664954290862));
#517 = VECTOR('',#518,1.);
#518 = DIRECTION('',(1.,-2.212189809361E-16));
#519 = ( GEOMETRIC_REPRESENTATION_CONTEXT(2) 
PARAMETRIC_REPRESENTATION_CONTEXT() REPRESENTATION_CONTEXT('2D SPACE',''
  ) );
#520 = PCURVE('',#521,#526);
#521 = PLANE('',#522);
#522 = AXIS2_PLACEMENT_3D('',#523,#524,#525);
#523 = CARTESIAN_POINT('',(11.403767468851,46.249040194407,
    15.141937225936));
#524 = DIRECTION('',(-0.14059009508,-0.99006788917,2.212189809361E-16));
#525 = DIRECTION('',(0.99006788917,-0.14059009508,1.16867961994E-17));
#526 = DEFINITIONAL_REPRESENTATION('',(#527),#531);
#527 = LINE('',#528,#529);
#528 = CARTESIAN_POINT('',(56.964969848541,-13.94193722593));
#529 = VECTOR('',#530,1.);
#530 = DIRECTION('',(0.,1.));
#531 = ( GEOMETRIC_REPRESENTATION_CONTEXT(2) 
PARAMETRIC_REPRESENTATION_CONTEXT() REPRESENTATION_CONTEXT('2D SPACE',''
  ) );
#532 = ORIENTED_EDGE('',*,*,#533,.T.);
#533 = EDGE_CURVE('',#506,#534,#536,.T.);
#534 = VERTEX_POINT('',#535);
#535 = CARTESIAN_POINT('',(67.690482847358,37.448275355817,
    29.083874451872));
#536 = SURFACE_CURVE('',#537,(#541,#548),.PCURVE_S1.);
#537 = LINE('',#538,#539);
#538 = CARTESIAN_POINT('',(67.802954923423,38.240329667153,
    29.083874451872));
#539 = VECTOR('',#540,1.);
#540 = DIRECTION('',(-0.14059009508,-0.99006788917,2.212189809361E-16));
#541 = PCURVE('',#126,#542);
#542 = DEFINITIONAL_REPRESENTATION('',(#543),#547);
#543 = LINE('',#544,#545);
#544 = CARTESIAN_POINT('',(28.41892016101,-0.664954290862));
#545 = VECTOR('',#546,1.);
#546 = DIRECTION('',(2.212189809361E-16,1.));
#547 = ( GEOMETRIC_REPRESENTATION_CONTEXT(2) 
PARAMETRIC_REPRESENTATION_CONTEXT() REPRESENTATION_CONTEXT('2D SPACE',''
  ) );
#548 = PCURVE('',#549,#554);
#549 = PLANE('',#550);
#550 = AXIS2_PLACEMENT_3D('',#551,#552,#553);
#551 = CARTESIAN_POINT('',(67.802954923423,38.240329667153,
    29.083874451872));
#552 = DIRECTION('',(-1.953047591908E-17,-2.206648572886E-16,-1.));
#553 = DIRECTION('',(-0.99006788917,0.14059009508,-1.16867961994E-17));
#554 = DEFINITIONAL_REPRESENTATION('',(#555),#559);
#555 = LINE('',#556,#557);
#556 = CARTESIAN_POINT('',(0.,0.));
#557 = VECTOR('',#558,1.);
#558 = DIRECTION('',(-2.585341145639E-33,-1.));
#559 = ( GEOMETRIC_REPRESENTATION_CONTEXT(2) 
PARAMETRIC_REPRESENTATION_CONTEXT() REPRESENTATION_CONTEXT('2D SPACE',''
  ) );
#560 = ORIENTED_EDGE('',*,*,#561,.F.);
#561 = EDGE_CURVE('',#562,#534,#564,.T.);
#562 = VERTEX_POINT('',#563);
#563 = CARTESIAN_POINT('',(67.690482847358,37.448275355817,1.2));
#564 = SURFACE_CURVE('',#565,(#569,#576),.PCURVE_S1.);
#565 = LINE('',#566,#567);
#566 = CARTESIAN_POINT('',(67.690482847358,37.448275355817,1.2));
#567 = VECTOR('',#568,1.);
#568 = DIRECTION('',(1.953047591908E-17,2.206648572886E-16,1.));
#569 = PCURVE('',#126,#570);
#570 = DEFINITIONAL_REPRESENTATION('',(#571),#575);
#571 = LINE('',#572,#573);
#572 = CARTESIAN_POINT('',(0.535045709138,0.135045709138));
#573 = VECTOR('',#574,1.);
#574 = DIRECTION('',(1.,-2.212189809361E-16));
#575 = ( GEOMETRIC_REPRESENTATION_CONTEXT(2) 
PARAMETRIC_REPRESENTATION_CONTEXT() REPRESENTATION_CONTEXT('2D SPACE',''
  ) );
#576 = PCURVE('',#577,#582);
#577 = PLANE('',#578);
#578 = AXIS2_PLACEMENT_3D('',#579,#580,#581);
#579 = CARTESIAN_POINT('',(11.291295392787,45.456985883071,
    15.141937225936));
#580 = DIRECTION('',(-0.14059009508,-0.99006788917,2.212189809361E-16));
#581 = DIRECTION('',(0.99006788917,-0.14059009508,1.16867961994E-17));
#582 = DEFINITIONAL_REPRESENTATION('',(#583),#587);
#583 = LINE('',#584,#585);
#584 = CARTESIAN_POINT('',(56.964969848541,-13.94193722593));
#585 = VECTOR('',#586,1.);
#586 = DIRECTION('',(0.,1.));
#587 = ( GEOMETRIC_REPRESENTATION_CONTEXT(2) 
PARAMETRIC_REPRESENTATION_CONTEXT() REPRESENTATION_CONTEXT('2D SPACE',''
  ) );
#588 = ORIENTED_EDGE('',*,*,#589,.T.);
#589 = EDGE_CURVE('',#562,#85,#590,.T.);
#590 = SURFACE_CURVE('',#591,(#596,#607),.PCURVE_S1.);
#591 = CIRCLE('',#592,0.4);
#592 = AXIS2_PLACEMENT_3D('',#593,#594,#595);
#593 = CARTESIAN_POINT('',(67.634246809326,37.052248200149,1.2));
#594 = DIRECTION('',(-0.99006788917,0.14059009508,0.));
#595 = DIRECTION('',(0.14059009508,0.99006788917,1.110223024625E-15));
#596 = PCURVE('',#126,#597);
#597 = DEFINITIONAL_REPRESENTATION('',(#598),#606);
#598 = ( BOUNDED_CURVE() B_SPLINE_CURVE(2,(#599,#600,#601,#602,#603,#604
,#605),.UNSPECIFIED.,.T.,.F.) B_SPLINE_CURVE_WITH_KNOTS((1,2,2,2,2,1),(
    -2.094395102393,0.,2.094395102393,4.188790204786,6.28318530718,
8.377580409573),.UNSPECIFIED.) CURVE() GEOMETRIC_REPRESENTATION_ITEM() 
RATIONAL_B_SPLINE_CURVE((1.,0.5,1.,0.5,1.,0.5,1.)) REPRESENTATION_ITEM(
  '') );
#599 = CARTESIAN_POINT('',(0.535045709138,0.135045709138));
#600 = CARTESIAN_POINT('',(-0.15777461389,0.135045709138));
#601 = CARTESIAN_POINT('',(0.188635547624,0.735045709138));
#602 = CARTESIAN_POINT('',(0.535045709138,1.335045709138));
#603 = CARTESIAN_POINT('',(0.881455870651,0.735045709138));
#604 = CARTESIAN_POINT('',(1.227866032165,0.135045709138));
#605 = CARTESIAN_POINT('',(0.535045709138,0.135045709138));
#606 = ( GEOMETRIC_REPRESENTATION_CONTEXT(2) 
PARAMETRIC_REPRESENTATION_CONTEXT() REPRESENTATION_CONTEXT('2D SPACE',''
  ) );
#607 = PCURVE('',#608,#613);
#608 = CYLINDRICAL_SURFACE('',#609,0.4);
#609 = AXIS2_PLACEMENT_3D('',#610,#611,#612);
#610 = CARTESIAN_POINT('',(-45.16412809981,53.069669254657,1.2));
#611 = DIRECTION('',(-0.99006788917,0.14059009508,0.));
#612 = DIRECTION('',(0.14059009508,0.99006788917,1.110223024625E-15));
#613 = DEFINITIONAL_REPRESENTATION('',(#614),#618);
#614 = LINE('',#615,#616);
#615 = CARTESIAN_POINT('',(0.,-113.929939697));
#616 = VECTOR('',#617,1.);
#617 = DIRECTION('',(1.,0.));
#618 = ( GEOMETRIC_REPRESENTATION_CONTEXT(2) 
PARAMETRIC_REPRESENTATION_CONTEXT() REPRESENTATION_CONTEXT('2D SPACE',''
  ) );
#619 = ORIENTED_EDGE('',*,*,#112,.T.);
#620 = ADVANCED_FACE('',(#621,#890),#100,.T.);
#621 = FACE_BOUND('',#622,.T.);
#622 = EDGE_LOOP('',(#623,#624,#647,#670,#693,#721,#744,#767,#795,#818,
    #841,#869));
#623 = ORIENTED_EDGE('',*,*,#84,.T.);
#624 = ORIENTED_EDGE('',*,*,#625,.F.);
#625 = EDGE_CURVE('',#626,#85,#628,.T.);
#626 = VERTEX_POINT('',#627);
#627 = CARTESIAN_POINT('',(-45.16412809981,53.069669254657,0.8));
#628 = SURFACE_CURVE('',#629,(#633,#640),.PCURVE_S1.);
#629 = LINE('',#630,#631);
#630 = CARTESIAN_POINT('',(-45.16412809981,53.069669254657,0.8));
#631 = VECTOR('',#632,1.);
#632 = DIRECTION('',(0.99006788917,-0.14059009508,0.));
#633 = PCURVE('',#100,#634);
#634 = DEFINITIONAL_REPRESENTATION('',(#635),#639);
#635 = LINE('',#636,#637);
#636 = CARTESIAN_POINT('',(-32.22088485916,48.358451648087));
#637 = VECTOR('',#638,1.);
#638 = DIRECTION('',(0.99006788917,-0.14059009508));
#639 = ( GEOMETRIC_REPRESENTATION_CONTEXT(2) 
PARAMETRIC_REPRESENTATION_CONTEXT() REPRESENTATION_CONTEXT('2D SPACE',''
  ) );
#640 = PCURVE('',#608,#641);
#641 = DEFINITIONAL_REPRESENTATION('',(#642),#646);
#642 = LINE('',#643,#644);
#643 = CARTESIAN_POINT('',(1.570796326795,0.));
#644 = VECTOR('',#645,1.);
#645 = DIRECTION('',(0.,-1.));
#646 = ( GEOMETRIC_REPRESENTATION_CONTEXT(2) 
PARAMETRIC_REPRESENTATION_CONTEXT() REPRESENTATION_CONTEXT('2D SPACE',''
  ) );
#647 = ORIENTED_EDGE('',*,*,#648,.T.);
#648 = EDGE_CURVE('',#626,#649,#651,.T.);
#649 = VERTEX_POINT('',#650);
#650 = CARTESIAN_POINT('',(-69.33520843749,56.501973766337,0.8));
#651 = SURFACE_CURVE('',#652,(#656,#663),.PCURVE_S1.);
#652 = LINE('',#653,#654);
#653 = CARTESIAN_POINT('',(91.805327147,33.619943688469,0.8));
#654 = VECTOR('',#655,1.);
#655 = DIRECTION('',(-0.99006788917,0.14059009508,0.));
#656 = PCURVE('',#100,#657);
#657 = DEFINITIONAL_REPRESENTATION('',(#658),#662);
#658 = LINE('',#659,#660);
#659 = CARTESIAN_POINT('',(104.74857038765,28.9087260819));
#660 = VECTOR('',#661,1.);
#661 = DIRECTION('',(-0.99006788917,0.14059009508));
#662 = ( GEOMETRIC_REPRESENTATION_CONTEXT(2) 
PARAMETRIC_REPRESENTATION_CONTEXT() REPRESENTATION_CONTEXT('2D SPACE',''
  ) );
#663 = PCURVE('',#186,#664);
#664 = DEFINITIONAL_REPRESENTATION('',(#665),#669);
#665 = LINE('',#666,#667);
#666 = CARTESIAN_POINT('',(0.,-0.8));
#667 = VECTOR('',#668,1.);
#668 = DIRECTION('',(1.,0.));
#669 = ( GEOMETRIC_REPRESENTATION_CONTEXT(2) 
PARAMETRIC_REPRESENTATION_CONTEXT() REPRESENTATION_CONTEXT('2D SPACE',''
  ) );
#670 = ORIENTED_EDGE('',*,*,#671,.T.);
#671 = EDGE_CURVE('',#649,#672,#674,.T.);
#672 = VERTEX_POINT('',#673);
#673 = CARTESIAN_POINT('',(-72.99960048776,49.533507304121,0.8));
#674 = SURFACE_CURVE('',#675,(#679,#686),.PCURVE_S1.);
#675 = LINE('',#676,#677);
#676 = CARTESIAN_POINT('',(-69.33520843749,56.501973766337,0.8));
#677 = VECTOR('',#678,1.);
#678 = DIRECTION('',(-0.465425949604,-0.88508682367,0.));
#679 = PCURVE('',#100,#680);
#680 = DEFINITIONAL_REPRESENTATION('',(#681),#685);
#681 = LINE('',#682,#683);
#682 = CARTESIAN_POINT('',(-56.39196519683,51.790756159767));
#683 = VECTOR('',#684,1.);
#684 = DIRECTION('',(-0.465425949604,-0.88508682367));
#685 = ( GEOMETRIC_REPRESENTATION_CONTEXT(2) 
PARAMETRIC_REPRESENTATION_CONTEXT() REPRESENTATION_CONTEXT('2D SPACE',''
  ) );
#686 = PCURVE('',#214,#687);
#687 = DEFINITIONAL_REPRESENTATION('',(#688),#692);
#688 = LINE('',#689,#690);
#689 = CARTESIAN_POINT('',(0.,-0.8));
#690 = VECTOR('',#691,1.);
#691 = DIRECTION('',(1.,-0.));
#692 = ( GEOMETRIC_REPRESENTATION_CONTEXT(2) 
PARAMETRIC_REPRESENTATION_CONTEXT() REPRESENTATION_CONTEXT('2D SPACE',''
  ) );
#693 = ORIENTED_EDGE('',*,*,#694,.F.);
#694 = EDGE_CURVE('',#695,#672,#697,.T.);
#695 = VERTEX_POINT('',#696);
#696 = CARTESIAN_POINT('',(-90.10009672238,17.013997147115,0.8));
#697 = SURFACE_CURVE('',#698,(#702,#709),.PCURVE_S1.);
#698 = LINE('',#699,#700);
#699 = CARTESIAN_POINT('',(-90.10009672238,17.013997147115,0.8));
#700 = VECTOR('',#701,1.);
#701 = DIRECTION('',(0.465425949604,0.88508682367,0.));
#702 = PCURVE('',#100,#703);
#703 = DEFINITIONAL_REPRESENTATION('',(#704),#708);
#704 = LINE('',#705,#706);
#705 = CARTESIAN_POINT('',(-77.15685348173,12.302779540545));
#706 = VECTOR('',#707,1.);
#707 = DIRECTION('',(0.465425949604,0.88508682367));
#708 = ( GEOMETRIC_REPRESENTATION_CONTEXT(2) 
PARAMETRIC_REPRESENTATION_CONTEXT() REPRESENTATION_CONTEXT('2D SPACE',''
  ) );
#709 = PCURVE('',#710,#715);
#710 = CYLINDRICAL_SURFACE('',#711,1.6);
#711 = AXIS2_PLACEMENT_3D('',#712,#713,#714);
#712 = CARTESIAN_POINT('',(-90.10009672238,17.013997147115,2.4));
#713 = DIRECTION('',(-0.465425949604,-0.88508682367,0.));
#714 = DIRECTION('',(-0.88508682367,0.465425949604,0.));
#715 = DEFINITIONAL_REPRESENTATION('',(#716),#720);
#716 = LINE('',#717,#718);
#717 = CARTESIAN_POINT('',(1.570796326795,0.));
#718 = VECTOR('',#719,1.);
#719 = DIRECTION('',(0.,-1.));
#720 = ( GEOMETRIC_REPRESENTATION_CONTEXT(2) 
PARAMETRIC_REPRESENTATION_CONTEXT() REPRESENTATION_CONTEXT('2D SPACE',''
  ) );
#721 = ORIENTED_EDGE('',*,*,#722,.T.);
#722 = EDGE_CURVE('',#695,#723,#725,.T.);
#723 = VERTEX_POINT('',#724);
#724 = CARTESIAN_POINT('',(-93.76448877266,10.045530684899,0.8));
#725 = SURFACE_CURVE('',#726,(#730,#737),.PCURVE_S1.);
#726 = LINE('',#727,#728);
#727 = CARTESIAN_POINT('',(-69.33520843749,56.501973766337,0.8));
#728 = VECTOR('',#729,1.);
#729 = DIRECTION('',(-0.465425949604,-0.88508682367,0.));
#730 = PCURVE('',#100,#731);
#731 = DEFINITIONAL_REPRESENTATION('',(#732),#736);
#732 = LINE('',#733,#734);
#733 = CARTESIAN_POINT('',(-56.39196519683,51.790756159767));
#734 = VECTOR('',#735,1.);
#735 = DIRECTION('',(-0.465425949604,-0.88508682367));
#736 = ( GEOMETRIC_REPRESENTATION_CONTEXT(2) 
PARAMETRIC_REPRESENTATION_CONTEXT() REPRESENTATION_CONTEXT('2D SPACE',''
  ) );
#737 = PCURVE('',#270,#738);
#738 = DEFINITIONAL_REPRESENTATION('',(#739),#743);
#739 = LINE('',#740,#741);
#740 = CARTESIAN_POINT('',(0.,-0.8));
#741 = VECTOR('',#742,1.);
#742 = DIRECTION('',(1.,-0.));
#743 = ( GEOMETRIC_REPRESENTATION_CONTEXT(2) 
PARAMETRIC_REPRESENTATION_CONTEXT() REPRESENTATION_CONTEXT('2D SPACE',''
  ) );
#744 = ORIENTED_EDGE('',*,*,#745,.T.);
#745 = EDGE_CURVE('',#723,#746,#748,.T.);
#746 = VERTEX_POINT('',#747);
#747 = CARTESIAN_POINT('',(-88.50827703719,-2.655851008027,0.8));
#748 = SURFACE_CURVE('',#749,(#753,#760),.PCURVE_S1.);
#749 = LINE('',#750,#751);
#750 = CARTESIAN_POINT('',(-93.76448877266,10.045530684899,0.8));
#751 = VECTOR('',#752,1.);
#752 = DIRECTION('',(0.382380835783,-0.924004814071,0.));
#753 = PCURVE('',#100,#754);
#754 = DEFINITIONAL_REPRESENTATION('',(#755),#759);
#755 = LINE('',#756,#757);
#756 = CARTESIAN_POINT('',(-80.821245532,5.334313078329));
#757 = VECTOR('',#758,1.);
#758 = DIRECTION('',(0.382380835783,-0.924004814071));
#759 = ( GEOMETRIC_REPRESENTATION_CONTEXT(2) 
PARAMETRIC_REPRESENTATION_CONTEXT() REPRESENTATION_CONTEXT('2D SPACE',''
  ) );
#760 = PCURVE('',#298,#761);
#761 = DEFINITIONAL_REPRESENTATION('',(#762),#766);
#762 = LINE('',#763,#764);
#763 = CARTESIAN_POINT('',(0.,-0.8));
#764 = VECTOR('',#765,1.);
#765 = DIRECTION('',(1.,0.));
#766 = ( GEOMETRIC_REPRESENTATION_CONTEXT(2) 
PARAMETRIC_REPRESENTATION_CONTEXT() REPRESENTATION_CONTEXT('2D SPACE',''
  ) );
#767 = ORIENTED_EDGE('',*,*,#768,.F.);
#768 = EDGE_CURVE('',#769,#746,#771,.T.);
#769 = VERTEX_POINT('',#770);
#770 = CARTESIAN_POINT('',(-63.97928893835,-61.92896557501,0.8));
#771 = SURFACE_CURVE('',#772,(#776,#783),.PCURVE_S1.);
#772 = LINE('',#773,#774);
#773 = CARTESIAN_POINT('',(-63.97928893835,-61.92896557501,0.8));
#774 = VECTOR('',#775,1.);
#775 = DIRECTION('',(-0.382380835783,0.924004814071,0.));
#776 = PCURVE('',#100,#777);
#777 = DEFINITIONAL_REPRESENTATION('',(#778),#782);
#778 = LINE('',#779,#780);
#779 = CARTESIAN_POINT('',(-51.0360456977,-66.64018318158));
#780 = VECTOR('',#781,1.);
#781 = DIRECTION('',(-0.382380835783,0.924004814071));
#782 = ( GEOMETRIC_REPRESENTATION_CONTEXT(2) 
PARAMETRIC_REPRESENTATION_CONTEXT() REPRESENTATION_CONTEXT('2D SPACE',''
  ) );
#783 = PCURVE('',#784,#789);
#784 = CYLINDRICAL_SURFACE('',#785,0.8);
#785 = AXIS2_PLACEMENT_3D('',#786,#787,#788);
#786 = CARTESIAN_POINT('',(-63.97928893835,-61.92896557501,1.6));
#787 = DIRECTION('',(0.382380835783,-0.924004814071,0.));
#788 = DIRECTION('',(-0.924004814071,-0.382380835783,5.551115123126E-16)
  );
#789 = DEFINITIONAL_REPRESENTATION('',(#790),#794);
#790 = LINE('',#791,#792);
#791 = CARTESIAN_POINT('',(1.570796326795,0.));
#792 = VECTOR('',#793,1.);
#793 = DIRECTION('',(0.,-1.));
#794 = ( GEOMETRIC_REPRESENTATION_CONTEXT(2) 
PARAMETRIC_REPRESENTATION_CONTEXT() REPRESENTATION_CONTEXT('2D SPACE',''
  ) );
#795 = ORIENTED_EDGE('',*,*,#796,.T.);
#796 = EDGE_CURVE('',#769,#797,#799,.T.);
#797 = VERTEX_POINT('',#798);
#798 = CARTESIAN_POINT('',(-58.72307720289,-74.63034726794,0.8));
#799 = SURFACE_CURVE('',#800,(#804,#811),.PCURVE_S1.);
#800 = LINE('',#801,#802);
#801 = CARTESIAN_POINT('',(-93.76448877266,10.045530684899,0.8));
#802 = VECTOR('',#803,1.);
#803 = DIRECTION('',(0.382380835783,-0.924004814071,0.));
#804 = PCURVE('',#100,#805);
#805 = DEFINITIONAL_REPRESENTATION('',(#806),#810);
#806 = LINE('',#807,#808);
#807 = CARTESIAN_POINT('',(-80.821245532,5.334313078329));
#808 = VECTOR('',#809,1.);
#809 = DIRECTION('',(0.382380835783,-0.924004814071));
#810 = ( GEOMETRIC_REPRESENTATION_CONTEXT(2) 
PARAMETRIC_REPRESENTATION_CONTEXT() REPRESENTATION_CONTEXT('2D SPACE',''
  ) );
#811 = PCURVE('',#354,#812);
#812 = DEFINITIONAL_REPRESENTATION('',(#813),#817);
#813 = LINE('',#814,#815);
#814 = CARTESIAN_POINT('',(0.,-0.8));
#815 = VECTOR('',#816,1.);
#816 = DIRECTION('',(1.,0.));
#817 = ( GEOMETRIC_REPRESENTATION_CONTEXT(2) 
PARAMETRIC_REPRESENTATION_CONTEXT() REPRESENTATION_CONTEXT('2D SPACE',''
  ) );
#818 = ORIENTED_EDGE('',*,*,#819,.T.);
#819 = EDGE_CURVE('',#797,#820,#822,.T.);
#820 = VERTEX_POINT('',#821);
#821 = CARTESIAN_POINT('',(-36.1438165504,-58.39280362447,0.8));
#822 = SURFACE_CURVE('',#823,(#827,#834),.PCURVE_S1.);
#823 = LINE('',#824,#825);
#824 = CARTESIAN_POINT('',(-58.72307720289,-74.63034726794,0.8));
#825 = VECTOR('',#826,1.);
#826 = DIRECTION('',(0.811867092209,0.583842294278,0.));
#827 = PCURVE('',#100,#828);
#828 = DEFINITIONAL_REPRESENTATION('',(#829),#833);
#829 = LINE('',#830,#831);
#830 = CARTESIAN_POINT('',(-45.77983396223,-79.3415648745));
#831 = VECTOR('',#832,1.);
#832 = DIRECTION('',(0.811867092209,0.583842294278));
#833 = ( GEOMETRIC_REPRESENTATION_CONTEXT(2) 
PARAMETRIC_REPRESENTATION_CONTEXT() REPRESENTATION_CONTEXT('2D SPACE',''
  ) );
#834 = PCURVE('',#382,#835);
#835 = DEFINITIONAL_REPRESENTATION('',(#836),#840);
#836 = LINE('',#837,#838);
#837 = CARTESIAN_POINT('',(0.,-0.8));
#838 = VECTOR('',#839,1.);
#839 = DIRECTION('',(1.,0.));
#840 = ( GEOMETRIC_REPRESENTATION_CONTEXT(2) 
PARAMETRIC_REPRESENTATION_CONTEXT() REPRESENTATION_CONTEXT('2D SPACE',''
  ) );
#841 = ORIENTED_EDGE('',*,*,#842,.F.);
#842 = EDGE_CURVE('',#843,#820,#845,.T.);
#843 = VERTEX_POINT('',#844);
#844 = CARTESIAN_POINT('',(69.226066494516,17.382400045008,0.8));
#845 = SURFACE_CURVE('',#846,(#850,#857),.PCURVE_S1.);
#846 = LINE('',#847,#848);
#847 = CARTESIAN_POINT('',(69.226066494516,17.382400045008,0.8));
#848 = VECTOR('',#849,1.);
#849 = DIRECTION('',(-0.811867092209,-0.583842294278,0.));
#850 = PCURVE('',#100,#851);
#851 = DEFINITIONAL_REPRESENTATION('',(#852),#856);
#852 = LINE('',#853,#854);
#853 = CARTESIAN_POINT('',(82.169309735171,12.671182438438));
#854 = VECTOR('',#855,1.);
#855 = DIRECTION('',(-0.811867092209,-0.583842294278));
#856 = ( GEOMETRIC_REPRESENTATION_CONTEXT(2) 
PARAMETRIC_REPRESENTATION_CONTEXT() REPRESENTATION_CONTEXT('2D SPACE',''
  ) );
#857 = PCURVE('',#858,#863);
#858 = CYLINDRICAL_SURFACE('',#859,0.4);
#859 = AXIS2_PLACEMENT_3D('',#860,#861,#862);
#860 = CARTESIAN_POINT('',(69.226066494516,17.382400045008,1.2));
#861 = DIRECTION('',(0.811867092209,0.583842294278,0.));
#862 = DIRECTION('',(0.583842294278,-0.811867092209,1.110223024625E-15)
  );
#863 = DEFINITIONAL_REPRESENTATION('',(#864),#868);
#864 = LINE('',#865,#866);
#865 = CARTESIAN_POINT('',(1.570796326795,0.));
#866 = VECTOR('',#867,1.);
#867 = DIRECTION('',(0.,-1.));
#868 = ( GEOMETRIC_REPRESENTATION_CONTEXT(2) 
PARAMETRIC_REPRESENTATION_CONTEXT() REPRESENTATION_CONTEXT('2D SPACE',''
  ) );
#869 = ORIENTED_EDGE('',*,*,#870,.T.);
#870 = EDGE_CURVE('',#843,#57,#871,.T.);
#871 = SURFACE_CURVE('',#872,(#876,#883),.PCURVE_S1.);
#872 = LINE('',#873,#874);
#873 = CARTESIAN_POINT('',(-58.72307720289,-74.63034726794,0.8));
#874 = VECTOR('',#875,1.);
#875 = DIRECTION('',(0.811867092209,0.583842294278,0.));
#876 = PCURVE('',#100,#877);
#877 = DEFINITIONAL_REPRESENTATION('',(#878),#882);
#878 = LINE('',#879,#880);
#879 = CARTESIAN_POINT('',(-45.77983396223,-79.3415648745));
#880 = VECTOR('',#881,1.);
#881 = DIRECTION('',(0.811867092209,0.583842294278));
#882 = ( GEOMETRIC_REPRESENTATION_CONTEXT(2) 
PARAMETRIC_REPRESENTATION_CONTEXT() REPRESENTATION_CONTEXT('2D SPACE',''
  ) );
#883 = PCURVE('',#72,#884);
#884 = DEFINITIONAL_REPRESENTATION('',(#885),#889);
#885 = LINE('',#886,#887);
#886 = CARTESIAN_POINT('',(0.,-0.8));
#887 = VECTOR('',#888,1.);
#888 = DIRECTION('',(1.,0.));
#889 = ( GEOMETRIC_REPRESENTATION_CONTEXT(2) 
PARAMETRIC_REPRESENTATION_CONTEXT() REPRESENTATION_CONTEXT('2D SPACE',''
  ) );
#890 = FACE_BOUND('',#891,.T.);
#891 = EDGE_LOOP('',(#892));
#892 = ORIENTED_EDGE('',*,*,#893,.T.);
#893 = EDGE_CURVE('',#894,#894,#896,.T.);
#894 = VERTEX_POINT('',#895);
#895 = CARTESIAN_POINT('',(-47.68254260869,-42.30740071456,0.8));
#896 = SURFACE_CURVE('',#897,(#902,#913),.PCURVE_S1.);
#897 = CIRCLE('',#898,3.82);
#898 = AXIS2_PLACEMENT_3D('',#899,#900,#901);
#899 = CARTESIAN_POINT('',(-51.50254260869,-42.30740071456,0.8));
#900 = DIRECTION('',(0.,0.,-1.));
#901 = DIRECTION('',(1.,0.,0.));
#902 = PCURVE('',#100,#903);
#903 = DEFINITIONAL_REPRESENTATION('',(#904),#912);
#904 = ( BOUNDED_CURVE() B_SPLINE_CURVE(2,(#905,#906,#907,#908,#909,#910
,#911),.UNSPECIFIED.,.T.,.F.) B_SPLINE_CURVE_WITH_KNOTS((1,2,2,2,2,1),(
    -2.094395102393,0.,2.094395102393,4.188790204786,6.28318530718,
8.377580409573),.UNSPECIFIED.) CURVE() GEOMETRIC_REPRESENTATION_ITEM() 
RATIONAL_B_SPLINE_CURVE((1.,0.5,1.,0.5,1.,0.5,1.)) REPRESENTATION_ITEM(
  '') );
#905 = CARTESIAN_POINT('',(-34.73929936803,-47.01861832112));
#906 = CARTESIAN_POINT('',(-34.73929936803,-53.63505240604));
#907 = CARTESIAN_POINT('',(-40.46929936803,-50.32683536358));
#908 = CARTESIAN_POINT('',(-46.19929936803,-47.01861832112));
#909 = CARTESIAN_POINT('',(-40.46929936803,-43.71040127867));
#910 = CARTESIAN_POINT('',(-34.73929936803,-40.40218423621));
#911 = CARTESIAN_POINT('',(-34.73929936803,-47.01861832112));
#912 = ( GEOMETRIC_REPRESENTATION_CONTEXT(2) 
PARAMETRIC_REPRESENTATION_CONTEXT() REPRESENTATION_CONTEXT('2D SPACE',''
  ) );
#913 = PCURVE('',#466,#914);
#914 = DEFINITIONAL_REPRESENTATION('',(#915),#919);
#915 = LINE('',#916,#917);
#916 = CARTESIAN_POINT('',(-6.28318530718,-1.8));
#917 = VECTOR('',#918,1.);
#918 = DIRECTION('',(1.,-0.));
#919 = ( GEOMETRIC_REPRESENTATION_CONTEXT(2) 
PARAMETRIC_REPRESENTATION_CONTEXT() REPRESENTATION_CONTEXT('2D SPACE',''
  ) );
#920 = ADVANCED_FACE('',(#921),#72,.F.);
#921 = FACE_BOUND('',#922,.F.);
#922 = EDGE_LOOP('',(#923,#924,#950,#951));
#923 = ORIENTED_EDGE('',*,*,#422,.F.);
#924 = ORIENTED_EDGE('',*,*,#925,.F.);
#925 = EDGE_CURVE('',#843,#395,#926,.T.);
#926 = SURFACE_CURVE('',#927,(#931,#938),.PCURVE_S1.);
#927 = LINE('',#928,#929);
#928 = CARTESIAN_POINT('',(69.226066494516,17.382400045008,0.8));
#929 = VECTOR('',#930,1.);
#930 = DIRECTION('',(2.466279231202E-17,-3.429506508242E-17,-1.));
#931 = PCURVE('',#72,#932);
#932 = DEFINITIONAL_REPRESENTATION('',(#933),#937);
#933 = LINE('',#934,#935);
#934 = CARTESIAN_POINT('',(157.59863273828,-0.8));
#935 = VECTOR('',#936,1.);
#936 = DIRECTION('',(2.501758629998E-33,1.));
#937 = ( GEOMETRIC_REPRESENTATION_CONTEXT(2) 
PARAMETRIC_REPRESENTATION_CONTEXT() REPRESENTATION_CONTEXT('2D SPACE',''
  ) );
#938 = PCURVE('',#939,#944);
#939 = PLANE('',#940);
#940 = AXIS2_PLACEMENT_3D('',#941,#942,#943);
#941 = CARTESIAN_POINT('',(69.538448808882,16.948014040931,
    0.664954290862));
#942 = DIRECTION('',(-0.811867092209,-0.583842294278,0.));
#943 = DIRECTION('',(0.,0.,1.));
#944 = DEFINITIONAL_REPRESENTATION('',(#945),#949);
#945 = LINE('',#946,#947);
#946 = CARTESIAN_POINT('',(0.135045709138,0.535045709138));
#947 = VECTOR('',#948,1.);
#948 = DIRECTION('',(-1.,-4.224221601234E-17));
#949 = ( GEOMETRIC_REPRESENTATION_CONTEXT(2) 
PARAMETRIC_REPRESENTATION_CONTEXT() REPRESENTATION_CONTEXT('2D SPACE',''
  ) );
#950 = ORIENTED_EDGE('',*,*,#870,.T.);
#951 = ORIENTED_EDGE('',*,*,#56,.F.);
#952 = ADVANCED_FACE('',(#953),#158,.T.);
#953 = FACE_BOUND('',#954,.F.);
#954 = EDGE_LOOP('',(#955,#956,#957,#979));
#955 = ORIENTED_EDGE('',*,*,#142,.T.);
#956 = ORIENTED_EDGE('',*,*,#481,.T.);
#957 = ORIENTED_EDGE('',*,*,#958,.F.);
#958 = EDGE_CURVE('',#959,#482,#961,.T.);
#959 = VERTEX_POINT('',#960);
#960 = CARTESIAN_POINT('',(-44.99541998572,54.25775072166,1.2));
#961 = SURFACE_CURVE('',#962,(#966,#972),.PCURVE_S1.);
#962 = LINE('',#963,#964);
#963 = CARTESIAN_POINT('',(-44.99541998572,54.25775072166,1.2));
#964 = VECTOR('',#965,1.);
#965 = DIRECTION('',(0.99006788917,-0.14059009508,1.16867961994E-17));
#966 = PCURVE('',#158,#967);
#967 = DEFINITIONAL_REPRESENTATION('',(#968),#971);
#968 = B_SPLINE_CURVE_WITH_KNOTS('',1,(#969,#970),.UNSPECIFIED.,.F.,.F.,
  (2,2),(0.,113.92993969708),.PIECEWISE_BEZIER_KNOTS.);
#969 = CARTESIAN_POINT('',(-1.570796326795,0.));
#970 = CARTESIAN_POINT('',(-1.570796326795,-113.929939697));
#971 = ( GEOMETRIC_REPRESENTATION_CONTEXT(2) 
PARAMETRIC_REPRESENTATION_CONTEXT() REPRESENTATION_CONTEXT('2D SPACE',''
  ) );
#972 = PCURVE('',#521,#973);
#973 = DEFINITIONAL_REPRESENTATION('',(#974),#978);
#974 = LINE('',#975,#976);
#975 = CARTESIAN_POINT('',(-56.96496984854,-13.94193722593));
#976 = VECTOR('',#977,1.);
#977 = DIRECTION('',(1.,0.));
#978 = ( GEOMETRIC_REPRESENTATION_CONTEXT(2) 
PARAMETRIC_REPRESENTATION_CONTEXT() REPRESENTATION_CONTEXT('2D SPACE',''
  ) );
#979 = ORIENTED_EDGE('',*,*,#980,.F.);
#980 = EDGE_CURVE('',#143,#959,#981,.T.);
#981 = SURFACE_CURVE('',#982,(#987,#994),.PCURVE_S1.);
#982 = CIRCLE('',#983,1.2);
#983 = AXIS2_PLACEMENT_3D('',#984,#985,#986);
#984 = CARTESIAN_POINT('',(-45.16412809981,53.069669254657,1.2));
#985 = DIRECTION('',(0.99006788917,-0.14059009508,3.08148791102E-33));
#986 = DIRECTION('',(-1.951079507405E-17,-1.373995208123E-16,-1.));
#987 = PCURVE('',#158,#988);
#988 = DEFINITIONAL_REPRESENTATION('',(#989),#993);
#989 = LINE('',#990,#991);
#990 = CARTESIAN_POINT('',(-0.,0.));
#991 = VECTOR('',#992,1.);
#992 = DIRECTION('',(-1.,0.));
#993 = ( GEOMETRIC_REPRESENTATION_CONTEXT(2) 
PARAMETRIC_REPRESENTATION_CONTEXT() REPRESENTATION_CONTEXT('2D SPACE',''
  ) );
#994 = PCURVE('',#995,#1000);
#995 = PLANE('',#996);
#996 = AXIS2_PLACEMENT_3D('',#997,#998,#999);
#997 = CARTESIAN_POINT('',(-45.08890597269,53.599400830512,
    0.664954290862));
#998 = DIRECTION('',(0.99006788917,-0.14059009508,0.));
#999 = DIRECTION('',(0.,0.,1.));
#1000 = DEFINITIONAL_REPRESENTATION('',(#1001),#1005);
#1001 = CIRCLE('',#1002,1.2);
#1002 = AXIS2_PLACEMENT_2D('',#1003,#1004);
#1003 = CARTESIAN_POINT('',(0.535045709138,0.535045709138));
#1004 = DIRECTION('',(-1.,1.387778780781E-16));
#1005 = ( GEOMETRIC_REPRESENTATION_CONTEXT(2) 
PARAMETRIC_REPRESENTATION_CONTEXT() REPRESENTATION_CONTEXT('2D SPACE',''
  ) );
#1006 = ADVANCED_FACE('',(#1007),#186,.F.);
#1007 = FACE_BOUND('',#1008,.F.);
#1008 = EDGE_LOOP('',(#1009,#1010,#1031,#1032));
#1009 = ORIENTED_EDGE('',*,*,#170,.F.);
#1010 = ORIENTED_EDGE('',*,*,#1011,.F.);
#1011 = EDGE_CURVE('',#626,#143,#1012,.T.);
#1012 = SURFACE_CURVE('',#1013,(#1017,#1024),.PCURVE_S1.);
#1013 = LINE('',#1014,#1015);
#1014 = CARTESIAN_POINT('',(-45.16412809981,53.069669254657,0.8));
#1015 = VECTOR('',#1016,1.);
#1016 = DIRECTION('',(5.938837165578E-18,4.18226616412E-17,-1.));
#1017 = PCURVE('',#186,#1018);
#1018 = DEFINITIONAL_REPRESENTATION('',(#1019),#1023);
#1019 = LINE('',#1020,#1021);
#1020 = CARTESIAN_POINT('',(138.3434982036,-0.8));
#1021 = VECTOR('',#1022,1.);
#1022 = DIRECTION('',(-2.288161673674E-33,1.));
#1023 = ( GEOMETRIC_REPRESENTATION_CONTEXT(2) 
PARAMETRIC_REPRESENTATION_CONTEXT() REPRESENTATION_CONTEXT('2D SPACE',''
  ) );
#1024 = PCURVE('',#995,#1025);
#1025 = DEFINITIONAL_REPRESENTATION('',(#1026),#1030);
#1026 = LINE('',#1027,#1028);
#1027 = CARTESIAN_POINT('',(0.135045709138,0.535045709138));
#1028 = VECTOR('',#1029,1.);
#1029 = DIRECTION('',(-1.,-4.224221601234E-17));
#1030 = ( GEOMETRIC_REPRESENTATION_CONTEXT(2) 
PARAMETRIC_REPRESENTATION_CONTEXT() REPRESENTATION_CONTEXT('2D SPACE',''
  ) );
#1031 = ORIENTED_EDGE('',*,*,#648,.T.);
#1032 = ORIENTED_EDGE('',*,*,#1033,.F.);
#1033 = EDGE_CURVE('',#171,#649,#1034,.T.);
#1034 = SURFACE_CURVE('',#1035,(#1039,#1046),.PCURVE_S1.);
#1035 = LINE('',#1036,#1037);
#1036 = CARTESIAN_POINT('',(-69.33520843749,56.501973766337,0.));
#1037 = VECTOR('',#1038,1.);
#1038 = DIRECTION('',(0.,0.,1.));
#1039 = PCURVE('',#186,#1040);
#1040 = DEFINITIONAL_REPRESENTATION('',(#1041),#1045);
#1041 = LINE('',#1042,#1043);
#1042 = CARTESIAN_POINT('',(162.75705671011,0.));
#1043 = VECTOR('',#1044,1.);
#1044 = DIRECTION('',(0.,-1.));
#1045 = ( GEOMETRIC_REPRESENTATION_CONTEXT(2) 
PARAMETRIC_REPRESENTATION_CONTEXT() REPRESENTATION_CONTEXT('2D SPACE',''
  ) );
#1046 = PCURVE('',#214,#1047);
#1047 = DEFINITIONAL_REPRESENTATION('',(#1048),#1052);
#1048 = LINE('',#1049,#1050);
#1049 = CARTESIAN_POINT('',(0.,0.));
#1050 = VECTOR('',#1051,1.);
#1051 = DIRECTION('',(0.,-1.));
#1052 = ( GEOMETRIC_REPRESENTATION_CONTEXT(2) 
PARAMETRIC_REPRESENTATION_CONTEXT() REPRESENTATION_CONTEXT('2D SPACE',''
  ) );
#1053 = ADVANCED_FACE('',(#1054),#382,.F.);
#1054 = FACE_BOUND('',#1055,.F.);
#1055 = EDGE_LOOP('',(#1056,#1057,#1078,#1079));
#1056 = ORIENTED_EDGE('',*,*,#366,.F.);
#1057 = ORIENTED_EDGE('',*,*,#1058,.T.);
#1058 = EDGE_CURVE('',#339,#797,#1059,.T.);
#1059 = SURFACE_CURVE('',#1060,(#1064,#1071),.PCURVE_S1.);
#1060 = LINE('',#1061,#1062);
#1061 = CARTESIAN_POINT('',(-58.72307720289,-74.63034726794,0.));
#1062 = VECTOR('',#1063,1.);
#1063 = DIRECTION('',(0.,0.,1.));
#1064 = PCURVE('',#382,#1065);
#1065 = DEFINITIONAL_REPRESENTATION('',(#1066),#1070);
#1066 = LINE('',#1067,#1068);
#1067 = CARTESIAN_POINT('',(0.,0.));
#1068 = VECTOR('',#1069,1.);
#1069 = DIRECTION('',(0.,-1.));
#1070 = ( GEOMETRIC_REPRESENTATION_CONTEXT(2) 
PARAMETRIC_REPRESENTATION_CONTEXT() REPRESENTATION_CONTEXT('2D SPACE',''
  ) );
#1071 = PCURVE('',#354,#1072);
#1072 = DEFINITIONAL_REPRESENTATION('',(#1073),#1077);
#1073 = LINE('',#1074,#1075);
#1074 = CARTESIAN_POINT('',(91.640083107153,0.));
#1075 = VECTOR('',#1076,1.);
#1076 = DIRECTION('',(0.,-1.));
#1077 = ( GEOMETRIC_REPRESENTATION_CONTEXT(2) 
PARAMETRIC_REPRESENTATION_CONTEXT() REPRESENTATION_CONTEXT('2D SPACE',''
  ) );
#1078 = ORIENTED_EDGE('',*,*,#819,.T.);
#1079 = ORIENTED_EDGE('',*,*,#1080,.T.);
#1080 = EDGE_CURVE('',#820,#367,#1081,.T.);
#1081 = SURFACE_CURVE('',#1082,(#1086,#1093),.PCURVE_S1.);
#1082 = LINE('',#1083,#1084);
#1083 = CARTESIAN_POINT('',(-36.1438165504,-58.39280362447,0.8));
#1084 = VECTOR('',#1085,1.);
#1085 = DIRECTION('',(2.466279231202E-17,-3.429506508242E-17,-1.));
#1086 = PCURVE('',#382,#1087);
#1087 = DEFINITIONAL_REPRESENTATION('',(#1088),#1092);
#1088 = LINE('',#1089,#1090);
#1089 = CARTESIAN_POINT('',(27.811523424403,-0.8));
#1090 = VECTOR('',#1091,1.);
#1091 = DIRECTION('',(2.501758629998E-33,1.));
#1092 = ( GEOMETRIC_REPRESENTATION_CONTEXT(2) 
PARAMETRIC_REPRESENTATION_CONTEXT() REPRESENTATION_CONTEXT('2D SPACE',''
  ) );
#1093 = PCURVE('',#1094,#1099);
#1094 = PLANE('',#1095);
#1095 = AXIS2_PLACEMENT_3D('',#1096,#1097,#1098);
#1096 = CARTESIAN_POINT('',(-35.83143423604,-58.82718962855,
    0.664954290862));
#1097 = DIRECTION('',(-0.811867092209,-0.583842294278,0.));
#1098 = DIRECTION('',(0.,0.,1.));
#1099 = DEFINITIONAL_REPRESENTATION('',(#1100),#1104);
#1100 = LINE('',#1101,#1102);
#1101 = CARTESIAN_POINT('',(0.135045709138,0.535045709138));
#1102 = VECTOR('',#1103,1.);
#1103 = DIRECTION('',(-1.,-4.224221601234E-17));
#1104 = ( GEOMETRIC_REPRESENTATION_CONTEXT(2) 
PARAMETRIC_REPRESENTATION_CONTEXT() REPRESENTATION_CONTEXT('2D SPACE',''
  ) );
#1105 = ADVANCED_FACE('',(#1106),#410,.T.);
#1106 = FACE_BOUND('',#1107,.F.);
#1107 = EDGE_LOOP('',(#1108,#1109,#1133,#1160));
#1108 = ORIENTED_EDGE('',*,*,#394,.T.);
#1109 = ORIENTED_EDGE('',*,*,#1110,.T.);
#1110 = EDGE_CURVE('',#367,#1111,#1113,.T.);
#1111 = VERTEX_POINT('',#1112);
#1112 = CARTESIAN_POINT('',(-35.44320579727,-59.36704413513,1.2));
#1113 = SURFACE_CURVE('',#1114,(#1119,#1126),.PCURVE_S1.);
#1114 = CIRCLE('',#1115,1.2);
#1115 = AXIS2_PLACEMENT_3D('',#1116,#1117,#1118);
#1116 = CARTESIAN_POINT('',(-36.1438165504,-58.39280362447,1.2));
#1117 = DIRECTION('',(-0.811867092209,-0.583842294278,0.));
#1118 = DIRECTION('',(-8.102439473213E-17,1.126691923383E-16,-1.));
#1119 = PCURVE('',#410,#1120);
#1120 = DEFINITIONAL_REPRESENTATION('',(#1121),#1125);
#1121 = LINE('',#1122,#1123);
#1122 = CARTESIAN_POINT('',(-0.,-129.7871093138));
#1123 = VECTOR('',#1124,1.);
#1124 = DIRECTION('',(-1.,0.));
#1125 = ( GEOMETRIC_REPRESENTATION_CONTEXT(2) 
PARAMETRIC_REPRESENTATION_CONTEXT() REPRESENTATION_CONTEXT('2D SPACE',''
  ) );
#1126 = PCURVE('',#1094,#1127);
#1127 = DEFINITIONAL_REPRESENTATION('',(#1128),#1132);
#1128 = CIRCLE('',#1129,1.2);
#1129 = AXIS2_PLACEMENT_2D('',#1130,#1131);
#1130 = CARTESIAN_POINT('',(0.535045709138,0.535045709138));
#1131 = DIRECTION('',(-1.,1.387778780781E-16));
#1132 = ( GEOMETRIC_REPRESENTATION_CONTEXT(2) 
PARAMETRIC_REPRESENTATION_CONTEXT() REPRESENTATION_CONTEXT('2D SPACE',''
  ) );
#1133 = ORIENTED_EDGE('',*,*,#1134,.F.);
#1134 = EDGE_CURVE('',#1135,#1111,#1137,.T.);
#1135 = VERTEX_POINT('',#1136);
#1136 = CARTESIAN_POINT('',(69.926677247649,16.408159534357,1.2));
#1137 = SURFACE_CURVE('',#1138,(#1142,#1148),.PCURVE_S1.);
#1138 = LINE('',#1139,#1140);
#1139 = CARTESIAN_POINT('',(69.926677247649,16.408159534357,1.2));
#1140 = VECTOR('',#1141,1.);
#1141 = DIRECTION('',(-0.811867092209,-0.583842294278,3.19296222531E-18)
  );
#1142 = PCURVE('',#410,#1143);
#1143 = DEFINITIONAL_REPRESENTATION('',(#1144),#1147);
#1144 = B_SPLINE_CURVE_WITH_KNOTS('',1,(#1145,#1146),.UNSPECIFIED.,.F.,
  .F.,(2,2),(0.,129.78710931388),.PIECEWISE_BEZIER_KNOTS.);
#1145 = CARTESIAN_POINT('',(-1.570796326795,0.));
#1146 = CARTESIAN_POINT('',(-1.570796326795,-129.7871093138));
#1147 = ( GEOMETRIC_REPRESENTATION_CONTEXT(2) 
PARAMETRIC_REPRESENTATION_CONTEXT() REPRESENTATION_CONTEXT('2D SPACE',''
  ) );
#1148 = PCURVE('',#1149,#1154);
#1149 = PLANE('',#1150);
#1150 = AXIS2_PLACEMENT_3D('',#1151,#1152,#1153);
#1151 = CARTESIAN_POINT('',(17.241735725187,-21.47944230038,
    9.720732663192));
#1152 = DIRECTION('',(-0.583842294278,0.811867092209,-5.089455632602E-17
    ));
#1153 = DIRECTION('',(-0.811867092209,-0.583842294278,3.19296222531E-18)
  );
#1154 = DEFINITIONAL_REPRESENTATION('',(#1155),#1159);
#1155 = LINE('',#1156,#1157);
#1156 = CARTESIAN_POINT('',(-64.89355465694,-8.520732663192));
#1157 = VECTOR('',#1158,1.);
#1158 = DIRECTION('',(1.,-8.088905766426E-33));
#1159 = ( GEOMETRIC_REPRESENTATION_CONTEXT(2) 
PARAMETRIC_REPRESENTATION_CONTEXT() REPRESENTATION_CONTEXT('2D SPACE',''
  ) );
#1160 = ORIENTED_EDGE('',*,*,#1161,.F.);
#1161 = EDGE_CURVE('',#395,#1135,#1162,.T.);
#1162 = SURFACE_CURVE('',#1163,(#1168,#1175),.PCURVE_S1.);
#1163 = CIRCLE('',#1164,1.2);
#1164 = AXIS2_PLACEMENT_3D('',#1165,#1166,#1167);
#1165 = CARTESIAN_POINT('',(69.226066494516,17.382400045008,1.2));
#1166 = DIRECTION('',(-0.811867092209,-0.583842294278,0.));
#1167 = DIRECTION('',(-8.102439473213E-17,1.126691923383E-16,-1.));
#1168 = PCURVE('',#410,#1169);
#1169 = DEFINITIONAL_REPRESENTATION('',(#1170),#1174);
#1170 = LINE('',#1171,#1172);
#1171 = CARTESIAN_POINT('',(-0.,0.));
#1172 = VECTOR('',#1173,1.);
#1173 = DIRECTION('',(-1.,0.));
#1174 = ( GEOMETRIC_REPRESENTATION_CONTEXT(2) 
PARAMETRIC_REPRESENTATION_CONTEXT() REPRESENTATION_CONTEXT('2D SPACE',''
  ) );
#1175 = PCURVE('',#939,#1176);
#1176 = DEFINITIONAL_REPRESENTATION('',(#1177),#1181);
#1177 = CIRCLE('',#1178,1.2);
#1178 = AXIS2_PLACEMENT_2D('',#1179,#1180);
#1179 = CARTESIAN_POINT('',(0.535045709138,0.535045709138));
#1180 = DIRECTION('',(-1.,1.387778780781E-16));
#1181 = ( GEOMETRIC_REPRESENTATION_CONTEXT(2) 
PARAMETRIC_REPRESENTATION_CONTEXT() REPRESENTATION_CONTEXT('2D SPACE',''
  ) );
#1182 = ADVANCED_FACE('',(#1183),#214,.F.);
#1183 = FACE_BOUND('',#1184,.F.);
#1184 = EDGE_LOOP('',(#1185,#1186,#1187,#1188));
#1185 = ORIENTED_EDGE('',*,*,#198,.F.);
#1186 = ORIENTED_EDGE('',*,*,#1033,.T.);
#1187 = ORIENTED_EDGE('',*,*,#671,.T.);
#1188 = ORIENTED_EDGE('',*,*,#1189,.T.);
#1189 = EDGE_CURVE('',#672,#199,#1190,.T.);
#1190 = SURFACE_CURVE('',#1191,(#1195,#1202),.PCURVE_S1.);
#1191 = LINE('',#1192,#1193);
#1192 = CARTESIAN_POINT('',(-72.99960048776,49.533507304121,0.8));
#1193 = VECTOR('',#1194,1.);
#1194 = DIRECTION('',(1.083918745576E-16,-5.699823994229E-17,-1.));
#1195 = PCURVE('',#214,#1196);
#1196 = DEFINITIONAL_REPRESENTATION('',(#1197),#1201);
#1197 = LINE('',#1198,#1199);
#1198 = CARTESIAN_POINT('',(7.873200996618,-0.8));
#1199 = VECTOR('',#1200,1.);
#1200 = DIRECTION('',(1.090953738937E-32,1.));
#1201 = ( GEOMETRIC_REPRESENTATION_CONTEXT(2) 
PARAMETRIC_REPRESENTATION_CONTEXT() REPRESENTATION_CONTEXT('2D SPACE',''
  ) );
#1202 = PCURVE('',#1203,#1208);
#1203 = PLANE('',#1204);
#1204 = AXIS2_PLACEMENT_3D('',#1205,#1206,#1207);
#1205 = CARTESIAN_POINT('',(-74.09144843124,50.107659299528,
    1.166394534092));
#1206 = DIRECTION('',(0.465425949604,0.88508682367,0.));
#1207 = DIRECTION('',(0.,0.,1.));
#1208 = DEFINITIONAL_REPRESENTATION('',(#1209),#1213);
#1209 = LINE('',#1210,#1211);
#1210 = CARTESIAN_POINT('',(-0.366394534092,1.233605465908));
#1211 = VECTOR('',#1212,1.);
#1212 = DIRECTION('',(-1.,1.224646799147E-16));
#1213 = ( GEOMETRIC_REPRESENTATION_CONTEXT(2) 
PARAMETRIC_REPRESENTATION_CONTEXT() REPRESENTATION_CONTEXT('2D SPACE',''
  ) );
#1214 = ADVANCED_FACE('',(#1215),#242,.T.);
#1215 = FACE_BOUND('',#1216,.F.);
#1216 = EDGE_LOOP('',(#1217,#1218,#1242,#1269));
#1217 = ORIENTED_EDGE('',*,*,#226,.T.);
#1218 = ORIENTED_EDGE('',*,*,#1219,.T.);
#1219 = EDGE_CURVE('',#199,#1220,#1222,.T.);
#1220 = VERTEX_POINT('',#1221);
#1221 = CARTESIAN_POINT('',(-75.12380886457,50.650529583171,2.4));
#1222 = SURFACE_CURVE('',#1223,(#1228,#1235),.PCURVE_S1.);
#1223 = CIRCLE('',#1224,2.4);
#1224 = AXIS2_PLACEMENT_3D('',#1225,#1226,#1227);
#1225 = CARTESIAN_POINT('',(-72.99960048776,49.533507304121,2.4));
#1226 = DIRECTION('',(0.465425949604,0.88508682367,0.));
#1227 = DIRECTION('',(1.228304713039E-16,-6.459082568858E-17,-1.));
#1228 = PCURVE('',#242,#1229);
#1229 = DEFINITIONAL_REPRESENTATION('',(#1230),#1234);
#1230 = LINE('',#1231,#1232);
#1231 = CARTESIAN_POINT('',(-0.,-36.74160465088));
#1232 = VECTOR('',#1233,1.);
#1233 = DIRECTION('',(-1.,0.));
#1234 = ( GEOMETRIC_REPRESENTATION_CONTEXT(2) 
PARAMETRIC_REPRESENTATION_CONTEXT() REPRESENTATION_CONTEXT('2D SPACE',''
  ) );
#1235 = PCURVE('',#1203,#1236);
#1236 = DEFINITIONAL_REPRESENTATION('',(#1237),#1241);
#1237 = CIRCLE('',#1238,2.4);
#1238 = AXIS2_PLACEMENT_2D('',#1239,#1240);
#1239 = CARTESIAN_POINT('',(1.233605465908,1.233605465908));
#1240 = DIRECTION('',(-1.,1.387778780781E-16));
#1241 = ( GEOMETRIC_REPRESENTATION_CONTEXT(2) 
PARAMETRIC_REPRESENTATION_CONTEXT() REPRESENTATION_CONTEXT('2D SPACE',''
  ) );
#1242 = ORIENTED_EDGE('',*,*,#1243,.F.);
#1243 = EDGE_CURVE('',#1244,#1220,#1246,.T.);
#1244 = VERTEX_POINT('',#1245);
#1245 = CARTESIAN_POINT('',(-92.22430509919,18.131019426165,2.4));
#1246 = SURFACE_CURVE('',#1247,(#1251,#1257),.PCURVE_S1.);
#1247 = LINE('',#1248,#1249);
#1248 = CARTESIAN_POINT('',(-92.22430509919,18.131019426165,2.4));
#1249 = VECTOR('',#1250,1.);
#1250 = DIRECTION('',(0.465425949604,0.88508682367,-2.773162794727E-17)
  );
#1251 = PCURVE('',#242,#1252);
#1252 = DEFINITIONAL_REPRESENTATION('',(#1253),#1256);
#1253 = B_SPLINE_CURVE_WITH_KNOTS('',1,(#1254,#1255),.UNSPECIFIED.,.F.,
  .F.,(2,2),(0.,36.741604650884),.PIECEWISE_BEZIER_KNOTS.);
#1254 = CARTESIAN_POINT('',(-1.570796326795,0.));
#1255 = CARTESIAN_POINT('',(-1.570796326795,-36.74160465088));
#1256 = ( GEOMETRIC_REPRESENTATION_CONTEXT(2) 
PARAMETRIC_REPRESENTATION_CONTEXT() REPRESENTATION_CONTEXT('2D SPACE',''
  ) );
#1257 = PCURVE('',#1258,#1263);
#1258 = PLANE('',#1259);
#1259 = AXIS2_PLACEMENT_3D('',#1260,#1261,#1262);
#1260 = CARTESIAN_POINT('',(-83.67405698188,34.390774504668,
    10.411384220941));
#1261 = DIRECTION('',(0.88508682367,-0.465425949604,2.045197463839E-17)
  );
#1262 = DIRECTION('',(0.465425949604,0.88508682367,-2.773162794727E-17)
  );
#1263 = DEFINITIONAL_REPRESENTATION('',(#1264),#1268);
#1264 = LINE('',#1265,#1266);
#1265 = CARTESIAN_POINT('',(-18.37080232544,-8.011384220941));
#1266 = VECTOR('',#1267,1.);
#1267 = DIRECTION('',(1.,6.162975822039E-33));
#1268 = ( GEOMETRIC_REPRESENTATION_CONTEXT(2) 
PARAMETRIC_REPRESENTATION_CONTEXT() REPRESENTATION_CONTEXT('2D SPACE',''
  ) );
#1269 = ORIENTED_EDGE('',*,*,#1270,.F.);
#1270 = EDGE_CURVE('',#227,#1244,#1271,.T.);
#1271 = SURFACE_CURVE('',#1272,(#1277,#1284),.PCURVE_S1.);
#1272 = CIRCLE('',#1273,2.4);
#1273 = AXIS2_PLACEMENT_3D('',#1274,#1275,#1276);
#1274 = CARTESIAN_POINT('',(-90.10009672238,17.013997147115,2.4));
#1275 = DIRECTION('',(0.465425949604,0.88508682367,0.));
#1276 = DIRECTION('',(1.228304713039E-16,-6.459082568858E-17,-1.));
#1277 = PCURVE('',#242,#1278);
#1278 = DEFINITIONAL_REPRESENTATION('',(#1279),#1283);
#1279 = LINE('',#1280,#1281);
#1280 = CARTESIAN_POINT('',(-0.,0.));
#1281 = VECTOR('',#1282,1.);
#1282 = DIRECTION('',(-1.,0.));
#1283 = ( GEOMETRIC_REPRESENTATION_CONTEXT(2) 
PARAMETRIC_REPRESENTATION_CONTEXT() REPRESENTATION_CONTEXT('2D SPACE',''
  ) );
#1284 = PCURVE('',#1285,#1290);
#1285 = PLANE('',#1286);
#1286 = AXIS2_PLACEMENT_3D('',#1287,#1288,#1289);
#1287 = CARTESIAN_POINT('',(-91.19194466586,17.588149142522,
    1.166394534092));
#1288 = DIRECTION('',(0.465425949604,0.88508682367,0.));
#1289 = DIRECTION('',(0.,0.,1.));
#1290 = DEFINITIONAL_REPRESENTATION('',(#1291),#1295);
#1291 = CIRCLE('',#1292,2.4);
#1292 = AXIS2_PLACEMENT_2D('',#1293,#1294);
#1293 = CARTESIAN_POINT('',(1.233605465908,1.233605465908));
#1294 = DIRECTION('',(-1.,1.387778780781E-16));
#1295 = ( GEOMETRIC_REPRESENTATION_CONTEXT(2) 
PARAMETRIC_REPRESENTATION_CONTEXT() REPRESENTATION_CONTEXT('2D SPACE',''
  ) );
#1296 = ADVANCED_FACE('',(#1297),#270,.F.);
#1297 = FACE_BOUND('',#1298,.F.);
#1298 = EDGE_LOOP('',(#1299,#1300,#1321,#1322));
#1299 = ORIENTED_EDGE('',*,*,#254,.F.);
#1300 = ORIENTED_EDGE('',*,*,#1301,.F.);
#1301 = EDGE_CURVE('',#695,#227,#1302,.T.);
#1302 = SURFACE_CURVE('',#1303,(#1307,#1314),.PCURVE_S1.);
#1303 = LINE('',#1304,#1305);
#1304 = CARTESIAN_POINT('',(-90.10009672238,17.013997147115,0.8));
#1305 = VECTOR('',#1306,1.);
#1306 = DIRECTION('',(1.083918745576E-16,-5.699823994229E-17,-1.));
#1307 = PCURVE('',#270,#1308);
#1308 = DEFINITIONAL_REPRESENTATION('',(#1309),#1313);
#1309 = LINE('',#1310,#1311);
#1310 = CARTESIAN_POINT('',(44.614805647502,-0.8));
#1311 = VECTOR('',#1312,1.);
#1312 = DIRECTION('',(1.090953738937E-32,1.));
#1313 = ( GEOMETRIC_REPRESENTATION_CONTEXT(2) 
PARAMETRIC_REPRESENTATION_CONTEXT() REPRESENTATION_CONTEXT('2D SPACE',''
  ) );
#1314 = PCURVE('',#1285,#1315);
#1315 = DEFINITIONAL_REPRESENTATION('',(#1316),#1320);
#1316 = LINE('',#1317,#1318);
#1317 = CARTESIAN_POINT('',(-0.366394534092,1.233605465908));
#1318 = VECTOR('',#1319,1.);
#1319 = DIRECTION('',(-1.,1.224646799147E-16));
#1320 = ( GEOMETRIC_REPRESENTATION_CONTEXT(2) 
PARAMETRIC_REPRESENTATION_CONTEXT() REPRESENTATION_CONTEXT('2D SPACE',''
  ) );
#1321 = ORIENTED_EDGE('',*,*,#722,.T.);
#1322 = ORIENTED_EDGE('',*,*,#1323,.F.);
#1323 = EDGE_CURVE('',#255,#723,#1324,.T.);
#1324 = SURFACE_CURVE('',#1325,(#1329,#1336),.PCURVE_S1.);
#1325 = LINE('',#1326,#1327);
#1326 = CARTESIAN_POINT('',(-93.76448877266,10.045530684899,0.));
#1327 = VECTOR('',#1328,1.);
#1328 = DIRECTION('',(0.,0.,1.));
#1329 = PCURVE('',#270,#1330);
#1330 = DEFINITIONAL_REPRESENTATION('',(#1331),#1335);
#1331 = LINE('',#1332,#1333);
#1332 = CARTESIAN_POINT('',(52.48800664412,-0.));
#1333 = VECTOR('',#1334,1.);
#1334 = DIRECTION('',(0.,-1.));
#1335 = ( GEOMETRIC_REPRESENTATION_CONTEXT(2) 
PARAMETRIC_REPRESENTATION_CONTEXT() REPRESENTATION_CONTEXT('2D SPACE',''
  ) );
#1336 = PCURVE('',#298,#1337);
#1337 = DEFINITIONAL_REPRESENTATION('',(#1338),#1342);
#1338 = LINE('',#1339,#1340);
#1339 = CARTESIAN_POINT('',(0.,0.));
#1340 = VECTOR('',#1341,1.);
#1341 = DIRECTION('',(0.,-1.));
#1342 = ( GEOMETRIC_REPRESENTATION_CONTEXT(2) 
PARAMETRIC_REPRESENTATION_CONTEXT() REPRESENTATION_CONTEXT('2D SPACE',''
  ) );
#1343 = ADVANCED_FACE('',(#1344),#298,.F.);
#1344 = FACE_BOUND('',#1345,.F.);
#1345 = EDGE_LOOP('',(#1346,#1347,#1348,#1349));
#1346 = ORIENTED_EDGE('',*,*,#282,.F.);
#1347 = ORIENTED_EDGE('',*,*,#1323,.T.);
#1348 = ORIENTED_EDGE('',*,*,#745,.T.);
#1349 = ORIENTED_EDGE('',*,*,#1350,.T.);
#1350 = EDGE_CURVE('',#746,#283,#1351,.T.);
#1351 = SURFACE_CURVE('',#1352,(#1356,#1363),.PCURVE_S1.);
#1352 = LINE('',#1353,#1354);
#1353 = CARTESIAN_POINT('',(-88.50827703719,-2.655851008027,0.8));
#1354 = VECTOR('',#1355,1.);
#1355 = DIRECTION('',(2.452112003974E-17,1.014757307793E-17,-1.));
#1356 = PCURVE('',#298,#1357);
#1357 = DEFINITIONAL_REPRESENTATION('',(#1358),#1362);
#1358 = LINE('',#1359,#1360);
#1359 = CARTESIAN_POINT('',(13.746012466073,-0.8));
#1360 = VECTOR('',#1361,1.);
#1361 = DIRECTION('',(-4.270964496424E-33,1.));
#1362 = ( GEOMETRIC_REPRESENTATION_CONTEXT(2) 
PARAMETRIC_REPRESENTATION_CONTEXT() REPRESENTATION_CONTEXT('2D SPACE',''
  ) );
#1363 = PCURVE('',#1364,#1369);
#1364 = PLANE('',#1365);
#1365 = AXIS2_PLACEMENT_3D('',#1366,#1367,#1368);
#1366 = CARTESIAN_POINT('',(-89.21094514785,-2.946636094145,
    0.83954063879));
#1367 = DIRECTION('',(-0.382380835783,0.924004814071,0.));
#1368 = DIRECTION('',(0.,0.,1.));
#1369 = DEFINITIONAL_REPRESENTATION('',(#1370),#1374);
#1370 = LINE('',#1371,#1372);
#1371 = CARTESIAN_POINT('',(-3.95406387902E-02,0.76045936121));
#1372 = VECTOR('',#1373,1.);
#1373 = DIRECTION('',(-1.,2.653787043783E-17));
#1374 = ( GEOMETRIC_REPRESENTATION_CONTEXT(2) 
PARAMETRIC_REPRESENTATION_CONTEXT() REPRESENTATION_CONTEXT('2D SPACE',''
  ) );
#1375 = ADVANCED_FACE('',(#1376),#326,.T.);
#1376 = FACE_BOUND('',#1377,.F.);
#1377 = EDGE_LOOP('',(#1378,#1379,#1403,#1430));
#1378 = ORIENTED_EDGE('',*,*,#310,.T.);
#1379 = ORIENTED_EDGE('',*,*,#1380,.T.);
#1380 = EDGE_CURVE('',#283,#1381,#1383,.T.);
#1381 = VERTEX_POINT('',#1382);
#1382 = CARTESIAN_POINT('',(-89.9866847397,-3.26766034528,1.6));
#1383 = SURFACE_CURVE('',#1384,(#1389,#1396),.PCURVE_S1.);
#1384 = CIRCLE('',#1385,1.6);
#1385 = AXIS2_PLACEMENT_3D('',#1386,#1387,#1388);
#1386 = CARTESIAN_POINT('',(-88.50827703719,-2.655851008027,1.6));
#1387 = DIRECTION('',(-0.382380835783,0.924004814071,-3.08148791102E-33)
  );
#1388 = DIRECTION('',(-6.411571371535E-17,-2.653300050388E-17,-1.));
#1389 = PCURVE('',#326,#1390);
#1390 = DEFINITIONAL_REPRESENTATION('',(#1391),#1395);
#1391 = LINE('',#1392,#1393);
#1392 = CARTESIAN_POINT('',(-0.,-64.148058175));
#1393 = VECTOR('',#1394,1.);
#1394 = DIRECTION('',(-1.,0.));
#1395 = ( GEOMETRIC_REPRESENTATION_CONTEXT(2) 
PARAMETRIC_REPRESENTATION_CONTEXT() REPRESENTATION_CONTEXT('2D SPACE',''
  ) );
#1396 = PCURVE('',#1364,#1397);
#1397 = DEFINITIONAL_REPRESENTATION('',(#1398),#1402);
#1398 = CIRCLE('',#1399,1.6);
#1399 = AXIS2_PLACEMENT_2D('',#1400,#1401);
#1400 = CARTESIAN_POINT('',(0.76045936121,0.76045936121));
#1401 = DIRECTION('',(-1.,-6.938893903907E-17));
#1402 = ( GEOMETRIC_REPRESENTATION_CONTEXT(2) 
PARAMETRIC_REPRESENTATION_CONTEXT() REPRESENTATION_CONTEXT('2D SPACE',''
  ) );
#1403 = ORIENTED_EDGE('',*,*,#1404,.F.);
#1404 = EDGE_CURVE('',#1405,#1381,#1407,.T.);
#1405 = VERTEX_POINT('',#1406);
#1406 = CARTESIAN_POINT('',(-65.45769664087,-62.54077491226,1.6));
#1407 = SURFACE_CURVE('',#1408,(#1412,#1418),.PCURVE_S1.);
#1408 = LINE('',#1409,#1410);
#1409 = CARTESIAN_POINT('',(-65.45769664087,-62.54077491226,1.6));
#1410 = VECTOR('',#1411,1.);
#1411 = DIRECTION('',(-0.382380835783,0.924004814071,9.164548066738E-18)
  );
#1412 = PCURVE('',#326,#1413);
#1413 = DEFINITIONAL_REPRESENTATION('',(#1414),#1417);
#1414 = B_SPLINE_CURVE_WITH_KNOTS('',1,(#1415,#1416),.UNSPECIFIED.,.F.,
  .F.,(2,2),(0.,64.148058175007),.PIECEWISE_BEZIER_KNOTS.);
#1415 = CARTESIAN_POINT('',(-1.570796326795,0.));
#1416 = CARTESIAN_POINT('',(-1.570796326795,-64.148058175));
#1417 = ( GEOMETRIC_REPRESENTATION_CONTEXT(2) 
PARAMETRIC_REPRESENTATION_CONTEXT() REPRESENTATION_CONTEXT('2D SPACE',''
  ) );
#1418 = PCURVE('',#1419,#1424);
#1419 = PLANE('',#1420);
#1420 = AXIS2_PLACEMENT_3D('',#1421,#1422,#1423);
#1421 = CARTESIAN_POINT('',(-77.72219069028,-32.90421762877,
    9.668289204175));
#1422 = DIRECTION('',(0.924004814071,0.382380835783,6.184330246652E-17)
  );
#1423 = DIRECTION('',(-0.382380835783,0.924004814071,9.164548066738E-18)
  );
#1424 = DEFINITIONAL_REPRESENTATION('',(#1425),#1429);
#1425 = LINE('',#1426,#1427);
#1426 = CARTESIAN_POINT('',(-32.0740290875,-8.068289204175));
#1427 = VECTOR('',#1428,1.);
#1428 = DIRECTION('',(1.,0.));
#1429 = ( GEOMETRIC_REPRESENTATION_CONTEXT(2) 
PARAMETRIC_REPRESENTATION_CONTEXT() REPRESENTATION_CONTEXT('2D SPACE',''
  ) );
#1430 = ORIENTED_EDGE('',*,*,#1431,.F.);
#1431 = EDGE_CURVE('',#311,#1405,#1432,.T.);
#1432 = SURFACE_CURVE('',#1433,(#1438,#1445),.PCURVE_S1.);
#1433 = CIRCLE('',#1434,1.6);
#1434 = AXIS2_PLACEMENT_3D('',#1435,#1436,#1437);
#1435 = CARTESIAN_POINT('',(-63.97928893835,-61.92896557501,1.6));
#1436 = DIRECTION('',(-0.382380835783,0.924004814071,-3.08148791102E-33)
  );
#1437 = DIRECTION('',(-6.411571371535E-17,-2.653300050388E-17,-1.));
#1438 = PCURVE('',#326,#1439);
#1439 = DEFINITIONAL_REPRESENTATION('',(#1440),#1444);
#1440 = LINE('',#1441,#1442);
#1441 = CARTESIAN_POINT('',(-0.,0.));
#1442 = VECTOR('',#1443,1.);
#1443 = DIRECTION('',(-1.,0.));
#1444 = ( GEOMETRIC_REPRESENTATION_CONTEXT(2) 
PARAMETRIC_REPRESENTATION_CONTEXT() REPRESENTATION_CONTEXT('2D SPACE',''
  ) );
#1445 = PCURVE('',#1446,#1451);
#1446 = PLANE('',#1447);
#1447 = AXIS2_PLACEMENT_3D('',#1448,#1449,#1450);
#1448 = CARTESIAN_POINT('',(-64.68195704902,-62.21975066113,
    0.83954063879));
#1449 = DIRECTION('',(-0.382380835783,0.924004814071,0.));
#1450 = DIRECTION('',(0.,0.,1.));
#1451 = DEFINITIONAL_REPRESENTATION('',(#1452),#1456);
#1452 = CIRCLE('',#1453,1.6);
#1453 = AXIS2_PLACEMENT_2D('',#1454,#1455);
#1454 = CARTESIAN_POINT('',(0.76045936121,0.76045936121));
#1455 = DIRECTION('',(-1.,-6.938893903907E-17));
#1456 = ( GEOMETRIC_REPRESENTATION_CONTEXT(2) 
PARAMETRIC_REPRESENTATION_CONTEXT() REPRESENTATION_CONTEXT('2D SPACE',''
  ) );
#1457 = ADVANCED_FACE('',(#1458),#354,.F.);
#1458 = FACE_BOUND('',#1459,.F.);
#1459 = EDGE_LOOP('',(#1460,#1461,#1482,#1483));
#1460 = ORIENTED_EDGE('',*,*,#338,.F.);
#1461 = ORIENTED_EDGE('',*,*,#1462,.F.);
#1462 = EDGE_CURVE('',#769,#311,#1463,.T.);
#1463 = SURFACE_CURVE('',#1464,(#1468,#1475),.PCURVE_S1.);
#1464 = LINE('',#1465,#1466);
#1465 = CARTESIAN_POINT('',(-63.97928893835,-61.92896557501,0.8));
#1466 = VECTOR('',#1467,1.);
#1467 = DIRECTION('',(2.452112003974E-17,1.014757307793E-17,-1.));
#1468 = PCURVE('',#354,#1469);
#1469 = DEFINITIONAL_REPRESENTATION('',(#1470),#1474);
#1470 = LINE('',#1471,#1472);
#1471 = CARTESIAN_POINT('',(77.89407064108,-0.8));
#1472 = VECTOR('',#1473,1.);
#1473 = DIRECTION('',(-4.270964496424E-33,1.));
#1474 = ( GEOMETRIC_REPRESENTATION_CONTEXT(2) 
PARAMETRIC_REPRESENTATION_CONTEXT() REPRESENTATION_CONTEXT('2D SPACE',''
  ) );
#1475 = PCURVE('',#1446,#1476);
#1476 = DEFINITIONAL_REPRESENTATION('',(#1477),#1481);
#1477 = LINE('',#1478,#1479);
#1478 = CARTESIAN_POINT('',(-3.95406387902E-02,0.76045936121));
#1479 = VECTOR('',#1480,1.);
#1480 = DIRECTION('',(-1.,2.653787043783E-17));
#1481 = ( GEOMETRIC_REPRESENTATION_CONTEXT(2) 
PARAMETRIC_REPRESENTATION_CONTEXT() REPRESENTATION_CONTEXT('2D SPACE',''
  ) );
#1482 = ORIENTED_EDGE('',*,*,#796,.T.);
#1483 = ORIENTED_EDGE('',*,*,#1058,.F.);
#1484 = ADVANCED_FACE('',(#1485),#466,.F.);
#1485 = FACE_BOUND('',#1486,.T.);
#1486 = EDGE_LOOP('',(#1487,#1488,#1509,#1510));
#1487 = ORIENTED_EDGE('',*,*,#445,.T.);
#1488 = ORIENTED_EDGE('',*,*,#1489,.T.);
#1489 = EDGE_CURVE('',#446,#894,#1490,.T.);
#1490 = SEAM_CURVE('',#1491,(#1495,#1502),.PCURVE_S1.);
#1491 = LINE('',#1492,#1493);
#1492 = CARTESIAN_POINT('',(-47.68254260869,-42.30740071456,-1.));
#1493 = VECTOR('',#1494,1.);
#1494 = DIRECTION('',(0.,0.,1.));
#1495 = PCURVE('',#466,#1496);
#1496 = DEFINITIONAL_REPRESENTATION('',(#1497),#1501);
#1497 = LINE('',#1498,#1499);
#1498 = CARTESIAN_POINT('',(-6.28318530718,0.));
#1499 = VECTOR('',#1500,1.);
#1500 = DIRECTION('',(-0.,-1.));
#1501 = ( GEOMETRIC_REPRESENTATION_CONTEXT(2) 
PARAMETRIC_REPRESENTATION_CONTEXT() REPRESENTATION_CONTEXT('2D SPACE',''
  ) );
#1502 = PCURVE('',#466,#1503);
#1503 = DEFINITIONAL_REPRESENTATION('',(#1504),#1508);
#1504 = LINE('',#1505,#1506);
#1505 = CARTESIAN_POINT('',(-0.,0.));
#1506 = VECTOR('',#1507,1.);
#1507 = DIRECTION('',(-0.,-1.));
#1508 = ( GEOMETRIC_REPRESENTATION_CONTEXT(2) 
PARAMETRIC_REPRESENTATION_CONTEXT() REPRESENTATION_CONTEXT('2D SPACE',''
  ) );
#1509 = ORIENTED_EDGE('',*,*,#893,.F.);
#1510 = ORIENTED_EDGE('',*,*,#1489,.F.);
#1511 = ADVANCED_FACE('',(#1512),#608,.F.);
#1512 = FACE_BOUND('',#1513,.F.);
#1513 = EDGE_LOOP('',(#1514,#1536,#1537,#1538));
#1514 = ORIENTED_EDGE('',*,*,#1515,.T.);
#1515 = EDGE_CURVE('',#1516,#562,#1518,.T.);
#1516 = VERTEX_POINT('',#1517);
#1517 = CARTESIAN_POINT('',(-45.10789206178,53.465696410325,1.2));
#1518 = SURFACE_CURVE('',#1519,(#1523,#1529),.PCURVE_S1.);
#1519 = LINE('',#1520,#1521);
#1520 = CARTESIAN_POINT('',(-45.10789206178,53.465696410325,1.2));
#1521 = VECTOR('',#1522,1.);
#1522 = DIRECTION('',(0.99006788917,-0.14059009508,1.16867961994E-17));
#1523 = PCURVE('',#608,#1524);
#1524 = DEFINITIONAL_REPRESENTATION('',(#1525),#1528);
#1525 = B_SPLINE_CURVE_WITH_KNOTS('',1,(#1526,#1527),.UNSPECIFIED.,.F.,
  .F.,(2,2),(0.,113.92993969708),.PIECEWISE_BEZIER_KNOTS.);
#1526 = CARTESIAN_POINT('',(0.,0.));
#1527 = CARTESIAN_POINT('',(0.,-113.929939697));
#1528 = ( GEOMETRIC_REPRESENTATION_CONTEXT(2) 
PARAMETRIC_REPRESENTATION_CONTEXT() REPRESENTATION_CONTEXT('2D SPACE',''
  ) );
#1529 = PCURVE('',#577,#1530);
#1530 = DEFINITIONAL_REPRESENTATION('',(#1531),#1535);
#1531 = LINE('',#1532,#1533);
#1532 = CARTESIAN_POINT('',(-56.96496984854,-13.94193722593));
#1533 = VECTOR('',#1534,1.);
#1534 = DIRECTION('',(1.,0.));
#1535 = ( GEOMETRIC_REPRESENTATION_CONTEXT(2) 
PARAMETRIC_REPRESENTATION_CONTEXT() REPRESENTATION_CONTEXT('2D SPACE',''
  ) );
#1536 = ORIENTED_EDGE('',*,*,#589,.T.);
#1537 = ORIENTED_EDGE('',*,*,#625,.F.);
#1538 = ORIENTED_EDGE('',*,*,#1539,.F.);
#1539 = EDGE_CURVE('',#1516,#626,#1540,.T.);
#1540 = SURFACE_CURVE('',#1541,(#1546,#1553),.PCURVE_S1.);
#1541 = CIRCLE('',#1542,0.4);
#1542 = AXIS2_PLACEMENT_3D('',#1543,#1544,#1545);
#1543 = CARTESIAN_POINT('',(-45.16412809981,53.069669254657,1.2));
#1544 = DIRECTION('',(-0.99006788917,0.14059009508,0.));
#1545 = DIRECTION('',(0.14059009508,0.99006788917,1.110223024625E-15));
#1546 = PCURVE('',#608,#1547);
#1547 = DEFINITIONAL_REPRESENTATION('',(#1548),#1552);
#1548 = LINE('',#1549,#1550);
#1549 = CARTESIAN_POINT('',(0.,0.));
#1550 = VECTOR('',#1551,1.);
#1551 = DIRECTION('',(1.,0.));
#1552 = ( GEOMETRIC_REPRESENTATION_CONTEXT(2) 
PARAMETRIC_REPRESENTATION_CONTEXT() REPRESENTATION_CONTEXT('2D SPACE',''
  ) );
#1553 = PCURVE('',#995,#1554);
#1554 = DEFINITIONAL_REPRESENTATION('',(#1555),#1563);
#1555 = ( BOUNDED_CURVE() B_SPLINE_CURVE(2,(#1556,#1557,#1558,#1559,
#1560,#1561,#1562),.UNSPECIFIED.,.T.,.F.) B_SPLINE_CURVE_WITH_KNOTS((1,2
    ,2,2,2,1),(-2.094395102393,0.,2.094395102393,4.188790204786,
6.28318530718,8.377580409573),.UNSPECIFIED.) CURVE() 
GEOMETRIC_REPRESENTATION_ITEM() RATIONAL_B_SPLINE_CURVE((1.,0.5,1.,0.5,
1.,0.5,1.)) REPRESENTATION_ITEM('') );
#1556 = CARTESIAN_POINT('',(0.535045709138,0.135045709138));
#1557 = CARTESIAN_POINT('',(-0.15777461389,0.135045709138));
#1558 = CARTESIAN_POINT('',(0.188635547624,0.735045709138));
#1559 = CARTESIAN_POINT('',(0.535045709138,1.335045709138));
#1560 = CARTESIAN_POINT('',(0.881455870651,0.735045709138));
#1561 = CARTESIAN_POINT('',(1.227866032165,0.135045709138));
#1562 = CARTESIAN_POINT('',(0.535045709138,0.135045709138));
#1563 = ( GEOMETRIC_REPRESENTATION_CONTEXT(2) 
PARAMETRIC_REPRESENTATION_CONTEXT() REPRESENTATION_CONTEXT('2D SPACE',''
  ) );
#1564 = ADVANCED_FACE('',(#1565),#858,.F.);
#1565 = FACE_BOUND('',#1566,.F.);
#1566 = EDGE_LOOP('',(#1567,#1596,#1622,#1623));
#1567 = ORIENTED_EDGE('',*,*,#1568,.T.);
#1568 = EDGE_CURVE('',#1569,#1571,#1573,.T.);
#1569 = VERTEX_POINT('',#1570);
#1570 = CARTESIAN_POINT('',(69.459603412227,17.057653208124,1.2));
#1571 = VERTEX_POINT('',#1572);
#1572 = CARTESIAN_POINT('',(-35.91027963269,-58.71755046136,1.2));
#1573 = SURFACE_CURVE('',#1574,(#1578,#1584),.PCURVE_S1.);
#1574 = LINE('',#1575,#1576);
#1575 = CARTESIAN_POINT('',(69.459603412227,17.057653208124,1.2));
#1576 = VECTOR('',#1577,1.);
#1577 = DIRECTION('',(-0.811867092209,-0.583842294278,3.19296222531E-18)
  );
#1578 = PCURVE('',#858,#1579);
#1579 = DEFINITIONAL_REPRESENTATION('',(#1580),#1583);
#1580 = B_SPLINE_CURVE_WITH_KNOTS('',1,(#1581,#1582),.UNSPECIFIED.,.F.,
  .F.,(2,2),(0.,129.78710931388),.PIECEWISE_BEZIER_KNOTS.);
#1581 = CARTESIAN_POINT('',(0.,0.));
#1582 = CARTESIAN_POINT('',(0.,-129.7871093138));
#1583 = ( GEOMETRIC_REPRESENTATION_CONTEXT(2) 
PARAMETRIC_REPRESENTATION_CONTEXT() REPRESENTATION_CONTEXT('2D SPACE',''
  ) );
#1584 = PCURVE('',#1585,#1590);
#1585 = PLANE('',#1586);
#1586 = AXIS2_PLACEMENT_3D('',#1587,#1588,#1589);
#1587 = CARTESIAN_POINT('',(16.774661889765,-20.82994862661,
    9.720732663192));
#1588 = DIRECTION('',(-0.583842294278,0.811867092209,-5.089455632602E-17
    ));
#1589 = DIRECTION('',(-0.811867092209,-0.583842294278,3.19296222531E-18)
  );
#1590 = DEFINITIONAL_REPRESENTATION('',(#1591),#1595);
#1591 = LINE('',#1592,#1593);
#1592 = CARTESIAN_POINT('',(-64.89355465694,-8.520732663192));
#1593 = VECTOR('',#1594,1.);
#1594 = DIRECTION('',(1.,-8.088905766426E-33));
#1595 = ( GEOMETRIC_REPRESENTATION_CONTEXT(2) 
PARAMETRIC_REPRESENTATION_CONTEXT() REPRESENTATION_CONTEXT('2D SPACE',''
  ) );
#1596 = ORIENTED_EDGE('',*,*,#1597,.T.);
#1597 = EDGE_CURVE('',#1571,#820,#1598,.T.);
#1598 = SURFACE_CURVE('',#1599,(#1604,#1611),.PCURVE_S1.);
#1599 = CIRCLE('',#1600,0.4);
#1600 = AXIS2_PLACEMENT_3D('',#1601,#1602,#1603);
#1601 = CARTESIAN_POINT('',(-36.1438165504,-58.39280362447,1.2));
#1602 = DIRECTION('',(0.811867092209,0.583842294278,0.));
#1603 = DIRECTION('',(0.583842294278,-0.811867092209,1.110223024625E-15)
  );
#1604 = PCURVE('',#858,#1605);
#1605 = DEFINITIONAL_REPRESENTATION('',(#1606),#1610);
#1606 = LINE('',#1607,#1608);
#1607 = CARTESIAN_POINT('',(0.,-129.7871093138));
#1608 = VECTOR('',#1609,1.);
#1609 = DIRECTION('',(1.,0.));
#1610 = ( GEOMETRIC_REPRESENTATION_CONTEXT(2) 
PARAMETRIC_REPRESENTATION_CONTEXT() REPRESENTATION_CONTEXT('2D SPACE',''
  ) );
#1611 = PCURVE('',#1094,#1612);
#1612 = DEFINITIONAL_REPRESENTATION('',(#1613),#1621);
#1613 = ( BOUNDED_CURVE() B_SPLINE_CURVE(2,(#1614,#1615,#1616,#1617,
#1618,#1619,#1620),.UNSPECIFIED.,.T.,.F.) B_SPLINE_CURVE_WITH_KNOTS((1,2
    ,2,2,2,1),(-2.094395102393,0.,2.094395102393,4.188790204786,
6.28318530718,8.377580409573),.UNSPECIFIED.) CURVE() 
GEOMETRIC_REPRESENTATION_ITEM() RATIONAL_B_SPLINE_CURVE((1.,0.5,1.,0.5,
1.,0.5,1.)) REPRESENTATION_ITEM('') );
#1614 = CARTESIAN_POINT('',(0.535045709138,0.135045709138));
#1615 = CARTESIAN_POINT('',(-0.15777461389,0.135045709138));
#1616 = CARTESIAN_POINT('',(0.188635547624,0.735045709138));
#1617 = CARTESIAN_POINT('',(0.535045709138,1.335045709138));
#1618 = CARTESIAN_POINT('',(0.881455870651,0.735045709138));
#1619 = CARTESIAN_POINT('',(1.227866032165,0.135045709138));
#1620 = CARTESIAN_POINT('',(0.535045709138,0.135045709138));
#1621 = ( GEOMETRIC_REPRESENTATION_CONTEXT(2) 
PARAMETRIC_REPRESENTATION_CONTEXT() REPRESENTATION_CONTEXT('2D SPACE',''
  ) );
#1622 = ORIENTED_EDGE('',*,*,#842,.F.);
#1623 = ORIENTED_EDGE('',*,*,#1624,.F.);
#1624 = EDGE_CURVE('',#1569,#843,#1625,.T.);
#1625 = SURFACE_CURVE('',#1626,(#1631,#1638),.PCURVE_S1.);
#1626 = CIRCLE('',#1627,0.4);
#1627 = AXIS2_PLACEMENT_3D('',#1628,#1629,#1630);
#1628 = CARTESIAN_POINT('',(69.226066494516,17.382400045008,1.2));
#1629 = DIRECTION('',(0.811867092209,0.583842294278,0.));
#1630 = DIRECTION('',(0.583842294278,-0.811867092209,1.110223024625E-15)
  );
#1631 = PCURVE('',#858,#1632);
#1632 = DEFINITIONAL_REPRESENTATION('',(#1633),#1637);
#1633 = LINE('',#1634,#1635);
#1634 = CARTESIAN_POINT('',(0.,0.));
#1635 = VECTOR('',#1636,1.);
#1636 = DIRECTION('',(1.,0.));
#1637 = ( GEOMETRIC_REPRESENTATION_CONTEXT(2) 
PARAMETRIC_REPRESENTATION_CONTEXT() REPRESENTATION_CONTEXT('2D SPACE',''
  ) );
#1638 = PCURVE('',#939,#1639);
#1639 = DEFINITIONAL_REPRESENTATION('',(#1640),#1648);
#1640 = ( BOUNDED_CURVE() B_SPLINE_CURVE(2,(#1641,#1642,#1643,#1644,
#1645,#1646,#1647),.UNSPECIFIED.,.T.,.F.) B_SPLINE_CURVE_WITH_KNOTS((1,2
    ,2,2,2,1),(-2.094395102393,0.,2.094395102393,4.188790204786,
6.28318530718,8.377580409573),.UNSPECIFIED.) CURVE() 
GEOMETRIC_REPRESENTATION_ITEM() RATIONAL_B_SPLINE_CURVE((1.,0.5,1.,0.5,
1.,0.5,1.)) REPRESENTATION_ITEM('') );
#1641 = CARTESIAN_POINT('',(0.535045709138,0.135045709138));
#1642 = CARTESIAN_POINT('',(-0.15777461389,0.135045709138));
#1643 = CARTESIAN_POINT('',(0.188635547624,0.735045709138));
#1644 = CARTESIAN_POINT('',(0.535045709138,1.335045709138));
#1645 = CARTESIAN_POINT('',(0.881455870651,0.735045709138));
#1646 = CARTESIAN_POINT('',(1.227866032165,0.135045709138));
#1647 = CARTESIAN_POINT('',(0.535045709138,0.135045709138));
#1648 = ( GEOMETRIC_REPRESENTATION_CONTEXT(2) 
PARAMETRIC_REPRESENTATION_CONTEXT() REPRESENTATION_CONTEXT('2D SPACE',''
  ) );
#1649 = ADVANCED_FACE('',(#1650),#710,.F.);
#1650 = FACE_BOUND('',#1651,.F.);
#1651 = EDGE_LOOP('',(#1652,#1681,#1707,#1708));
#1652 = ORIENTED_EDGE('',*,*,#1653,.T.);
#1653 = EDGE_CURVE('',#1654,#1656,#1658,.T.);
#1654 = VERTEX_POINT('',#1655);
#1655 = CARTESIAN_POINT('',(-91.51623564025,17.758678666481,2.4));
#1656 = VERTEX_POINT('',#1657);
#1657 = CARTESIAN_POINT('',(-74.41573940563,50.278188823488,2.4));
#1658 = SURFACE_CURVE('',#1659,(#1663,#1669),.PCURVE_S1.);
#1659 = LINE('',#1660,#1661);
#1660 = CARTESIAN_POINT('',(-91.51623564025,17.758678666481,2.4));
#1661 = VECTOR('',#1662,1.);
#1662 = DIRECTION('',(0.465425949604,0.88508682367,-2.773162794727E-17)
  );
#1663 = PCURVE('',#710,#1664);
#1664 = DEFINITIONAL_REPRESENTATION('',(#1665),#1668);
#1665 = B_SPLINE_CURVE_WITH_KNOTS('',1,(#1666,#1667),.UNSPECIFIED.,.F.,
  .F.,(2,2),(0.,36.741604650884),.PIECEWISE_BEZIER_KNOTS.);
#1666 = CARTESIAN_POINT('',(0.,0.));
#1667 = CARTESIAN_POINT('',(0.,-36.74160465088));
#1668 = ( GEOMETRIC_REPRESENTATION_CONTEXT(2) 
PARAMETRIC_REPRESENTATION_CONTEXT() REPRESENTATION_CONTEXT('2D SPACE',''
  ) );
#1669 = PCURVE('',#1670,#1675);
#1670 = PLANE('',#1671);
#1671 = AXIS2_PLACEMENT_3D('',#1672,#1673,#1674);
#1672 = CARTESIAN_POINT('',(-82.96598752294,34.018433744985,
    10.411384220941));
#1673 = DIRECTION('',(0.88508682367,-0.465425949604,2.045197463839E-17)
  );
#1674 = DIRECTION('',(0.465425949604,0.88508682367,-2.773162794727E-17)
  );
#1675 = DEFINITIONAL_REPRESENTATION('',(#1676),#1680);
#1676 = LINE('',#1677,#1678);
#1677 = CARTESIAN_POINT('',(-18.37080232544,-8.011384220941));
#1678 = VECTOR('',#1679,1.);
#1679 = DIRECTION('',(1.,6.162975822039E-33));
#1680 = ( GEOMETRIC_REPRESENTATION_CONTEXT(2) 
PARAMETRIC_REPRESENTATION_CONTEXT() REPRESENTATION_CONTEXT('2D SPACE',''
  ) );
#1681 = ORIENTED_EDGE('',*,*,#1682,.T.);
#1682 = EDGE_CURVE('',#1656,#672,#1683,.T.);
#1683 = SURFACE_CURVE('',#1684,(#1689,#1696),.PCURVE_S1.);
#1684 = CIRCLE('',#1685,1.6);
#1685 = AXIS2_PLACEMENT_3D('',#1686,#1687,#1688);
#1686 = CARTESIAN_POINT('',(-72.99960048776,49.533507304121,2.4));
#1687 = DIRECTION('',(-0.465425949604,-0.88508682367,-0.));
#1688 = DIRECTION('',(-0.88508682367,0.465425949604,0.));
#1689 = PCURVE('',#710,#1690);
#1690 = DEFINITIONAL_REPRESENTATION('',(#1691),#1695);
#1691 = LINE('',#1692,#1693);
#1692 = CARTESIAN_POINT('',(0.,-36.74160465088));
#1693 = VECTOR('',#1694,1.);
#1694 = DIRECTION('',(1.,0.));
#1695 = ( GEOMETRIC_REPRESENTATION_CONTEXT(2) 
PARAMETRIC_REPRESENTATION_CONTEXT() REPRESENTATION_CONTEXT('2D SPACE',''
  ) );
#1696 = PCURVE('',#1203,#1697);
#1697 = DEFINITIONAL_REPRESENTATION('',(#1698),#1706);
#1698 = ( BOUNDED_CURVE() B_SPLINE_CURVE(2,(#1699,#1700,#1701,#1702,
#1703,#1704,#1705),.UNSPECIFIED.,.T.,.F.) B_SPLINE_CURVE_WITH_KNOTS((1,2
    ,2,2,2,1),(-2.094395102393,0.,2.094395102393,4.188790204786,
6.28318530718,8.377580409573),.UNSPECIFIED.) CURVE() 
GEOMETRIC_REPRESENTATION_ITEM() RATIONAL_B_SPLINE_CURVE((1.,0.5,1.,0.5,
1.,0.5,1.)) REPRESENTATION_ITEM('') );
#1699 = CARTESIAN_POINT('',(1.233605465908,-0.366394534092));
#1700 = CARTESIAN_POINT('',(-1.537675826202,-0.366394534092));
#1701 = CARTESIAN_POINT('',(-0.152035180147,2.033605465908));
#1702 = CARTESIAN_POINT('',(1.233605465908,4.433605465908));
#1703 = CARTESIAN_POINT('',(2.619246111963,2.033605465908));
#1704 = CARTESIAN_POINT('',(4.004886758019,-0.366394534092));
#1705 = CARTESIAN_POINT('',(1.233605465908,-0.366394534092));
#1706 = ( GEOMETRIC_REPRESENTATION_CONTEXT(2) 
PARAMETRIC_REPRESENTATION_CONTEXT() REPRESENTATION_CONTEXT('2D SPACE',''
  ) );
#1707 = ORIENTED_EDGE('',*,*,#694,.F.);
#1708 = ORIENTED_EDGE('',*,*,#1709,.F.);
#1709 = EDGE_CURVE('',#1654,#695,#1710,.T.);
#1710 = SURFACE_CURVE('',#1711,(#1716,#1723),.PCURVE_S1.);
#1711 = CIRCLE('',#1712,1.6);
#1712 = AXIS2_PLACEMENT_3D('',#1713,#1714,#1715);
#1713 = CARTESIAN_POINT('',(-90.10009672238,17.013997147115,2.4));
#1714 = DIRECTION('',(-0.465425949604,-0.88508682367,-0.));
#1715 = DIRECTION('',(-0.88508682367,0.465425949604,0.));
#1716 = PCURVE('',#710,#1717);
#1717 = DEFINITIONAL_REPRESENTATION('',(#1718),#1722);
#1718 = LINE('',#1719,#1720);
#1719 = CARTESIAN_POINT('',(0.,0.));
#1720 = VECTOR('',#1721,1.);
#1721 = DIRECTION('',(1.,0.));
#1722 = ( GEOMETRIC_REPRESENTATION_CONTEXT(2) 
PARAMETRIC_REPRESENTATION_CONTEXT() REPRESENTATION_CONTEXT('2D SPACE',''
  ) );
#1723 = PCURVE('',#1285,#1724);
#1724 = DEFINITIONAL_REPRESENTATION('',(#1725),#1733);
#1725 = ( BOUNDED_CURVE() B_SPLINE_CURVE(2,(#1726,#1727,#1728,#1729,
#1730,#1731,#1732),.UNSPECIFIED.,.T.,.F.) B_SPLINE_CURVE_WITH_KNOTS((1,2
    ,2,2,2,1),(-2.094395102393,0.,2.094395102393,4.188790204786,
6.28318530718,8.377580409573),.UNSPECIFIED.) CURVE() 
GEOMETRIC_REPRESENTATION_ITEM() RATIONAL_B_SPLINE_CURVE((1.,0.5,1.,0.5,
1.,0.5,1.)) REPRESENTATION_ITEM('') );
#1726 = CARTESIAN_POINT('',(1.233605465908,-0.366394534092));
#1727 = CARTESIAN_POINT('',(-1.537675826202,-0.366394534092));
#1728 = CARTESIAN_POINT('',(-0.152035180147,2.033605465908));
#1729 = CARTESIAN_POINT('',(1.233605465908,4.433605465908));
#1730 = CARTESIAN_POINT('',(2.619246111963,2.033605465908));
#1731 = CARTESIAN_POINT('',(4.004886758019,-0.366394534092));
#1732 = CARTESIAN_POINT('',(1.233605465908,-0.366394534092));
#1733 = ( GEOMETRIC_REPRESENTATION_CONTEXT(2) 
PARAMETRIC_REPRESENTATION_CONTEXT() REPRESENTATION_CONTEXT('2D SPACE',''
  ) );
#1734 = ADVANCED_FACE('',(#1735),#784,.F.);
#1735 = FACE_BOUND('',#1736,.F.);
#1736 = EDGE_LOOP('',(#1737,#1766,#1792,#1793));
#1737 = ORIENTED_EDGE('',*,*,#1738,.T.);
#1738 = EDGE_CURVE('',#1739,#1741,#1743,.T.);
#1739 = VERTEX_POINT('',#1740);
#1740 = CARTESIAN_POINT('',(-64.71849278961,-62.23487024364,1.6));
#1741 = VERTEX_POINT('',#1742);
#1742 = CARTESIAN_POINT('',(-89.24748088845,-2.961755676653,1.6));
#1743 = SURFACE_CURVE('',#1744,(#1748,#1754),.PCURVE_S1.);
#1744 = LINE('',#1745,#1746);
#1745 = CARTESIAN_POINT('',(-64.71849278961,-62.23487024364,1.6));
#1746 = VECTOR('',#1747,1.);
#1747 = DIRECTION('',(-0.382380835783,0.924004814071,9.164548066738E-18)
  );
#1748 = PCURVE('',#784,#1749);
#1749 = DEFINITIONAL_REPRESENTATION('',(#1750),#1753);
#1750 = B_SPLINE_CURVE_WITH_KNOTS('',1,(#1751,#1752),.UNSPECIFIED.,.F.,
  .F.,(2,2),(0.,64.148058175007),.PIECEWISE_BEZIER_KNOTS.);
#1751 = CARTESIAN_POINT('',(0.,0.));
#1752 = CARTESIAN_POINT('',(0.,-64.148058175));
#1753 = ( GEOMETRIC_REPRESENTATION_CONTEXT(2) 
PARAMETRIC_REPRESENTATION_CONTEXT() REPRESENTATION_CONTEXT('2D SPACE',''
  ) );
#1754 = PCURVE('',#1755,#1760);
#1755 = PLANE('',#1756);
#1756 = AXIS2_PLACEMENT_3D('',#1757,#1758,#1759);
#1757 = CARTESIAN_POINT('',(-76.98298683903,-32.59831296014,
    9.668289204175));
#1758 = DIRECTION('',(0.924004814071,0.382380835783,6.184330246652E-17)
  );
#1759 = DIRECTION('',(-0.382380835783,0.924004814071,9.164548066738E-18)
  );
#1760 = DEFINITIONAL_REPRESENTATION('',(#1761),#1765);
#1761 = LINE('',#1762,#1763);
#1762 = CARTESIAN_POINT('',(-32.0740290875,-8.068289204175));
#1763 = VECTOR('',#1764,1.);
#1764 = DIRECTION('',(1.,0.));
#1765 = ( GEOMETRIC_REPRESENTATION_CONTEXT(2) 
PARAMETRIC_REPRESENTATION_CONTEXT() REPRESENTATION_CONTEXT('2D SPACE',''
  ) );
#1766 = ORIENTED_EDGE('',*,*,#1767,.T.);
#1767 = EDGE_CURVE('',#1741,#746,#1768,.T.);
#1768 = SURFACE_CURVE('',#1769,(#1774,#1781),.PCURVE_S1.);
#1769 = CIRCLE('',#1770,0.8);
#1770 = AXIS2_PLACEMENT_3D('',#1771,#1772,#1773);
#1771 = CARTESIAN_POINT('',(-88.50827703719,-2.655851008027,1.6));
#1772 = DIRECTION('',(0.382380835783,-0.924004814071,0.));
#1773 = DIRECTION('',(-0.924004814071,-0.382380835783,5.551115123126E-16
    ));
#1774 = PCURVE('',#784,#1775);
#1775 = DEFINITIONAL_REPRESENTATION('',(#1776),#1780);
#1776 = LINE('',#1777,#1778);
#1777 = CARTESIAN_POINT('',(0.,-64.148058175));
#1778 = VECTOR('',#1779,1.);
#1779 = DIRECTION('',(1.,0.));
#1780 = ( GEOMETRIC_REPRESENTATION_CONTEXT(2) 
PARAMETRIC_REPRESENTATION_CONTEXT() REPRESENTATION_CONTEXT('2D SPACE',''
  ) );
#1781 = PCURVE('',#1364,#1782);
#1782 = DEFINITIONAL_REPRESENTATION('',(#1783),#1791);
#1783 = ( BOUNDED_CURVE() B_SPLINE_CURVE(2,(#1784,#1785,#1786,#1787,
#1788,#1789,#1790),.UNSPECIFIED.,.T.,.F.) B_SPLINE_CURVE_WITH_KNOTS((1,2
    ,2,2,2,1),(-2.094395102393,0.,2.094395102393,4.188790204786,
6.28318530718,8.377580409573),.UNSPECIFIED.) CURVE() 
GEOMETRIC_REPRESENTATION_ITEM() RATIONAL_B_SPLINE_CURVE((1.,0.5,1.,0.5,
1.,0.5,1.)) REPRESENTATION_ITEM('') );
#1784 = CARTESIAN_POINT('',(0.76045936121,-3.954063879021E-02));
#1785 = CARTESIAN_POINT('',(-0.625181284845,-3.954063879021E-02));
#1786 = CARTESIAN_POINT('',(6.763903818224E-02,1.16045936121));
#1787 = CARTESIAN_POINT('',(0.76045936121,2.36045936121));
#1788 = CARTESIAN_POINT('',(1.453279684237,1.16045936121));
#1789 = CARTESIAN_POINT('',(2.146100007265,-3.954063879021E-02));
#1790 = CARTESIAN_POINT('',(0.76045936121,-3.954063879021E-02));
#1791 = ( GEOMETRIC_REPRESENTATION_CONTEXT(2) 
PARAMETRIC_REPRESENTATION_CONTEXT() REPRESENTATION_CONTEXT('2D SPACE',''
  ) );
#1792 = ORIENTED_EDGE('',*,*,#768,.F.);
#1793 = ORIENTED_EDGE('',*,*,#1794,.F.);
#1794 = EDGE_CURVE('',#1739,#769,#1795,.T.);
#1795 = SURFACE_CURVE('',#1796,(#1801,#1808),.PCURVE_S1.);
#1796 = CIRCLE('',#1797,0.8);
#1797 = AXIS2_PLACEMENT_3D('',#1798,#1799,#1800);
#1798 = CARTESIAN_POINT('',(-63.97928893835,-61.92896557501,1.6));
#1799 = DIRECTION('',(0.382380835783,-0.924004814071,0.));
#1800 = DIRECTION('',(-0.924004814071,-0.382380835783,5.551115123126E-16
    ));
#1801 = PCURVE('',#784,#1802);
#1802 = DEFINITIONAL_REPRESENTATION('',(#1803),#1807);
#1803 = LINE('',#1804,#1805);
#1804 = CARTESIAN_POINT('',(0.,0.));
#1805 = VECTOR('',#1806,1.);
#1806 = DIRECTION('',(1.,0.));
#1807 = ( GEOMETRIC_REPRESENTATION_CONTEXT(2) 
PARAMETRIC_REPRESENTATION_CONTEXT() REPRESENTATION_CONTEXT('2D SPACE',''
  ) );
#1808 = PCURVE('',#1446,#1809);
#1809 = DEFINITIONAL_REPRESENTATION('',(#1810),#1818);
#1810 = ( BOUNDED_CURVE() B_SPLINE_CURVE(2,(#1811,#1812,#1813,#1814,
#1815,#1816,#1817),.UNSPECIFIED.,.T.,.F.) B_SPLINE_CURVE_WITH_KNOTS((1,2
    ,2,2,2,1),(-2.094395102393,0.,2.094395102393,4.188790204786,
6.28318530718,8.377580409573),.UNSPECIFIED.) CURVE() 
GEOMETRIC_REPRESENTATION_ITEM() RATIONAL_B_SPLINE_CURVE((1.,0.5,1.,0.5,
1.,0.5,1.)) REPRESENTATION_ITEM('') );
#1811 = CARTESIAN_POINT('',(0.76045936121,-3.954063879021E-02));
#1812 = CARTESIAN_POINT('',(-0.625181284845,-3.954063879021E-02));
#1813 = CARTESIAN_POINT('',(6.763903818224E-02,1.16045936121));
#1814 = CARTESIAN_POINT('',(0.76045936121,2.36045936121));
#1815 = CARTESIAN_POINT('',(1.453279684237,1.16045936121));
#1816 = CARTESIAN_POINT('',(2.146100007265,-3.954063879021E-02));
#1817 = CARTESIAN_POINT('',(0.76045936121,-3.954063879021E-02));
#1818 = ( GEOMETRIC_REPRESENTATION_CONTEXT(2) 
PARAMETRIC_REPRESENTATION_CONTEXT() REPRESENTATION_CONTEXT('2D SPACE',''
  ) );
#1819 = ADVANCED_FACE('',(#1820),#939,.F.);
#1820 = FACE_BOUND('',#1821,.F.);
#1821 = EDGE_LOOP('',(#1822,#1823,#1846,#1874,#1895,#1896));
#1822 = ORIENTED_EDGE('',*,*,#1161,.T.);
#1823 = ORIENTED_EDGE('',*,*,#1824,.F.);
#1824 = EDGE_CURVE('',#1825,#1135,#1827,.T.);
#1825 = VERTEX_POINT('',#1826);
#1826 = CARTESIAN_POINT('',(69.926677247649,16.408159534357,
    18.241465326383));
#1827 = SURFACE_CURVE('',#1828,(#1832,#1839),.PCURVE_S1.);
#1828 = LINE('',#1829,#1830);
#1829 = CARTESIAN_POINT('',(69.926677247649,16.408159534357,
    18.241465326383));
#1830 = VECTOR('',#1831,1.);
#1831 = DIRECTION('',(2.712213357423E-17,-4.318380184486E-17,-1.));
#1832 = PCURVE('',#939,#1833);
#1833 = DEFINITIONAL_REPRESENTATION('',(#1834),#1838);
#1834 = LINE('',#1835,#1836);
#1835 = CARTESIAN_POINT('',(17.576511035521,-0.664954290862));
#1836 = VECTOR('',#1837,1.);
#1837 = DIRECTION('',(-1.,-5.089455632602E-17));
#1838 = ( GEOMETRIC_REPRESENTATION_CONTEXT(2) 
PARAMETRIC_REPRESENTATION_CONTEXT() REPRESENTATION_CONTEXT('2D SPACE',''
  ) );
#1839 = PCURVE('',#1149,#1840);
#1840 = DEFINITIONAL_REPRESENTATION('',(#1841),#1845);
#1841 = LINE('',#1842,#1843);
#1842 = CARTESIAN_POINT('',(-64.89355465694,8.520732663192));
#1843 = VECTOR('',#1844,1.);
#1844 = DIRECTION('',(5.392603844284E-33,-1.));
#1845 = ( GEOMETRIC_REPRESENTATION_CONTEXT(2) 
PARAMETRIC_REPRESENTATION_CONTEXT() REPRESENTATION_CONTEXT('2D SPACE',''
  ) );
#1846 = ORIENTED_EDGE('',*,*,#1847,.T.);
#1847 = EDGE_CURVE('',#1825,#1848,#1850,.T.);
#1848 = VERTEX_POINT('',#1849);
#1849 = CARTESIAN_POINT('',(69.459603412227,17.057653208124,
    18.241465326383));
#1850 = SURFACE_CURVE('',#1851,(#1855,#1862),.PCURVE_S1.);
#1851 = LINE('',#1852,#1853);
#1852 = CARTESIAN_POINT('',(69.926677247649,16.408159534357,
    18.241465326383));
#1853 = VECTOR('',#1854,1.);
#1854 = DIRECTION('',(-0.583842294278,0.811867092209,-5.089455632602E-17
    ));
#1855 = PCURVE('',#939,#1856);
#1856 = DEFINITIONAL_REPRESENTATION('',(#1857),#1861);
#1857 = LINE('',#1858,#1859);
#1858 = CARTESIAN_POINT('',(17.576511035521,-0.664954290862));
#1859 = VECTOR('',#1860,1.);
#1860 = DIRECTION('',(-5.089455632602E-17,1.));
#1861 = ( GEOMETRIC_REPRESENTATION_CONTEXT(2) 
PARAMETRIC_REPRESENTATION_CONTEXT() REPRESENTATION_CONTEXT('2D SPACE',''
  ) );
#1862 = PCURVE('',#1863,#1868);
#1863 = PLANE('',#1864);
#1864 = AXIS2_PLACEMENT_3D('',#1865,#1866,#1867);
#1865 = CARTESIAN_POINT('',(-35.44320579727,-59.36704413513,
    18.241465326383));
#1866 = DIRECTION('',(2.712213357423E-17,-4.318380184486E-17,-1.));
#1867 = DIRECTION('',(0.811867092209,0.583842294278,-3.19296222531E-18)
  );
#1868 = DEFINITIONAL_REPRESENTATION('',(#1869),#1873);
#1869 = LINE('',#1870,#1871);
#1870 = CARTESIAN_POINT('',(129.78710931388,-7.105427357601E-15));
#1871 = VECTOR('',#1872,1.);
#1872 = DIRECTION('',(5.551115123126E-17,-1.));
#1873 = ( GEOMETRIC_REPRESENTATION_CONTEXT(2) 
PARAMETRIC_REPRESENTATION_CONTEXT() REPRESENTATION_CONTEXT('2D SPACE',''
  ) );
#1874 = ORIENTED_EDGE('',*,*,#1875,.T.);
#1875 = EDGE_CURVE('',#1848,#1569,#1876,.T.);
#1876 = SURFACE_CURVE('',#1877,(#1881,#1888),.PCURVE_S1.);
#1877 = LINE('',#1878,#1879);
#1878 = CARTESIAN_POINT('',(69.459603412227,17.057653208124,
    18.241465326383));
#1879 = VECTOR('',#1880,1.);
#1880 = DIRECTION('',(2.712213357423E-17,-4.318380184486E-17,-1.));
#1881 = PCURVE('',#939,#1882);
#1882 = DEFINITIONAL_REPRESENTATION('',(#1883),#1887);
#1883 = LINE('',#1884,#1885);
#1884 = CARTESIAN_POINT('',(17.576511035521,0.135045709138));
#1885 = VECTOR('',#1886,1.);
#1886 = DIRECTION('',(-1.,-5.089455632602E-17));
#1887 = ( GEOMETRIC_REPRESENTATION_CONTEXT(2) 
PARAMETRIC_REPRESENTATION_CONTEXT() REPRESENTATION_CONTEXT('2D SPACE',''
  ) );
#1888 = PCURVE('',#1585,#1889);
#1889 = DEFINITIONAL_REPRESENTATION('',(#1890),#1894);
#1890 = LINE('',#1891,#1892);
#1891 = CARTESIAN_POINT('',(-64.89355465694,8.520732663192));
#1892 = VECTOR('',#1893,1.);
#1893 = DIRECTION('',(5.392603844284E-33,-1.));
#1894 = ( GEOMETRIC_REPRESENTATION_CONTEXT(2) 
PARAMETRIC_REPRESENTATION_CONTEXT() REPRESENTATION_CONTEXT('2D SPACE',''
  ) );
#1895 = ORIENTED_EDGE('',*,*,#1624,.T.);
#1896 = ORIENTED_EDGE('',*,*,#925,.T.);
#1897 = ADVANCED_FACE('',(#1898),#521,.F.);
#1898 = FACE_BOUND('',#1899,.F.);
#1899 = EDGE_LOOP('',(#1900,#1901,#1924,#1945));
#1900 = ORIENTED_EDGE('',*,*,#505,.T.);
#1901 = ORIENTED_EDGE('',*,*,#1902,.T.);
#1902 = EDGE_CURVE('',#506,#1903,#1905,.T.);
#1903 = VERTEX_POINT('',#1904);
#1904 = CARTESIAN_POINT('',(-44.99541998572,54.25775072166,
    29.083874451872));
#1905 = SURFACE_CURVE('',#1906,(#1910,#1917),.PCURVE_S1.);
#1906 = LINE('',#1907,#1908);
#1907 = CARTESIAN_POINT('',(67.802954923423,38.240329667153,
    29.083874451872));
#1908 = VECTOR('',#1909,1.);
#1909 = DIRECTION('',(-0.99006788917,0.14059009508,-1.16867961994E-17));
#1910 = PCURVE('',#521,#1911);
#1911 = DEFINITIONAL_REPRESENTATION('',(#1912),#1916);
#1912 = LINE('',#1913,#1914);
#1913 = CARTESIAN_POINT('',(56.964969848541,13.941937225936));
#1914 = VECTOR('',#1915,1.);
#1915 = DIRECTION('',(-1.,0.));
#1916 = ( GEOMETRIC_REPRESENTATION_CONTEXT(2) 
PARAMETRIC_REPRESENTATION_CONTEXT() REPRESENTATION_CONTEXT('2D SPACE',''
  ) );
#1917 = PCURVE('',#549,#1918);
#1918 = DEFINITIONAL_REPRESENTATION('',(#1919),#1923);
#1919 = LINE('',#1920,#1921);
#1920 = CARTESIAN_POINT('',(0.,0.));
#1921 = VECTOR('',#1922,1.);
#1922 = DIRECTION('',(1.,2.585341145639E-33));
#1923 = ( GEOMETRIC_REPRESENTATION_CONTEXT(2) 
PARAMETRIC_REPRESENTATION_CONTEXT() REPRESENTATION_CONTEXT('2D SPACE',''
  ) );
#1924 = ORIENTED_EDGE('',*,*,#1925,.T.);
#1925 = EDGE_CURVE('',#1903,#959,#1926,.T.);
#1926 = SURFACE_CURVE('',#1927,(#1931,#1938),.PCURVE_S1.);
#1927 = LINE('',#1928,#1929);
#1928 = CARTESIAN_POINT('',(-44.99541998572,54.25775072166,
    29.083874451872));
#1929 = VECTOR('',#1930,1.);
#1930 = DIRECTION('',(-1.953047591908E-17,-2.206648572886E-16,-1.));
#1931 = PCURVE('',#521,#1932);
#1932 = DEFINITIONAL_REPRESENTATION('',(#1933),#1937);
#1933 = LINE('',#1934,#1935);
#1934 = CARTESIAN_POINT('',(-56.96496984854,13.941937225936));
#1935 = VECTOR('',#1936,1.);
#1936 = DIRECTION('',(0.,-1.));
#1937 = ( GEOMETRIC_REPRESENTATION_CONTEXT(2) 
PARAMETRIC_REPRESENTATION_CONTEXT() REPRESENTATION_CONTEXT('2D SPACE',''
  ) );
#1938 = PCURVE('',#995,#1939);
#1939 = DEFINITIONAL_REPRESENTATION('',(#1940),#1944);
#1940 = LINE('',#1941,#1942);
#1941 = CARTESIAN_POINT('',(28.41892016101,-0.664954290862));
#1942 = VECTOR('',#1943,1.);
#1943 = DIRECTION('',(-1.,2.212189809361E-16));
#1944 = ( GEOMETRIC_REPRESENTATION_CONTEXT(2) 
PARAMETRIC_REPRESENTATION_CONTEXT() REPRESENTATION_CONTEXT('2D SPACE',''
  ) );
#1945 = ORIENTED_EDGE('',*,*,#958,.T.);
#1946 = ADVANCED_FACE('',(#1947),#995,.F.);
#1947 = FACE_BOUND('',#1948,.F.);
#1948 = EDGE_LOOP('',(#1949,#1950,#1951,#1974,#1995,#1996));
#1949 = ORIENTED_EDGE('',*,*,#980,.T.);
#1950 = ORIENTED_EDGE('',*,*,#1925,.F.);
#1951 = ORIENTED_EDGE('',*,*,#1952,.T.);
#1952 = EDGE_CURVE('',#1903,#1953,#1955,.T.);
#1953 = VERTEX_POINT('',#1954);
#1954 = CARTESIAN_POINT('',(-45.10789206178,53.465696410325,
    29.083874451872));
#1955 = SURFACE_CURVE('',#1956,(#1960,#1967),.PCURVE_S1.);
#1956 = LINE('',#1957,#1958);
#1957 = CARTESIAN_POINT('',(-44.99541998572,54.25775072166,
    29.083874451872));
#1958 = VECTOR('',#1959,1.);
#1959 = DIRECTION('',(-0.14059009508,-0.99006788917,2.212189809361E-16)
  );
#1960 = PCURVE('',#995,#1961);
#1961 = DEFINITIONAL_REPRESENTATION('',(#1962),#1966);
#1962 = LINE('',#1963,#1964);
#1963 = CARTESIAN_POINT('',(28.41892016101,-0.664954290862));
#1964 = VECTOR('',#1965,1.);
#1965 = DIRECTION('',(2.212189809361E-16,1.));
#1966 = ( GEOMETRIC_REPRESENTATION_CONTEXT(2) 
PARAMETRIC_REPRESENTATION_CONTEXT() REPRESENTATION_CONTEXT('2D SPACE',''
  ) );
#1967 = PCURVE('',#549,#1968);
#1968 = DEFINITIONAL_REPRESENTATION('',(#1969),#1973);
#1969 = LINE('',#1970,#1971);
#1970 = CARTESIAN_POINT('',(113.92993969708,-1.7763568394E-15));
#1971 = VECTOR('',#1972,1.);
#1972 = DIRECTION('',(-2.585341145639E-33,-1.));
#1973 = ( GEOMETRIC_REPRESENTATION_CONTEXT(2) 
PARAMETRIC_REPRESENTATION_CONTEXT() REPRESENTATION_CONTEXT('2D SPACE',''
  ) );
#1974 = ORIENTED_EDGE('',*,*,#1975,.T.);
#1975 = EDGE_CURVE('',#1953,#1516,#1976,.T.);
#1976 = SURFACE_CURVE('',#1977,(#1981,#1988),.PCURVE_S1.);
#1977 = LINE('',#1978,#1979);
#1978 = CARTESIAN_POINT('',(-45.10789206178,53.465696410325,
    29.083874451872));
#1979 = VECTOR('',#1980,1.);
#1980 = DIRECTION('',(-1.953047591908E-17,-2.206648572886E-16,-1.));
#1981 = PCURVE('',#995,#1982);
#1982 = DEFINITIONAL_REPRESENTATION('',(#1983),#1987);
#1983 = LINE('',#1984,#1985);
#1984 = CARTESIAN_POINT('',(28.41892016101,0.135045709138));
#1985 = VECTOR('',#1986,1.);
#1986 = DIRECTION('',(-1.,2.212189809361E-16));
#1987 = ( GEOMETRIC_REPRESENTATION_CONTEXT(2) 
PARAMETRIC_REPRESENTATION_CONTEXT() REPRESENTATION_CONTEXT('2D SPACE',''
  ) );
#1988 = PCURVE('',#577,#1989);
#1989 = DEFINITIONAL_REPRESENTATION('',(#1990),#1994);
#1990 = LINE('',#1991,#1992);
#1991 = CARTESIAN_POINT('',(-56.96496984854,13.941937225936));
#1992 = VECTOR('',#1993,1.);
#1993 = DIRECTION('',(0.,-1.));
#1994 = ( GEOMETRIC_REPRESENTATION_CONTEXT(2) 
PARAMETRIC_REPRESENTATION_CONTEXT() REPRESENTATION_CONTEXT('2D SPACE',''
  ) );
#1995 = ORIENTED_EDGE('',*,*,#1539,.T.);
#1996 = ORIENTED_EDGE('',*,*,#1011,.T.);
#1997 = ADVANCED_FACE('',(#1998),#1094,.T.);
#1998 = FACE_BOUND('',#1999,.T.);
#1999 = EDGE_LOOP('',(#2000,#2001,#2024,#2047,#2068,#2069));
#2000 = ORIENTED_EDGE('',*,*,#1110,.T.);
#2001 = ORIENTED_EDGE('',*,*,#2002,.T.);
#2002 = EDGE_CURVE('',#1111,#2003,#2005,.T.);
#2003 = VERTEX_POINT('',#2004);
#2004 = CARTESIAN_POINT('',(-35.44320579727,-59.36704413513,
    18.241465326383));
#2005 = SURFACE_CURVE('',#2006,(#2010,#2017),.PCURVE_S1.);
#2006 = LINE('',#2007,#2008);
#2007 = CARTESIAN_POINT('',(-35.44320579727,-59.36704413513,1.2));
#2008 = VECTOR('',#2009,1.);
#2009 = DIRECTION('',(-2.712213357423E-17,4.318380184486E-17,1.));
#2010 = PCURVE('',#1094,#2011);
#2011 = DEFINITIONAL_REPRESENTATION('',(#2012),#2016);
#2012 = LINE('',#2013,#2014);
#2013 = CARTESIAN_POINT('',(0.535045709138,-0.664954290862));
#2014 = VECTOR('',#2015,1.);
#2015 = DIRECTION('',(1.,5.089455632602E-17));
#2016 = ( GEOMETRIC_REPRESENTATION_CONTEXT(2) 
PARAMETRIC_REPRESENTATION_CONTEXT() REPRESENTATION_CONTEXT('2D SPACE',''
  ) );
#2017 = PCURVE('',#1149,#2018);
#2018 = DEFINITIONAL_REPRESENTATION('',(#2019),#2023);
#2019 = LINE('',#2020,#2021);
#2020 = CARTESIAN_POINT('',(64.89355465694,-8.520732663192));
#2021 = VECTOR('',#2022,1.);
#2022 = DIRECTION('',(-5.392603844284E-33,1.));
#2023 = ( GEOMETRIC_REPRESENTATION_CONTEXT(2) 
PARAMETRIC_REPRESENTATION_CONTEXT() REPRESENTATION_CONTEXT('2D SPACE',''
  ) );
#2024 = ORIENTED_EDGE('',*,*,#2025,.T.);
#2025 = EDGE_CURVE('',#2003,#2026,#2028,.T.);
#2026 = VERTEX_POINT('',#2027);
#2027 = CARTESIAN_POINT('',(-35.91027963269,-58.71755046136,
    18.241465326383));
#2028 = SURFACE_CURVE('',#2029,(#2033,#2040),.PCURVE_S1.);
#2029 = LINE('',#2030,#2031);
#2030 = CARTESIAN_POINT('',(-35.44320579727,-59.36704413513,
    18.241465326383));
#2031 = VECTOR('',#2032,1.);
#2032 = DIRECTION('',(-0.583842294278,0.811867092209,-5.089455632602E-17
    ));
#2033 = PCURVE('',#1094,#2034);
#2034 = DEFINITIONAL_REPRESENTATION('',(#2035),#2039);
#2035 = LINE('',#2036,#2037);
#2036 = CARTESIAN_POINT('',(17.576511035521,-0.664954290862));
#2037 = VECTOR('',#2038,1.);
#2038 = DIRECTION('',(-5.089455632602E-17,1.));
#2039 = ( GEOMETRIC_REPRESENTATION_CONTEXT(2) 
PARAMETRIC_REPRESENTATION_CONTEXT() REPRESENTATION_CONTEXT('2D SPACE',''
  ) );
#2040 = PCURVE('',#1863,#2041);
#2041 = DEFINITIONAL_REPRESENTATION('',(#2042),#2046);
#2042 = LINE('',#2043,#2044);
#2043 = CARTESIAN_POINT('',(0.,0.));
#2044 = VECTOR('',#2045,1.);
#2045 = DIRECTION('',(5.551115123126E-17,-1.));
#2046 = ( GEOMETRIC_REPRESENTATION_CONTEXT(2) 
PARAMETRIC_REPRESENTATION_CONTEXT() REPRESENTATION_CONTEXT('2D SPACE',''
  ) );
#2047 = ORIENTED_EDGE('',*,*,#2048,.F.);
#2048 = EDGE_CURVE('',#1571,#2026,#2049,.T.);
#2049 = SURFACE_CURVE('',#2050,(#2054,#2061),.PCURVE_S1.);
#2050 = LINE('',#2051,#2052);
#2051 = CARTESIAN_POINT('',(-35.91027963269,-58.71755046136,1.2));
#2052 = VECTOR('',#2053,1.);
#2053 = DIRECTION('',(-2.712213357423E-17,4.318380184486E-17,1.));
#2054 = PCURVE('',#1094,#2055);
#2055 = DEFINITIONAL_REPRESENTATION('',(#2056),#2060);
#2056 = LINE('',#2057,#2058);
#2057 = CARTESIAN_POINT('',(0.535045709138,0.135045709138));
#2058 = VECTOR('',#2059,1.);
#2059 = DIRECTION('',(1.,5.089455632602E-17));
#2060 = ( GEOMETRIC_REPRESENTATION_CONTEXT(2) 
PARAMETRIC_REPRESENTATION_CONTEXT() REPRESENTATION_CONTEXT('2D SPACE',''
  ) );
#2061 = PCURVE('',#1585,#2062);
#2062 = DEFINITIONAL_REPRESENTATION('',(#2063),#2067);
#2063 = LINE('',#2064,#2065);
#2064 = CARTESIAN_POINT('',(64.89355465694,-8.520732663192));
#2065 = VECTOR('',#2066,1.);
#2066 = DIRECTION('',(-5.392603844284E-33,1.));
#2067 = ( GEOMETRIC_REPRESENTATION_CONTEXT(2) 
PARAMETRIC_REPRESENTATION_CONTEXT() REPRESENTATION_CONTEXT('2D SPACE',''
  ) );
#2068 = ORIENTED_EDGE('',*,*,#1597,.T.);
#2069 = ORIENTED_EDGE('',*,*,#1080,.T.);
#2070 = ADVANCED_FACE('',(#2071),#1149,.F.);
#2071 = FACE_BOUND('',#2072,.F.);
#2072 = EDGE_LOOP('',(#2073,#2074,#2095,#2096));
#2073 = ORIENTED_EDGE('',*,*,#2002,.T.);
#2074 = ORIENTED_EDGE('',*,*,#2075,.T.);
#2075 = EDGE_CURVE('',#2003,#1825,#2076,.T.);
#2076 = SURFACE_CURVE('',#2077,(#2081,#2088),.PCURVE_S1.);
#2077 = LINE('',#2078,#2079);
#2078 = CARTESIAN_POINT('',(-35.44320579727,-59.36704413513,
    18.241465326383));
#2079 = VECTOR('',#2080,1.);
#2080 = DIRECTION('',(0.811867092209,0.583842294278,-3.19296222531E-18)
  );
#2081 = PCURVE('',#1149,#2082);
#2082 = DEFINITIONAL_REPRESENTATION('',(#2083),#2087);
#2083 = LINE('',#2084,#2085);
#2084 = CARTESIAN_POINT('',(64.89355465694,8.520732663192));
#2085 = VECTOR('',#2086,1.);
#2086 = DIRECTION('',(-1.,8.088905766426E-33));
#2087 = ( GEOMETRIC_REPRESENTATION_CONTEXT(2) 
PARAMETRIC_REPRESENTATION_CONTEXT() REPRESENTATION_CONTEXT('2D SPACE',''
  ) );
#2088 = PCURVE('',#1863,#2089);
#2089 = DEFINITIONAL_REPRESENTATION('',(#2090),#2094);
#2090 = LINE('',#2091,#2092);
#2091 = CARTESIAN_POINT('',(0.,0.));
#2092 = VECTOR('',#2093,1.);
#2093 = DIRECTION('',(1.,-5.551115123126E-17));
#2094 = ( GEOMETRIC_REPRESENTATION_CONTEXT(2) 
PARAMETRIC_REPRESENTATION_CONTEXT() REPRESENTATION_CONTEXT('2D SPACE',''
  ) );
#2095 = ORIENTED_EDGE('',*,*,#1824,.T.);
#2096 = ORIENTED_EDGE('',*,*,#1134,.T.);
#2097 = ADVANCED_FACE('',(#2098),#1203,.T.);
#2098 = FACE_BOUND('',#2099,.T.);
#2099 = EDGE_LOOP('',(#2100,#2101,#2124,#2152,#2173,#2174));
#2100 = ORIENTED_EDGE('',*,*,#1219,.T.);
#2101 = ORIENTED_EDGE('',*,*,#2102,.T.);
#2102 = EDGE_CURVE('',#1220,#2103,#2105,.T.);
#2103 = VERTEX_POINT('',#2104);
#2104 = CARTESIAN_POINT('',(-75.12380886457,50.650529583171,
    18.422768441882));
#2105 = SURFACE_CURVE('',#2106,(#2110,#2117),.PCURVE_S1.);
#2106 = LINE('',#2107,#2108);
#2107 = CARTESIAN_POINT('',(-75.12380886457,50.650529583171,2.4));
#2108 = VECTOR('',#2109,1.);
#2109 = DIRECTION('',(-5.194753999054E-18,3.406377821241E-17,1.));
#2110 = PCURVE('',#1203,#2111);
#2111 = DEFINITIONAL_REPRESENTATION('',(#2112),#2116);
#2112 = LINE('',#2113,#2114);
#2113 = CARTESIAN_POINT('',(1.233605465908,-1.166394534092));
#2114 = VECTOR('',#2115,1.);
#2115 = DIRECTION('',(1.,-2.045197463839E-17));
#2116 = ( GEOMETRIC_REPRESENTATION_CONTEXT(2) 
PARAMETRIC_REPRESENTATION_CONTEXT() REPRESENTATION_CONTEXT('2D SPACE',''
  ) );
#2117 = PCURVE('',#1258,#2118);
#2118 = DEFINITIONAL_REPRESENTATION('',(#2119),#2123);
#2119 = LINE('',#2120,#2121);
#2120 = CARTESIAN_POINT('',(18.370802325442,-8.011384220941));
#2121 = VECTOR('',#2122,1.);
#2122 = DIRECTION('',(6.162975822039E-33,1.));
#2123 = ( GEOMETRIC_REPRESENTATION_CONTEXT(2) 
PARAMETRIC_REPRESENTATION_CONTEXT() REPRESENTATION_CONTEXT('2D SPACE',''
  ) );
#2124 = ORIENTED_EDGE('',*,*,#2125,.T.);
#2125 = EDGE_CURVE('',#2103,#2126,#2128,.T.);
#2126 = VERTEX_POINT('',#2127);
#2127 = CARTESIAN_POINT('',(-74.41573940563,50.278188823488,
    18.422768441882));
#2128 = SURFACE_CURVE('',#2129,(#2133,#2140),.PCURVE_S1.);
#2129 = LINE('',#2130,#2131);
#2130 = CARTESIAN_POINT('',(-75.12380886457,50.650529583171,
    18.422768441882));
#2131 = VECTOR('',#2132,1.);
#2132 = DIRECTION('',(0.88508682367,-0.465425949604,2.045197463839E-17)
  );
#2133 = PCURVE('',#1203,#2134);
#2134 = DEFINITIONAL_REPRESENTATION('',(#2135),#2139);
#2135 = LINE('',#2136,#2137);
#2136 = CARTESIAN_POINT('',(17.25637390779,-1.166394534092));
#2137 = VECTOR('',#2138,1.);
#2138 = DIRECTION('',(2.045197463839E-17,1.));
#2139 = ( GEOMETRIC_REPRESENTATION_CONTEXT(2) 
PARAMETRIC_REPRESENTATION_CONTEXT() REPRESENTATION_CONTEXT('2D SPACE',''
  ) );
#2140 = PCURVE('',#2141,#2146);
#2141 = PLANE('',#2142);
#2142 = AXIS2_PLACEMENT_3D('',#2143,#2144,#2145);
#2143 = CARTESIAN_POINT('',(-75.12380886457,50.650529583171,
    18.422768441882));
#2144 = DIRECTION('',(5.194753999054E-18,-3.406377821241E-17,-1.));
#2145 = DIRECTION('',(-0.465425949604,-0.88508682367,2.773162794727E-17)
  );
#2146 = DEFINITIONAL_REPRESENTATION('',(#2147),#2151);
#2147 = LINE('',#2148,#2149);
#2148 = CARTESIAN_POINT('',(0.,0.));
#2149 = VECTOR('',#2150,1.);
#2150 = DIRECTION('',(5.671665514587E-34,-1.));
#2151 = ( GEOMETRIC_REPRESENTATION_CONTEXT(2) 
PARAMETRIC_REPRESENTATION_CONTEXT() REPRESENTATION_CONTEXT('2D SPACE',''
  ) );
#2152 = ORIENTED_EDGE('',*,*,#2153,.F.);
#2153 = EDGE_CURVE('',#1656,#2126,#2154,.T.);
#2154 = SURFACE_CURVE('',#2155,(#2159,#2166),.PCURVE_S1.);
#2155 = LINE('',#2156,#2157);
#2156 = CARTESIAN_POINT('',(-74.41573940563,50.278188823488,2.4));
#2157 = VECTOR('',#2158,1.);
#2158 = DIRECTION('',(-5.194753999054E-18,3.406377821241E-17,1.));
#2159 = PCURVE('',#1203,#2160);
#2160 = DEFINITIONAL_REPRESENTATION('',(#2161),#2165);
#2161 = LINE('',#2162,#2163);
#2162 = CARTESIAN_POINT('',(1.233605465908,-0.366394534092));
#2163 = VECTOR('',#2164,1.);
#2164 = DIRECTION('',(1.,-2.045197463839E-17));
#2165 = ( GEOMETRIC_REPRESENTATION_CONTEXT(2) 
PARAMETRIC_REPRESENTATION_CONTEXT() REPRESENTATION_CONTEXT('2D SPACE',''
  ) );
#2166 = PCURVE('',#1670,#2167);
#2167 = DEFINITIONAL_REPRESENTATION('',(#2168),#2172);
#2168 = LINE('',#2169,#2170);
#2169 = CARTESIAN_POINT('',(18.370802325442,-8.011384220941));
#2170 = VECTOR('',#2171,1.);
#2171 = DIRECTION('',(6.162975822039E-33,1.));
#2172 = ( GEOMETRIC_REPRESENTATION_CONTEXT(2) 
PARAMETRIC_REPRESENTATION_CONTEXT() REPRESENTATION_CONTEXT('2D SPACE',''
  ) );
#2173 = ORIENTED_EDGE('',*,*,#1682,.T.);
#2174 = ORIENTED_EDGE('',*,*,#1189,.T.);
#2175 = ADVANCED_FACE('',(#2176),#1258,.F.);
#2176 = FACE_BOUND('',#2177,.F.);
#2177 = EDGE_LOOP('',(#2178,#2179,#2202,#2223));
#2178 = ORIENTED_EDGE('',*,*,#2102,.T.);
#2179 = ORIENTED_EDGE('',*,*,#2180,.T.);
#2180 = EDGE_CURVE('',#2103,#2181,#2183,.T.);
#2181 = VERTEX_POINT('',#2182);
#2182 = CARTESIAN_POINT('',(-92.22430509919,18.131019426165,
    18.422768441882));
#2183 = SURFACE_CURVE('',#2184,(#2188,#2195),.PCURVE_S1.);
#2184 = LINE('',#2185,#2186);
#2185 = CARTESIAN_POINT('',(-75.12380886457,50.650529583171,
    18.422768441882));
#2186 = VECTOR('',#2187,1.);
#2187 = DIRECTION('',(-0.465425949604,-0.88508682367,2.773162794727E-17)
  );
#2188 = PCURVE('',#1258,#2189);
#2189 = DEFINITIONAL_REPRESENTATION('',(#2190),#2194);
#2190 = LINE('',#2191,#2192);
#2191 = CARTESIAN_POINT('',(18.370802325442,8.011384220941));
#2192 = VECTOR('',#2193,1.);
#2193 = DIRECTION('',(-1.,-6.162975822039E-33));
#2194 = ( GEOMETRIC_REPRESENTATION_CONTEXT(2) 
PARAMETRIC_REPRESENTATION_CONTEXT() REPRESENTATION_CONTEXT('2D SPACE',''
  ) );
#2195 = PCURVE('',#2141,#2196);
#2196 = DEFINITIONAL_REPRESENTATION('',(#2197),#2201);
#2197 = LINE('',#2198,#2199);
#2198 = CARTESIAN_POINT('',(0.,0.));
#2199 = VECTOR('',#2200,1.);
#2200 = DIRECTION('',(1.,-5.671665514587E-34));
#2201 = ( GEOMETRIC_REPRESENTATION_CONTEXT(2) 
PARAMETRIC_REPRESENTATION_CONTEXT() REPRESENTATION_CONTEXT('2D SPACE',''
  ) );
#2202 = ORIENTED_EDGE('',*,*,#2203,.T.);
#2203 = EDGE_CURVE('',#2181,#1244,#2204,.T.);
#2204 = SURFACE_CURVE('',#2205,(#2209,#2216),.PCURVE_S1.);
#2205 = LINE('',#2206,#2207);
#2206 = CARTESIAN_POINT('',(-92.22430509919,18.131019426165,
    18.422768441882));
#2207 = VECTOR('',#2208,1.);
#2208 = DIRECTION('',(5.194753999054E-18,-3.406377821241E-17,-1.));
#2209 = PCURVE('',#1258,#2210);
#2210 = DEFINITIONAL_REPRESENTATION('',(#2211),#2215);
#2211 = LINE('',#2212,#2213);
#2212 = CARTESIAN_POINT('',(-18.37080232544,8.011384220941));
#2213 = VECTOR('',#2214,1.);
#2214 = DIRECTION('',(-6.162975822039E-33,-1.));
#2215 = ( GEOMETRIC_REPRESENTATION_CONTEXT(2) 
PARAMETRIC_REPRESENTATION_CONTEXT() REPRESENTATION_CONTEXT('2D SPACE',''
  ) );
#2216 = PCURVE('',#1285,#2217);
#2217 = DEFINITIONAL_REPRESENTATION('',(#2218),#2222);
#2218 = LINE('',#2219,#2220);
#2219 = CARTESIAN_POINT('',(17.25637390779,-1.166394534092));
#2220 = VECTOR('',#2221,1.);
#2221 = DIRECTION('',(-1.,2.045197463839E-17));
#2222 = ( GEOMETRIC_REPRESENTATION_CONTEXT(2) 
PARAMETRIC_REPRESENTATION_CONTEXT() REPRESENTATION_CONTEXT('2D SPACE',''
  ) );
#2223 = ORIENTED_EDGE('',*,*,#1243,.T.);
#2224 = ADVANCED_FACE('',(#2225),#1285,.F.);
#2225 = FACE_BOUND('',#2226,.F.);
#2226 = EDGE_LOOP('',(#2227,#2228,#2229,#2252,#2273,#2274));
#2227 = ORIENTED_EDGE('',*,*,#1270,.T.);
#2228 = ORIENTED_EDGE('',*,*,#2203,.F.);
#2229 = ORIENTED_EDGE('',*,*,#2230,.T.);
#2230 = EDGE_CURVE('',#2181,#2231,#2233,.T.);
#2231 = VERTEX_POINT('',#2232);
#2232 = CARTESIAN_POINT('',(-91.51623564025,17.758678666481,
    18.422768441882));
#2233 = SURFACE_CURVE('',#2234,(#2238,#2245),.PCURVE_S1.);
#2234 = LINE('',#2235,#2236);
#2235 = CARTESIAN_POINT('',(-92.22430509919,18.131019426165,
    18.422768441882));
#2236 = VECTOR('',#2237,1.);
#2237 = DIRECTION('',(0.88508682367,-0.465425949604,2.045197463839E-17)
  );
#2238 = PCURVE('',#1285,#2239);
#2239 = DEFINITIONAL_REPRESENTATION('',(#2240),#2244);
#2240 = LINE('',#2241,#2242);
#2241 = CARTESIAN_POINT('',(17.25637390779,-1.166394534092));
#2242 = VECTOR('',#2243,1.);
#2243 = DIRECTION('',(2.045197463839E-17,1.));
#2244 = ( GEOMETRIC_REPRESENTATION_CONTEXT(2) 
PARAMETRIC_REPRESENTATION_CONTEXT() REPRESENTATION_CONTEXT('2D SPACE',''
  ) );
#2245 = PCURVE('',#2141,#2246);
#2246 = DEFINITIONAL_REPRESENTATION('',(#2247),#2251);
#2247 = LINE('',#2248,#2249);
#2248 = CARTESIAN_POINT('',(36.741604650884,-8.881784197001E-15));
#2249 = VECTOR('',#2250,1.);
#2250 = DIRECTION('',(5.671665514587E-34,-1.));
#2251 = ( GEOMETRIC_REPRESENTATION_CONTEXT(2) 
PARAMETRIC_REPRESENTATION_CONTEXT() REPRESENTATION_CONTEXT('2D SPACE',''
  ) );
#2252 = ORIENTED_EDGE('',*,*,#2253,.T.);
#2253 = EDGE_CURVE('',#2231,#1654,#2254,.T.);
#2254 = SURFACE_CURVE('',#2255,(#2259,#2266),.PCURVE_S1.);
#2255 = LINE('',#2256,#2257);
#2256 = CARTESIAN_POINT('',(-91.51623564025,17.758678666481,
    18.422768441882));
#2257 = VECTOR('',#2258,1.);
#2258 = DIRECTION('',(5.194753999054E-18,-3.406377821241E-17,-1.));
#2259 = PCURVE('',#1285,#2260);
#2260 = DEFINITIONAL_REPRESENTATION('',(#2261),#2265);
#2261 = LINE('',#2262,#2263);
#2262 = CARTESIAN_POINT('',(17.25637390779,-0.366394534092));
#2263 = VECTOR('',#2264,1.);
#2264 = DIRECTION('',(-1.,2.045197463839E-17));
#2265 = ( GEOMETRIC_REPRESENTATION_CONTEXT(2) 
PARAMETRIC_REPRESENTATION_CONTEXT() REPRESENTATION_CONTEXT('2D SPACE',''
  ) );
#2266 = PCURVE('',#1670,#2267);
#2267 = DEFINITIONAL_REPRESENTATION('',(#2268),#2272);
#2268 = LINE('',#2269,#2270);
#2269 = CARTESIAN_POINT('',(-18.37080232544,8.011384220941));
#2270 = VECTOR('',#2271,1.);
#2271 = DIRECTION('',(-6.162975822039E-33,-1.));
#2272 = ( GEOMETRIC_REPRESENTATION_CONTEXT(2) 
PARAMETRIC_REPRESENTATION_CONTEXT() REPRESENTATION_CONTEXT('2D SPACE',''
  ) );
#2273 = ORIENTED_EDGE('',*,*,#1709,.T.);
#2274 = ORIENTED_EDGE('',*,*,#1301,.T.);
#2275 = ADVANCED_FACE('',(#2276),#1364,.T.);
#2276 = FACE_BOUND('',#2277,.T.);
#2277 = EDGE_LOOP('',(#2278,#2279,#2302,#2330,#2351,#2352));
#2278 = ORIENTED_EDGE('',*,*,#1380,.T.);
#2279 = ORIENTED_EDGE('',*,*,#2280,.T.);
#2280 = EDGE_CURVE('',#1381,#2281,#2283,.T.);
#2281 = VERTEX_POINT('',#2282);
#2282 = CARTESIAN_POINT('',(-89.9866847397,-3.26766034528,17.73657840835
    ));
#2283 = SURFACE_CURVE('',#2284,(#2288,#2295),.PCURVE_S1.);
#2284 = LINE('',#2285,#2286);
#2285 = CARTESIAN_POINT('',(-89.9866847397,-3.26766034528,1.6));
#2286 = VECTOR('',#2287,1.);
#2287 = DIRECTION('',(-5.363916164775E-17,-3.21157802172E-17,1.));
#2288 = PCURVE('',#1364,#2289);
#2289 = DEFINITIONAL_REPRESENTATION('',(#2290),#2294);
#2290 = LINE('',#2291,#2292);
#2291 = CARTESIAN_POINT('',(0.76045936121,-0.83954063879));
#2292 = VECTOR('',#2293,1.);
#2293 = DIRECTION('',(1.,-6.184330246652E-17));
#2294 = ( GEOMETRIC_REPRESENTATION_CONTEXT(2) 
PARAMETRIC_REPRESENTATION_CONTEXT() REPRESENTATION_CONTEXT('2D SPACE',''
  ) );
#2295 = PCURVE('',#1419,#2296);
#2296 = DEFINITIONAL_REPRESENTATION('',(#2297),#2301);
#2297 = LINE('',#2298,#2299);
#2298 = CARTESIAN_POINT('',(32.074029087504,-8.068289204175));
#2299 = VECTOR('',#2300,1.);
#2300 = DIRECTION('',(3.08148791102E-33,1.));
#2301 = ( GEOMETRIC_REPRESENTATION_CONTEXT(2) 
PARAMETRIC_REPRESENTATION_CONTEXT() REPRESENTATION_CONTEXT('2D SPACE',''
  ) );
#2302 = ORIENTED_EDGE('',*,*,#2303,.T.);
#2303 = EDGE_CURVE('',#2281,#2304,#2306,.T.);
#2304 = VERTEX_POINT('',#2305);
#2305 = CARTESIAN_POINT('',(-89.24748088845,-2.961755676653,
    17.73657840835));
#2306 = SURFACE_CURVE('',#2307,(#2311,#2318),.PCURVE_S1.);
#2307 = LINE('',#2308,#2309);
#2308 = CARTESIAN_POINT('',(-89.9866847397,-3.26766034528,17.73657840835
    ));
#2309 = VECTOR('',#2310,1.);
#2310 = DIRECTION('',(0.924004814071,0.382380835783,6.184330246652E-17)
  );
#2311 = PCURVE('',#1364,#2312);
#2312 = DEFINITIONAL_REPRESENTATION('',(#2313),#2317);
#2313 = LINE('',#2314,#2315);
#2314 = CARTESIAN_POINT('',(16.89703776956,-0.83954063879));
#2315 = VECTOR('',#2316,1.);
#2316 = DIRECTION('',(6.184330246652E-17,1.));
#2317 = ( GEOMETRIC_REPRESENTATION_CONTEXT(2) 
PARAMETRIC_REPRESENTATION_CONTEXT() REPRESENTATION_CONTEXT('2D SPACE',''
  ) );
#2318 = PCURVE('',#2319,#2324);
#2319 = PLANE('',#2320);
#2320 = AXIS2_PLACEMENT_3D('',#2321,#2322,#2323);
#2321 = CARTESIAN_POINT('',(-89.9866847397,-3.26766034528,17.73657840835
    ));
#2322 = DIRECTION('',(5.363916164775E-17,3.21157802172E-17,-1.));
#2323 = DIRECTION('',(0.382380835783,-0.924004814071,-9.164548066738E-18
    ));
#2324 = DEFINITIONAL_REPRESENTATION('',(#2325),#2329);
#2325 = LINE('',#2326,#2327);
#2326 = CARTESIAN_POINT('',(0.,-0.));
#2327 = VECTOR('',#2328,1.);
#2328 = DIRECTION('',(-5.667659180602E-34,-1.));
#2329 = ( GEOMETRIC_REPRESENTATION_CONTEXT(2) 
PARAMETRIC_REPRESENTATION_CONTEXT() REPRESENTATION_CONTEXT('2D SPACE',''
  ) );
#2330 = ORIENTED_EDGE('',*,*,#2331,.F.);
#2331 = EDGE_CURVE('',#1741,#2304,#2332,.T.);
#2332 = SURFACE_CURVE('',#2333,(#2337,#2344),.PCURVE_S1.);
#2333 = LINE('',#2334,#2335);
#2334 = CARTESIAN_POINT('',(-89.24748088845,-2.961755676653,1.6));
#2335 = VECTOR('',#2336,1.);
#2336 = DIRECTION('',(-5.363916164775E-17,-3.21157802172E-17,1.));
#2337 = PCURVE('',#1364,#2338);
#2338 = DEFINITIONAL_REPRESENTATION('',(#2339),#2343);
#2339 = LINE('',#2340,#2341);
#2340 = CARTESIAN_POINT('',(0.76045936121,-3.954063879018E-02));
#2341 = VECTOR('',#2342,1.);
#2342 = DIRECTION('',(1.,-6.184330246652E-17));
#2343 = ( GEOMETRIC_REPRESENTATION_CONTEXT(2) 
PARAMETRIC_REPRESENTATION_CONTEXT() REPRESENTATION_CONTEXT('2D SPACE',''
  ) );
#2344 = PCURVE('',#1755,#2345);
#2345 = DEFINITIONAL_REPRESENTATION('',(#2346),#2350);
#2346 = LINE('',#2347,#2348);
#2347 = CARTESIAN_POINT('',(32.074029087504,-8.068289204175));
#2348 = VECTOR('',#2349,1.);
#2349 = DIRECTION('',(3.08148791102E-33,1.));
#2350 = ( GEOMETRIC_REPRESENTATION_CONTEXT(2) 
PARAMETRIC_REPRESENTATION_CONTEXT() REPRESENTATION_CONTEXT('2D SPACE',''
  ) );
#2351 = ORIENTED_EDGE('',*,*,#1767,.T.);
#2352 = ORIENTED_EDGE('',*,*,#1350,.T.);
#2353 = ADVANCED_FACE('',(#2354,#2402,#2524),#1419,.F.);
#2354 = FACE_BOUND('',#2355,.F.);
#2355 = EDGE_LOOP('',(#2356,#2357,#2380,#2401));
#2356 = ORIENTED_EDGE('',*,*,#2280,.T.);
#2357 = ORIENTED_EDGE('',*,*,#2358,.T.);
#2358 = EDGE_CURVE('',#2281,#2359,#2361,.T.);
#2359 = VERTEX_POINT('',#2360);
#2360 = CARTESIAN_POINT('',(-65.45769664087,-62.54077491226,
    17.73657840835));
#2361 = SURFACE_CURVE('',#2362,(#2366,#2373),.PCURVE_S1.);
#2362 = LINE('',#2363,#2364);
#2363 = CARTESIAN_POINT('',(-89.9866847397,-3.26766034528,17.73657840835
    ));
#2364 = VECTOR('',#2365,1.);
#2365 = DIRECTION('',(0.382380835783,-0.924004814071,-9.164548066738E-18
    ));
#2366 = PCURVE('',#1419,#2367);
#2367 = DEFINITIONAL_REPRESENTATION('',(#2368),#2372);
#2368 = LINE('',#2369,#2370);
#2369 = CARTESIAN_POINT('',(32.074029087504,8.068289204175));
#2370 = VECTOR('',#2371,1.);
#2371 = DIRECTION('',(-1.,0.));
#2372 = ( GEOMETRIC_REPRESENTATION_CONTEXT(2) 
PARAMETRIC_REPRESENTATION_CONTEXT() REPRESENTATION_CONTEXT('2D SPACE',''
  ) );
#2373 = PCURVE('',#2319,#2374);
#2374 = DEFINITIONAL_REPRESENTATION('',(#2375),#2379);
#2375 = LINE('',#2376,#2377);
#2376 = CARTESIAN_POINT('',(0.,-0.));
#2377 = VECTOR('',#2378,1.);
#2378 = DIRECTION('',(1.,5.667659180602E-34));
#2379 = ( GEOMETRIC_REPRESENTATION_CONTEXT(2) 
PARAMETRIC_REPRESENTATION_CONTEXT() REPRESENTATION_CONTEXT('2D SPACE',''
  ) );
#2380 = ORIENTED_EDGE('',*,*,#2381,.T.);
#2381 = EDGE_CURVE('',#2359,#1405,#2382,.T.);
#2382 = SURFACE_CURVE('',#2383,(#2387,#2394),.PCURVE_S1.);
#2383 = LINE('',#2384,#2385);
#2384 = CARTESIAN_POINT('',(-65.45769664087,-62.54077491226,
    17.73657840835));
#2385 = VECTOR('',#2386,1.);
#2386 = DIRECTION('',(5.363916164775E-17,3.21157802172E-17,-1.));
#2387 = PCURVE('',#1419,#2388);
#2388 = DEFINITIONAL_REPRESENTATION('',(#2389),#2393);
#2389 = LINE('',#2390,#2391);
#2390 = CARTESIAN_POINT('',(-32.0740290875,8.068289204175));
#2391 = VECTOR('',#2392,1.);
#2392 = DIRECTION('',(-3.08148791102E-33,-1.));
#2393 = ( GEOMETRIC_REPRESENTATION_CONTEXT(2) 
PARAMETRIC_REPRESENTATION_CONTEXT() REPRESENTATION_CONTEXT('2D SPACE',''
  ) );
#2394 = PCURVE('',#1446,#2395);
#2395 = DEFINITIONAL_REPRESENTATION('',(#2396),#2400);
#2396 = LINE('',#2397,#2398);
#2397 = CARTESIAN_POINT('',(16.89703776956,-0.83954063879));
#2398 = VECTOR('',#2399,1.);
#2399 = DIRECTION('',(-1.,6.184330246652E-17));
#2400 = ( GEOMETRIC_REPRESENTATION_CONTEXT(2) 
PARAMETRIC_REPRESENTATION_CONTEXT() REPRESENTATION_CONTEXT('2D SPACE',''
  ) );
#2401 = ORIENTED_EDGE('',*,*,#1404,.T.);
#2402 = FACE_BOUND('',#2403,.F.);
#2403 = EDGE_LOOP('',(#2404,#2434,#2466,#2494));
#2404 = ORIENTED_EDGE('',*,*,#2405,.F.);
#2405 = EDGE_CURVE('',#2406,#2408,#2410,.T.);
#2406 = VERTEX_POINT('',#2407);
#2407 = CARTESIAN_POINT('',(-83.62763179496,-18.63400453414,
    8.934802828611));
#2408 = VERTEX_POINT('',#2409);
#2409 = CARTESIAN_POINT('',(-81.57807051516,-23.58667033755,
    8.934802828611));
#2410 = SURFACE_CURVE('',#2411,(#2415,#2422),.PCURVE_S1.);
#2411 = LINE('',#2412,#2413);
#2412 = CARTESIAN_POINT('',(-79.65013060272,-28.24544398316,
    8.934802828611));
#2413 = VECTOR('',#2414,1.);
#2414 = DIRECTION('',(0.382380835783,-0.924004814071,-9.164548066738E-18
    ));
#2415 = PCURVE('',#1419,#2416);
#2416 = DEFINITIONAL_REPRESENTATION('',(#2417),#2421);
#2417 = LINE('',#2418,#2419);
#2418 = CARTESIAN_POINT('',(5.041936551265,-0.733486375564));
#2419 = VECTOR('',#2420,1.);
#2420 = DIRECTION('',(-1.,0.));
#2421 = ( GEOMETRIC_REPRESENTATION_CONTEXT(2) 
PARAMETRIC_REPRESENTATION_CONTEXT() REPRESENTATION_CONTEXT('2D SPACE',''
  ) );
#2422 = PCURVE('',#2423,#2428);
#2423 = PLANE('',#2424);
#2424 = AXIS2_PLACEMENT_3D('',#2425,#2426,#2427);
#2425 = CARTESIAN_POINT('',(-82.50207532923,-23.96905117334,
    8.934802828611));
#2426 = DIRECTION('',(-5.363916164775E-17,-3.21157802172E-17,1.));
#2427 = DIRECTION('',(-0.382380835783,0.924004814071,9.164548066738E-18)
  );
#2428 = DEFINITIONAL_REPRESENTATION('',(#2429),#2433);
#2429 = LINE('',#2430,#2431);
#2430 = CARTESIAN_POINT('',(-5.041936551265,-1.));
#2431 = VECTOR('',#2432,1.);
#2432 = DIRECTION('',(-1.,5.667659180602E-34));
#2433 = ( GEOMETRIC_REPRESENTATION_CONTEXT(2) 
PARAMETRIC_REPRESENTATION_CONTEXT() REPRESENTATION_CONTEXT('2D SPACE',''
  ) );
#2434 = ORIENTED_EDGE('',*,*,#2435,.T.);
#2435 = EDGE_CURVE('',#2406,#2436,#2438,.T.);
#2436 = VERTEX_POINT('',#2437);
#2437 = CARTESIAN_POINT('',(-83.62763179496,-18.63400453414,
    5.344802828611));
#2438 = SURFACE_CURVE('',#2439,(#2444,#2455),.PCURVE_S1.);
#2439 = CIRCLE('',#2440,1.795);
#2440 = AXIS2_PLACEMENT_3D('',#2441,#2442,#2443);
#2441 = CARTESIAN_POINT('',(-83.62763179496,-18.63400453414,
    7.139802828611));
#2442 = DIRECTION('',(-0.924004814071,-0.382380835783,
    -6.184330246652E-17));
#2443 = DIRECTION('',(-5.363916164775E-17,-3.21157802172E-17,1.));
#2444 = PCURVE('',#1419,#2445);
#2445 = DEFINITIONAL_REPRESENTATION('',(#2446),#2454);
#2446 = ( BOUNDED_CURVE() B_SPLINE_CURVE(2,(#2447,#2448,#2449,#2450,
#2451,#2452,#2453),.UNSPECIFIED.,.T.,.F.) B_SPLINE_CURVE_WITH_KNOTS((1,2
    ,2,2,2,1),(-2.094395102393,0.,2.094395102393,4.188790204786,
6.28318530718,8.377580409573),.UNSPECIFIED.) CURVE() 
GEOMETRIC_REPRESENTATION_ITEM() RATIONAL_B_SPLINE_CURVE((1.,0.5,1.,0.5,
1.,0.5,1.)) REPRESENTATION_ITEM('') );
#2447 = CARTESIAN_POINT('',(15.443873102531,-0.733486375564));
#2448 = CARTESIAN_POINT('',(18.552904302117,-0.733486375564));
#2449 = CARTESIAN_POINT('',(16.998388702324,-3.425986375564));
#2450 = CARTESIAN_POINT('',(15.443873102531,-6.118486375564));
#2451 = CARTESIAN_POINT('',(13.889357502738,-3.425986375564));
#2452 = CARTESIAN_POINT('',(12.334841902944,-0.733486375564));
#2453 = CARTESIAN_POINT('',(15.443873102531,-0.733486375564));
#2454 = ( GEOMETRIC_REPRESENTATION_CONTEXT(2) 
PARAMETRIC_REPRESENTATION_CONTEXT() REPRESENTATION_CONTEXT('2D SPACE',''
  ) );
#2455 = PCURVE('',#2456,#2461);
#2456 = CYLINDRICAL_SURFACE('',#2457,1.795);
#2457 = AXIS2_PLACEMENT_3D('',#2458,#2459,#2460);
#2458 = CARTESIAN_POINT('',(-84.55163660903,-19.01638536992,
    7.139802828611));
#2459 = DIRECTION('',(-0.924004814071,-0.382380835783,
    -6.184330246652E-17));
#2460 = DIRECTION('',(-5.363916164775E-17,-3.21157802172E-17,1.));
#2461 = DEFINITIONAL_REPRESENTATION('',(#2462),#2465);
#2462 = B_SPLINE_CURVE_WITH_KNOTS('',1,(#2463,#2464),.UNSPECIFIED.,.F.,
  .F.,(2,2),(0.,3.14159265359),.PIECEWISE_BEZIER_KNOTS.);
#2463 = CARTESIAN_POINT('',(0.,-1.));
#2464 = CARTESIAN_POINT('',(3.14159265359,-1.));
#2465 = ( GEOMETRIC_REPRESENTATION_CONTEXT(2) 
PARAMETRIC_REPRESENTATION_CONTEXT() REPRESENTATION_CONTEXT('2D SPACE',''
  ) );
#2466 = ORIENTED_EDGE('',*,*,#2467,.F.);
#2467 = EDGE_CURVE('',#2468,#2436,#2470,.T.);
#2468 = VERTEX_POINT('',#2469);
#2469 = CARTESIAN_POINT('',(-81.57807051516,-23.58667033755,
    5.344802828611));
#2470 = SURFACE_CURVE('',#2471,(#2475,#2482),.PCURVE_S1.);
#2471 = LINE('',#2472,#2473);
#2472 = CARTESIAN_POINT('',(-80.67491124262,-25.76911108145,
    5.344802828611));
#2473 = VECTOR('',#2474,1.);
#2474 = DIRECTION('',(-0.382380835783,0.924004814071,9.164548066738E-18)
  );
#2475 = PCURVE('',#1419,#2476);
#2476 = DEFINITIONAL_REPRESENTATION('',(#2477),#2481);
#2477 = LINE('',#2478,#2479);
#2478 = CARTESIAN_POINT('',(7.721936551265,-4.323486375564));
#2479 = VECTOR('',#2480,1.);
#2480 = DIRECTION('',(1.,0.));
#2481 = ( GEOMETRIC_REPRESENTATION_CONTEXT(2) 
PARAMETRIC_REPRESENTATION_CONTEXT() REPRESENTATION_CONTEXT('2D SPACE',''
  ) );
#2482 = PCURVE('',#2483,#2488);
#2483 = PLANE('',#2484);
#2484 = AXIS2_PLACEMENT_3D('',#2485,#2486,#2487);
#2485 = CARTESIAN_POINT('',(-84.55163660903,-19.01638536992,
    5.344802828611));
#2486 = DIRECTION('',(5.363916164775E-17,3.21157802172E-17,-1.));
#2487 = DIRECTION('',(0.382380835783,-0.924004814071,-9.164548066738E-18
    ));
#2488 = DEFINITIONAL_REPRESENTATION('',(#2489),#2493);
#2489 = LINE('',#2490,#2491);
#2490 = CARTESIAN_POINT('',(7.721936551265,-1.));
#2491 = VECTOR('',#2492,1.);
#2492 = DIRECTION('',(-1.,-5.667659180602E-34));
#2493 = ( GEOMETRIC_REPRESENTATION_CONTEXT(2) 
PARAMETRIC_REPRESENTATION_CONTEXT() REPRESENTATION_CONTEXT('2D SPACE',''
  ) );
#2494 = ORIENTED_EDGE('',*,*,#2495,.T.);
#2495 = EDGE_CURVE('',#2468,#2408,#2496,.T.);
#2496 = SURFACE_CURVE('',#2497,(#2502,#2513),.PCURVE_S1.);
#2497 = CIRCLE('',#2498,1.795);
#2498 = AXIS2_PLACEMENT_3D('',#2499,#2500,#2501);
#2499 = CARTESIAN_POINT('',(-81.57807051516,-23.58667033755,
    7.139802828611));
#2500 = DIRECTION('',(-0.924004814071,-0.382380835783,
    -6.184330246652E-17));
#2501 = DIRECTION('',(5.363916164775E-17,3.21157802172E-17,-1.));
#2502 = PCURVE('',#1419,#2503);
#2503 = DEFINITIONAL_REPRESENTATION('',(#2504),#2512);
#2504 = ( BOUNDED_CURVE() B_SPLINE_CURVE(2,(#2505,#2506,#2507,#2508,
#2509,#2510,#2511),.UNSPECIFIED.,.T.,.F.) B_SPLINE_CURVE_WITH_KNOTS((1,2
    ,2,2,2,1),(-2.094395102393,0.,2.094395102393,4.188790204786,
6.28318530718,8.377580409573),.UNSPECIFIED.) CURVE() 
GEOMETRIC_REPRESENTATION_ITEM() RATIONAL_B_SPLINE_CURVE((1.,0.5,1.,0.5,
1.,0.5,1.)) REPRESENTATION_ITEM('') );
#2505 = CARTESIAN_POINT('',(10.083873102531,-4.323486375564));
#2506 = CARTESIAN_POINT('',(6.974841902944,-4.323486375564));
#2507 = CARTESIAN_POINT('',(8.529357502738,-1.630986375564));
#2508 = CARTESIAN_POINT('',(10.083873102531,1.061513624436));
#2509 = CARTESIAN_POINT('',(11.638388702324,-1.630986375564));
#2510 = CARTESIAN_POINT('',(13.192904302117,-4.323486375564));
#2511 = CARTESIAN_POINT('',(10.083873102531,-4.323486375564));
#2512 = ( GEOMETRIC_REPRESENTATION_CONTEXT(2) 
PARAMETRIC_REPRESENTATION_CONTEXT() REPRESENTATION_CONTEXT('2D SPACE',''
  ) );
#2513 = PCURVE('',#2514,#2519);
#2514 = CYLINDRICAL_SURFACE('',#2515,1.795);
#2515 = AXIS2_PLACEMENT_3D('',#2516,#2517,#2518);
#2516 = CARTESIAN_POINT('',(-82.50207532923,-23.96905117334,
    7.139802828611));
#2517 = DIRECTION('',(-0.924004814071,-0.382380835783,
    -6.184330246652E-17));
#2518 = DIRECTION('',(5.363916164775E-17,3.21157802172E-17,-1.));
#2519 = DEFINITIONAL_REPRESENTATION('',(#2520),#2523);
#2520 = B_SPLINE_CURVE_WITH_KNOTS('',1,(#2521,#2522),.UNSPECIFIED.,.F.,
  .F.,(2,2),(0.,3.14159265359),.PIECEWISE_BEZIER_KNOTS.);
#2521 = CARTESIAN_POINT('',(0.,-1.));
#2522 = CARTESIAN_POINT('',(3.14159265359,-1.));
#2523 = ( GEOMETRIC_REPRESENTATION_CONTEXT(2) 
PARAMETRIC_REPRESENTATION_CONTEXT() REPRESENTATION_CONTEXT('2D SPACE',''
  ) );
#2524 = FACE_BOUND('',#2525,.F.);
#2525 = EDGE_LOOP('',(#2526));
#2526 = ORIENTED_EDGE('',*,*,#2527,.T.);
#2527 = EDGE_CURVE('',#2528,#2528,#2530,.T.);
#2528 = VERTEX_POINT('',#2529);
#2529 = CARTESIAN_POINT('',(-78.8779043296,-30.1114914603,
    10.106286008355));
#2530 = SURFACE_CURVE('',#2531,(#2536,#2547),.PCURVE_S1.);
#2531 = CIRCLE('',#2532,4.38);
#2532 = AXIS2_PLACEMENT_3D('',#2533,#2534,#2535);
#2533 = CARTESIAN_POINT('',(-77.20307626887,-34.15863254592,
    10.106286008355));
#2534 = DIRECTION('',(-0.924004814071,-0.382380835783,
    -6.184330246652E-17));
#2535 = DIRECTION('',(-0.382380835783,0.924004814071,9.164548066738E-18)
  );
#2536 = PCURVE('',#1419,#2537);
#2537 = DEFINITIONAL_REPRESENTATION('',(#2538),#2546);
#2538 = ( BOUNDED_CURVE() B_SPLINE_CURVE(2,(#2539,#2540,#2541,#2542,
#2543,#2544,#2545),.UNSPECIFIED.,.T.,.F.) B_SPLINE_CURVE_WITH_KNOTS((1,2
    ,2,2,2,1),(-2.094395102393,0.,2.094395102393,4.188790204786,
6.28318530718,8.377580409573),.UNSPECIFIED.) CURVE() 
GEOMETRIC_REPRESENTATION_ITEM() RATIONAL_B_SPLINE_CURVE((1.,0.5,1.,0.5,
1.,0.5,1.)) REPRESENTATION_ITEM('') );
#2539 = CARTESIAN_POINT('',(3.022415171379,0.43799680418));
#2540 = CARTESIAN_POINT('',(3.022415171379,-7.148385732971));
#2541 = CARTESIAN_POINT('',(-3.547584828621,-3.355194464395));
#2542 = CARTESIAN_POINT('',(-10.11758482862,0.43799680418));
#2543 = CARTESIAN_POINT('',(-3.547584828621,4.231188072756));
#2544 = CARTESIAN_POINT('',(3.022415171379,8.024379341332));
#2545 = CARTESIAN_POINT('',(3.022415171379,0.43799680418));
#2546 = ( GEOMETRIC_REPRESENTATION_CONTEXT(2) 
PARAMETRIC_REPRESENTATION_CONTEXT() REPRESENTATION_CONTEXT('2D SPACE',''
  ) );
#2547 = PCURVE('',#2548,#2553);
#2548 = CYLINDRICAL_SURFACE('',#2549,4.38);
#2549 = AXIS2_PLACEMENT_3D('',#2550,#2551,#2552);
#2550 = CARTESIAN_POINT('',(-78.12708108294,-34.54101338171,
    10.106286008355));
#2551 = DIRECTION('',(-0.924004814071,-0.382380835783,
    -6.184330246652E-17));
#2552 = DIRECTION('',(-0.382380835783,0.924004814071,9.164548066738E-18)
  );
#2553 = DEFINITIONAL_REPRESENTATION('',(#2554),#2557);
#2554 = B_SPLINE_CURVE_WITH_KNOTS('',1,(#2555,#2556),.UNSPECIFIED.,.F.,
  .F.,(2,2),(0.,6.28318530718),.PIECEWISE_BEZIER_KNOTS.);
#2555 = CARTESIAN_POINT('',(-6.28318530718,-1.));
#2556 = CARTESIAN_POINT('',(0.,-1.));
#2557 = ( GEOMETRIC_REPRESENTATION_CONTEXT(2) 
PARAMETRIC_REPRESENTATION_CONTEXT() REPRESENTATION_CONTEXT('2D SPACE',''
  ) );
#2558 = ADVANCED_FACE('',(#2559),#1446,.F.);
#2559 = FACE_BOUND('',#2560,.F.);
#2560 = EDGE_LOOP('',(#2561,#2562,#2563,#2586,#2607,#2608));
#2561 = ORIENTED_EDGE('',*,*,#1431,.T.);
#2562 = ORIENTED_EDGE('',*,*,#2381,.F.);
#2563 = ORIENTED_EDGE('',*,*,#2564,.T.);
#2564 = EDGE_CURVE('',#2359,#2565,#2567,.T.);
#2565 = VERTEX_POINT('',#2566);
#2566 = CARTESIAN_POINT('',(-64.71849278961,-62.23487024364,
    17.73657840835));
#2567 = SURFACE_CURVE('',#2568,(#2572,#2579),.PCURVE_S1.);
#2568 = LINE('',#2569,#2570);
#2569 = CARTESIAN_POINT('',(-65.45769664087,-62.54077491226,
    17.73657840835));
#2570 = VECTOR('',#2571,1.);
#2571 = DIRECTION('',(0.924004814071,0.382380835783,6.184330246652E-17)
  );
#2572 = PCURVE('',#1446,#2573);
#2573 = DEFINITIONAL_REPRESENTATION('',(#2574),#2578);
#2574 = LINE('',#2575,#2576);
#2575 = CARTESIAN_POINT('',(16.89703776956,-0.83954063879));
#2576 = VECTOR('',#2577,1.);
#2577 = DIRECTION('',(6.184330246652E-17,1.));
#2578 = ( GEOMETRIC_REPRESENTATION_CONTEXT(2) 
PARAMETRIC_REPRESENTATION_CONTEXT() REPRESENTATION_CONTEXT('2D SPACE',''
  ) );
#2579 = PCURVE('',#2319,#2580);
#2580 = DEFINITIONAL_REPRESENTATION('',(#2581),#2585);
#2581 = LINE('',#2582,#2583);
#2582 = CARTESIAN_POINT('',(64.148058175007,-3.552713678801E-15));
#2583 = VECTOR('',#2584,1.);
#2584 = DIRECTION('',(-5.667659180602E-34,-1.));
#2585 = ( GEOMETRIC_REPRESENTATION_CONTEXT(2) 
PARAMETRIC_REPRESENTATION_CONTEXT() REPRESENTATION_CONTEXT('2D SPACE',''
  ) );
#2586 = ORIENTED_EDGE('',*,*,#2587,.T.);
#2587 = EDGE_CURVE('',#2565,#1739,#2588,.T.);
#2588 = SURFACE_CURVE('',#2589,(#2593,#2600),.PCURVE_S1.);
#2589 = LINE('',#2590,#2591);
#2590 = CARTESIAN_POINT('',(-64.71849278961,-62.23487024364,
    17.73657840835));
#2591 = VECTOR('',#2592,1.);
#2592 = DIRECTION('',(5.363916164775E-17,3.21157802172E-17,-1.));
#2593 = PCURVE('',#1446,#2594);
#2594 = DEFINITIONAL_REPRESENTATION('',(#2595),#2599);
#2595 = LINE('',#2596,#2597);
#2596 = CARTESIAN_POINT('',(16.89703776956,-3.954063879019E-02));
#2597 = VECTOR('',#2598,1.);
#2598 = DIRECTION('',(-1.,6.184330246652E-17));
#2599 = ( GEOMETRIC_REPRESENTATION_CONTEXT(2) 
PARAMETRIC_REPRESENTATION_CONTEXT() REPRESENTATION_CONTEXT('2D SPACE',''
  ) );
#2600 = PCURVE('',#1755,#2601);
#2601 = DEFINITIONAL_REPRESENTATION('',(#2602),#2606);
#2602 = LINE('',#2603,#2604);
#2603 = CARTESIAN_POINT('',(-32.0740290875,8.068289204175));
#2604 = VECTOR('',#2605,1.);
#2605 = DIRECTION('',(-3.08148791102E-33,-1.));
#2606 = ( GEOMETRIC_REPRESENTATION_CONTEXT(2) 
PARAMETRIC_REPRESENTATION_CONTEXT() REPRESENTATION_CONTEXT('2D SPACE',''
  ) );
#2607 = ORIENTED_EDGE('',*,*,#1794,.T.);
#2608 = ORIENTED_EDGE('',*,*,#1462,.T.);
#2609 = ADVANCED_FACE('',(#2610),#549,.F.);
#2610 = FACE_BOUND('',#2611,.F.);
#2611 = EDGE_LOOP('',(#2612,#2613,#2634,#2635));
#2612 = ORIENTED_EDGE('',*,*,#533,.T.);
#2613 = ORIENTED_EDGE('',*,*,#2614,.T.);
#2614 = EDGE_CURVE('',#534,#1953,#2615,.T.);
#2615 = SURFACE_CURVE('',#2616,(#2620,#2627),.PCURVE_S1.);
#2616 = LINE('',#2617,#2618);
#2617 = CARTESIAN_POINT('',(67.690482847358,37.448275355817,
    29.083874451872));
#2618 = VECTOR('',#2619,1.);
#2619 = DIRECTION('',(-0.99006788917,0.14059009508,-1.16867961994E-17));
#2620 = PCURVE('',#549,#2621);
#2621 = DEFINITIONAL_REPRESENTATION('',(#2622),#2626);
#2622 = LINE('',#2623,#2624);
#2623 = CARTESIAN_POINT('',(3.885780586188E-16,-0.8));
#2624 = VECTOR('',#2625,1.);
#2625 = DIRECTION('',(1.,2.585341145639E-33));
#2626 = ( GEOMETRIC_REPRESENTATION_CONTEXT(2) 
PARAMETRIC_REPRESENTATION_CONTEXT() REPRESENTATION_CONTEXT('2D SPACE',''
  ) );
#2627 = PCURVE('',#577,#2628);
#2628 = DEFINITIONAL_REPRESENTATION('',(#2629),#2633);
#2629 = LINE('',#2630,#2631);
#2630 = CARTESIAN_POINT('',(56.964969848541,13.941937225936));
#2631 = VECTOR('',#2632,1.);
#2632 = DIRECTION('',(-1.,0.));
#2633 = ( GEOMETRIC_REPRESENTATION_CONTEXT(2) 
PARAMETRIC_REPRESENTATION_CONTEXT() REPRESENTATION_CONTEXT('2D SPACE',''
  ) );
#2634 = ORIENTED_EDGE('',*,*,#1952,.F.);
#2635 = ORIENTED_EDGE('',*,*,#1902,.F.);
#2636 = ADVANCED_FACE('',(#2637),#577,.T.);
#2637 = FACE_BOUND('',#2638,.T.);
#2638 = EDGE_LOOP('',(#2639,#2640,#2641,#2642));
#2639 = ORIENTED_EDGE('',*,*,#561,.T.);
#2640 = ORIENTED_EDGE('',*,*,#2614,.T.);
#2641 = ORIENTED_EDGE('',*,*,#1975,.T.);
#2642 = ORIENTED_EDGE('',*,*,#1515,.T.);
#2643 = ADVANCED_FACE('',(#2644),#1585,.T.);
#2644 = FACE_BOUND('',#2645,.T.);
#2645 = EDGE_LOOP('',(#2646,#2647,#2668,#2669));
#2646 = ORIENTED_EDGE('',*,*,#2048,.T.);
#2647 = ORIENTED_EDGE('',*,*,#2648,.T.);
#2648 = EDGE_CURVE('',#2026,#1848,#2649,.T.);
#2649 = SURFACE_CURVE('',#2650,(#2654,#2661),.PCURVE_S1.);
#2650 = LINE('',#2651,#2652);
#2651 = CARTESIAN_POINT('',(-35.91027963269,-58.71755046136,
    18.241465326383));
#2652 = VECTOR('',#2653,1.);
#2653 = DIRECTION('',(0.811867092209,0.583842294278,-3.19296222531E-18)
  );
#2654 = PCURVE('',#1585,#2655);
#2655 = DEFINITIONAL_REPRESENTATION('',(#2656),#2660);
#2656 = LINE('',#2657,#2658);
#2657 = CARTESIAN_POINT('',(64.89355465694,8.520732663192));
#2658 = VECTOR('',#2659,1.);
#2659 = DIRECTION('',(-1.,8.088905766426E-33));
#2660 = ( GEOMETRIC_REPRESENTATION_CONTEXT(2) 
PARAMETRIC_REPRESENTATION_CONTEXT() REPRESENTATION_CONTEXT('2D SPACE',''
  ) );
#2661 = PCURVE('',#1863,#2662);
#2662 = DEFINITIONAL_REPRESENTATION('',(#2663),#2667);
#2663 = LINE('',#2664,#2665);
#2664 = CARTESIAN_POINT('',(3.441691376338E-15,-0.8));
#2665 = VECTOR('',#2666,1.);
#2666 = DIRECTION('',(1.,-5.551115123126E-17));
#2667 = ( GEOMETRIC_REPRESENTATION_CONTEXT(2) 
PARAMETRIC_REPRESENTATION_CONTEXT() REPRESENTATION_CONTEXT('2D SPACE',''
  ) );
#2668 = ORIENTED_EDGE('',*,*,#1875,.T.);
#2669 = ORIENTED_EDGE('',*,*,#1568,.T.);
#2670 = ADVANCED_FACE('',(#2671),#1670,.T.);
#2671 = FACE_BOUND('',#2672,.T.);
#2672 = EDGE_LOOP('',(#2673,#2674,#2695,#2696));
#2673 = ORIENTED_EDGE('',*,*,#2153,.T.);
#2674 = ORIENTED_EDGE('',*,*,#2675,.T.);
#2675 = EDGE_CURVE('',#2126,#2231,#2676,.T.);
#2676 = SURFACE_CURVE('',#2677,(#2681,#2688),.PCURVE_S1.);
#2677 = LINE('',#2678,#2679);
#2678 = CARTESIAN_POINT('',(-74.41573940563,50.278188823488,
    18.422768441882));
#2679 = VECTOR('',#2680,1.);
#2680 = DIRECTION('',(-0.465425949604,-0.88508682367,2.773162794727E-17)
  );
#2681 = PCURVE('',#1670,#2682);
#2682 = DEFINITIONAL_REPRESENTATION('',(#2683),#2687);
#2683 = LINE('',#2684,#2685);
#2684 = CARTESIAN_POINT('',(18.370802325442,8.011384220941));
#2685 = VECTOR('',#2686,1.);
#2686 = DIRECTION('',(-1.,-6.162975822039E-33));
#2687 = ( GEOMETRIC_REPRESENTATION_CONTEXT(2) 
PARAMETRIC_REPRESENTATION_CONTEXT() REPRESENTATION_CONTEXT('2D SPACE',''
  ) );
#2688 = PCURVE('',#2141,#2689);
#2689 = DEFINITIONAL_REPRESENTATION('',(#2690),#2694);
#2690 = LINE('',#2691,#2692);
#2691 = CARTESIAN_POINT('',(-4.496403249732E-15,-0.8));
#2692 = VECTOR('',#2693,1.);
#2693 = DIRECTION('',(1.,-5.671665514587E-34));
#2694 = ( GEOMETRIC_REPRESENTATION_CONTEXT(2) 
PARAMETRIC_REPRESENTATION_CONTEXT() REPRESENTATION_CONTEXT('2D SPACE',''
  ) );
#2695 = ORIENTED_EDGE('',*,*,#2253,.T.);
#2696 = ORIENTED_EDGE('',*,*,#1653,.T.);
#2697 = ADVANCED_FACE('',(#2698,#2724,#2826),#1755,.T.);
#2698 = FACE_BOUND('',#2699,.T.);
#2699 = EDGE_LOOP('',(#2700,#2701,#2722,#2723));
#2700 = ORIENTED_EDGE('',*,*,#2331,.T.);
#2701 = ORIENTED_EDGE('',*,*,#2702,.T.);
#2702 = EDGE_CURVE('',#2304,#2565,#2703,.T.);
#2703 = SURFACE_CURVE('',#2704,(#2708,#2715),.PCURVE_S1.);
#2704 = LINE('',#2705,#2706);
#2705 = CARTESIAN_POINT('',(-89.24748088845,-2.961755676653,
    17.73657840835));
#2706 = VECTOR('',#2707,1.);
#2707 = DIRECTION('',(0.382380835783,-0.924004814071,-9.164548066738E-18
    ));
#2708 = PCURVE('',#1755,#2709);
#2709 = DEFINITIONAL_REPRESENTATION('',(#2710),#2714);
#2710 = LINE('',#2711,#2712);
#2711 = CARTESIAN_POINT('',(32.074029087504,8.068289204175));
#2712 = VECTOR('',#2713,1.);
#2713 = DIRECTION('',(-1.,0.));
#2714 = ( GEOMETRIC_REPRESENTATION_CONTEXT(2) 
PARAMETRIC_REPRESENTATION_CONTEXT() REPRESENTATION_CONTEXT('2D SPACE',''
  ) );
#2715 = PCURVE('',#2319,#2716);
#2716 = DEFINITIONAL_REPRESENTATION('',(#2717),#2721);
#2717 = LINE('',#2718,#2719);
#2718 = CARTESIAN_POINT('',(-7.771561172376E-16,-0.8));
#2719 = VECTOR('',#2720,1.);
#2720 = DIRECTION('',(1.,5.667659180602E-34));
#2721 = ( GEOMETRIC_REPRESENTATION_CONTEXT(2) 
PARAMETRIC_REPRESENTATION_CONTEXT() REPRESENTATION_CONTEXT('2D SPACE',''
  ) );
#2722 = ORIENTED_EDGE('',*,*,#2587,.T.);
#2723 = ORIENTED_EDGE('',*,*,#1738,.T.);
#2724 = FACE_BOUND('',#2725,.T.);
#2725 = EDGE_LOOP('',(#2726,#2751,#2778,#2801));
#2726 = ORIENTED_EDGE('',*,*,#2727,.F.);
#2727 = EDGE_CURVE('',#2728,#2730,#2732,.T.);
#2728 = VERTEX_POINT('',#2729);
#2729 = CARTESIAN_POINT('',(-82.88842794371,-18.32809986551,
    8.934802828611));
#2730 = VERTEX_POINT('',#2731);
#2731 = CARTESIAN_POINT('',(-80.83886666391,-23.28076566893,
    8.934802828611));
#2732 = SURFACE_CURVE('',#2733,(#2737,#2744),.PCURVE_S1.);
#2733 = LINE('',#2734,#2735);
#2734 = CARTESIAN_POINT('',(-78.91092675147,-27.93953931453,
    8.934802828611));
#2735 = VECTOR('',#2736,1.);
#2736 = DIRECTION('',(0.382380835783,-0.924004814071,-9.164548066738E-18
    ));
#2737 = PCURVE('',#1755,#2738);
#2738 = DEFINITIONAL_REPRESENTATION('',(#2739),#2743);
#2739 = LINE('',#2740,#2741);
#2740 = CARTESIAN_POINT('',(5.041936551265,-0.733486375564));
#2741 = VECTOR('',#2742,1.);
#2742 = DIRECTION('',(-1.,0.));
#2743 = ( GEOMETRIC_REPRESENTATION_CONTEXT(2) 
PARAMETRIC_REPRESENTATION_CONTEXT() REPRESENTATION_CONTEXT('2D SPACE',''
  ) );
#2744 = PCURVE('',#2423,#2745);
#2745 = DEFINITIONAL_REPRESENTATION('',(#2746),#2750);
#2746 = LINE('',#2747,#2748);
#2747 = CARTESIAN_POINT('',(-5.041936551265,-1.8));
#2748 = VECTOR('',#2749,1.);
#2749 = DIRECTION('',(-1.,5.667659180602E-34));
#2750 = ( GEOMETRIC_REPRESENTATION_CONTEXT(2) 
PARAMETRIC_REPRESENTATION_CONTEXT() REPRESENTATION_CONTEXT('2D SPACE',''
  ) );
#2751 = ORIENTED_EDGE('',*,*,#2752,.T.);
#2752 = EDGE_CURVE('',#2728,#2753,#2755,.T.);
#2753 = VERTEX_POINT('',#2754);
#2754 = CARTESIAN_POINT('',(-82.88842794371,-18.32809986551,
    5.344802828611));
#2755 = SURFACE_CURVE('',#2756,(#2761,#2772),.PCURVE_S1.);
#2756 = CIRCLE('',#2757,1.795);
#2757 = AXIS2_PLACEMENT_3D('',#2758,#2759,#2760);
#2758 = CARTESIAN_POINT('',(-82.88842794371,-18.32809986551,
    7.139802828611));
#2759 = DIRECTION('',(-0.924004814071,-0.382380835783,
    -6.184330246652E-17));
#2760 = DIRECTION('',(-5.363916164775E-17,-3.21157802172E-17,1.));
#2761 = PCURVE('',#1755,#2762);
#2762 = DEFINITIONAL_REPRESENTATION('',(#2763),#2771);
#2763 = ( BOUNDED_CURVE() B_SPLINE_CURVE(2,(#2764,#2765,#2766,#2767,
#2768,#2769,#2770),.UNSPECIFIED.,.T.,.F.) B_SPLINE_CURVE_WITH_KNOTS((1,2
    ,2,2,2,1),(-2.094395102393,0.,2.094395102393,4.188790204786,
6.28318530718,8.377580409573),.UNSPECIFIED.) CURVE() 
GEOMETRIC_REPRESENTATION_ITEM() RATIONAL_B_SPLINE_CURVE((1.,0.5,1.,0.5,
1.,0.5,1.)) REPRESENTATION_ITEM('') );
#2764 = CARTESIAN_POINT('',(15.443873102531,-0.733486375564));
#2765 = CARTESIAN_POINT('',(18.552904302117,-0.733486375564));
#2766 = CARTESIAN_POINT('',(16.998388702324,-3.425986375564));
#2767 = CARTESIAN_POINT('',(15.443873102531,-6.118486375564));
#2768 = CARTESIAN_POINT('',(13.889357502738,-3.425986375564));
#2769 = CARTESIAN_POINT('',(12.334841902944,-0.733486375564));
#2770 = CARTESIAN_POINT('',(15.443873102531,-0.733486375564));
#2771 = ( GEOMETRIC_REPRESENTATION_CONTEXT(2) 
PARAMETRIC_REPRESENTATION_CONTEXT() REPRESENTATION_CONTEXT('2D SPACE',''
  ) );
#2772 = PCURVE('',#2456,#2773);
#2773 = DEFINITIONAL_REPRESENTATION('',(#2774),#2777);
#2774 = B_SPLINE_CURVE_WITH_KNOTS('',1,(#2775,#2776),.UNSPECIFIED.,.F.,
  .F.,(2,2),(0.,3.14159265359),.PIECEWISE_BEZIER_KNOTS.);
#2775 = CARTESIAN_POINT('',(0.,-1.8));
#2776 = CARTESIAN_POINT('',(3.14159265359,-1.8));
#2777 = ( GEOMETRIC_REPRESENTATION_CONTEXT(2) 
PARAMETRIC_REPRESENTATION_CONTEXT() REPRESENTATION_CONTEXT('2D SPACE',''
  ) );
#2778 = ORIENTED_EDGE('',*,*,#2779,.F.);
#2779 = EDGE_CURVE('',#2780,#2753,#2782,.T.);
#2780 = VERTEX_POINT('',#2781);
#2781 = CARTESIAN_POINT('',(-80.83886666391,-23.28076566893,
    5.344802828611));
#2782 = SURFACE_CURVE('',#2783,(#2787,#2794),.PCURVE_S1.);
#2783 = LINE('',#2784,#2785);
#2784 = CARTESIAN_POINT('',(-79.93570739137,-25.46320641283,
    5.344802828611));
#2785 = VECTOR('',#2786,1.);
#2786 = DIRECTION('',(-0.382380835783,0.924004814071,9.164548066738E-18)
  );
#2787 = PCURVE('',#1755,#2788);
#2788 = DEFINITIONAL_REPRESENTATION('',(#2789),#2793);
#2789 = LINE('',#2790,#2791);
#2790 = CARTESIAN_POINT('',(7.721936551265,-4.323486375564));
#2791 = VECTOR('',#2792,1.);
#2792 = DIRECTION('',(1.,0.));
#2793 = ( GEOMETRIC_REPRESENTATION_CONTEXT(2) 
PARAMETRIC_REPRESENTATION_CONTEXT() REPRESENTATION_CONTEXT('2D SPACE',''
  ) );
#2794 = PCURVE('',#2483,#2795);
#2795 = DEFINITIONAL_REPRESENTATION('',(#2796),#2800);
#2796 = LINE('',#2797,#2798);
#2797 = CARTESIAN_POINT('',(7.721936551265,-1.8));
#2798 = VECTOR('',#2799,1.);
#2799 = DIRECTION('',(-1.,-5.667659180602E-34));
#2800 = ( GEOMETRIC_REPRESENTATION_CONTEXT(2) 
PARAMETRIC_REPRESENTATION_CONTEXT() REPRESENTATION_CONTEXT('2D SPACE',''
  ) );
#2801 = ORIENTED_EDGE('',*,*,#2802,.T.);
#2802 = EDGE_CURVE('',#2780,#2730,#2803,.T.);
#2803 = SURFACE_CURVE('',#2804,(#2809,#2820),.PCURVE_S1.);
#2804 = CIRCLE('',#2805,1.795);
#2805 = AXIS2_PLACEMENT_3D('',#2806,#2807,#2808);
#2806 = CARTESIAN_POINT('',(-80.83886666391,-23.28076566893,
    7.139802828611));
#2807 = DIRECTION('',(-0.924004814071,-0.382380835783,
    -6.184330246652E-17));
#2808 = DIRECTION('',(5.363916164775E-17,3.21157802172E-17,-1.));
#2809 = PCURVE('',#1755,#2810);
#2810 = DEFINITIONAL_REPRESENTATION('',(#2811),#2819);
#2811 = ( BOUNDED_CURVE() B_SPLINE_CURVE(2,(#2812,#2813,#2814,#2815,
#2816,#2817,#2818),.UNSPECIFIED.,.T.,.F.) B_SPLINE_CURVE_WITH_KNOTS((1,2
    ,2,2,2,1),(-2.094395102393,0.,2.094395102393,4.188790204786,
6.28318530718,8.377580409573),.UNSPECIFIED.) CURVE() 
GEOMETRIC_REPRESENTATION_ITEM() RATIONAL_B_SPLINE_CURVE((1.,0.5,1.,0.5,
1.,0.5,1.)) REPRESENTATION_ITEM('') );
#2812 = CARTESIAN_POINT('',(10.083873102531,-4.323486375564));
#2813 = CARTESIAN_POINT('',(6.974841902944,-4.323486375564));
#2814 = CARTESIAN_POINT('',(8.529357502738,-1.630986375564));
#2815 = CARTESIAN_POINT('',(10.083873102531,1.061513624436));
#2816 = CARTESIAN_POINT('',(11.638388702324,-1.630986375564));
#2817 = CARTESIAN_POINT('',(13.192904302117,-4.323486375564));
#2818 = CARTESIAN_POINT('',(10.083873102531,-4.323486375564));
#2819 = ( GEOMETRIC_REPRESENTATION_CONTEXT(2) 
PARAMETRIC_REPRESENTATION_CONTEXT() REPRESENTATION_CONTEXT('2D SPACE',''
  ) );
#2820 = PCURVE('',#2514,#2821);
#2821 = DEFINITIONAL_REPRESENTATION('',(#2822),#2825);
#2822 = B_SPLINE_CURVE_WITH_KNOTS('',1,(#2823,#2824),.UNSPECIFIED.,.F.,
  .F.,(2,2),(0.,3.14159265359),.PIECEWISE_BEZIER_KNOTS.);
#2823 = CARTESIAN_POINT('',(0.,-1.8));
#2824 = CARTESIAN_POINT('',(3.14159265359,-1.8));
#2825 = ( GEOMETRIC_REPRESENTATION_CONTEXT(2) 
PARAMETRIC_REPRESENTATION_CONTEXT() REPRESENTATION_CONTEXT('2D SPACE',''
  ) );
#2826 = FACE_BOUND('',#2827,.T.);
#2827 = EDGE_LOOP('',(#2828));
#2828 = ORIENTED_EDGE('',*,*,#2829,.T.);
#2829 = EDGE_CURVE('',#2830,#2830,#2832,.T.);
#2830 = VERTEX_POINT('',#2831);
#2831 = CARTESIAN_POINT('',(-78.13870047834,-29.80558679167,
    10.106286008355));
#2832 = SURFACE_CURVE('',#2833,(#2838,#2849),.PCURVE_S1.);
#2833 = CIRCLE('',#2834,4.38);
#2834 = AXIS2_PLACEMENT_3D('',#2835,#2836,#2837);
#2835 = CARTESIAN_POINT('',(-76.46387241761,-33.8527278773,
    10.106286008355));
#2836 = DIRECTION('',(-0.924004814071,-0.382380835783,
    -6.184330246652E-17));
#2837 = DIRECTION('',(-0.382380835783,0.924004814071,9.164548066738E-18)
  );
#2838 = PCURVE('',#1755,#2839);
#2839 = DEFINITIONAL_REPRESENTATION('',(#2840),#2848);
#2840 = ( BOUNDED_CURVE() B_SPLINE_CURVE(2,(#2841,#2842,#2843,#2844,
#2845,#2846,#2847),.UNSPECIFIED.,.T.,.F.) B_SPLINE_CURVE_WITH_KNOTS((1,2
    ,2,2,2,1),(-2.094395102393,0.,2.094395102393,4.188790204786,
6.28318530718,8.377580409573),.UNSPECIFIED.) CURVE() 
GEOMETRIC_REPRESENTATION_ITEM() RATIONAL_B_SPLINE_CURVE((1.,0.5,1.,0.5,
1.,0.5,1.)) REPRESENTATION_ITEM('') );
#2841 = CARTESIAN_POINT('',(3.022415171379,0.43799680418));
#2842 = CARTESIAN_POINT('',(3.022415171379,-7.148385732971));
#2843 = CARTESIAN_POINT('',(-3.547584828621,-3.355194464395));
#2844 = CARTESIAN_POINT('',(-10.11758482862,0.43799680418));
#2845 = CARTESIAN_POINT('',(-3.547584828621,4.231188072756));
#2846 = CARTESIAN_POINT('',(3.022415171379,8.024379341332));
#2847 = CARTESIAN_POINT('',(3.022415171379,0.43799680418));
#2848 = ( GEOMETRIC_REPRESENTATION_CONTEXT(2) 
PARAMETRIC_REPRESENTATION_CONTEXT() REPRESENTATION_CONTEXT('2D SPACE',''
  ) );
#2849 = PCURVE('',#2548,#2850);
#2850 = DEFINITIONAL_REPRESENTATION('',(#2851),#2854);
#2851 = B_SPLINE_CURVE_WITH_KNOTS('',1,(#2852,#2853),.UNSPECIFIED.,.F.,
  .F.,(2,2),(0.,6.28318530718),.PIECEWISE_BEZIER_KNOTS.);
#2852 = CARTESIAN_POINT('',(-6.28318530718,-1.8));
#2853 = CARTESIAN_POINT('',(0.,-1.8));
#2854 = ( GEOMETRIC_REPRESENTATION_CONTEXT(2) 
PARAMETRIC_REPRESENTATION_CONTEXT() REPRESENTATION_CONTEXT('2D SPACE',''
  ) );
#2855 = ADVANCED_FACE('',(#2856),#1863,.F.);
#2856 = FACE_BOUND('',#2857,.F.);
#2857 = EDGE_LOOP('',(#2858,#2859,#2860,#2861));
#2858 = ORIENTED_EDGE('',*,*,#2025,.T.);
#2859 = ORIENTED_EDGE('',*,*,#2648,.T.);
#2860 = ORIENTED_EDGE('',*,*,#1847,.F.);
#2861 = ORIENTED_EDGE('',*,*,#2075,.F.);
#2862 = ADVANCED_FACE('',(#2863),#2141,.F.);
#2863 = FACE_BOUND('',#2864,.F.);
#2864 = EDGE_LOOP('',(#2865,#2866,#2867,#2868));
#2865 = ORIENTED_EDGE('',*,*,#2125,.T.);
#2866 = ORIENTED_EDGE('',*,*,#2675,.T.);
#2867 = ORIENTED_EDGE('',*,*,#2230,.F.);
#2868 = ORIENTED_EDGE('',*,*,#2180,.F.);
#2869 = ADVANCED_FACE('',(#2870),#2319,.F.);
#2870 = FACE_BOUND('',#2871,.F.);
#2871 = EDGE_LOOP('',(#2872,#2873,#2874,#2875));
#2872 = ORIENTED_EDGE('',*,*,#2303,.T.);
#2873 = ORIENTED_EDGE('',*,*,#2702,.T.);
#2874 = ORIENTED_EDGE('',*,*,#2564,.F.);
#2875 = ORIENTED_EDGE('',*,*,#2358,.F.);
#2876 = ADVANCED_FACE('',(#2877),#2423,.F.);
#2877 = FACE_BOUND('',#2878,.F.);
#2878 = EDGE_LOOP('',(#2879,#2880,#2900,#2901));
#2879 = ORIENTED_EDGE('',*,*,#2405,.T.);
#2880 = ORIENTED_EDGE('',*,*,#2881,.T.);
#2881 = EDGE_CURVE('',#2408,#2730,#2882,.T.);
#2882 = SURFACE_CURVE('',#2883,(#2887,#2894),.PCURVE_S1.);
#2883 = LINE('',#2884,#2885);
#2884 = CARTESIAN_POINT('',(-82.50207532923,-23.96905117334,
    8.934802828611));
#2885 = VECTOR('',#2886,1.);
#2886 = DIRECTION('',(0.924004814071,0.382380835783,6.184330246652E-17)
  );
#2887 = PCURVE('',#2423,#2888);
#2888 = DEFINITIONAL_REPRESENTATION('',(#2889),#2893);
#2889 = LINE('',#2890,#2891);
#2890 = CARTESIAN_POINT('',(0.,-0.));
#2891 = VECTOR('',#2892,1.);
#2892 = DIRECTION('',(5.667659180602E-34,-1.));
#2893 = ( GEOMETRIC_REPRESENTATION_CONTEXT(2) 
PARAMETRIC_REPRESENTATION_CONTEXT() REPRESENTATION_CONTEXT('2D SPACE',''
  ) );
#2894 = PCURVE('',#2514,#2895);
#2895 = DEFINITIONAL_REPRESENTATION('',(#2896),#2899);
#2896 = B_SPLINE_CURVE_WITH_KNOTS('',1,(#2897,#2898),.UNSPECIFIED.,.F.,
  .F.,(2,2),(1.,1.8),.PIECEWISE_BEZIER_KNOTS.);
#2897 = CARTESIAN_POINT('',(3.14159265359,-1.));
#2898 = CARTESIAN_POINT('',(3.14159265359,-1.8));
#2899 = ( GEOMETRIC_REPRESENTATION_CONTEXT(2) 
PARAMETRIC_REPRESENTATION_CONTEXT() REPRESENTATION_CONTEXT('2D SPACE',''
  ) );
#2900 = ORIENTED_EDGE('',*,*,#2727,.F.);
#2901 = ORIENTED_EDGE('',*,*,#2902,.F.);
#2902 = EDGE_CURVE('',#2406,#2728,#2903,.T.);
#2903 = SURFACE_CURVE('',#2904,(#2908,#2915),.PCURVE_S1.);
#2904 = LINE('',#2905,#2906);
#2905 = CARTESIAN_POINT('',(-84.55163660903,-19.01638536992,
    8.934802828611));
#2906 = VECTOR('',#2907,1.);
#2907 = DIRECTION('',(0.924004814071,0.382380835783,6.184330246652E-17)
  );
#2908 = PCURVE('',#2423,#2909);
#2909 = DEFINITIONAL_REPRESENTATION('',(#2910),#2914);
#2910 = LINE('',#2911,#2912);
#2911 = CARTESIAN_POINT('',(5.36,7.549516567451E-15));
#2912 = VECTOR('',#2913,1.);
#2913 = DIRECTION('',(5.667659180602E-34,-1.));
#2914 = ( GEOMETRIC_REPRESENTATION_CONTEXT(2) 
PARAMETRIC_REPRESENTATION_CONTEXT() REPRESENTATION_CONTEXT('2D SPACE',''
  ) );
#2915 = PCURVE('',#2456,#2916);
#2916 = DEFINITIONAL_REPRESENTATION('',(#2917),#2920);
#2917 = B_SPLINE_CURVE_WITH_KNOTS('',1,(#2918,#2919),.UNSPECIFIED.,.F.,
  .F.,(2,2),(1.,1.8),.PIECEWISE_BEZIER_KNOTS.);
#2918 = CARTESIAN_POINT('',(0.,-1.));
#2919 = CARTESIAN_POINT('',(0.,-1.8));
#2920 = ( GEOMETRIC_REPRESENTATION_CONTEXT(2) 
PARAMETRIC_REPRESENTATION_CONTEXT() REPRESENTATION_CONTEXT('2D SPACE',''
  ) );
#2921 = ADVANCED_FACE('',(#2922),#2514,.F.);
#2922 = FACE_BOUND('',#2923,.F.);
#2923 = EDGE_LOOP('',(#2924,#2925,#2945,#2946));
#2924 = ORIENTED_EDGE('',*,*,#2495,.F.);
#2925 = ORIENTED_EDGE('',*,*,#2926,.T.);
#2926 = EDGE_CURVE('',#2468,#2780,#2927,.T.);
#2927 = SURFACE_CURVE('',#2928,(#2932,#2938),.PCURVE_S1.);
#2928 = LINE('',#2929,#2930);
#2929 = CARTESIAN_POINT('',(-82.50207532923,-23.96905117334,
    5.344802828611));
#2930 = VECTOR('',#2931,1.);
#2931 = DIRECTION('',(0.924004814071,0.382380835783,6.184330246652E-17)
  );
#2932 = PCURVE('',#2514,#2933);
#2933 = DEFINITIONAL_REPRESENTATION('',(#2934),#2937);
#2934 = B_SPLINE_CURVE_WITH_KNOTS('',1,(#2935,#2936),.UNSPECIFIED.,.F.,
  .F.,(2,2),(1.,1.8),.PIECEWISE_BEZIER_KNOTS.);
#2935 = CARTESIAN_POINT('',(0.,-1.));
#2936 = CARTESIAN_POINT('',(0.,-1.8));
#2937 = ( GEOMETRIC_REPRESENTATION_CONTEXT(2) 
PARAMETRIC_REPRESENTATION_CONTEXT() REPRESENTATION_CONTEXT('2D SPACE',''
  ) );
#2938 = PCURVE('',#2483,#2939);
#2939 = DEFINITIONAL_REPRESENTATION('',(#2940),#2944);
#2940 = LINE('',#2941,#2942);
#2941 = CARTESIAN_POINT('',(5.36,-7.549516567451E-15));
#2942 = VECTOR('',#2943,1.);
#2943 = DIRECTION('',(-5.667659180602E-34,-1.));
#2944 = ( GEOMETRIC_REPRESENTATION_CONTEXT(2) 
PARAMETRIC_REPRESENTATION_CONTEXT() REPRESENTATION_CONTEXT('2D SPACE',''
  ) );
#2945 = ORIENTED_EDGE('',*,*,#2802,.T.);
#2946 = ORIENTED_EDGE('',*,*,#2881,.F.);
#2947 = ADVANCED_FACE('',(#2948),#2483,.F.);
#2948 = FACE_BOUND('',#2949,.F.);
#2949 = EDGE_LOOP('',(#2950,#2951,#2971,#2972));
#2950 = ORIENTED_EDGE('',*,*,#2467,.T.);
#2951 = ORIENTED_EDGE('',*,*,#2952,.T.);
#2952 = EDGE_CURVE('',#2436,#2753,#2953,.T.);
#2953 = SURFACE_CURVE('',#2954,(#2958,#2965),.PCURVE_S1.);
#2954 = LINE('',#2955,#2956);
#2955 = CARTESIAN_POINT('',(-84.55163660903,-19.01638536992,
    5.344802828611));
#2956 = VECTOR('',#2957,1.);
#2957 = DIRECTION('',(0.924004814071,0.382380835783,6.184330246652E-17)
  );
#2958 = PCURVE('',#2483,#2959);
#2959 = DEFINITIONAL_REPRESENTATION('',(#2960),#2964);
#2960 = LINE('',#2961,#2962);
#2961 = CARTESIAN_POINT('',(0.,-0.));
#2962 = VECTOR('',#2963,1.);
#2963 = DIRECTION('',(-5.667659180602E-34,-1.));
#2964 = ( GEOMETRIC_REPRESENTATION_CONTEXT(2) 
PARAMETRIC_REPRESENTATION_CONTEXT() REPRESENTATION_CONTEXT('2D SPACE',''
  ) );
#2965 = PCURVE('',#2456,#2966);
#2966 = DEFINITIONAL_REPRESENTATION('',(#2967),#2970);
#2967 = B_SPLINE_CURVE_WITH_KNOTS('',1,(#2968,#2969),.UNSPECIFIED.,.F.,
  .F.,(2,2),(1.,1.8),.PIECEWISE_BEZIER_KNOTS.);
#2968 = CARTESIAN_POINT('',(3.14159265359,-1.));
#2969 = CARTESIAN_POINT('',(3.14159265359,-1.8));
#2970 = ( GEOMETRIC_REPRESENTATION_CONTEXT(2) 
PARAMETRIC_REPRESENTATION_CONTEXT() REPRESENTATION_CONTEXT('2D SPACE',''
  ) );
#2971 = ORIENTED_EDGE('',*,*,#2779,.F.);
#2972 = ORIENTED_EDGE('',*,*,#2926,.F.);
#2973 = ADVANCED_FACE('',(#2974),#2456,.F.);
#2974 = FACE_BOUND('',#2975,.F.);
#2975 = EDGE_LOOP('',(#2976,#2977,#2978,#2979));
#2976 = ORIENTED_EDGE('',*,*,#2435,.F.);
#2977 = ORIENTED_EDGE('',*,*,#2902,.T.);
#2978 = ORIENTED_EDGE('',*,*,#2752,.T.);
#2979 = ORIENTED_EDGE('',*,*,#2952,.F.);
#2980 = ADVANCED_FACE('',(#2981),#2548,.F.);
#2981 = FACE_BOUND('',#2982,.T.);
#2982 = EDGE_LOOP('',(#2983,#2984,#3003,#3004));
#2983 = ORIENTED_EDGE('',*,*,#2527,.T.);
#2984 = ORIENTED_EDGE('',*,*,#2985,.T.);
#2985 = EDGE_CURVE('',#2528,#2830,#2986,.T.);
#2986 = SEAM_CURVE('',#2987,(#2991,#2997),.PCURVE_S1.);
#2987 = LINE('',#2988,#2989);
#2988 = CARTESIAN_POINT('',(-79.80190914367,-30.49387229608,
    10.106286008355));
#2989 = VECTOR('',#2990,1.);
#2990 = DIRECTION('',(0.924004814071,0.382380835783,6.184330246652E-17)
  );
#2991 = PCURVE('',#2548,#2992);
#2992 = DEFINITIONAL_REPRESENTATION('',(#2993),#2996);
#2993 = B_SPLINE_CURVE_WITH_KNOTS('',1,(#2994,#2995),.UNSPECIFIED.,.F.,
  .F.,(2,2),(1.,1.8),.PIECEWISE_BEZIER_KNOTS.);
#2994 = CARTESIAN_POINT('',(-6.28318530718,-1.));
#2995 = CARTESIAN_POINT('',(-6.28318530718,-1.8));
#2996 = ( GEOMETRIC_REPRESENTATION_CONTEXT(2) 
PARAMETRIC_REPRESENTATION_CONTEXT() REPRESENTATION_CONTEXT('2D SPACE',''
  ) );
#2997 = PCURVE('',#2548,#2998);
#2998 = DEFINITIONAL_REPRESENTATION('',(#2999),#3002);
#2999 = B_SPLINE_CURVE_WITH_KNOTS('',1,(#3000,#3001),.UNSPECIFIED.,.F.,
  .F.,(2,2),(1.,1.8),.PIECEWISE_BEZIER_KNOTS.);
#3000 = CARTESIAN_POINT('',(0.,-1.));
#3001 = CARTESIAN_POINT('',(0.,-1.8));
#3002 = ( GEOMETRIC_REPRESENTATION_CONTEXT(2) 
PARAMETRIC_REPRESENTATION_CONTEXT() REPRESENTATION_CONTEXT('2D SPACE',''
  ) );
#3003 = ORIENTED_EDGE('',*,*,#2829,.F.);
#3004 = ORIENTED_EDGE('',*,*,#2985,.F.);
#3005 = ( GEOMETRIC_REPRESENTATION_CONTEXT(3) 
GLOBAL_UNCERTAINTY_ASSIGNED_CONTEXT((#3009)) 
GLOBAL_UNIT_ASSIGNED_CONTEXT((#3006,#3007,#3008)) REPRESENTATION_CONTEXT
('Context #1','3D Context with UNIT and UNCERTAINTY') );
#3006 = ( LENGTH_UNIT() NAMED_UNIT(*) SI_UNIT(.MILLI.,.METRE.) );
#3007 = ( NAMED_UNIT(*) PLANE_ANGLE_UNIT() SI_UNIT($,.RADIAN.) );
#3008 = ( NAMED_UNIT(*) SI_UNIT($,.STERADIAN.) SOLID_ANGLE_UNIT() );
#3009 = UNCERTAINTY_MEASURE_WITH_UNIT(LENGTH_MEASURE(1.E-07),#3006,
  'distance_accuracy_value','confusion accuracy');
#3010 = PRODUCT_RELATED_PRODUCT_CATEGORY('part',$,(#7));
ENDSEC;
END-ISO-10303-21;
