ISO-10303-21;
HEADER;
FILE_DESCRIPTION(('Open CASCADE Model'),'2;1');
FILE_NAME('Open CASCADE Shape Model','2026-01-01T00:00:00',('Author'),(
    'Open CASCADE'),'Open CASCADE STEP processor 7.9','Open CASCADE 7.9'
  ,'Unknown');
FILE_SCHEMA(('AUTOMOTIVE_DESIGN { 1 0 10303 214 1 1 1 1 }'));
ENDSEC;
DATA;
#1 = APPLICATION_PROTOCOL_DEFINITION('international standard',
  'automotive_design',2000,#2);
#2 = APPLICATION_CONTEXT(
  'core data for automotive mechanical design processes');
#3 = SHAPE_DEFINITION_REPRESENTATION(#4,#10);
#4 = PRODUCT_DEFINITION_SHAPE('','',#5);
#5 = PRODUCT_DEFINITION('design','',#6,#9);
#6 = PRODUCT_DEFINITION_FORMATION('','',#7);
#7 = PRODUCT('A_Lv3_0007',
  'A_Lv3_0007','',(#8));
#8 = PRODUCT_CONTEXT('',#2,'mechanical');
#9 = PRODUCT_DEFINITION_CONTEXT('part definition',#2,'design');
#10 = ADVANCED_BREP_SHAPE_REPRESENTATION('',(#11,#15),#3517);
#11 = AXIS2_PLACEMENT_3D('',#12,#13,#14);
#12 = CARTESIAN_POINT('',(0.,0.,0.));
#13 = DIRECTION('',(0.,0.,1.));
#14 = DIRECTION('',(1.,0.,-0.));
#15 = MANIFOLD_SOLID_BREP('',#16);
#16 = CLOSED_SHELL('',(#17,#137,#213,#289,#465,#621,#873,#1009,#1061,
    #1109,#1162,#1209,#1216,#1241,#1293,#1345,#1514,#1784,#2103,#2154,
    #2384,#2636,#2643,#2669,#2714,#2740,#2766,#2773,#2818,#2844,#2870,
    #2877,#2924,#2951,#2978,#2985,#3010,#3055,#3081,#3107,#3114,#3140,
    #3281,#3402,#3409,#3456,#3483,#3510));
#17 = ADVANCED_FACE('',(#18),#32,.F.);
#18 = FACE_BOUND('',#19,.F.);
#19 = EDGE_LOOP('',(#20,#55,#83,#111));
#20 = ORIENTED_EDGE('',*,*,#21,.T.);
#21 = EDGE_CURVE('',#22,#24,#26,.T.);
#22 = VERTEX_POINT('',#23);
#23 = CARTESIAN_POINT('',(110.24125870825,-38.95714539307,
    -287.9716108449));
#24 = VERTEX_POINT('',#25);
#25 = CARTESIAN_POINT('',(110.48437598655,-40.50886021198,
    -286.7334367417));
#26 = SURFACE_CURVE('',#27,(#31,#43),.PCURVE_S1.);
#27 = LINE('',#28,#29);
#28 = CARTESIAN_POINT('',(110.24125870825,-38.95714539307,
    -287.9716108449));
#29 = VECTOR('',#30,1.);
#30 = DIRECTION('',(0.121558639153,-0.775857409459,0.619087051581));
#31 = PCURVE('',#32,#37);
#32 = PLANE('',#33);
#33 = AXIS2_PLACEMENT_3D('',#34,#35,#36);
#34 = CARTESIAN_POINT('',(110.24125870825,-38.95714539307,
    -287.9716108449));
#35 = DIRECTION('',(0.67394897018,0.522415142984,0.522374582053));
#36 = DIRECTION('',(0.72870864057,-0.353733937542,-0.586392375965));
#37 = DEFINITIONAL_REPRESENTATION('',(#38),#42);
#38 = LINE('',#39,#40);
#39 = CARTESIAN_POINT('',(0.,0.));
#40 = VECTOR('',#41,1.);
#41 = DIRECTION('',(-1.665334536938E-16,-1.));
#42 = ( GEOMETRIC_REPRESENTATION_CONTEXT(2) 
PARAMETRIC_REPRESENTATION_CONTEXT() REPRESENTATION_CONTEXT('2D SPACE',''
  ) );
#43 = PCURVE('',#44,#49);
#44 = PLANE('',#45);
#45 = AXIS2_PLACEMENT_3D('',#46,#47,#48);
#46 = CARTESIAN_POINT('',(151.21780994381,-7.193952896472,
    -256.2108844802));
#47 = DIRECTION('',(0.72870864057,-0.353733937542,-0.586392375965));
#48 = DIRECTION('',(-0.67394897018,-0.522415142984,-0.522374582053));
#49 = DEFINITIONAL_REPRESENTATION('',(#50),#54);
#50 = LINE('',#51,#52);
#51 = CARTESIAN_POINT('',(60.800673416912,1.42108547152E-14));
#52 = VECTOR('',#53,1.);
#53 = DIRECTION('',(-5.551115123126E-17,-1.));
#54 = ( GEOMETRIC_REPRESENTATION_CONTEXT(2) 
PARAMETRIC_REPRESENTATION_CONTEXT() REPRESENTATION_CONTEXT('2D SPACE',''
  ) );
#55 = ORIENTED_EDGE('',*,*,#56,.T.);
#56 = EDGE_CURVE('',#24,#57,#59,.T.);
#57 = VERTEX_POINT('',#58);
#58 = CARTESIAN_POINT('',(161.66617648762,-65.3538240477,-327.9194690337
    ));
#59 = SURFACE_CURVE('',#60,(#64,#71),.PCURVE_S1.);
#60 = LINE('',#61,#62);
#61 = CARTESIAN_POINT('',(110.48437598655,-40.50886021198,
    -286.7334367417));
#62 = VECTOR('',#63,1.);
#63 = DIRECTION('',(0.72870864057,-0.353733937542,-0.586392375965));
#64 = PCURVE('',#32,#65);
#65 = DEFINITIONAL_REPRESENTATION('',(#66),#70);
#66 = LINE('',#67,#68);
#67 = CARTESIAN_POINT('',(-1.443289932013E-15,-2.));
#68 = VECTOR('',#69,1.);
#69 = DIRECTION('',(1.,5.551115123126E-17));
#70 = ( GEOMETRIC_REPRESENTATION_CONTEXT(2) 
PARAMETRIC_REPRESENTATION_CONTEXT() REPRESENTATION_CONTEXT('2D SPACE',''
  ) );
#71 = PCURVE('',#72,#77);
#72 = PLANE('',#73);
#73 = AXIS2_PLACEMENT_3D('',#74,#75,#76);
#74 = CARTESIAN_POINT('',(156.56355185487,-37.04974588154,
    -291.4460897054));
#75 = DIRECTION('',(0.121558639153,-0.775857409459,0.619087051581));
#76 = DIRECTION('',(-0.67394897018,-0.522415142984,-0.522374582053));
#77 = DEFINITIONAL_REPRESENTATION('',(#78),#82);
#78 = LINE('',#79,#80);
#79 = CARTESIAN_POINT('',(30.400336708456,-35.11815124151));
#80 = VECTOR('',#81,1.);
#81 = DIRECTION('',(1.665334536938E-16,1.));
#82 = ( GEOMETRIC_REPRESENTATION_CONTEXT(2) 
PARAMETRIC_REPRESENTATION_CONTEXT() REPRESENTATION_CONTEXT('2D SPACE',''
  ) );
#83 = ORIENTED_EDGE('',*,*,#84,.F.);
#84 = EDGE_CURVE('',#85,#57,#87,.T.);
#85 = VERTEX_POINT('',#86);
#86 = CARTESIAN_POINT('',(161.42305920931,-63.80210922879,
    -329.1576431369));
#87 = SURFACE_CURVE('',#88,(#92,#99),.PCURVE_S1.);
#88 = LINE('',#89,#90);
#89 = CARTESIAN_POINT('',(161.42305920931,-63.80210922879,
    -329.1576431369));
#90 = VECTOR('',#91,1.);
#91 = DIRECTION('',(0.121558639153,-0.775857409459,0.619087051581));
#92 = PCURVE('',#32,#93);
#93 = DEFINITIONAL_REPRESENTATION('',(#94),#98);
#94 = LINE('',#95,#96);
#95 = CARTESIAN_POINT('',(70.236302483036,-2.48689957516E-14));
#96 = VECTOR('',#97,1.);
#97 = DIRECTION('',(-1.665334536938E-16,-1.));
#98 = ( GEOMETRIC_REPRESENTATION_CONTEXT(2) 
PARAMETRIC_REPRESENTATION_CONTEXT() REPRESENTATION_CONTEXT('2D SPACE',''
  ) );
#99 = PCURVE('',#100,#105);
#100 = PLANE('',#101);
#101 = AXIS2_PLACEMENT_3D('',#102,#103,#104);
#102 = CARTESIAN_POINT('',(161.42305920931,-63.80210922879,
    -329.1576431369));
#103 = DIRECTION('',(-0.72870864057,0.353733937542,0.586392375965));
#104 = DIRECTION('',(0.67394897018,0.522415142984,0.522374582053));
#105 = DEFINITIONAL_REPRESENTATION('',(#106),#110);
#106 = LINE('',#107,#108);
#107 = CARTESIAN_POINT('',(0.,0.));
#108 = VECTOR('',#109,1.);
#109 = DIRECTION('',(5.551115123126E-17,-1.));
#110 = ( GEOMETRIC_REPRESENTATION_CONTEXT(2) 
PARAMETRIC_REPRESENTATION_CONTEXT() REPRESENTATION_CONTEXT('2D SPACE',''
  ) );
#111 = ORIENTED_EDGE('',*,*,#112,.F.);
#112 = EDGE_CURVE('',#22,#85,#113,.T.);
#113 = SURFACE_CURVE('',#114,(#118,#125),.PCURVE_S1.);
#114 = LINE('',#115,#116);
#115 = CARTESIAN_POINT('',(110.24125870825,-38.95714539307,
    -287.9716108449));
#116 = VECTOR('',#117,1.);
#117 = DIRECTION('',(0.72870864057,-0.353733937542,-0.586392375965));
#118 = PCURVE('',#32,#119);
#119 = DEFINITIONAL_REPRESENTATION('',(#120),#124);
#120 = LINE('',#121,#122);
#121 = CARTESIAN_POINT('',(0.,0.));
#122 = VECTOR('',#123,1.);
#123 = DIRECTION('',(1.,5.551115123126E-17));
#124 = ( GEOMETRIC_REPRESENTATION_CONTEXT(2) 
PARAMETRIC_REPRESENTATION_CONTEXT() REPRESENTATION_CONTEXT('2D SPACE',''
  ) );
#125 = PCURVE('',#126,#131);
#126 = PLANE('',#127);
#127 = AXIS2_PLACEMENT_3D('',#128,#129,#130);
#128 = CARTESIAN_POINT('',(156.32043457656,-35.49803106263,
    -292.6842638085));
#129 = DIRECTION('',(0.121558639153,-0.775857409459,0.619087051581));
#130 = DIRECTION('',(-0.67394897018,-0.522415142984,-0.522374582053));
#131 = DEFINITIONAL_REPRESENTATION('',(#132),#136);
#132 = LINE('',#133,#134);
#133 = CARTESIAN_POINT('',(30.400336708456,-35.11815124151));
#134 = VECTOR('',#135,1.);
#135 = DIRECTION('',(1.665334536938E-16,1.));
#136 = ( GEOMETRIC_REPRESENTATION_CONTEXT(2) 
PARAMETRIC_REPRESENTATION_CONTEXT() REPRESENTATION_CONTEXT('2D SPACE',''
  ) );
#137 = ADVANCED_FACE('',(#138),#44,.F.);
#138 = FACE_BOUND('',#139,.F.);
#139 = EDGE_LOOP('',(#140,#163,#191,#212));
#140 = ORIENTED_EDGE('',*,*,#141,.F.);
#141 = EDGE_CURVE('',#142,#22,#144,.T.);
#142 = VERTEX_POINT('',#143);
#143 = CARTESIAN_POINT('',(113.61100355915,-36.34506967815,
    -285.3597379346));
#144 = SURFACE_CURVE('',#145,(#149,#156),.PCURVE_S1.);
#145 = LINE('',#146,#147);
#146 = CARTESIAN_POINT('',(151.21780994381,-7.193952896472,
    -256.2108844802));
#147 = VECTOR('',#148,1.);
#148 = DIRECTION('',(-0.67394897018,-0.522415142984,-0.522374582053));
#149 = PCURVE('',#44,#150);
#150 = DEFINITIONAL_REPRESENTATION('',(#151),#155);
#151 = LINE('',#152,#153);
#152 = CARTESIAN_POINT('',(-0.,0.));
#153 = VECTOR('',#154,1.);
#154 = DIRECTION('',(1.,5.551115123126E-17));
#155 = ( GEOMETRIC_REPRESENTATION_CONTEXT(2) 
PARAMETRIC_REPRESENTATION_CONTEXT() REPRESENTATION_CONTEXT('2D SPACE',''
  ) );
#156 = PCURVE('',#126,#157);
#157 = DEFINITIONAL_REPRESENTATION('',(#158),#162);
#158 = LINE('',#159,#160);
#159 = CARTESIAN_POINT('',(-30.40033670845,-35.11815124151));
#160 = VECTOR('',#161,1.);
#161 = DIRECTION('',(1.,1.110223024625E-16));
#162 = ( GEOMETRIC_REPRESENTATION_CONTEXT(2) 
PARAMETRIC_REPRESENTATION_CONTEXT() REPRESENTATION_CONTEXT('2D SPACE',''
  ) );
#163 = ORIENTED_EDGE('',*,*,#164,.F.);
#164 = EDGE_CURVE('',#165,#142,#167,.T.);
#165 = VERTEX_POINT('',#166);
#166 = CARTESIAN_POINT('',(113.85412083745,-37.89678449707,
    -284.1215638315));
#167 = SURFACE_CURVE('',#168,(#172,#179),.PCURVE_S1.);
#168 = LINE('',#169,#170);
#169 = CARTESIAN_POINT('',(113.85412083745,-37.89678449707,
    -284.1215638315));
#170 = VECTOR('',#171,1.);
#171 = DIRECTION('',(-0.121558639153,0.775857409459,-0.619087051581));
#172 = PCURVE('',#44,#173);
#173 = DEFINITIONAL_REPRESENTATION('',(#174),#178);
#174 = LINE('',#175,#176);
#175 = CARTESIAN_POINT('',(55.800673416912,-2.));
#176 = VECTOR('',#177,1.);
#177 = DIRECTION('',(5.551115123126E-17,1.));
#178 = ( GEOMETRIC_REPRESENTATION_CONTEXT(2) 
PARAMETRIC_REPRESENTATION_CONTEXT() REPRESENTATION_CONTEXT('2D SPACE',''
  ) );
#179 = PCURVE('',#180,#185);
#180 = PLANE('',#181);
#181 = AXIS2_PLACEMENT_3D('',#182,#183,#184);
#182 = CARTESIAN_POINT('',(112.48075383477,-37.30097853056,
    -282.9455471586));
#183 = DIRECTION('',(0.67394897018,0.522415142984,0.522374582053));
#184 = DIRECTION('',(0.121558639153,-0.775857409459,0.619087051581));
#185 = DEFINITIONAL_REPRESENTATION('',(#186),#190);
#186 = LINE('',#187,#188);
#187 = CARTESIAN_POINT('',(-9.88515969755E-02,1.901148403024));
#188 = VECTOR('',#189,1.);
#189 = DIRECTION('',(-1.,0.));
#190 = ( GEOMETRIC_REPRESENTATION_CONTEXT(2) 
PARAMETRIC_REPRESENTATION_CONTEXT() REPRESENTATION_CONTEXT('2D SPACE',''
  ) );
#191 = ORIENTED_EDGE('',*,*,#192,.T.);
#192 = EDGE_CURVE('',#165,#24,#193,.T.);
#193 = SURFACE_CURVE('',#194,(#198,#205),.PCURVE_S1.);
#194 = LINE('',#195,#196);
#195 = CARTESIAN_POINT('',(151.46092722211,-8.74566771539,-254.972710377
    ));
#196 = VECTOR('',#197,1.);
#197 = DIRECTION('',(-0.67394897018,-0.522415142984,-0.522374582053));
#198 = PCURVE('',#44,#199);
#199 = DEFINITIONAL_REPRESENTATION('',(#200),#204);
#200 = LINE('',#201,#202);
#201 = CARTESIAN_POINT('',(-4.329869796038E-15,-2.));
#202 = VECTOR('',#203,1.);
#203 = DIRECTION('',(1.,5.551115123126E-17));
#204 = ( GEOMETRIC_REPRESENTATION_CONTEXT(2) 
PARAMETRIC_REPRESENTATION_CONTEXT() REPRESENTATION_CONTEXT('2D SPACE',''
  ) );
#205 = PCURVE('',#72,#206);
#206 = DEFINITIONAL_REPRESENTATION('',(#207),#211);
#207 = LINE('',#208,#209);
#208 = CARTESIAN_POINT('',(-30.40033670845,-35.11815124151));
#209 = VECTOR('',#210,1.);
#210 = DIRECTION('',(1.,1.110223024625E-16));
#211 = ( GEOMETRIC_REPRESENTATION_CONTEXT(2) 
PARAMETRIC_REPRESENTATION_CONTEXT() REPRESENTATION_CONTEXT('2D SPACE',''
  ) );
#212 = ORIENTED_EDGE('',*,*,#21,.F.);
#213 = ADVANCED_FACE('',(#214),#100,.F.);
#214 = FACE_BOUND('',#215,.F.);
#215 = EDGE_LOOP('',(#216,#239,#240,#263));
#216 = ORIENTED_EDGE('',*,*,#217,.F.);
#217 = EDGE_CURVE('',#85,#218,#220,.T.);
#218 = VERTEX_POINT('',#219);
#219 = CARTESIAN_POINT('',(164.79280406021,-61.19003351387,
    -326.5457702266));
#220 = SURFACE_CURVE('',#221,(#225,#232),.PCURVE_S1.);
#221 = LINE('',#222,#223);
#222 = CARTESIAN_POINT('',(161.42305920931,-63.80210922879,
    -329.1576431369));
#223 = VECTOR('',#224,1.);
#224 = DIRECTION('',(0.67394897018,0.522415142984,0.522374582053));
#225 = PCURVE('',#100,#226);
#226 = DEFINITIONAL_REPRESENTATION('',(#227),#231);
#227 = LINE('',#228,#229);
#228 = CARTESIAN_POINT('',(0.,0.));
#229 = VECTOR('',#230,1.);
#230 = DIRECTION('',(1.,-5.551115123126E-17));
#231 = ( GEOMETRIC_REPRESENTATION_CONTEXT(2) 
PARAMETRIC_REPRESENTATION_CONTEXT() REPRESENTATION_CONTEXT('2D SPACE',''
  ) );
#232 = PCURVE('',#126,#233);
#233 = DEFINITIONAL_REPRESENTATION('',(#234),#238);
#234 = LINE('',#235,#236);
#235 = CARTESIAN_POINT('',(30.400336708456,35.118151241518));
#236 = VECTOR('',#237,1.);
#237 = DIRECTION('',(-1.,-1.110223024625E-16));
#238 = ( GEOMETRIC_REPRESENTATION_CONTEXT(2) 
PARAMETRIC_REPRESENTATION_CONTEXT() REPRESENTATION_CONTEXT('2D SPACE',''
  ) );
#239 = ORIENTED_EDGE('',*,*,#84,.T.);
#240 = ORIENTED_EDGE('',*,*,#241,.T.);
#241 = EDGE_CURVE('',#57,#242,#244,.T.);
#242 = VERTEX_POINT('',#243);
#243 = CARTESIAN_POINT('',(165.03592133852,-62.74174833279,
    -325.3075961235));
#244 = SURFACE_CURVE('',#245,(#249,#256),.PCURVE_S1.);
#245 = LINE('',#246,#247);
#246 = CARTESIAN_POINT('',(161.66617648762,-65.3538240477,
    -327.9194690337));
#247 = VECTOR('',#248,1.);
#248 = DIRECTION('',(0.67394897018,0.522415142984,0.522374582053));
#249 = PCURVE('',#100,#250);
#250 = DEFINITIONAL_REPRESENTATION('',(#251),#255);
#251 = LINE('',#252,#253);
#252 = CARTESIAN_POINT('',(-4.107825191113E-15,-2.));
#253 = VECTOR('',#254,1.);
#254 = DIRECTION('',(1.,-5.551115123126E-17));
#255 = ( GEOMETRIC_REPRESENTATION_CONTEXT(2) 
PARAMETRIC_REPRESENTATION_CONTEXT() REPRESENTATION_CONTEXT('2D SPACE',''
  ) );
#256 = PCURVE('',#72,#257);
#257 = DEFINITIONAL_REPRESENTATION('',(#258),#262);
#258 = LINE('',#259,#260);
#259 = CARTESIAN_POINT('',(30.400336708456,35.118151241518));
#260 = VECTOR('',#261,1.);
#261 = DIRECTION('',(-1.,-1.110223024625E-16));
#262 = ( GEOMETRIC_REPRESENTATION_CONTEXT(2) 
PARAMETRIC_REPRESENTATION_CONTEXT() REPRESENTATION_CONTEXT('2D SPACE',''
  ) );
#263 = ORIENTED_EDGE('',*,*,#264,.T.);
#264 = EDGE_CURVE('',#242,#218,#265,.T.);
#265 = SURFACE_CURVE('',#266,(#270,#277),.PCURVE_S1.);
#266 = LINE('',#267,#268);
#267 = CARTESIAN_POINT('',(165.03592133852,-62.74174833279,
    -325.3075961235));
#268 = VECTOR('',#269,1.);
#269 = DIRECTION('',(-0.121558639153,0.775857409459,-0.619087051581));
#270 = PCURVE('',#100,#271);
#271 = DEFINITIONAL_REPRESENTATION('',(#272),#276);
#272 = LINE('',#273,#274);
#273 = CARTESIAN_POINT('',(5.,-2.));
#274 = VECTOR('',#275,1.);
#275 = DIRECTION('',(-1.110223024625E-16,1.));
#276 = ( GEOMETRIC_REPRESENTATION_CONTEXT(2) 
PARAMETRIC_REPRESENTATION_CONTEXT() REPRESENTATION_CONTEXT('2D SPACE',''
  ) );
#277 = PCURVE('',#278,#283);
#278 = PLANE('',#279);
#279 = AXIS2_PLACEMENT_3D('',#280,#281,#282);
#280 = CARTESIAN_POINT('',(166.43332087241,-63.49094378719,
    -326.3612173089));
#281 = DIRECTION('',(-0.67394897018,-0.522415142984,-0.522374582053));
#282 = DIRECTION('',(0.121558639153,-0.775857409459,0.619087051581));
#283 = DEFINITIONAL_REPRESENTATION('',(#284),#288);
#284 = LINE('',#285,#286);
#285 = CARTESIAN_POINT('',(-9.88515969755E-02,1.901148403025));
#286 = VECTOR('',#287,1.);
#287 = DIRECTION('',(-1.,-2.775557561563E-16));
#288 = ( GEOMETRIC_REPRESENTATION_CONTEXT(2) 
PARAMETRIC_REPRESENTATION_CONTEXT() REPRESENTATION_CONTEXT('2D SPACE',''
  ) );
#289 = ADVANCED_FACE('',(#290,#431),#126,.F.);
#290 = FACE_BOUND('',#291,.F.);
#291 = EDGE_LOOP('',(#292,#293,#294,#321,#349,#377,#405,#430));
#292 = ORIENTED_EDGE('',*,*,#112,.T.);
#293 = ORIENTED_EDGE('',*,*,#217,.T.);
#294 = ORIENTED_EDGE('',*,*,#295,.F.);
#295 = EDGE_CURVE('',#296,#218,#298,.T.);
#296 = VERTEX_POINT('',#297);
#297 = CARTESIAN_POINT('',(199.02986559397,-34.65099244711,
    -300.0087896825));
#298 = SURFACE_CURVE('',#299,(#303,#310),.PCURVE_S1.);
#299 = LINE('',#300,#301);
#300 = CARTESIAN_POINT('',(199.02986559397,-34.65099244711,
    -300.0087896825));
#301 = VECTOR('',#302,1.);
#302 = DIRECTION('',(-0.67394897018,-0.522415142984,-0.522374582053));
#303 = PCURVE('',#126,#304);
#304 = DEFINITIONAL_REPRESENTATION('',(#305),#309);
#305 = LINE('',#306,#307);
#306 = CARTESIAN_POINT('',(-25.40033670845,35.118151241518));
#307 = VECTOR('',#308,1.);
#308 = DIRECTION('',(1.,1.110223024625E-16));
#309 = ( GEOMETRIC_REPRESENTATION_CONTEXT(2) 
PARAMETRIC_REPRESENTATION_CONTEXT() REPRESENTATION_CONTEXT('2D SPACE',''
  ) );
#310 = PCURVE('',#311,#316);
#311 = CYLINDRICAL_SURFACE('',#312,4.);
#312 = AXIS2_PLACEMENT_3D('',#313,#314,#315);
#313 = CARTESIAN_POINT('',(199.51610015058,-37.75442208494,
    -297.5324414761));
#314 = DIRECTION('',(0.67394897018,0.522415142984,0.522374582053));
#315 = DIRECTION('',(-0.121558639153,0.775857409459,-0.619087051581));
#316 = DEFINITIONAL_REPRESENTATION('',(#317),#320);
#317 = B_SPLINE_CURVE_WITH_KNOTS('',1,(#318,#319),.UNSPECIFIED.,.F.,.F.,
  (2,2),(0.,50.800673416912),.PIECEWISE_BEZIER_KNOTS.);
#318 = CARTESIAN_POINT('',(0.,0.));
#319 = CARTESIAN_POINT('',(0.,-50.80067341691));
#320 = ( GEOMETRIC_REPRESENTATION_CONTEXT(2) 
PARAMETRIC_REPRESENTATION_CONTEXT() REPRESENTATION_CONTEXT('2D SPACE',''
  ) );
#321 = ORIENTED_EDGE('',*,*,#322,.T.);
#322 = EDGE_CURVE('',#296,#323,#325,.T.);
#323 = VERTEX_POINT('',#324);
#324 = CARTESIAN_POINT('',(202.39961044487,-32.03891673219,
    -297.3969167722));
#325 = SURFACE_CURVE('',#326,(#330,#337),.PCURVE_S1.);
#326 = LINE('',#327,#328);
#327 = CARTESIAN_POINT('',(161.42305920931,-63.80210922879,
    -329.1576431369));
#328 = VECTOR('',#329,1.);
#329 = DIRECTION('',(0.67394897018,0.522415142984,0.522374582053));
#330 = PCURVE('',#126,#331);
#331 = DEFINITIONAL_REPRESENTATION('',(#332),#336);
#332 = LINE('',#333,#334);
#333 = CARTESIAN_POINT('',(30.400336708456,35.118151241518));
#334 = VECTOR('',#335,1.);
#335 = DIRECTION('',(-1.,-1.110223024625E-16));
#336 = ( GEOMETRIC_REPRESENTATION_CONTEXT(2) 
PARAMETRIC_REPRESENTATION_CONTEXT() REPRESENTATION_CONTEXT('2D SPACE',''
  ) );
#337 = PCURVE('',#338,#343);
#338 = PLANE('',#339);
#339 = AXIS2_PLACEMENT_3D('',#340,#341,#342);
#340 = CARTESIAN_POINT('',(161.42305920931,-63.80210922879,
    -329.1576431369));
#341 = DIRECTION('',(-0.72870864057,0.353733937542,0.586392375965));
#342 = DIRECTION('',(0.67394897018,0.522415142984,0.522374582053));
#343 = DEFINITIONAL_REPRESENTATION('',(#344),#348);
#344 = LINE('',#345,#346);
#345 = CARTESIAN_POINT('',(0.,0.));
#346 = VECTOR('',#347,1.);
#347 = DIRECTION('',(1.,-5.551115123126E-17));
#348 = ( GEOMETRIC_REPRESENTATION_CONTEXT(2) 
PARAMETRIC_REPRESENTATION_CONTEXT() REPRESENTATION_CONTEXT('2D SPACE',''
  ) );
#349 = ORIENTED_EDGE('',*,*,#350,.T.);
#350 = EDGE_CURVE('',#323,#351,#353,.T.);
#351 = VERTEX_POINT('',#352);
#352 = CARTESIAN_POINT('',(151.21780994381,-7.193952896472,
    -256.2108844802));
#353 = SURFACE_CURVE('',#354,(#358,#365),.PCURVE_S1.);
#354 = LINE('',#355,#356);
#355 = CARTESIAN_POINT('',(202.39961044487,-32.03891673219,
    -297.3969167722));
#356 = VECTOR('',#357,1.);
#357 = DIRECTION('',(-0.72870864057,0.353733937542,0.586392375965));
#358 = PCURVE('',#126,#359);
#359 = DEFINITIONAL_REPRESENTATION('',(#360),#364);
#360 = LINE('',#361,#362);
#361 = CARTESIAN_POINT('',(-30.40033670845,35.118151241518));
#362 = VECTOR('',#363,1.);
#363 = DIRECTION('',(-1.665334536938E-16,-1.));
#364 = ( GEOMETRIC_REPRESENTATION_CONTEXT(2) 
PARAMETRIC_REPRESENTATION_CONTEXT() REPRESENTATION_CONTEXT('2D SPACE',''
  ) );
#365 = PCURVE('',#366,#371);
#366 = PLANE('',#367);
#367 = AXIS2_PLACEMENT_3D('',#368,#369,#370);
#368 = CARTESIAN_POINT('',(202.39961044487,-32.03891673219,
    -297.3969167722));
#369 = DIRECTION('',(-0.67394897018,-0.522415142984,-0.522374582053));
#370 = DIRECTION('',(-0.72870864057,0.353733937542,0.586392375965));
#371 = DEFINITIONAL_REPRESENTATION('',(#372),#376);
#372 = LINE('',#373,#374);
#373 = CARTESIAN_POINT('',(0.,0.));
#374 = VECTOR('',#375,1.);
#375 = DIRECTION('',(1.,-5.551115123126E-17));
#376 = ( GEOMETRIC_REPRESENTATION_CONTEXT(2) 
PARAMETRIC_REPRESENTATION_CONTEXT() REPRESENTATION_CONTEXT('2D SPACE',''
  ) );
#377 = ORIENTED_EDGE('',*,*,#378,.T.);
#378 = EDGE_CURVE('',#351,#379,#381,.T.);
#379 = VERTEX_POINT('',#380);
#380 = CARTESIAN_POINT('',(147.84806509291,-9.80602861139,
    -258.8227573904));
#381 = SURFACE_CURVE('',#382,(#386,#393),.PCURVE_S1.);
#382 = LINE('',#383,#384);
#383 = CARTESIAN_POINT('',(151.21780994381,-7.193952896472,
    -256.2108844802));
#384 = VECTOR('',#385,1.);
#385 = DIRECTION('',(-0.67394897018,-0.522415142984,-0.522374582053));
#386 = PCURVE('',#126,#387);
#387 = DEFINITIONAL_REPRESENTATION('',(#388),#392);
#388 = LINE('',#389,#390);
#389 = CARTESIAN_POINT('',(-30.40033670845,-35.11815124151));
#390 = VECTOR('',#391,1.);
#391 = DIRECTION('',(1.,1.110223024625E-16));
#392 = ( GEOMETRIC_REPRESENTATION_CONTEXT(2) 
PARAMETRIC_REPRESENTATION_CONTEXT() REPRESENTATION_CONTEXT('2D SPACE',''
  ) );
#393 = PCURVE('',#394,#399);
#394 = PLANE('',#395);
#395 = AXIS2_PLACEMENT_3D('',#396,#397,#398);
#396 = CARTESIAN_POINT('',(151.21780994381,-7.193952896472,
    -256.2108844802));
#397 = DIRECTION('',(0.72870864057,-0.353733937542,-0.586392375965));
#398 = DIRECTION('',(-0.67394897018,-0.522415142984,-0.522374582053));
#399 = DEFINITIONAL_REPRESENTATION('',(#400),#404);
#400 = LINE('',#401,#402);
#401 = CARTESIAN_POINT('',(-0.,0.));
#402 = VECTOR('',#403,1.);
#403 = DIRECTION('',(1.,5.551115123126E-17));
#404 = ( GEOMETRIC_REPRESENTATION_CONTEXT(2) 
PARAMETRIC_REPRESENTATION_CONTEXT() REPRESENTATION_CONTEXT('2D SPACE',''
  ) );
#405 = ORIENTED_EDGE('',*,*,#406,.F.);
#406 = EDGE_CURVE('',#142,#379,#407,.T.);
#407 = SURFACE_CURVE('',#408,(#412,#419),.PCURVE_S1.);
#408 = LINE('',#409,#410);
#409 = CARTESIAN_POINT('',(113.61100355915,-36.34506967815,
    -285.3597379346));
#410 = VECTOR('',#411,1.);
#411 = DIRECTION('',(0.67394897018,0.522415142984,0.522374582053));
#412 = PCURVE('',#126,#413);
#413 = DEFINITIONAL_REPRESENTATION('',(#414),#418);
#414 = LINE('',#415,#416);
#415 = CARTESIAN_POINT('',(25.400336708456,-35.11815124151));
#416 = VECTOR('',#417,1.);
#417 = DIRECTION('',(-1.,-1.110223024625E-16));
#418 = ( GEOMETRIC_REPRESENTATION_CONTEXT(2) 
PARAMETRIC_REPRESENTATION_CONTEXT() REPRESENTATION_CONTEXT('2D SPACE',''
  ) );
#419 = PCURVE('',#420,#425);
#420 = CYLINDRICAL_SURFACE('',#421,4.);
#421 = AXIS2_PLACEMENT_3D('',#422,#423,#424);
#422 = CARTESIAN_POINT('',(114.09723811576,-39.44849931598,
    -282.8833897283));
#423 = DIRECTION('',(-0.67394897018,-0.522415142984,-0.522374582053));
#424 = DIRECTION('',(-0.121558639153,0.775857409459,-0.619087051581));
#425 = DEFINITIONAL_REPRESENTATION('',(#426),#429);
#426 = B_SPLINE_CURVE_WITH_KNOTS('',1,(#427,#428),.UNSPECIFIED.,.F.,.F.,
  (2,2),(0.,50.800673416912),.PIECEWISE_BEZIER_KNOTS.);
#427 = CARTESIAN_POINT('',(0.,0.));
#428 = CARTESIAN_POINT('',(0.,-50.80067341691));
#429 = ( GEOMETRIC_REPRESENTATION_CONTEXT(2) 
PARAMETRIC_REPRESENTATION_CONTEXT() REPRESENTATION_CONTEXT('2D SPACE',''
  ) );
#430 = ORIENTED_EDGE('',*,*,#141,.T.);
#431 = FACE_BOUND('',#432,.F.);
#432 = EDGE_LOOP('',(#433));
#433 = ORIENTED_EDGE('',*,*,#434,.T.);
#434 = EDGE_CURVE('',#435,#435,#437,.T.);
#435 = VERTEX_POINT('',#436);
#436 = CARTESIAN_POINT('',(151.10706068471,-29.19901623943,
    -283.7665066943));
#437 = SURFACE_CURVE('',#438,(#443,#454),.PCURVE_S1.);
#438 = CIRCLE('',#439,6.845);
#439 = AXIS2_PLACEMENT_3D('',#440,#441,#442);
#440 = CARTESIAN_POINT('',(155.72024138559,-25.62308458571,
    -280.1908526802));
#441 = DIRECTION('',(-0.121558639153,0.775857409459,-0.619087051581));
#442 = DIRECTION('',(-0.67394897018,-0.522415142984,-0.522374582053));
#443 = PCURVE('',#126,#444);
#444 = DEFINITIONAL_REPRESENTATION('',(#445),#453);
#445 = ( BOUNDED_CURVE() B_SPLINE_CURVE(2,(#446,#447,#448,#449,#450,#451
,#452),.UNSPECIFIED.,.T.,.F.) B_SPLINE_CURVE_WITH_KNOTS((1,2,2,2,2,1),(
    -2.094395102393,0.,2.094395102393,4.188790204786,6.28318530718,
8.377580409573),.UNSPECIFIED.) CURVE() GEOMETRIC_REPRESENTATION_ITEM() 
RATIONAL_B_SPLINE_CURVE((1.,0.5,1.,0.5,1.,0.5,1.)) REPRESENTATION_ITEM(
  '') );
#446 = CARTESIAN_POINT('',(-4.435562409333,-11.25651070003));
#447 = CARTESIAN_POINT('',(-4.435562409333,-23.11239847784));
#448 = CARTESIAN_POINT('',(-14.70306240933,-17.18445458894));
#449 = CARTESIAN_POINT('',(-24.97056240933,-11.25651070003));
#450 = CARTESIAN_POINT('',(-14.70306240933,-5.328566811131));
#451 = CARTESIAN_POINT('',(-4.435562409333,0.599377077773));
#452 = CARTESIAN_POINT('',(-4.435562409333,-11.25651070003));
#453 = ( GEOMETRIC_REPRESENTATION_CONTEXT(2) 
PARAMETRIC_REPRESENTATION_CONTEXT() REPRESENTATION_CONTEXT('2D SPACE',''
  ) );
#454 = PCURVE('',#455,#460);
#455 = CYLINDRICAL_SURFACE('',#456,6.845);
#456 = AXIS2_PLACEMENT_3D('',#457,#458,#459);
#457 = CARTESIAN_POINT('',(155.59868274644,-24.84722717625,
    -280.8099397318));
#458 = DIRECTION('',(-0.121558639153,0.775857409459,-0.619087051581));
#459 = DIRECTION('',(-0.67394897018,-0.522415142984,-0.522374582053));
#460 = DEFINITIONAL_REPRESENTATION('',(#461),#464);
#461 = B_SPLINE_CURVE_WITH_KNOTS('',1,(#462,#463),.UNSPECIFIED.,.F.,.F.,
  (2,2),(0.,6.28318530718),.PIECEWISE_BEZIER_KNOTS.);
#462 = CARTESIAN_POINT('',(-6.28318530718,-1.));
#463 = CARTESIAN_POINT('',(0.,-1.));
#464 = ( GEOMETRIC_REPRESENTATION_CONTEXT(2) 
PARAMETRIC_REPRESENTATION_CONTEXT() REPRESENTATION_CONTEXT('2D SPACE',''
  ) );
#465 = ADVANCED_FACE('',(#466,#592),#72,.T.);
#466 = FACE_BOUND('',#467,.T.);
#467 = EDGE_LOOP('',(#468,#469,#470,#497,#520,#543,#566,#591));
#468 = ORIENTED_EDGE('',*,*,#56,.T.);
#469 = ORIENTED_EDGE('',*,*,#241,.T.);
#470 = ORIENTED_EDGE('',*,*,#471,.F.);
#471 = EDGE_CURVE('',#472,#242,#474,.T.);
#472 = VERTEX_POINT('',#473);
#473 = CARTESIAN_POINT('',(199.27298287228,-36.20270726602,
    -298.7706155793));
#474 = SURFACE_CURVE('',#475,(#479,#486),.PCURVE_S1.);
#475 = LINE('',#476,#477);
#476 = CARTESIAN_POINT('',(199.27298287228,-36.20270726602,
    -298.7706155793));
#477 = VECTOR('',#478,1.);
#478 = DIRECTION('',(-0.67394897018,-0.522415142984,-0.522374582053));
#479 = PCURVE('',#72,#480);
#480 = DEFINITIONAL_REPRESENTATION('',(#481),#485);
#481 = LINE('',#482,#483);
#482 = CARTESIAN_POINT('',(-25.40033670845,35.118151241518));
#483 = VECTOR('',#484,1.);
#484 = DIRECTION('',(1.,1.110223024625E-16));
#485 = ( GEOMETRIC_REPRESENTATION_CONTEXT(2) 
PARAMETRIC_REPRESENTATION_CONTEXT() REPRESENTATION_CONTEXT('2D SPACE',''
  ) );
#486 = PCURVE('',#487,#492);
#487 = CYLINDRICAL_SURFACE('',#488,2.);
#488 = AXIS2_PLACEMENT_3D('',#489,#490,#491);
#489 = CARTESIAN_POINT('',(199.51610015058,-37.75442208494,
    -297.5324414761));
#490 = DIRECTION('',(0.67394897018,0.522415142984,0.522374582053));
#491 = DIRECTION('',(0.72870864057,-0.353733937542,-0.586392375965));
#492 = DEFINITIONAL_REPRESENTATION('',(#493),#496);
#493 = B_SPLINE_CURVE_WITH_KNOTS('',1,(#494,#495),.UNSPECIFIED.,.F.,.F.,
  (2,2),(0.,50.800673416912),.PIECEWISE_BEZIER_KNOTS.);
#494 = CARTESIAN_POINT('',(1.570796326795,0.));
#495 = CARTESIAN_POINT('',(1.570796326795,-50.80067341691));
#496 = ( GEOMETRIC_REPRESENTATION_CONTEXT(2) 
PARAMETRIC_REPRESENTATION_CONTEXT() REPRESENTATION_CONTEXT('2D SPACE',''
  ) );
#497 = ORIENTED_EDGE('',*,*,#498,.T.);
#498 = EDGE_CURVE('',#472,#499,#501,.T.);
#499 = VERTEX_POINT('',#500);
#500 = CARTESIAN_POINT('',(202.64272772318,-33.5906315511,-296.158742669
    ));
#501 = SURFACE_CURVE('',#502,(#506,#513),.PCURVE_S1.);
#502 = LINE('',#503,#504);
#503 = CARTESIAN_POINT('',(161.66617648762,-65.3538240477,
    -327.9194690337));
#504 = VECTOR('',#505,1.);
#505 = DIRECTION('',(0.67394897018,0.522415142984,0.522374582053));
#506 = PCURVE('',#72,#507);
#507 = DEFINITIONAL_REPRESENTATION('',(#508),#512);
#508 = LINE('',#509,#510);
#509 = CARTESIAN_POINT('',(30.400336708456,35.118151241518));
#510 = VECTOR('',#511,1.);
#511 = DIRECTION('',(-1.,-1.110223024625E-16));
#512 = ( GEOMETRIC_REPRESENTATION_CONTEXT(2) 
PARAMETRIC_REPRESENTATION_CONTEXT() REPRESENTATION_CONTEXT('2D SPACE',''
  ) );
#513 = PCURVE('',#338,#514);
#514 = DEFINITIONAL_REPRESENTATION('',(#515),#519);
#515 = LINE('',#516,#517);
#516 = CARTESIAN_POINT('',(-4.107825191113E-15,-2.));
#517 = VECTOR('',#518,1.);
#518 = DIRECTION('',(1.,-5.551115123126E-17));
#519 = ( GEOMETRIC_REPRESENTATION_CONTEXT(2) 
PARAMETRIC_REPRESENTATION_CONTEXT() REPRESENTATION_CONTEXT('2D SPACE',''
  ) );
#520 = ORIENTED_EDGE('',*,*,#521,.T.);
#521 = EDGE_CURVE('',#499,#522,#524,.T.);
#522 = VERTEX_POINT('',#523);
#523 = CARTESIAN_POINT('',(151.46092722211,-8.74566771539,-254.972710377
    ));
#524 = SURFACE_CURVE('',#525,(#529,#536),.PCURVE_S1.);
#525 = LINE('',#526,#527);
#526 = CARTESIAN_POINT('',(202.64272772318,-33.5906315511,-296.158742669
    ));
#527 = VECTOR('',#528,1.);
#528 = DIRECTION('',(-0.72870864057,0.353733937542,0.586392375965));
#529 = PCURVE('',#72,#530);
#530 = DEFINITIONAL_REPRESENTATION('',(#531),#535);
#531 = LINE('',#532,#533);
#532 = CARTESIAN_POINT('',(-30.40033670845,35.118151241518));
#533 = VECTOR('',#534,1.);
#534 = DIRECTION('',(-1.665334536938E-16,-1.));
#535 = ( GEOMETRIC_REPRESENTATION_CONTEXT(2) 
PARAMETRIC_REPRESENTATION_CONTEXT() REPRESENTATION_CONTEXT('2D SPACE',''
  ) );
#536 = PCURVE('',#366,#537);
#537 = DEFINITIONAL_REPRESENTATION('',(#538),#542);
#538 = LINE('',#539,#540);
#539 = CARTESIAN_POINT('',(1.443289932013E-15,-2.));
#540 = VECTOR('',#541,1.);
#541 = DIRECTION('',(1.,-5.551115123126E-17));
#542 = ( GEOMETRIC_REPRESENTATION_CONTEXT(2) 
PARAMETRIC_REPRESENTATION_CONTEXT() REPRESENTATION_CONTEXT('2D SPACE',''
  ) );
#543 = ORIENTED_EDGE('',*,*,#544,.T.);
#544 = EDGE_CURVE('',#522,#545,#547,.T.);
#545 = VERTEX_POINT('',#546);
#546 = CARTESIAN_POINT('',(148.09118237121,-11.3577434303,
    -257.5845832873));
#547 = SURFACE_CURVE('',#548,(#552,#559),.PCURVE_S1.);
#548 = LINE('',#549,#550);
#549 = CARTESIAN_POINT('',(151.46092722211,-8.74566771539,-254.972710377
    ));
#550 = VECTOR('',#551,1.);
#551 = DIRECTION('',(-0.67394897018,-0.522415142984,-0.522374582053));
#552 = PCURVE('',#72,#553);
#553 = DEFINITIONAL_REPRESENTATION('',(#554),#558);
#554 = LINE('',#555,#556);
#555 = CARTESIAN_POINT('',(-30.40033670845,-35.11815124151));
#556 = VECTOR('',#557,1.);
#557 = DIRECTION('',(1.,1.110223024625E-16));
#558 = ( GEOMETRIC_REPRESENTATION_CONTEXT(2) 
PARAMETRIC_REPRESENTATION_CONTEXT() REPRESENTATION_CONTEXT('2D SPACE',''
  ) );
#559 = PCURVE('',#394,#560);
#560 = DEFINITIONAL_REPRESENTATION('',(#561),#565);
#561 = LINE('',#562,#563);
#562 = CARTESIAN_POINT('',(-4.329869796038E-15,-2.));
#563 = VECTOR('',#564,1.);
#564 = DIRECTION('',(1.,5.551115123126E-17));
#565 = ( GEOMETRIC_REPRESENTATION_CONTEXT(2) 
PARAMETRIC_REPRESENTATION_CONTEXT() REPRESENTATION_CONTEXT('2D SPACE',''
  ) );
#566 = ORIENTED_EDGE('',*,*,#567,.F.);
#567 = EDGE_CURVE('',#165,#545,#568,.T.);
#568 = SURFACE_CURVE('',#569,(#573,#580),.PCURVE_S1.);
#569 = LINE('',#570,#571);
#570 = CARTESIAN_POINT('',(113.85412083745,-37.89678449707,
    -284.1215638315));
#571 = VECTOR('',#572,1.);
#572 = DIRECTION('',(0.67394897018,0.522415142984,0.522374582053));
#573 = PCURVE('',#72,#574);
#574 = DEFINITIONAL_REPRESENTATION('',(#575),#579);
#575 = LINE('',#576,#577);
#576 = CARTESIAN_POINT('',(25.400336708456,-35.11815124151));
#577 = VECTOR('',#578,1.);
#578 = DIRECTION('',(-1.,-1.110223024625E-16));
#579 = ( GEOMETRIC_REPRESENTATION_CONTEXT(2) 
PARAMETRIC_REPRESENTATION_CONTEXT() REPRESENTATION_CONTEXT('2D SPACE',''
  ) );
#580 = PCURVE('',#581,#586);
#581 = CYLINDRICAL_SURFACE('',#582,2.);
#582 = AXIS2_PLACEMENT_3D('',#583,#584,#585);
#583 = CARTESIAN_POINT('',(114.09723811576,-39.44849931598,
    -282.8833897283));
#584 = DIRECTION('',(-0.67394897018,-0.522415142984,-0.522374582053));
#585 = DIRECTION('',(-0.72870864057,0.353733937542,0.586392375965));
#586 = DEFINITIONAL_REPRESENTATION('',(#587),#590);
#587 = B_SPLINE_CURVE_WITH_KNOTS('',1,(#588,#589),.UNSPECIFIED.,.F.,.F.,
  (2,2),(0.,50.800673416912),.PIECEWISE_BEZIER_KNOTS.);
#588 = CARTESIAN_POINT('',(1.570796326795,0.));
#589 = CARTESIAN_POINT('',(1.570796326795,-50.80067341691));
#590 = ( GEOMETRIC_REPRESENTATION_CONTEXT(2) 
PARAMETRIC_REPRESENTATION_CONTEXT() REPRESENTATION_CONTEXT('2D SPACE',''
  ) );
#591 = ORIENTED_EDGE('',*,*,#192,.T.);
#592 = FACE_BOUND('',#593,.T.);
#593 = EDGE_LOOP('',(#594));
#594 = ORIENTED_EDGE('',*,*,#595,.T.);
#595 = EDGE_CURVE('',#596,#596,#598,.T.);
#596 = VERTEX_POINT('',#597);
#597 = CARTESIAN_POINT('',(151.35017796302,-30.75073105835,
    -282.5283325912));
#598 = SURFACE_CURVE('',#599,(#604,#615),.PCURVE_S1.);
#599 = CIRCLE('',#600,6.845);
#600 = AXIS2_PLACEMENT_3D('',#601,#602,#603);
#601 = CARTESIAN_POINT('',(155.9633586639,-27.17479940463,-278.952678577
    ));
#602 = DIRECTION('',(-0.121558639153,0.775857409459,-0.619087051581));
#603 = DIRECTION('',(-0.67394897018,-0.522415142984,-0.522374582053));
#604 = PCURVE('',#72,#605);
#605 = DEFINITIONAL_REPRESENTATION('',(#606),#614);
#606 = ( BOUNDED_CURVE() B_SPLINE_CURVE(2,(#607,#608,#609,#610,#611,#612
,#613),.UNSPECIFIED.,.T.,.F.) B_SPLINE_CURVE_WITH_KNOTS((1,2,2,2,2,1),(
    -2.094395102393,0.,2.094395102393,4.188790204786,6.28318530718,
8.377580409573),.UNSPECIFIED.) CURVE() GEOMETRIC_REPRESENTATION_ITEM() 
RATIONAL_B_SPLINE_CURVE((1.,0.5,1.,0.5,1.,0.5,1.)) REPRESENTATION_ITEM(
  '') );
#607 = CARTESIAN_POINT('',(-4.435562409333,-11.25651070003));
#608 = CARTESIAN_POINT('',(-4.435562409333,-23.11239847784));
#609 = CARTESIAN_POINT('',(-14.70306240933,-17.18445458894));
#610 = CARTESIAN_POINT('',(-24.97056240933,-11.25651070003));
#611 = CARTESIAN_POINT('',(-14.70306240933,-5.328566811131));
#612 = CARTESIAN_POINT('',(-4.435562409333,0.599377077773));
#613 = CARTESIAN_POINT('',(-4.435562409333,-11.25651070003));
#614 = ( GEOMETRIC_REPRESENTATION_CONTEXT(2) 
PARAMETRIC_REPRESENTATION_CONTEXT() REPRESENTATION_CONTEXT('2D SPACE',''
  ) );
#615 = PCURVE('',#455,#616);
#616 = DEFINITIONAL_REPRESENTATION('',(#617),#620);
#617 = B_SPLINE_CURVE_WITH_KNOTS('',1,(#618,#619),.UNSPECIFIED.,.F.,.F.,
  (2,2),(0.,6.28318530718),.PIECEWISE_BEZIER_KNOTS.);
#618 = CARTESIAN_POINT('',(-6.28318530718,-3.));
#619 = CARTESIAN_POINT('',(0.,-3.));
#620 = ( GEOMETRIC_REPRESENTATION_CONTEXT(2) 
PARAMETRIC_REPRESENTATION_CONTEXT() REPRESENTATION_CONTEXT('2D SPACE',''
  ) );
#621 = ADVANCED_FACE('',(#622),#180,.F.);
#622 = FACE_BOUND('',#623,.F.);
#623 = EDGE_LOOP('',(#624,#647,#675,#703,#731,#759,#787,#819,#847,#872)
  );
#624 = ORIENTED_EDGE('',*,*,#625,.T.);
#625 = EDGE_CURVE('',#142,#626,#628,.T.);
#626 = VERTEX_POINT('',#627);
#627 = CARTESIAN_POINT('',(111.18240355348,-38.03356356581,
    -280.5378202244));
#628 = SURFACE_CURVE('',#629,(#634,#641),.PCURVE_S1.);
#629 = CIRCLE('',#630,4.);
#630 = AXIS2_PLACEMENT_3D('',#631,#632,#633);
#631 = CARTESIAN_POINT('',(114.09723811576,-39.44849931598,
    -282.8833897283));
#632 = DIRECTION('',(0.67394897018,0.522415142984,0.522374582053));
#633 = DIRECTION('',(-0.121558639153,0.775857409459,-0.619087051581));
#634 = PCURVE('',#180,#635);
#635 = DEFINITIONAL_REPRESENTATION('',(#636),#640);
#636 = CIRCLE('',#637,4.);
#637 = AXIS2_PLACEMENT_2D('',#638,#639);
#638 = CARTESIAN_POINT('',(1.901148403025,1.901148403025));
#639 = DIRECTION('',(-1.,-2.22044604925E-16));
#640 = ( GEOMETRIC_REPRESENTATION_CONTEXT(2) 
PARAMETRIC_REPRESENTATION_CONTEXT() REPRESENTATION_CONTEXT('2D SPACE',''
  ) );
#641 = PCURVE('',#420,#642);
#642 = DEFINITIONAL_REPRESENTATION('',(#643),#646);
#643 = B_SPLINE_CURVE_WITH_KNOTS('',1,(#644,#645),.UNSPECIFIED.,.F.,.F.,
  (2,2),(0.,1.570796326795),.PIECEWISE_BEZIER_KNOTS.);
#644 = CARTESIAN_POINT('',(0.,0.));
#645 = CARTESIAN_POINT('',(-1.570796326795,0.));
#646 = ( GEOMETRIC_REPRESENTATION_CONTEXT(2) 
PARAMETRIC_REPRESENTATION_CONTEXT() REPRESENTATION_CONTEXT('2D SPACE',''
  ) );
#647 = ORIENTED_EDGE('',*,*,#648,.F.);
#648 = EDGE_CURVE('',#649,#626,#651,.T.);
#649 = VERTEX_POINT('',#650);
#650 = CARTESIAN_POINT('',(114.25397013066,-57.63807464098,
    -264.8946120637));
#651 = SURFACE_CURVE('',#652,(#656,#663),.PCURVE_S1.);
#652 = LINE('',#653,#654);
#653 = CARTESIAN_POINT('',(114.25397013066,-57.63807464098,
    -264.8946120637));
#654 = VECTOR('',#655,1.);
#655 = DIRECTION('',(-0.121558639153,0.775857409459,-0.619087051581));
#656 = PCURVE('',#180,#657);
#657 = DEFINITIONAL_REPRESENTATION('',(#658),#662);
#658 = LINE('',#659,#660);
#659 = CARTESIAN_POINT('',(27.169336650194,-2.098851596975));
#660 = VECTOR('',#661,1.);
#661 = DIRECTION('',(-1.,1.665334536938E-16));
#662 = ( GEOMETRIC_REPRESENTATION_CONTEXT(2) 
PARAMETRIC_REPRESENTATION_CONTEXT() REPRESENTATION_CONTEXT('2D SPACE',''
  ) );
#663 = PCURVE('',#664,#669);
#664 = PLANE('',#665);
#665 = AXIS2_PLACEMENT_3D('',#666,#667,#668);
#666 = CARTESIAN_POINT('',(129.83671760895,-34.56629857002,
    -259.447725872));
#667 = DIRECTION('',(0.72870864057,-0.353733937542,-0.586392375965));
#668 = DIRECTION('',(0.67394897018,0.522415142984,0.522374582053));
#669 = DEFINITIONAL_REPRESENTATION('',(#670),#674);
#670 = LINE('',#671,#672);
#671 = CARTESIAN_POINT('',(-25.40033670845,12.634094123585));
#672 = VECTOR('',#673,1.);
#673 = DIRECTION('',(-5.551115123126E-17,-1.));
#674 = ( GEOMETRIC_REPRESENTATION_CONTEXT(2) 
PARAMETRIC_REPRESENTATION_CONTEXT() REPRESENTATION_CONTEXT('2D SPACE',''
  ) );
#675 = ORIENTED_EDGE('',*,*,#676,.T.);
#676 = EDGE_CURVE('',#649,#677,#679,.T.);
#677 = VERTEX_POINT('',#678);
#678 = CARTESIAN_POINT('',(118.50530652927,-63.28603137599,
    -264.7311386856));
#679 = SURFACE_CURVE('',#680,(#685,#692),.PCURVE_S1.);
#680 = CIRCLE('',#681,5.);
#681 = AXIS2_PLACEMENT_3D('',#682,#683,#684);
#682 = CARTESIAN_POINT('',(117.89751333351,-59.4067443287,
    -267.8265739435));
#683 = DIRECTION('',(0.67394897018,0.522415142984,0.522374582053));
#684 = DIRECTION('',(-0.72870864057,0.353733937542,0.586392375965));
#685 = PCURVE('',#180,#686);
#686 = DEFINITIONAL_REPRESENTATION('',(#687),#691);
#687 = CIRCLE('',#688,5.);
#688 = AXIS2_PLACEMENT_2D('',#689,#690);
#689 = CARTESIAN_POINT('',(27.169336650194,2.901148403025));
#690 = DIRECTION('',(3.330669073875E-16,-1.));
#691 = ( GEOMETRIC_REPRESENTATION_CONTEXT(2) 
PARAMETRIC_REPRESENTATION_CONTEXT() REPRESENTATION_CONTEXT('2D SPACE',''
  ) );
#692 = PCURVE('',#693,#698);
#693 = CYLINDRICAL_SURFACE('',#694,5.);
#694 = AXIS2_PLACEMENT_3D('',#695,#696,#697);
#695 = CARTESIAN_POINT('',(117.89751333351,-59.4067443287,
    -267.8265739435));
#696 = DIRECTION('',(-0.67394897018,-0.522415142984,-0.522374582053));
#697 = DIRECTION('',(-0.72870864057,0.353733937542,0.586392375965));
#698 = DEFINITIONAL_REPRESENTATION('',(#699),#702);
#699 = B_SPLINE_CURVE_WITH_KNOTS('',1,(#700,#701),.UNSPECIFIED.,.F.,.F.,
  (2,2),(0.,1.570796326795),.PIECEWISE_BEZIER_KNOTS.);
#700 = CARTESIAN_POINT('',(0.,0.));
#701 = CARTESIAN_POINT('',(-1.570796326795,0.));
#702 = ( GEOMETRIC_REPRESENTATION_CONTEXT(2) 
PARAMETRIC_REPRESENTATION_CONTEXT() REPRESENTATION_CONTEXT('2D SPACE',''
  ) );
#703 = ORIENTED_EDGE('',*,*,#704,.F.);
#704 = EDGE_CURVE('',#705,#677,#707,.T.);
#705 = VERTEX_POINT('',#706);
#706 = CARTESIAN_POINT('',(140.53975372955,-73.98211940868,
    -282.4622744613));
#707 = SURFACE_CURVE('',#708,(#712,#719),.PCURVE_S1.);
#708 = LINE('',#709,#710);
#709 = CARTESIAN_POINT('',(140.53975372955,-73.98211940868,
    -282.4622744613));
#710 = VECTOR('',#711,1.);
#711 = DIRECTION('',(-0.72870864057,0.353733937542,0.586392375965));
#712 = PCURVE('',#180,#713);
#713 = DEFINITIONAL_REPRESENTATION('',(#714),#718);
#714 = LINE('',#715,#716);
#715 = CARTESIAN_POINT('',(32.169336650194,33.138812640197));
#716 = VECTOR('',#717,1.);
#717 = DIRECTION('',(-5.551115123126E-17,-1.));
#718 = ( GEOMETRIC_REPRESENTATION_CONTEXT(2) 
PARAMETRIC_REPRESENTATION_CONTEXT() REPRESENTATION_CONTEXT('2D SPACE',''
  ) );
#719 = PCURVE('',#720,#725);
#720 = PLANE('',#721);
#721 = AXIS2_PLACEMENT_3D('',#722,#723,#724);
#722 = CARTESIAN_POINT('',(146.64106089629,-55.36455485895,
    -260.3282163014));
#723 = DIRECTION('',(-0.121558639153,0.775857409459,-0.619087051581));
#724 = DIRECTION('',(0.67394897018,0.522415142984,0.522374582053));
#725 = DEFINITIONAL_REPRESENTATION('',(#726),#730);
#726 = LINE('',#727,#728);
#727 = CARTESIAN_POINT('',(-25.40033670845,15.118832118586));
#728 = VECTOR('',#729,1.);
#729 = DIRECTION('',(1.665334536938E-16,-1.));
#730 = ( GEOMETRIC_REPRESENTATION_CONTEXT(2) 
PARAMETRIC_REPRESENTATION_CONTEXT() REPRESENTATION_CONTEXT('2D SPACE',''
  ) );
#731 = ORIENTED_EDGE('',*,*,#732,.T.);
#732 = EDGE_CURVE('',#705,#733,#735,.T.);
#733 = VERTEX_POINT('',#734);
#734 = CARTESIAN_POINT('',(140.29663645124,-72.43040458976,
    -283.7004485645));
#735 = SURFACE_CURVE('',#736,(#740,#747),.PCURVE_S1.);
#736 = LINE('',#737,#738);
#737 = CARTESIAN_POINT('',(140.53975372955,-73.98211940868,
    -282.4622744613));
#738 = VECTOR('',#739,1.);
#739 = DIRECTION('',(-0.121558639153,0.775857409459,-0.619087051581));
#740 = PCURVE('',#180,#741);
#741 = DEFINITIONAL_REPRESENTATION('',(#742),#746);
#742 = LINE('',#743,#744);
#743 = CARTESIAN_POINT('',(32.169336650194,33.138812640197));
#744 = VECTOR('',#745,1.);
#745 = DIRECTION('',(-1.,2.775557561563E-16));
#746 = ( GEOMETRIC_REPRESENTATION_CONTEXT(2) 
PARAMETRIC_REPRESENTATION_CONTEXT() REPRESENTATION_CONTEXT('2D SPACE',''
  ) );
#747 = PCURVE('',#748,#753);
#748 = PLANE('',#749);
#749 = AXIS2_PLACEMENT_3D('',#750,#751,#752);
#750 = CARTESIAN_POINT('',(174.77681526331,-47.44307834192,
    -255.9252939171));
#751 = DIRECTION('',(-0.72870864057,0.353733937542,0.586392375965));
#752 = DIRECTION('',(-0.67394897018,-0.522415142984,-0.522374582053));
#753 = DEFINITIONAL_REPRESENTATION('',(#754),#758);
#754 = LINE('',#755,#756);
#755 = CARTESIAN_POINT('',(50.800673416912,1.06581410364E-14));
#756 = VECTOR('',#757,1.);
#757 = DIRECTION('',(1.110223024625E-16,-1.));
#758 = ( GEOMETRIC_REPRESENTATION_CONTEXT(2) 
PARAMETRIC_REPRESENTATION_CONTEXT() REPRESENTATION_CONTEXT('2D SPACE',''
  ) );
#759 = ORIENTED_EDGE('',*,*,#760,.T.);
#760 = EDGE_CURVE('',#733,#761,#763,.T.);
#761 = VERTEX_POINT('',#762);
#762 = CARTESIAN_POINT('',(118.26218925097,-61.73431655707,
    -265.9693127888));
#763 = SURFACE_CURVE('',#764,(#768,#775),.PCURVE_S1.);
#764 = LINE('',#765,#766);
#765 = CARTESIAN_POINT('',(140.29663645124,-72.43040458976,
    -283.7004485645));
#766 = VECTOR('',#767,1.);
#767 = DIRECTION('',(-0.72870864057,0.353733937542,0.586392375965));
#768 = PCURVE('',#180,#769);
#769 = DEFINITIONAL_REPRESENTATION('',(#770),#774);
#770 = LINE('',#771,#772);
#771 = CARTESIAN_POINT('',(30.169336650194,33.138812640197));
#772 = VECTOR('',#773,1.);
#773 = DIRECTION('',(-5.551115123126E-17,-1.));
#774 = ( GEOMETRIC_REPRESENTATION_CONTEXT(2) 
PARAMETRIC_REPRESENTATION_CONTEXT() REPRESENTATION_CONTEXT('2D SPACE',''
  ) );
#775 = PCURVE('',#776,#781);
#776 = PLANE('',#777);
#777 = AXIS2_PLACEMENT_3D('',#778,#779,#780);
#778 = CARTESIAN_POINT('',(146.39794361799,-53.81284004004,
    -261.5663904045));
#779 = DIRECTION('',(-0.121558639153,0.775857409459,-0.619087051581));
#780 = DIRECTION('',(0.67394897018,0.522415142984,0.522374582053));
#781 = DEFINITIONAL_REPRESENTATION('',(#782),#786);
#782 = LINE('',#783,#784);
#783 = CARTESIAN_POINT('',(-25.40033670845,15.118832118586));
#784 = VECTOR('',#785,1.);
#785 = DIRECTION('',(1.665334536938E-16,-1.));
#786 = ( GEOMETRIC_REPRESENTATION_CONTEXT(2) 
PARAMETRIC_REPRESENTATION_CONTEXT() REPRESENTATION_CONTEXT('2D SPACE',''
  ) );
#787 = ORIENTED_EDGE('',*,*,#788,.T.);
#788 = EDGE_CURVE('',#761,#789,#791,.T.);
#789 = VERTEX_POINT('',#790);
#790 = CARTESIAN_POINT('',(115.7113874118,-58.34554251607,
    -266.0673968156));
#791 = SURFACE_CURVE('',#792,(#797,#808),.PCURVE_S1.);
#792 = CIRCLE('',#793,3.);
#793 = AXIS2_PLACEMENT_3D('',#794,#795,#796);
#794 = CARTESIAN_POINT('',(117.89751333351,-59.4067443287,
    -267.8265739435));
#795 = DIRECTION('',(-0.67394897018,-0.522415142984,-0.522374582053));
#796 = DIRECTION('',(0.121558639153,-0.775857409459,0.619087051581));
#797 = PCURVE('',#180,#798);
#798 = DEFINITIONAL_REPRESENTATION('',(#799),#807);
#799 = ( BOUNDED_CURVE() B_SPLINE_CURVE(2,(#800,#801,#802,#803,#804,#805
,#806),.UNSPECIFIED.,.T.,.F.) B_SPLINE_CURVE_WITH_KNOTS((1,2,2,2,2,1),(
    -2.094395102393,0.,2.094395102393,4.188790204786,6.28318530718,
8.377580409573),.UNSPECIFIED.) CURVE() GEOMETRIC_REPRESENTATION_ITEM() 
RATIONAL_B_SPLINE_CURVE((1.,0.5,1.,0.5,1.,0.5,1.)) REPRESENTATION_ITEM(
  '') );
#800 = CARTESIAN_POINT('',(30.169336650194,2.901148403024));
#801 = CARTESIAN_POINT('',(30.169336650194,-2.295004019682));
#802 = CARTESIAN_POINT('',(25.669336650194,0.303072191671));
#803 = CARTESIAN_POINT('',(21.169336650194,2.901148403025));
#804 = CARTESIAN_POINT('',(25.669336650194,5.499224614378));
#805 = CARTESIAN_POINT('',(30.169336650194,8.097300825731));
#806 = CARTESIAN_POINT('',(30.169336650194,2.901148403024));
#807 = ( GEOMETRIC_REPRESENTATION_CONTEXT(2) 
PARAMETRIC_REPRESENTATION_CONTEXT() REPRESENTATION_CONTEXT('2D SPACE',''
  ) );
#808 = PCURVE('',#809,#814);
#809 = CYLINDRICAL_SURFACE('',#810,3.);
#810 = AXIS2_PLACEMENT_3D('',#811,#812,#813);
#811 = CARTESIAN_POINT('',(117.89751333351,-59.4067443287,
    -267.8265739435));
#812 = DIRECTION('',(-0.67394897018,-0.522415142984,-0.522374582053));
#813 = DIRECTION('',(0.121558639153,-0.775857409459,0.619087051581));
#814 = DEFINITIONAL_REPRESENTATION('',(#815),#818);
#815 = B_SPLINE_CURVE_WITH_KNOTS('',1,(#816,#817),.UNSPECIFIED.,.F.,.F.,
  (2,2),(0.,1.570796326795),.PIECEWISE_BEZIER_KNOTS.);
#816 = CARTESIAN_POINT('',(0.,0.));
#817 = CARTESIAN_POINT('',(1.570796326795,0.));
#818 = ( GEOMETRIC_REPRESENTATION_CONTEXT(2) 
PARAMETRIC_REPRESENTATION_CONTEXT() REPRESENTATION_CONTEXT('2D SPACE',''
  ) );
#819 = ORIENTED_EDGE('',*,*,#820,.T.);
#820 = EDGE_CURVE('',#789,#821,#823,.T.);
#821 = VERTEX_POINT('',#822);
#822 = CARTESIAN_POINT('',(112.63982083462,-38.7410314409,
    -281.7106049764));
#823 = SURFACE_CURVE('',#824,(#828,#835),.PCURVE_S1.);
#824 = LINE('',#825,#826);
#825 = CARTESIAN_POINT('',(115.7113874118,-58.34554251607,
    -266.0673968156));
#826 = VECTOR('',#827,1.);
#827 = DIRECTION('',(-0.121558639153,0.775857409459,-0.619087051581));
#828 = PCURVE('',#180,#829);
#829 = DEFINITIONAL_REPRESENTATION('',(#830),#834);
#830 = LINE('',#831,#832);
#831 = CARTESIAN_POINT('',(27.169336650194,-9.885159697553E-02));
#832 = VECTOR('',#833,1.);
#833 = DIRECTION('',(-1.,1.665334536938E-16));
#834 = ( GEOMETRIC_REPRESENTATION_CONTEXT(2) 
PARAMETRIC_REPRESENTATION_CONTEXT() REPRESENTATION_CONTEXT('2D SPACE',''
  ) );
#835 = PCURVE('',#836,#841);
#836 = PLANE('',#837);
#837 = AXIS2_PLACEMENT_3D('',#838,#839,#840);
#838 = CARTESIAN_POINT('',(131.29413489009,-35.2737664451,
    -260.6205106239));
#839 = DIRECTION('',(0.72870864057,-0.353733937542,-0.586392375965));
#840 = DIRECTION('',(0.67394897018,0.522415142984,0.522374582053));
#841 = DEFINITIONAL_REPRESENTATION('',(#842),#846);
#842 = LINE('',#843,#844);
#843 = CARTESIAN_POINT('',(-25.40033670845,12.634094123585));
#844 = VECTOR('',#845,1.);
#845 = DIRECTION('',(-5.551115123126E-17,-1.));
#846 = ( GEOMETRIC_REPRESENTATION_CONTEXT(2) 
PARAMETRIC_REPRESENTATION_CONTEXT() REPRESENTATION_CONTEXT('2D SPACE',''
  ) );
#847 = ORIENTED_EDGE('',*,*,#848,.T.);
#848 = EDGE_CURVE('',#821,#165,#849,.T.);
#849 = SURFACE_CURVE('',#850,(#855,#866),.PCURVE_S1.);
#850 = CIRCLE('',#851,2.);
#851 = AXIS2_PLACEMENT_3D('',#852,#853,#854);
#852 = CARTESIAN_POINT('',(114.09723811576,-39.44849931598,
    -282.8833897283));
#853 = DIRECTION('',(-0.67394897018,-0.522415142984,-0.522374582053));
#854 = DIRECTION('',(-0.72870864057,0.353733937542,0.586392375965));
#855 = PCURVE('',#180,#856);
#856 = DEFINITIONAL_REPRESENTATION('',(#857),#865);
#857 = ( BOUNDED_CURVE() B_SPLINE_CURVE(2,(#858,#859,#860,#861,#862,#863
,#864),.UNSPECIFIED.,.T.,.F.) B_SPLINE_CURVE_WITH_KNOTS((1,2,2,2,2,1),(
    -2.094395102393,0.,2.094395102393,4.188790204786,6.28318530718,
8.377580409573),.UNSPECIFIED.) CURVE() GEOMETRIC_REPRESENTATION_ITEM() 
RATIONAL_B_SPLINE_CURVE((1.,0.5,1.,0.5,1.,0.5,1.)) REPRESENTATION_ITEM(
  '') );
#858 = CARTESIAN_POINT('',(1.901148403025,-9.885159697549E-02));
#859 = CARTESIAN_POINT('',(-1.562953212113,-9.885159697549E-02));
#860 = CARTESIAN_POINT('',(0.169097595456,2.901148403024));
#861 = CARTESIAN_POINT('',(1.901148403025,5.901148403024));
#862 = CARTESIAN_POINT('',(3.633199210593,2.901148403024));
#863 = CARTESIAN_POINT('',(5.365250018162,-9.885159697549E-02));
#864 = CARTESIAN_POINT('',(1.901148403025,-9.885159697549E-02));
#865 = ( GEOMETRIC_REPRESENTATION_CONTEXT(2) 
PARAMETRIC_REPRESENTATION_CONTEXT() REPRESENTATION_CONTEXT('2D SPACE',''
  ) );
#866 = PCURVE('',#581,#867);
#867 = DEFINITIONAL_REPRESENTATION('',(#868),#871);
#868 = B_SPLINE_CURVE_WITH_KNOTS('',1,(#869,#870),.UNSPECIFIED.,.F.,.F.,
  (2,2),(0.,1.570796326795),.PIECEWISE_BEZIER_KNOTS.);
#869 = CARTESIAN_POINT('',(0.,0.));
#870 = CARTESIAN_POINT('',(1.570796326795,0.));
#871 = ( GEOMETRIC_REPRESENTATION_CONTEXT(2) 
PARAMETRIC_REPRESENTATION_CONTEXT() REPRESENTATION_CONTEXT('2D SPACE',''
  ) );
#872 = ORIENTED_EDGE('',*,*,#164,.T.);
#873 = ADVANCED_FACE('',(#874),#278,.T.);
#874 = FACE_BOUND('',#875,.T.);
#875 = EDGE_LOOP('',(#876,#899,#927,#955,#983,#1008));
#876 = ORIENTED_EDGE('',*,*,#877,.T.);
#877 = EDGE_CURVE('',#218,#878,#880,.T.);
#878 = VERTEX_POINT('',#879);
#879 = CARTESIAN_POINT('',(168.1938731791,-65.70839890187,
    -326.4149915242));
#880 = SURFACE_CURVE('',#881,(#886,#893),.PCURVE_S1.);
#881 = CIRCLE('',#882,4.);
#882 = AXIS2_PLACEMENT_3D('',#883,#884,#885);
#883 = CARTESIAN_POINT('',(165.27903861682,-64.2934631517,
    -324.0694220203));
#884 = DIRECTION('',(-0.67394897018,-0.522415142984,-0.522374582053));
#885 = DIRECTION('',(-0.121558639153,0.775857409459,-0.619087051581));
#886 = PCURVE('',#278,#887);
#887 = DEFINITIONAL_REPRESENTATION('',(#888),#892);
#888 = CIRCLE('',#889,4.);
#889 = AXIS2_PLACEMENT_2D('',#890,#891);
#890 = CARTESIAN_POINT('',(1.901148403025,1.901148403025));
#891 = DIRECTION('',(-1.,-3.885780586188E-16));
#892 = ( GEOMETRIC_REPRESENTATION_CONTEXT(2) 
PARAMETRIC_REPRESENTATION_CONTEXT() REPRESENTATION_CONTEXT('2D SPACE',''
  ) );
#893 = PCURVE('',#311,#894);
#894 = DEFINITIONAL_REPRESENTATION('',(#895),#898);
#895 = B_SPLINE_CURVE_WITH_KNOTS('',1,(#896,#897),.UNSPECIFIED.,.F.,.F.,
  (2,2),(0.,1.570796326795),.PIECEWISE_BEZIER_KNOTS.);
#896 = CARTESIAN_POINT('',(0.,-50.80067341691));
#897 = CARTESIAN_POINT('',(-1.570796326795,-50.80067341691));
#898 = ( GEOMETRIC_REPRESENTATION_CONTEXT(2) 
PARAMETRIC_REPRESENTATION_CONTEXT() REPRESENTATION_CONTEXT('2D SPACE',''
  ) );
#899 = ORIENTED_EDGE('',*,*,#900,.T.);
#900 = EDGE_CURVE('',#878,#901,#903,.T.);
#901 = VERTEX_POINT('',#902);
#902 = CARTESIAN_POINT('',(174.94189808352,-108.778189398,
    -292.0479167429));
#903 = SURFACE_CURVE('',#904,(#908,#915),.PCURVE_S1.);
#904 = LINE('',#905,#906);
#905 = CARTESIAN_POINT('',(168.1938731791,-65.70839890187,
    -326.4149915242));
#906 = VECTOR('',#907,1.);
#907 = DIRECTION('',(0.121558639153,-0.775857409459,0.619087051581));
#908 = PCURVE('',#278,#909);
#909 = DEFINITIONAL_REPRESENTATION('',(#910),#914);
#910 = LINE('',#911,#912);
#911 = CARTESIAN_POINT('',(1.901148403025,-2.098851596976));
#912 = VECTOR('',#913,1.);
#913 = DIRECTION('',(1.,1.665334536938E-16));
#914 = ( GEOMETRIC_REPRESENTATION_CONTEXT(2) 
PARAMETRIC_REPRESENTATION_CONTEXT() REPRESENTATION_CONTEXT('2D SPACE',''
  ) );
#915 = PCURVE('',#916,#921);
#916 = PLANE('',#917);
#917 = AXIS2_PLACEMENT_3D('',#918,#919,#920);
#918 = CARTESIAN_POINT('',(188.68641639819,-73.97377361657,
    -295.9629638615));
#919 = DIRECTION('',(-0.72870864057,0.353733937542,0.586392375965));
#920 = DIRECTION('',(-0.67394897018,-0.522415142984,-0.522374582053));
#921 = DEFINITIONAL_REPRESENTATION('',(#922),#926);
#922 = LINE('',#923,#924);
#923 = CARTESIAN_POINT('',(25.400336708456,-27.75625390121));
#924 = VECTOR('',#925,1.);
#925 = DIRECTION('',(-5.551115123126E-17,1.));
#926 = ( GEOMETRIC_REPRESENTATION_CONTEXT(2) 
PARAMETRIC_REPRESENTATION_CONTEXT() REPRESENTATION_CONTEXT('2D SPACE',''
  ) );
#927 = ORIENTED_EDGE('',*,*,#928,.T.);
#928 = EDGE_CURVE('',#901,#929,#931,.T.);
#929 = VERTEX_POINT('',#930);
#930 = CARTESIAN_POINT('',(173.48448080238,-108.0707215229,
    -290.875131991));
#931 = SURFACE_CURVE('',#932,(#936,#943),.PCURVE_S1.);
#932 = LINE('',#933,#934);
#933 = CARTESIAN_POINT('',(174.94189808352,-108.778189398,
    -292.0479167429));
#934 = VECTOR('',#935,1.);
#935 = DIRECTION('',(-0.72870864057,0.353733937542,0.586392375965));
#936 = PCURVE('',#278,#937);
#937 = DEFINITIONAL_REPRESENTATION('',(#938),#942);
#938 = LINE('',#939,#940);
#939 = CARTESIAN_POINT('',(57.413656205454,-2.098851596975));
#940 = VECTOR('',#941,1.);
#941 = DIRECTION('',(5.551115123126E-17,1.));
#942 = ( GEOMETRIC_REPRESENTATION_CONTEXT(2) 
PARAMETRIC_REPRESENTATION_CONTEXT() REPRESENTATION_CONTEXT('2D SPACE',''
  ) );
#943 = PCURVE('',#944,#949);
#944 = PLANE('',#945);
#945 = AXIS2_PLACEMENT_3D('',#946,#947,#948);
#946 = CARTESIAN_POINT('',(174.94189808352,-108.778189398,
    -292.0479167429));
#947 = DIRECTION('',(-0.121558639153,0.775857409459,-0.619087051581));
#948 = DIRECTION('',(0.67394897018,0.522415142984,0.522374582053));
#949 = DEFINITIONAL_REPRESENTATION('',(#950),#954);
#950 = LINE('',#951,#952);
#951 = CARTESIAN_POINT('',(0.,0.));
#952 = VECTOR('',#953,1.);
#953 = DIRECTION('',(1.665334536938E-16,-1.));
#954 = ( GEOMETRIC_REPRESENTATION_CONTEXT(2) 
PARAMETRIC_REPRESENTATION_CONTEXT() REPRESENTATION_CONTEXT('2D SPACE',''
  ) );
#955 = ORIENTED_EDGE('',*,*,#956,.F.);
#956 = EDGE_CURVE('',#957,#929,#959,.T.);
#957 = VERTEX_POINT('',#958);
#958 = CARTESIAN_POINT('',(166.73645589796,-65.00093102679,
    -325.2422067723));
#959 = SURFACE_CURVE('',#960,(#964,#971),.PCURVE_S1.);
#960 = LINE('',#961,#962);
#961 = CARTESIAN_POINT('',(166.73645589796,-65.00093102679,
    -325.2422067723));
#962 = VECTOR('',#963,1.);
#963 = DIRECTION('',(0.121558639153,-0.775857409459,0.619087051581));
#964 = PCURVE('',#278,#965);
#965 = DEFINITIONAL_REPRESENTATION('',(#966),#970);
#966 = LINE('',#967,#968);
#967 = CARTESIAN_POINT('',(1.901148403024,-9.885159697552E-02));
#968 = VECTOR('',#969,1.);
#969 = DIRECTION('',(1.,1.665334536938E-16));
#970 = ( GEOMETRIC_REPRESENTATION_CONTEXT(2) 
PARAMETRIC_REPRESENTATION_CONTEXT() REPRESENTATION_CONTEXT('2D SPACE',''
  ) );
#971 = PCURVE('',#972,#977);
#972 = PLANE('',#973);
#973 = AXIS2_PLACEMENT_3D('',#974,#975,#976);
#974 = CARTESIAN_POINT('',(187.22899911705,-73.26630574149,
    -294.7901791095));
#975 = DIRECTION('',(-0.72870864057,0.353733937542,0.586392375965));
#976 = DIRECTION('',(-0.67394897018,-0.522415142984,-0.522374582053));
#977 = DEFINITIONAL_REPRESENTATION('',(#978),#982);
#978 = LINE('',#979,#980);
#979 = CARTESIAN_POINT('',(25.400336708456,-27.75625390121));
#980 = VECTOR('',#981,1.);
#981 = DIRECTION('',(-5.551115123126E-17,1.));
#982 = ( GEOMETRIC_REPRESENTATION_CONTEXT(2) 
PARAMETRIC_REPRESENTATION_CONTEXT() REPRESENTATION_CONTEXT('2D SPACE',''
  ) );
#983 = ORIENTED_EDGE('',*,*,#984,.T.);
#984 = EDGE_CURVE('',#957,#242,#985,.T.);
#985 = SURFACE_CURVE('',#986,(#991,#1002),.PCURVE_S1.);
#986 = CIRCLE('',#987,2.);
#987 = AXIS2_PLACEMENT_3D('',#988,#989,#990);
#988 = CARTESIAN_POINT('',(165.27903861682,-64.2934631517,
    -324.0694220203));
#989 = DIRECTION('',(0.67394897018,0.522415142984,0.522374582053));
#990 = DIRECTION('',(0.72870864057,-0.353733937542,-0.586392375965));
#991 = PCURVE('',#278,#992);
#992 = DEFINITIONAL_REPRESENTATION('',(#993),#1001);
#993 = ( BOUNDED_CURVE() B_SPLINE_CURVE(2,(#994,#995,#996,#997,#998,#999
,#1000),.UNSPECIFIED.,.T.,.F.) B_SPLINE_CURVE_WITH_KNOTS((1,2,2,2,2,1),(
    -2.094395102393,0.,2.094395102393,4.188790204786,6.28318530718,
8.377580409573),.UNSPECIFIED.) CURVE() GEOMETRIC_REPRESENTATION_ITEM() 
RATIONAL_B_SPLINE_CURVE((1.,0.5,1.,0.5,1.,0.5,1.)) REPRESENTATION_ITEM(
  '') );
#994 = CARTESIAN_POINT('',(1.901148403025,-9.885159697547E-02));
#995 = CARTESIAN_POINT('',(-1.562953212113,-9.885159697547E-02));
#996 = CARTESIAN_POINT('',(0.169097595456,2.901148403025));
#997 = CARTESIAN_POINT('',(1.901148403025,5.901148403024));
#998 = CARTESIAN_POINT('',(3.633199210593,2.901148403025));
#999 = CARTESIAN_POINT('',(5.365250018162,-9.885159697547E-02));
#1000 = CARTESIAN_POINT('',(1.901148403025,-9.885159697547E-02));
#1001 = ( GEOMETRIC_REPRESENTATION_CONTEXT(2) 
PARAMETRIC_REPRESENTATION_CONTEXT() REPRESENTATION_CONTEXT('2D SPACE',''
  ) );
#1002 = PCURVE('',#487,#1003);
#1003 = DEFINITIONAL_REPRESENTATION('',(#1004),#1007);
#1004 = B_SPLINE_CURVE_WITH_KNOTS('',1,(#1005,#1006),.UNSPECIFIED.,.F.,
  .F.,(2,2),(0.,1.570796326795),.PIECEWISE_BEZIER_KNOTS.);
#1005 = CARTESIAN_POINT('',(0.,-50.80067341691));
#1006 = CARTESIAN_POINT('',(1.570796326795,-50.80067341691));
#1007 = ( GEOMETRIC_REPRESENTATION_CONTEXT(2) 
PARAMETRIC_REPRESENTATION_CONTEXT() REPRESENTATION_CONTEXT('2D SPACE',''
  ) );
#1008 = ORIENTED_EDGE('',*,*,#264,.T.);
#1009 = ADVANCED_FACE('',(#1010),#394,.F.);
#1010 = FACE_BOUND('',#1011,.F.);
#1011 = EDGE_LOOP('',(#1012,#1013,#1034,#1035));
#1012 = ORIENTED_EDGE('',*,*,#378,.F.);
#1013 = ORIENTED_EDGE('',*,*,#1014,.T.);
#1014 = EDGE_CURVE('',#351,#522,#1015,.T.);
#1015 = SURFACE_CURVE('',#1016,(#1020,#1027),.PCURVE_S1.);
#1016 = LINE('',#1017,#1018);
#1017 = CARTESIAN_POINT('',(151.21780994381,-7.193952896472,
    -256.2108844802));
#1018 = VECTOR('',#1019,1.);
#1019 = DIRECTION('',(0.121558639153,-0.775857409459,0.619087051581));
#1020 = PCURVE('',#394,#1021);
#1021 = DEFINITIONAL_REPRESENTATION('',(#1022),#1026);
#1022 = LINE('',#1023,#1024);
#1023 = CARTESIAN_POINT('',(-0.,0.));
#1024 = VECTOR('',#1025,1.);
#1025 = DIRECTION('',(-5.551115123126E-17,-1.));
#1026 = ( GEOMETRIC_REPRESENTATION_CONTEXT(2) 
PARAMETRIC_REPRESENTATION_CONTEXT() REPRESENTATION_CONTEXT('2D SPACE',''
  ) );
#1027 = PCURVE('',#366,#1028);
#1028 = DEFINITIONAL_REPRESENTATION('',(#1029),#1033);
#1029 = LINE('',#1030,#1031);
#1030 = CARTESIAN_POINT('',(70.236302483036,-1.7763568394E-14));
#1031 = VECTOR('',#1032,1.);
#1032 = DIRECTION('',(1.665334536938E-16,-1.));
#1033 = ( GEOMETRIC_REPRESENTATION_CONTEXT(2) 
PARAMETRIC_REPRESENTATION_CONTEXT() REPRESENTATION_CONTEXT('2D SPACE',''
  ) );
#1034 = ORIENTED_EDGE('',*,*,#544,.T.);
#1035 = ORIENTED_EDGE('',*,*,#1036,.T.);
#1036 = EDGE_CURVE('',#545,#379,#1037,.T.);
#1037 = SURFACE_CURVE('',#1038,(#1042,#1049),.PCURVE_S1.);
#1038 = LINE('',#1039,#1040);
#1039 = CARTESIAN_POINT('',(148.09118237121,-11.3577434303,
    -257.5845832873));
#1040 = VECTOR('',#1041,1.);
#1041 = DIRECTION('',(-0.121558639153,0.775857409459,-0.619087051581));
#1042 = PCURVE('',#394,#1043);
#1043 = DEFINITIONAL_REPRESENTATION('',(#1044),#1048);
#1044 = LINE('',#1045,#1046);
#1045 = CARTESIAN_POINT('',(5.,-2.));
#1046 = VECTOR('',#1047,1.);
#1047 = DIRECTION('',(5.551115123126E-17,1.));
#1048 = ( GEOMETRIC_REPRESENTATION_CONTEXT(2) 
PARAMETRIC_REPRESENTATION_CONTEXT() REPRESENTATION_CONTEXT('2D SPACE',''
  ) );
#1049 = PCURVE('',#1050,#1055);
#1050 = PLANE('',#1051);
#1051 = AXIS2_PLACEMENT_3D('',#1052,#1053,#1054);
#1052 = CARTESIAN_POINT('',(146.71781536853,-10.7619374638,
    -256.4085666145));
#1053 = DIRECTION('',(0.67394897018,0.522415142984,0.522374582053));
#1054 = DIRECTION('',(0.121558639153,-0.775857409459,0.619087051581));
#1055 = DEFINITIONAL_REPRESENTATION('',(#1056),#1060);
#1056 = LINE('',#1057,#1058);
#1057 = CARTESIAN_POINT('',(-9.885159697551E-02,1.901148403024));
#1058 = VECTOR('',#1059,1.);
#1059 = DIRECTION('',(-1.,0.));
#1060 = ( GEOMETRIC_REPRESENTATION_CONTEXT(2) 
PARAMETRIC_REPRESENTATION_CONTEXT() REPRESENTATION_CONTEXT('2D SPACE',''
  ) );
#1061 = ADVANCED_FACE('',(#1062),#420,.T.);
#1062 = FACE_BOUND('',#1063,.F.);
#1063 = EDGE_LOOP('',(#1064,#1065,#1088,#1108));
#1064 = ORIENTED_EDGE('',*,*,#406,.T.);
#1065 = ORIENTED_EDGE('',*,*,#1066,.T.);
#1066 = EDGE_CURVE('',#379,#1067,#1069,.T.);
#1067 = VERTEX_POINT('',#1068);
#1068 = CARTESIAN_POINT('',(145.41946508724,-11.49452249905,
    -254.0008396803));
#1069 = SURFACE_CURVE('',#1070,(#1075,#1081),.PCURVE_S1.);
#1070 = CIRCLE('',#1071,4.);
#1071 = AXIS2_PLACEMENT_3D('',#1072,#1073,#1074);
#1072 = CARTESIAN_POINT('',(148.33429964952,-12.90945824922,
    -256.3464091841));
#1073 = DIRECTION('',(0.67394897018,0.522415142984,0.522374582053));
#1074 = DIRECTION('',(-0.121558639153,0.775857409459,-0.619087051581));
#1075 = PCURVE('',#420,#1076);
#1076 = DEFINITIONAL_REPRESENTATION('',(#1077),#1080);
#1077 = B_SPLINE_CURVE_WITH_KNOTS('',1,(#1078,#1079),.UNSPECIFIED.,.F.,
  .F.,(2,2),(0.,1.570796326795),.PIECEWISE_BEZIER_KNOTS.);
#1078 = CARTESIAN_POINT('',(0.,-50.80067341691));
#1079 = CARTESIAN_POINT('',(-1.570796326795,-50.80067341691));
#1080 = ( GEOMETRIC_REPRESENTATION_CONTEXT(2) 
PARAMETRIC_REPRESENTATION_CONTEXT() REPRESENTATION_CONTEXT('2D SPACE',''
  ) );
#1081 = PCURVE('',#1050,#1082);
#1082 = DEFINITIONAL_REPRESENTATION('',(#1083),#1087);
#1083 = CIRCLE('',#1084,4.);
#1084 = AXIS2_PLACEMENT_2D('',#1085,#1086);
#1085 = CARTESIAN_POINT('',(1.901148403024,1.901148403024));
#1086 = DIRECTION('',(-1.,-2.22044604925E-16));
#1087 = ( GEOMETRIC_REPRESENTATION_CONTEXT(2) 
PARAMETRIC_REPRESENTATION_CONTEXT() REPRESENTATION_CONTEXT('2D SPACE',''
  ) );
#1088 = ORIENTED_EDGE('',*,*,#1089,.F.);
#1089 = EDGE_CURVE('',#626,#1067,#1090,.T.);
#1090 = SURFACE_CURVE('',#1091,(#1095,#1101),.PCURVE_S1.);
#1091 = LINE('',#1092,#1093);
#1092 = CARTESIAN_POINT('',(111.18240355348,-38.03356356581,
    -280.5378202244));
#1093 = VECTOR('',#1094,1.);
#1094 = DIRECTION('',(0.67394897018,0.522415142984,0.522374582053));
#1095 = PCURVE('',#420,#1096);
#1096 = DEFINITIONAL_REPRESENTATION('',(#1097),#1100);
#1097 = B_SPLINE_CURVE_WITH_KNOTS('',1,(#1098,#1099),.UNSPECIFIED.,.F.,
  .F.,(2,2),(0.,50.800673416912),.PIECEWISE_BEZIER_KNOTS.);
#1098 = CARTESIAN_POINT('',(-1.570796326795,0.));
#1099 = CARTESIAN_POINT('',(-1.570796326795,-50.80067341691));
#1100 = ( GEOMETRIC_REPRESENTATION_CONTEXT(2) 
PARAMETRIC_REPRESENTATION_CONTEXT() REPRESENTATION_CONTEXT('2D SPACE',''
  ) );
#1101 = PCURVE('',#664,#1102);
#1102 = DEFINITIONAL_REPRESENTATION('',(#1103),#1107);
#1103 = LINE('',#1104,#1105);
#1104 = CARTESIAN_POINT('',(-25.40033670845,-12.63409412358));
#1105 = VECTOR('',#1106,1.);
#1106 = DIRECTION('',(1.,5.551115123126E-17));
#1107 = ( GEOMETRIC_REPRESENTATION_CONTEXT(2) 
PARAMETRIC_REPRESENTATION_CONTEXT() REPRESENTATION_CONTEXT('2D SPACE',''
  ) );
#1108 = ORIENTED_EDGE('',*,*,#625,.F.);
#1109 = ADVANCED_FACE('',(#1110),#311,.T.);
#1110 = FACE_BOUND('',#1111,.F.);
#1111 = EDGE_LOOP('',(#1112,#1113,#1114,#1136));
#1112 = ORIENTED_EDGE('',*,*,#295,.T.);
#1113 = ORIENTED_EDGE('',*,*,#877,.T.);
#1114 = ORIENTED_EDGE('',*,*,#1115,.F.);
#1115 = EDGE_CURVE('',#1116,#878,#1118,.T.);
#1116 = VERTEX_POINT('',#1117);
#1117 = CARTESIAN_POINT('',(202.43093471286,-39.16935783511,
    -299.87801098));
#1118 = SURFACE_CURVE('',#1119,(#1123,#1129),.PCURVE_S1.);
#1119 = LINE('',#1120,#1121);
#1120 = CARTESIAN_POINT('',(202.43093471286,-39.16935783511,
    -299.87801098));
#1121 = VECTOR('',#1122,1.);
#1122 = DIRECTION('',(-0.67394897018,-0.522415142984,-0.522374582053));
#1123 = PCURVE('',#311,#1124);
#1124 = DEFINITIONAL_REPRESENTATION('',(#1125),#1128);
#1125 = B_SPLINE_CURVE_WITH_KNOTS('',1,(#1126,#1127),.UNSPECIFIED.,.F.,
  .F.,(2,2),(0.,50.800673416912),.PIECEWISE_BEZIER_KNOTS.);
#1126 = CARTESIAN_POINT('',(-1.570796326795,0.));
#1127 = CARTESIAN_POINT('',(-1.570796326795,-50.80067341691));
#1128 = ( GEOMETRIC_REPRESENTATION_CONTEXT(2) 
PARAMETRIC_REPRESENTATION_CONTEXT() REPRESENTATION_CONTEXT('2D SPACE',''
  ) );
#1129 = PCURVE('',#916,#1130);
#1130 = DEFINITIONAL_REPRESENTATION('',(#1131),#1135);
#1131 = LINE('',#1132,#1133);
#1132 = CARTESIAN_POINT('',(-25.40033670845,-27.75625390121));
#1133 = VECTOR('',#1134,1.);
#1134 = DIRECTION('',(1.,-5.551115123126E-17));
#1135 = ( GEOMETRIC_REPRESENTATION_CONTEXT(2) 
PARAMETRIC_REPRESENTATION_CONTEXT() REPRESENTATION_CONTEXT('2D SPACE',''
  ) );
#1136 = ORIENTED_EDGE('',*,*,#1137,.F.);
#1137 = EDGE_CURVE('',#296,#1116,#1138,.T.);
#1138 = SURFACE_CURVE('',#1139,(#1144,#1150),.PCURVE_S1.);
#1139 = CIRCLE('',#1140,4.);
#1140 = AXIS2_PLACEMENT_3D('',#1141,#1142,#1143);
#1141 = CARTESIAN_POINT('',(199.51610015058,-37.75442208494,
    -297.5324414761));
#1142 = DIRECTION('',(-0.67394897018,-0.522415142984,-0.522374582053));
#1143 = DIRECTION('',(-0.121558639153,0.775857409459,-0.619087051581));
#1144 = PCURVE('',#311,#1145);
#1145 = DEFINITIONAL_REPRESENTATION('',(#1146),#1149);
#1146 = B_SPLINE_CURVE_WITH_KNOTS('',1,(#1147,#1148),.UNSPECIFIED.,.F.,
  .F.,(2,2),(0.,1.570796326795),.PIECEWISE_BEZIER_KNOTS.);
#1147 = CARTESIAN_POINT('',(0.,0.));
#1148 = CARTESIAN_POINT('',(-1.570796326795,0.));
#1149 = ( GEOMETRIC_REPRESENTATION_CONTEXT(2) 
PARAMETRIC_REPRESENTATION_CONTEXT() REPRESENTATION_CONTEXT('2D SPACE',''
  ) );
#1150 = PCURVE('',#1151,#1156);
#1151 = PLANE('',#1152);
#1152 = AXIS2_PLACEMENT_3D('',#1153,#1154,#1155);
#1153 = CARTESIAN_POINT('',(200.67038240617,-36.95190272043,
    -299.8242367647));
#1154 = DIRECTION('',(-0.67394897018,-0.522415142984,-0.522374582053));
#1155 = DIRECTION('',(0.121558639153,-0.775857409459,0.619087051581));
#1156 = DEFINITIONAL_REPRESENTATION('',(#1157),#1161);
#1157 = CIRCLE('',#1158,4.);
#1158 = AXIS2_PLACEMENT_2D('',#1159,#1160);
#1159 = CARTESIAN_POINT('',(1.901148403024,1.901148403024));
#1160 = DIRECTION('',(-1.,-3.885780586188E-16));
#1161 = ( GEOMETRIC_REPRESENTATION_CONTEXT(2) 
PARAMETRIC_REPRESENTATION_CONTEXT() REPRESENTATION_CONTEXT('2D SPACE',''
  ) );
#1162 = ADVANCED_FACE('',(#1163),#338,.F.);
#1163 = FACE_BOUND('',#1164,.F.);
#1164 = EDGE_LOOP('',(#1165,#1166,#1187,#1188));
#1165 = ORIENTED_EDGE('',*,*,#322,.F.);
#1166 = ORIENTED_EDGE('',*,*,#1167,.F.);
#1167 = EDGE_CURVE('',#472,#296,#1168,.T.);
#1168 = SURFACE_CURVE('',#1169,(#1173,#1180),.PCURVE_S1.);
#1169 = LINE('',#1170,#1171);
#1170 = CARTESIAN_POINT('',(199.27298287228,-36.20270726602,
    -298.7706155793));
#1171 = VECTOR('',#1172,1.);
#1172 = DIRECTION('',(-0.121558639153,0.775857409459,-0.619087051581));
#1173 = PCURVE('',#338,#1174);
#1174 = DEFINITIONAL_REPRESENTATION('',(#1175),#1179);
#1175 = LINE('',#1176,#1177);
#1176 = CARTESIAN_POINT('',(55.800673416912,-2.));
#1177 = VECTOR('',#1178,1.);
#1178 = DIRECTION('',(-1.110223024625E-16,1.));
#1179 = ( GEOMETRIC_REPRESENTATION_CONTEXT(2) 
PARAMETRIC_REPRESENTATION_CONTEXT() REPRESENTATION_CONTEXT('2D SPACE',''
  ) );
#1180 = PCURVE('',#1151,#1181);
#1181 = DEFINITIONAL_REPRESENTATION('',(#1182),#1186);
#1182 = LINE('',#1183,#1184);
#1183 = CARTESIAN_POINT('',(-9.885159697554E-02,1.901148403024));
#1184 = VECTOR('',#1185,1.);
#1185 = DIRECTION('',(-1.,-2.775557561563E-16));
#1186 = ( GEOMETRIC_REPRESENTATION_CONTEXT(2) 
PARAMETRIC_REPRESENTATION_CONTEXT() REPRESENTATION_CONTEXT('2D SPACE',''
  ) );
#1187 = ORIENTED_EDGE('',*,*,#498,.T.);
#1188 = ORIENTED_EDGE('',*,*,#1189,.F.);
#1189 = EDGE_CURVE('',#323,#499,#1190,.T.);
#1190 = SURFACE_CURVE('',#1191,(#1195,#1202),.PCURVE_S1.);
#1191 = LINE('',#1192,#1193);
#1192 = CARTESIAN_POINT('',(202.39961044487,-32.03891673219,
    -297.3969167722));
#1193 = VECTOR('',#1194,1.);
#1194 = DIRECTION('',(0.121558639153,-0.775857409459,0.619087051581));
#1195 = PCURVE('',#338,#1196);
#1196 = DEFINITIONAL_REPRESENTATION('',(#1197),#1201);
#1197 = LINE('',#1198,#1199);
#1198 = CARTESIAN_POINT('',(60.800673416912,2.48689957516E-14));
#1199 = VECTOR('',#1200,1.);
#1200 = DIRECTION('',(5.551115123126E-17,-1.));
#1201 = ( GEOMETRIC_REPRESENTATION_CONTEXT(2) 
PARAMETRIC_REPRESENTATION_CONTEXT() REPRESENTATION_CONTEXT('2D SPACE',''
  ) );
#1202 = PCURVE('',#366,#1203);
#1203 = DEFINITIONAL_REPRESENTATION('',(#1204),#1208);
#1204 = LINE('',#1205,#1206);
#1205 = CARTESIAN_POINT('',(0.,0.));
#1206 = VECTOR('',#1207,1.);
#1207 = DIRECTION('',(1.665334536938E-16,-1.));
#1208 = ( GEOMETRIC_REPRESENTATION_CONTEXT(2) 
PARAMETRIC_REPRESENTATION_CONTEXT() REPRESENTATION_CONTEXT('2D SPACE',''
  ) );
#1209 = ADVANCED_FACE('',(#1210),#366,.F.);
#1210 = FACE_BOUND('',#1211,.F.);
#1211 = EDGE_LOOP('',(#1212,#1213,#1214,#1215));
#1212 = ORIENTED_EDGE('',*,*,#1189,.T.);
#1213 = ORIENTED_EDGE('',*,*,#521,.T.);
#1214 = ORIENTED_EDGE('',*,*,#1014,.F.);
#1215 = ORIENTED_EDGE('',*,*,#350,.F.);
#1216 = ADVANCED_FACE('',(#1217),#455,.F.);
#1217 = FACE_BOUND('',#1218,.T.);
#1218 = EDGE_LOOP('',(#1219,#1220,#1239,#1240));
#1219 = ORIENTED_EDGE('',*,*,#434,.T.);
#1220 = ORIENTED_EDGE('',*,*,#1221,.T.);
#1221 = EDGE_CURVE('',#435,#596,#1222,.T.);
#1222 = SEAM_CURVE('',#1223,(#1227,#1233),.PCURVE_S1.);
#1223 = LINE('',#1224,#1225);
#1224 = CARTESIAN_POINT('',(150.98550204556,-28.42315882997,
    -284.3855937459));
#1225 = VECTOR('',#1226,1.);
#1226 = DIRECTION('',(0.121558639153,-0.775857409459,0.619087051581));
#1227 = PCURVE('',#455,#1228);
#1228 = DEFINITIONAL_REPRESENTATION('',(#1229),#1232);
#1229 = B_SPLINE_CURVE_WITH_KNOTS('',1,(#1230,#1231),.UNSPECIFIED.,.F.,
  .F.,(2,2),(1.,3.),.PIECEWISE_BEZIER_KNOTS.);
#1230 = CARTESIAN_POINT('',(-6.28318530718,-1.));
#1231 = CARTESIAN_POINT('',(-6.28318530718,-3.));
#1232 = ( GEOMETRIC_REPRESENTATION_CONTEXT(2) 
PARAMETRIC_REPRESENTATION_CONTEXT() REPRESENTATION_CONTEXT('2D SPACE',''
  ) );
#1233 = PCURVE('',#455,#1234);
#1234 = DEFINITIONAL_REPRESENTATION('',(#1235),#1238);
#1235 = B_SPLINE_CURVE_WITH_KNOTS('',1,(#1236,#1237),.UNSPECIFIED.,.F.,
  .F.,(2,2),(1.,3.),.PIECEWISE_BEZIER_KNOTS.);
#1236 = CARTESIAN_POINT('',(0.,-1.));
#1237 = CARTESIAN_POINT('',(0.,-3.));
#1238 = ( GEOMETRIC_REPRESENTATION_CONTEXT(2) 
PARAMETRIC_REPRESENTATION_CONTEXT() REPRESENTATION_CONTEXT('2D SPACE',''
  ) );
#1239 = ORIENTED_EDGE('',*,*,#595,.F.);
#1240 = ORIENTED_EDGE('',*,*,#1221,.F.);
#1241 = ADVANCED_FACE('',(#1242),#581,.F.);
#1242 = FACE_BOUND('',#1243,.F.);
#1243 = EDGE_LOOP('',(#1244,#1266,#1291,#1292));
#1244 = ORIENTED_EDGE('',*,*,#1245,.T.);
#1245 = EDGE_CURVE('',#821,#1246,#1248,.T.);
#1246 = VERTEX_POINT('',#1247);
#1247 = CARTESIAN_POINT('',(146.87688236838,-12.20199037414,
    -255.1736244322));
#1248 = SURFACE_CURVE('',#1249,(#1253,#1259),.PCURVE_S1.);
#1249 = LINE('',#1250,#1251);
#1250 = CARTESIAN_POINT('',(112.63982083462,-38.7410314409,
    -281.7106049764));
#1251 = VECTOR('',#1252,1.);
#1252 = DIRECTION('',(0.67394897018,0.522415142984,0.522374582053));
#1253 = PCURVE('',#581,#1254);
#1254 = DEFINITIONAL_REPRESENTATION('',(#1255),#1258);
#1255 = B_SPLINE_CURVE_WITH_KNOTS('',1,(#1256,#1257),.UNSPECIFIED.,.F.,
  .F.,(2,2),(0.,50.800673416912),.PIECEWISE_BEZIER_KNOTS.);
#1256 = CARTESIAN_POINT('',(0.,0.));
#1257 = CARTESIAN_POINT('',(0.,-50.80067341691));
#1258 = ( GEOMETRIC_REPRESENTATION_CONTEXT(2) 
PARAMETRIC_REPRESENTATION_CONTEXT() REPRESENTATION_CONTEXT('2D SPACE',''
  ) );
#1259 = PCURVE('',#836,#1260);
#1260 = DEFINITIONAL_REPRESENTATION('',(#1261),#1265);
#1261 = LINE('',#1262,#1263);
#1262 = CARTESIAN_POINT('',(-25.40033670845,-12.63409412358));
#1263 = VECTOR('',#1264,1.);
#1264 = DIRECTION('',(1.,5.551115123126E-17));
#1265 = ( GEOMETRIC_REPRESENTATION_CONTEXT(2) 
PARAMETRIC_REPRESENTATION_CONTEXT() REPRESENTATION_CONTEXT('2D SPACE',''
  ) );
#1266 = ORIENTED_EDGE('',*,*,#1267,.T.);
#1267 = EDGE_CURVE('',#1246,#545,#1268,.T.);
#1268 = SURFACE_CURVE('',#1269,(#1274,#1280),.PCURVE_S1.);
#1269 = CIRCLE('',#1270,2.);
#1270 = AXIS2_PLACEMENT_3D('',#1271,#1272,#1273);
#1271 = CARTESIAN_POINT('',(148.33429964952,-12.90945824922,
    -256.3464091841));
#1272 = DIRECTION('',(-0.67394897018,-0.522415142984,-0.522374582053));
#1273 = DIRECTION('',(-0.72870864057,0.353733937542,0.586392375965));
#1274 = PCURVE('',#581,#1275);
#1275 = DEFINITIONAL_REPRESENTATION('',(#1276),#1279);
#1276 = B_SPLINE_CURVE_WITH_KNOTS('',1,(#1277,#1278),.UNSPECIFIED.,.F.,
  .F.,(2,2),(0.,1.570796326795),.PIECEWISE_BEZIER_KNOTS.);
#1277 = CARTESIAN_POINT('',(0.,-50.80067341691));
#1278 = CARTESIAN_POINT('',(1.570796326795,-50.80067341691));
#1279 = ( GEOMETRIC_REPRESENTATION_CONTEXT(2) 
PARAMETRIC_REPRESENTATION_CONTEXT() REPRESENTATION_CONTEXT('2D SPACE',''
  ) );
#1280 = PCURVE('',#1050,#1281);
#1281 = DEFINITIONAL_REPRESENTATION('',(#1282),#1290);
#1282 = ( BOUNDED_CURVE() B_SPLINE_CURVE(2,(#1283,#1284,#1285,#1286,
#1287,#1288,#1289),.UNSPECIFIED.,.T.,.F.) B_SPLINE_CURVE_WITH_KNOTS((1,2
    ,2,2,2,1),(-2.094395102393,0.,2.094395102393,4.188790204786,
6.28318530718,8.377580409573),.UNSPECIFIED.) CURVE() 
GEOMETRIC_REPRESENTATION_ITEM() RATIONAL_B_SPLINE_CURVE((1.,0.5,1.,0.5,
1.,0.5,1.)) REPRESENTATION_ITEM('') );
#1283 = CARTESIAN_POINT('',(1.901148403024,-9.885159697554E-02));
#1284 = CARTESIAN_POINT('',(-1.562953212113,-9.885159697554E-02));
#1285 = CARTESIAN_POINT('',(0.169097595456,2.901148403024));
#1286 = CARTESIAN_POINT('',(1.901148403024,5.901148403025));
#1287 = CARTESIAN_POINT('',(3.633199210593,2.901148403024));
#1288 = CARTESIAN_POINT('',(5.365250018162,-9.885159697554E-02));
#1289 = CARTESIAN_POINT('',(1.901148403024,-9.885159697554E-02));
#1290 = ( GEOMETRIC_REPRESENTATION_CONTEXT(2) 
PARAMETRIC_REPRESENTATION_CONTEXT() REPRESENTATION_CONTEXT('2D SPACE',''
  ) );
#1291 = ORIENTED_EDGE('',*,*,#567,.F.);
#1292 = ORIENTED_EDGE('',*,*,#848,.F.);
#1293 = ADVANCED_FACE('',(#1294),#487,.F.);
#1294 = FACE_BOUND('',#1295,.F.);
#1295 = EDGE_LOOP('',(#1296,#1318,#1319,#1320));
#1296 = ORIENTED_EDGE('',*,*,#1297,.T.);
#1297 = EDGE_CURVE('',#1298,#957,#1300,.T.);
#1298 = VERTEX_POINT('',#1299);
#1299 = CARTESIAN_POINT('',(200.97351743172,-38.46188996003,
    -298.7052262281));
#1300 = SURFACE_CURVE('',#1301,(#1305,#1311),.PCURVE_S1.);
#1301 = LINE('',#1302,#1303);
#1302 = CARTESIAN_POINT('',(200.97351743172,-38.46188996003,
    -298.7052262281));
#1303 = VECTOR('',#1304,1.);
#1304 = DIRECTION('',(-0.67394897018,-0.522415142984,-0.522374582053));
#1305 = PCURVE('',#487,#1306);
#1306 = DEFINITIONAL_REPRESENTATION('',(#1307),#1310);
#1307 = B_SPLINE_CURVE_WITH_KNOTS('',1,(#1308,#1309),.UNSPECIFIED.,.F.,
  .F.,(2,2),(0.,50.800673416912),.PIECEWISE_BEZIER_KNOTS.);
#1308 = CARTESIAN_POINT('',(0.,0.));
#1309 = CARTESIAN_POINT('',(0.,-50.80067341691));
#1310 = ( GEOMETRIC_REPRESENTATION_CONTEXT(2) 
PARAMETRIC_REPRESENTATION_CONTEXT() REPRESENTATION_CONTEXT('2D SPACE',''
  ) );
#1311 = PCURVE('',#972,#1312);
#1312 = DEFINITIONAL_REPRESENTATION('',(#1313),#1317);
#1313 = LINE('',#1314,#1315);
#1314 = CARTESIAN_POINT('',(-25.40033670845,-27.75625390121));
#1315 = VECTOR('',#1316,1.);
#1316 = DIRECTION('',(1.,-5.551115123126E-17));
#1317 = ( GEOMETRIC_REPRESENTATION_CONTEXT(2) 
PARAMETRIC_REPRESENTATION_CONTEXT() REPRESENTATION_CONTEXT('2D SPACE',''
  ) );
#1318 = ORIENTED_EDGE('',*,*,#984,.T.);
#1319 = ORIENTED_EDGE('',*,*,#471,.F.);
#1320 = ORIENTED_EDGE('',*,*,#1321,.F.);
#1321 = EDGE_CURVE('',#1298,#472,#1322,.T.);
#1322 = SURFACE_CURVE('',#1323,(#1328,#1334),.PCURVE_S1.);
#1323 = CIRCLE('',#1324,2.);
#1324 = AXIS2_PLACEMENT_3D('',#1325,#1326,#1327);
#1325 = CARTESIAN_POINT('',(199.51610015058,-37.75442208494,
    -297.5324414761));
#1326 = DIRECTION('',(0.67394897018,0.522415142984,0.522374582053));
#1327 = DIRECTION('',(0.72870864057,-0.353733937542,-0.586392375965));
#1328 = PCURVE('',#487,#1329);
#1329 = DEFINITIONAL_REPRESENTATION('',(#1330),#1333);
#1330 = B_SPLINE_CURVE_WITH_KNOTS('',1,(#1331,#1332),.UNSPECIFIED.,.F.,
  .F.,(2,2),(0.,1.570796326795),.PIECEWISE_BEZIER_KNOTS.);
#1331 = CARTESIAN_POINT('',(0.,0.));
#1332 = CARTESIAN_POINT('',(1.570796326795,0.));
#1333 = ( GEOMETRIC_REPRESENTATION_CONTEXT(2) 
PARAMETRIC_REPRESENTATION_CONTEXT() REPRESENTATION_CONTEXT('2D SPACE',''
  ) );
#1334 = PCURVE('',#1151,#1335);
#1335 = DEFINITIONAL_REPRESENTATION('',(#1336),#1344);
#1336 = ( BOUNDED_CURVE() B_SPLINE_CURVE(2,(#1337,#1338,#1339,#1340,
#1341,#1342,#1343),.UNSPECIFIED.,.T.,.F.) B_SPLINE_CURVE_WITH_KNOTS((1,2
    ,2,2,2,1),(-2.094395102393,0.,2.094395102393,4.188790204786,
6.28318530718,8.377580409573),.UNSPECIFIED.) CURVE() 
GEOMETRIC_REPRESENTATION_ITEM() RATIONAL_B_SPLINE_CURVE((1.,0.5,1.,0.5,
1.,0.5,1.)) REPRESENTATION_ITEM('') );
#1337 = CARTESIAN_POINT('',(1.901148403024,-9.885159697554E-02));
#1338 = CARTESIAN_POINT('',(-1.562953212113,-9.885159697554E-02));
#1339 = CARTESIAN_POINT('',(0.169097595456,2.901148403024));
#1340 = CARTESIAN_POINT('',(1.901148403024,5.901148403024));
#1341 = CARTESIAN_POINT('',(3.633199210593,2.901148403024));
#1342 = CARTESIAN_POINT('',(5.365250018162,-9.885159697554E-02));
#1343 = CARTESIAN_POINT('',(1.901148403024,-9.885159697554E-02));
#1344 = ( GEOMETRIC_REPRESENTATION_CONTEXT(2) 
PARAMETRIC_REPRESENTATION_CONTEXT() REPRESENTATION_CONTEXT('2D SPACE',''
  ) );
#1345 = ADVANCED_FACE('',(#1346),#1050,.T.);
#1346 = FACE_BOUND('',#1347,.T.);
#1347 = EDGE_LOOP('',(#1348,#1349,#1372,#1395,#1418,#1441,#1464,#1491,
    #1512,#1513));
#1348 = ORIENTED_EDGE('',*,*,#1066,.T.);
#1349 = ORIENTED_EDGE('',*,*,#1350,.T.);
#1350 = EDGE_CURVE('',#1067,#1351,#1353,.T.);
#1351 = VERTEX_POINT('',#1352);
#1352 = CARTESIAN_POINT('',(148.49103166442,-31.09903357422,
    -238.3576315195));
#1353 = SURFACE_CURVE('',#1354,(#1358,#1365),.PCURVE_S1.);
#1354 = LINE('',#1355,#1356);
#1355 = CARTESIAN_POINT('',(145.41946508724,-11.49452249905,
    -254.0008396803));
#1356 = VECTOR('',#1357,1.);
#1357 = DIRECTION('',(0.121558639153,-0.775857409459,0.619087051581));
#1358 = PCURVE('',#1050,#1359);
#1359 = DEFINITIONAL_REPRESENTATION('',(#1360),#1364);
#1360 = LINE('',#1361,#1362);
#1361 = CARTESIAN_POINT('',(1.901148403025,-2.098851596976));
#1362 = VECTOR('',#1363,1.);
#1363 = DIRECTION('',(1.,-1.665334536938E-16));
#1364 = ( GEOMETRIC_REPRESENTATION_CONTEXT(2) 
PARAMETRIC_REPRESENTATION_CONTEXT() REPRESENTATION_CONTEXT('2D SPACE',''
  ) );
#1365 = PCURVE('',#664,#1366);
#1366 = DEFINITIONAL_REPRESENTATION('',(#1367),#1371);
#1367 = LINE('',#1368,#1369);
#1368 = CARTESIAN_POINT('',(25.400336708456,-12.63409412358));
#1369 = VECTOR('',#1370,1.);
#1370 = DIRECTION('',(5.551115123126E-17,1.));
#1371 = ( GEOMETRIC_REPRESENTATION_CONTEXT(2) 
PARAMETRIC_REPRESENTATION_CONTEXT() REPRESENTATION_CONTEXT('2D SPACE',''
  ) );
#1372 = ORIENTED_EDGE('',*,*,#1373,.T.);
#1373 = EDGE_CURVE('',#1351,#1374,#1376,.T.);
#1374 = VERTEX_POINT('',#1375);
#1375 = CARTESIAN_POINT('',(152.74236806303,-36.74699030923,
    -238.1941581415));
#1376 = SURFACE_CURVE('',#1377,(#1382,#1389),.PCURVE_S1.);
#1377 = CIRCLE('',#1378,5.);
#1378 = AXIS2_PLACEMENT_3D('',#1379,#1380,#1381);
#1379 = CARTESIAN_POINT('',(152.13457486727,-32.86770326193,
    -241.2895933994));
#1380 = DIRECTION('',(0.67394897018,0.522415142984,0.522374582053));
#1381 = DIRECTION('',(-0.72870864057,0.353733937542,0.586392375965));
#1382 = PCURVE('',#1050,#1383);
#1383 = DEFINITIONAL_REPRESENTATION('',(#1384),#1388);
#1384 = CIRCLE('',#1385,5.);
#1385 = AXIS2_PLACEMENT_2D('',#1386,#1387);
#1386 = CARTESIAN_POINT('',(27.169336650194,2.901148403024));
#1387 = DIRECTION('',(3.330669073875E-16,-1.));
#1388 = ( GEOMETRIC_REPRESENTATION_CONTEXT(2) 
PARAMETRIC_REPRESENTATION_CONTEXT() REPRESENTATION_CONTEXT('2D SPACE',''
  ) );
#1389 = PCURVE('',#693,#1390);
#1390 = DEFINITIONAL_REPRESENTATION('',(#1391),#1394);
#1391 = B_SPLINE_CURVE_WITH_KNOTS('',1,(#1392,#1393),.UNSPECIFIED.,.F.,
  .F.,(2,2),(0.,1.570796326795),.PIECEWISE_BEZIER_KNOTS.);
#1392 = CARTESIAN_POINT('',(0.,-50.80067341691));
#1393 = CARTESIAN_POINT('',(-1.570796326795,-50.80067341691));
#1394 = ( GEOMETRIC_REPRESENTATION_CONTEXT(2) 
PARAMETRIC_REPRESENTATION_CONTEXT() REPRESENTATION_CONTEXT('2D SPACE',''
  ) );
#1395 = ORIENTED_EDGE('',*,*,#1396,.T.);
#1396 = EDGE_CURVE('',#1374,#1397,#1399,.T.);
#1397 = VERTEX_POINT('',#1398);
#1398 = CARTESIAN_POINT('',(174.77681526331,-47.44307834192,
    -255.9252939171));
#1399 = SURFACE_CURVE('',#1400,(#1404,#1411),.PCURVE_S1.);
#1400 = LINE('',#1401,#1402);
#1401 = CARTESIAN_POINT('',(152.74236806303,-36.74699030923,
    -238.1941581415));
#1402 = VECTOR('',#1403,1.);
#1403 = DIRECTION('',(0.72870864057,-0.353733937542,-0.586392375965));
#1404 = PCURVE('',#1050,#1405);
#1405 = DEFINITIONAL_REPRESENTATION('',(#1406),#1410);
#1406 = LINE('',#1407,#1408);
#1407 = CARTESIAN_POINT('',(32.169336650194,2.901148403024));
#1408 = VECTOR('',#1409,1.);
#1409 = DIRECTION('',(5.551115123126E-17,1.));
#1410 = ( GEOMETRIC_REPRESENTATION_CONTEXT(2) 
PARAMETRIC_REPRESENTATION_CONTEXT() REPRESENTATION_CONTEXT('2D SPACE',''
  ) );
#1411 = PCURVE('',#720,#1412);
#1412 = DEFINITIONAL_REPRESENTATION('',(#1413),#1417);
#1413 = LINE('',#1414,#1415);
#1414 = CARTESIAN_POINT('',(25.400336708456,-15.11883211858));
#1415 = VECTOR('',#1416,1.);
#1416 = DIRECTION('',(-1.665334536938E-16,1.));
#1417 = ( GEOMETRIC_REPRESENTATION_CONTEXT(2) 
PARAMETRIC_REPRESENTATION_CONTEXT() REPRESENTATION_CONTEXT('2D SPACE',''
  ) );
#1418 = ORIENTED_EDGE('',*,*,#1419,.T.);
#1419 = EDGE_CURVE('',#1397,#1420,#1422,.T.);
#1420 = VERTEX_POINT('',#1421);
#1421 = CARTESIAN_POINT('',(174.533697985,-45.891363523,-257.1634680203)
  );
#1422 = SURFACE_CURVE('',#1423,(#1427,#1434),.PCURVE_S1.);
#1423 = LINE('',#1424,#1425);
#1424 = CARTESIAN_POINT('',(174.77681526331,-47.44307834192,
    -255.9252939171));
#1425 = VECTOR('',#1426,1.);
#1426 = DIRECTION('',(-0.121558639153,0.775857409459,-0.619087051581));
#1427 = PCURVE('',#1050,#1428);
#1428 = DEFINITIONAL_REPRESENTATION('',(#1429),#1433);
#1429 = LINE('',#1430,#1431);
#1430 = CARTESIAN_POINT('',(32.169336650194,33.138812640197));
#1431 = VECTOR('',#1432,1.);
#1432 = DIRECTION('',(-1.,2.775557561563E-16));
#1433 = ( GEOMETRIC_REPRESENTATION_CONTEXT(2) 
PARAMETRIC_REPRESENTATION_CONTEXT() REPRESENTATION_CONTEXT('2D SPACE',''
  ) );
#1434 = PCURVE('',#748,#1435);
#1435 = DEFINITIONAL_REPRESENTATION('',(#1436),#1440);
#1436 = LINE('',#1437,#1438);
#1437 = CARTESIAN_POINT('',(-0.,0.));
#1438 = VECTOR('',#1439,1.);
#1439 = DIRECTION('',(1.110223024625E-16,-1.));
#1440 = ( GEOMETRIC_REPRESENTATION_CONTEXT(2) 
PARAMETRIC_REPRESENTATION_CONTEXT() REPRESENTATION_CONTEXT('2D SPACE',''
  ) );
#1441 = ORIENTED_EDGE('',*,*,#1442,.F.);
#1442 = EDGE_CURVE('',#1443,#1420,#1445,.T.);
#1443 = VERTEX_POINT('',#1444);
#1444 = CARTESIAN_POINT('',(152.49925078473,-35.19527549031,
    -239.4323322446));
#1445 = SURFACE_CURVE('',#1446,(#1450,#1457),.PCURVE_S1.);
#1446 = LINE('',#1447,#1448);
#1447 = CARTESIAN_POINT('',(152.49925078473,-35.19527549031,
    -239.4323322446));
#1448 = VECTOR('',#1449,1.);
#1449 = DIRECTION('',(0.72870864057,-0.353733937542,-0.586392375965));
#1450 = PCURVE('',#1050,#1451);
#1451 = DEFINITIONAL_REPRESENTATION('',(#1452),#1456);
#1452 = LINE('',#1453,#1454);
#1453 = CARTESIAN_POINT('',(30.169336650194,2.901148403024));
#1454 = VECTOR('',#1455,1.);
#1455 = DIRECTION('',(5.551115123126E-17,1.));
#1456 = ( GEOMETRIC_REPRESENTATION_CONTEXT(2) 
PARAMETRIC_REPRESENTATION_CONTEXT() REPRESENTATION_CONTEXT('2D SPACE',''
  ) );
#1457 = PCURVE('',#776,#1458);
#1458 = DEFINITIONAL_REPRESENTATION('',(#1459),#1463);
#1459 = LINE('',#1460,#1461);
#1460 = CARTESIAN_POINT('',(25.400336708456,-15.11883211858));
#1461 = VECTOR('',#1462,1.);
#1462 = DIRECTION('',(-1.665334536938E-16,1.));
#1463 = ( GEOMETRIC_REPRESENTATION_CONTEXT(2) 
PARAMETRIC_REPRESENTATION_CONTEXT() REPRESENTATION_CONTEXT('2D SPACE',''
  ) );
#1464 = ORIENTED_EDGE('',*,*,#1465,.T.);
#1465 = EDGE_CURVE('',#1443,#1466,#1468,.T.);
#1466 = VERTEX_POINT('',#1467);
#1467 = CARTESIAN_POINT('',(149.94844894556,-31.80650144931,
    -239.5304162715));
#1468 = SURFACE_CURVE('',#1469,(#1474,#1485),.PCURVE_S1.);
#1469 = CIRCLE('',#1470,3.);
#1470 = AXIS2_PLACEMENT_3D('',#1471,#1472,#1473);
#1471 = CARTESIAN_POINT('',(152.13457486727,-32.86770326193,
    -241.2895933994));
#1472 = DIRECTION('',(-0.67394897018,-0.522415142984,-0.522374582053));
#1473 = DIRECTION('',(0.121558639153,-0.775857409459,0.619087051581));
#1474 = PCURVE('',#1050,#1475);
#1475 = DEFINITIONAL_REPRESENTATION('',(#1476),#1484);
#1476 = ( BOUNDED_CURVE() B_SPLINE_CURVE(2,(#1477,#1478,#1479,#1480,
#1481,#1482,#1483),.UNSPECIFIED.,.T.,.F.) B_SPLINE_CURVE_WITH_KNOTS((1,2
    ,2,2,2,1),(-2.094395102393,0.,2.094395102393,4.188790204786,
6.28318530718,8.377580409573),.UNSPECIFIED.) CURVE() 
GEOMETRIC_REPRESENTATION_ITEM() RATIONAL_B_SPLINE_CURVE((1.,0.5,1.,0.5,
1.,0.5,1.)) REPRESENTATION_ITEM('') );
#1477 = CARTESIAN_POINT('',(30.169336650194,2.901148403024));
#1478 = CARTESIAN_POINT('',(30.169336650194,-2.295004019682));
#1479 = CARTESIAN_POINT('',(25.669336650194,0.303072191671));
#1480 = CARTESIAN_POINT('',(21.169336650194,2.901148403024));
#1481 = CARTESIAN_POINT('',(25.669336650194,5.499224614378));
#1482 = CARTESIAN_POINT('',(30.169336650194,8.097300825731));
#1483 = CARTESIAN_POINT('',(30.169336650194,2.901148403024));
#1484 = ( GEOMETRIC_REPRESENTATION_CONTEXT(2) 
PARAMETRIC_REPRESENTATION_CONTEXT() REPRESENTATION_CONTEXT('2D SPACE',''
  ) );
#1485 = PCURVE('',#809,#1486);
#1486 = DEFINITIONAL_REPRESENTATION('',(#1487),#1490);
#1487 = B_SPLINE_CURVE_WITH_KNOTS('',1,(#1488,#1489),.UNSPECIFIED.,.F.,
  .F.,(2,2),(0.,1.570796326795),.PIECEWISE_BEZIER_KNOTS.);
#1488 = CARTESIAN_POINT('',(0.,-50.80067341691));
#1489 = CARTESIAN_POINT('',(1.570796326795,-50.80067341691));
#1490 = ( GEOMETRIC_REPRESENTATION_CONTEXT(2) 
PARAMETRIC_REPRESENTATION_CONTEXT() REPRESENTATION_CONTEXT('2D SPACE',''
  ) );
#1491 = ORIENTED_EDGE('',*,*,#1492,.F.);
#1492 = EDGE_CURVE('',#1246,#1466,#1493,.T.);
#1493 = SURFACE_CURVE('',#1494,(#1498,#1505),.PCURVE_S1.);
#1494 = LINE('',#1495,#1496);
#1495 = CARTESIAN_POINT('',(146.87688236838,-12.20199037414,
    -255.1736244322));
#1496 = VECTOR('',#1497,1.);
#1497 = DIRECTION('',(0.121558639153,-0.775857409459,0.619087051581));
#1498 = PCURVE('',#1050,#1499);
#1499 = DEFINITIONAL_REPRESENTATION('',(#1500),#1504);
#1500 = LINE('',#1501,#1502);
#1501 = CARTESIAN_POINT('',(1.901148403025,-9.885159697552E-02));
#1502 = VECTOR('',#1503,1.);
#1503 = DIRECTION('',(1.,-1.665334536938E-16));
#1504 = ( GEOMETRIC_REPRESENTATION_CONTEXT(2) 
PARAMETRIC_REPRESENTATION_CONTEXT() REPRESENTATION_CONTEXT('2D SPACE',''
  ) );
#1505 = PCURVE('',#836,#1506);
#1506 = DEFINITIONAL_REPRESENTATION('',(#1507),#1511);
#1507 = LINE('',#1508,#1509);
#1508 = CARTESIAN_POINT('',(25.400336708456,-12.63409412358));
#1509 = VECTOR('',#1510,1.);
#1510 = DIRECTION('',(5.551115123126E-17,1.));
#1511 = ( GEOMETRIC_REPRESENTATION_CONTEXT(2) 
PARAMETRIC_REPRESENTATION_CONTEXT() REPRESENTATION_CONTEXT('2D SPACE',''
  ) );
#1512 = ORIENTED_EDGE('',*,*,#1267,.T.);
#1513 = ORIENTED_EDGE('',*,*,#1036,.T.);
#1514 = ADVANCED_FACE('',(#1515,#1540,#1662),#664,.F.);
#1515 = FACE_BOUND('',#1516,.F.);
#1516 = EDGE_LOOP('',(#1517,#1518,#1538,#1539));
#1517 = ORIENTED_EDGE('',*,*,#1350,.T.);
#1518 = ORIENTED_EDGE('',*,*,#1519,.T.);
#1519 = EDGE_CURVE('',#1351,#649,#1520,.T.);
#1520 = SURFACE_CURVE('',#1521,(#1525,#1532),.PCURVE_S1.);
#1521 = LINE('',#1522,#1523);
#1522 = CARTESIAN_POINT('',(148.49103166442,-31.09903357422,
    -238.3576315195));
#1523 = VECTOR('',#1524,1.);
#1524 = DIRECTION('',(-0.67394897018,-0.522415142984,-0.522374582053));
#1525 = PCURVE('',#664,#1526);
#1526 = DEFINITIONAL_REPRESENTATION('',(#1527),#1531);
#1527 = LINE('',#1528,#1529);
#1528 = CARTESIAN_POINT('',(25.400336708456,12.634094123585));
#1529 = VECTOR('',#1530,1.);
#1530 = DIRECTION('',(-1.,-5.551115123126E-17));
#1531 = ( GEOMETRIC_REPRESENTATION_CONTEXT(2) 
PARAMETRIC_REPRESENTATION_CONTEXT() REPRESENTATION_CONTEXT('2D SPACE',''
  ) );
#1532 = PCURVE('',#693,#1533);
#1533 = DEFINITIONAL_REPRESENTATION('',(#1534),#1537);
#1534 = B_SPLINE_CURVE_WITH_KNOTS('',1,(#1535,#1536),.UNSPECIFIED.,.F.,
  .F.,(2,2),(0.,50.800673416912),.PIECEWISE_BEZIER_KNOTS.);
#1535 = CARTESIAN_POINT('',(0.,-50.80067341691));
#1536 = CARTESIAN_POINT('',(0.,0.));
#1537 = ( GEOMETRIC_REPRESENTATION_CONTEXT(2) 
PARAMETRIC_REPRESENTATION_CONTEXT() REPRESENTATION_CONTEXT('2D SPACE',''
  ) );
#1538 = ORIENTED_EDGE('',*,*,#648,.T.);
#1539 = ORIENTED_EDGE('',*,*,#1089,.T.);
#1540 = FACE_BOUND('',#1541,.F.);
#1541 = EDGE_LOOP('',(#1542,#1572,#1604,#1632));
#1542 = ORIENTED_EDGE('',*,*,#1543,.F.);
#1543 = EDGE_CURVE('',#1544,#1546,#1548,.T.);
#1544 = VERTEX_POINT('',#1545);
#1545 = CARTESIAN_POINT('',(125.14560892709,-41.13927070313,
    -261.3122932865));
#1546 = VERTEX_POINT('',#1547);
#1547 = CARTESIAN_POINT('',(118.90484146323,-45.97683492716,
    -266.1494819163));
#1548 = SURFACE_CURVE('',#1549,(#1553,#1560),.PCURVE_S1.);
#1549 = LINE('',#1550,#1551);
#1550 = CARTESIAN_POINT('',(124.57591671719,-41.58087066167,
    -261.7538589587));
#1551 = VECTOR('',#1552,1.);
#1552 = DIRECTION('',(-0.67394897018,-0.522415142984,-0.522374582053));
#1553 = PCURVE('',#664,#1554);
#1554 = DEFINITIONAL_REPRESENTATION('',(#1555),#1559);
#1555 = LINE('',#1556,#1557);
#1556 = CARTESIAN_POINT('',(-8.414695332868,3.375114801053));
#1557 = VECTOR('',#1558,1.);
#1558 = DIRECTION('',(-1.,-5.551115123126E-17));
#1559 = ( GEOMETRIC_REPRESENTATION_CONTEXT(2) 
PARAMETRIC_REPRESENTATION_CONTEXT() REPRESENTATION_CONTEXT('2D SPACE',''
  ) );
#1560 = PCURVE('',#1561,#1566);
#1561 = PLANE('',#1562);
#1562 = AXIS2_PLACEMENT_3D('',#1563,#1564,#1565);
#1563 = CARTESIAN_POINT('',(118.17613282266,-45.62310098962,
    -265.5630895403));
#1564 = DIRECTION('',(0.121558639153,-0.775857409459,0.619087051581));
#1565 = DIRECTION('',(0.67394897018,0.522415142984,0.522374582053));
#1566 = DEFINITIONAL_REPRESENTATION('',(#1567),#1571);
#1567 = LINE('',#1568,#1569);
#1568 = CARTESIAN_POINT('',(8.414695332868,-1.));
#1569 = VECTOR('',#1570,1.);
#1570 = DIRECTION('',(-1.,-1.110223024625E-16));
#1571 = ( GEOMETRIC_REPRESENTATION_CONTEXT(2) 
PARAMETRIC_REPRESENTATION_CONTEXT() REPRESENTATION_CONTEXT('2D SPACE',''
  ) );
#1572 = ORIENTED_EDGE('',*,*,#1573,.T.);
#1573 = EDGE_CURVE('',#1544,#1574,#1576,.T.);
#1574 = VERTEX_POINT('',#1575);
#1575 = CARTESIAN_POINT('',(124.53660014494,-37.25222508174,
    -264.4139194149));
#1576 = SURFACE_CURVE('',#1577,(#1582,#1593),.PCURVE_S1.);
#1577 = CIRCLE('',#1578,2.505);
#1578 = AXIS2_PLACEMENT_3D('',#1579,#1580,#1581);
#1579 = CARTESIAN_POINT('',(124.84110453601,-39.19574789244,
    -262.8631063507));
#1580 = DIRECTION('',(-0.72870864057,0.353733937542,0.586392375965));
#1581 = DIRECTION('',(0.121558639153,-0.775857409459,0.619087051581));
#1582 = PCURVE('',#664,#1583);
#1583 = DEFINITIONAL_REPRESENTATION('',(#1584),#1592);
#1584 = ( BOUNDED_CURVE() B_SPLINE_CURVE(2,(#1585,#1586,#1587,#1588,
#1589,#1590,#1591),.UNSPECIFIED.,.T.,.F.) B_SPLINE_CURVE_WITH_KNOTS((1,2
    ,2,2,2,1),(-2.094395102393,0.,2.094395102393,4.188790204786,
6.28318530718,8.377580409573),.UNSPECIFIED.) CURVE() 
GEOMETRIC_REPRESENTATION_ITEM() RATIONAL_B_SPLINE_CURVE((1.,0.5,1.,0.5,
1.,0.5,1.)) REPRESENTATION_ITEM('') );
#1585 = CARTESIAN_POINT('',(-7.569390665735,3.375114801053));
#1586 = CARTESIAN_POINT('',(-3.230603392775,3.375114801053));
#1587 = CARTESIAN_POINT('',(-5.399997029255,-0.382385198947));
#1588 = CARTESIAN_POINT('',(-7.569390665735,-4.139885198947));
#1589 = CARTESIAN_POINT('',(-9.738784302215,-0.382385198947));
#1590 = CARTESIAN_POINT('',(-11.90817793869,3.375114801053));
#1591 = CARTESIAN_POINT('',(-7.569390665735,3.375114801053));
#1592 = ( GEOMETRIC_REPRESENTATION_CONTEXT(2) 
PARAMETRIC_REPRESENTATION_CONTEXT() REPRESENTATION_CONTEXT('2D SPACE',''
  ) );
#1593 = PCURVE('',#1594,#1599);
#1594 = CYLINDRICAL_SURFACE('',#1595,2.505);
#1595 = AXIS2_PLACEMENT_3D('',#1596,#1597,#1598);
#1596 = CARTESIAN_POINT('',(124.11239589544,-38.84201395489,
    -262.2767139747));
#1597 = DIRECTION('',(-0.72870864057,0.353733937542,0.586392375965));
#1598 = DIRECTION('',(0.121558639153,-0.775857409459,0.619087051581));
#1599 = DEFINITIONAL_REPRESENTATION('',(#1600),#1603);
#1600 = B_SPLINE_CURVE_WITH_KNOTS('',1,(#1601,#1602),.UNSPECIFIED.,.F.,
  .F.,(2,2),(3.545622433933E-16,3.14159265359),
  .PIECEWISE_BEZIER_KNOTS.);
#1601 = CARTESIAN_POINT('',(3.545622433933E-16,-1.));
#1602 = CARTESIAN_POINT('',(3.14159265359,-1.));
#1603 = ( GEOMETRIC_REPRESENTATION_CONTEXT(2) 
PARAMETRIC_REPRESENTATION_CONTEXT() REPRESENTATION_CONTEXT('2D SPACE',''
  ) );
#1604 = ORIENTED_EDGE('',*,*,#1605,.F.);
#1605 = EDGE_CURVE('',#1606,#1574,#1608,.T.);
#1606 = VERTEX_POINT('',#1607);
#1607 = CARTESIAN_POINT('',(118.29583268107,-42.08978930577,
    -269.2511080447));
#1608 = SURFACE_CURVE('',#1609,(#1613,#1620),.PCURVE_S1.);
#1609 = LINE('',#1610,#1611);
#1610 = CARTESIAN_POINT('',(127.08729166697,-35.27504292827,
    -262.4368907722));
#1611 = VECTOR('',#1612,1.);
#1612 = DIRECTION('',(0.67394897018,0.522415142984,0.522374582053));
#1613 = PCURVE('',#664,#1614);
#1614 = DEFINITIONAL_REPRESENTATION('',(#1615),#1619);
#1615 = LINE('',#1616,#1617);
#1616 = CARTESIAN_POINT('',(-3.784695332868,-1.634885198947));
#1617 = VECTOR('',#1618,1.);
#1618 = DIRECTION('',(1.,5.551115123126E-17));
#1619 = ( GEOMETRIC_REPRESENTATION_CONTEXT(2) 
PARAMETRIC_REPRESENTATION_CONTEXT() REPRESENTATION_CONTEXT('2D SPACE',''
  ) );
#1620 = PCURVE('',#1621,#1626);
#1621 = PLANE('',#1622);
#1622 = AXIS2_PLACEMENT_3D('',#1623,#1624,#1625);
#1623 = CARTESIAN_POINT('',(123.80789150437,-36.8984911442,
    -263.8275270389));
#1624 = DIRECTION('',(-0.121558639153,0.775857409459,-0.619087051581));
#1625 = DIRECTION('',(-0.67394897018,-0.522415142984,-0.522374582053));
#1626 = DEFINITIONAL_REPRESENTATION('',(#1627),#1631);
#1627 = LINE('',#1628,#1629);
#1628 = CARTESIAN_POINT('',(-3.784695332868,-1.));
#1629 = VECTOR('',#1630,1.);
#1630 = DIRECTION('',(-1.,1.110223024625E-16));
#1631 = ( GEOMETRIC_REPRESENTATION_CONTEXT(2) 
PARAMETRIC_REPRESENTATION_CONTEXT() REPRESENTATION_CONTEXT('2D SPACE',''
  ) );
#1632 = ORIENTED_EDGE('',*,*,#1633,.T.);
#1633 = EDGE_CURVE('',#1606,#1546,#1634,.T.);
#1634 = SURFACE_CURVE('',#1635,(#1640,#1651),.PCURVE_S1.);
#1635 = CIRCLE('',#1636,2.505);
#1636 = AXIS2_PLACEMENT_3D('',#1637,#1638,#1639);
#1637 = CARTESIAN_POINT('',(118.60033707215,-44.03331211646,
    -267.7002949805));
#1638 = DIRECTION('',(-0.72870864057,0.353733937542,0.586392375965));
#1639 = DIRECTION('',(-0.121558639153,0.775857409459,-0.619087051581));
#1640 = PCURVE('',#664,#1641);
#1641 = DEFINITIONAL_REPRESENTATION('',(#1642),#1650);
#1642 = ( BOUNDED_CURVE() B_SPLINE_CURVE(2,(#1643,#1644,#1645,#1646,
#1647,#1648,#1649),.UNSPECIFIED.,.T.,.F.) B_SPLINE_CURVE_WITH_KNOTS((1,2
    ,2,2,2,1),(-2.094395102393,0.,2.094395102393,4.188790204786,
6.28318530718,8.377580409573),.UNSPECIFIED.) CURVE() 
GEOMETRIC_REPRESENTATION_ITEM() RATIONAL_B_SPLINE_CURVE((1.,0.5,1.,0.5,
1.,0.5,1.)) REPRESENTATION_ITEM('') );
#1643 = CARTESIAN_POINT('',(-16.82939066573,-1.634885198947));
#1644 = CARTESIAN_POINT('',(-21.16817793869,-1.634885198947));
#1645 = CARTESIAN_POINT('',(-18.99878430221,2.122614801053));
#1646 = CARTESIAN_POINT('',(-16.82939066573,5.880114801053));
#1647 = CARTESIAN_POINT('',(-14.65999702925,2.122614801053));
#1648 = CARTESIAN_POINT('',(-12.49060339277,-1.634885198947));
#1649 = CARTESIAN_POINT('',(-16.82939066573,-1.634885198947));
#1650 = ( GEOMETRIC_REPRESENTATION_CONTEXT(2) 
PARAMETRIC_REPRESENTATION_CONTEXT() REPRESENTATION_CONTEXT('2D SPACE',''
  ) );
#1651 = PCURVE('',#1652,#1657);
#1652 = CYLINDRICAL_SURFACE('',#1653,2.505);
#1653 = AXIS2_PLACEMENT_3D('',#1654,#1655,#1656);
#1654 = CARTESIAN_POINT('',(117.87162843158,-43.67957817892,
    -267.1139026045));
#1655 = DIRECTION('',(-0.72870864057,0.353733937542,0.586392375965));
#1656 = DIRECTION('',(-0.121558639153,0.775857409459,-0.619087051581));
#1657 = DEFINITIONAL_REPRESENTATION('',(#1658),#1661);
#1658 = B_SPLINE_CURVE_WITH_KNOTS('',1,(#1659,#1660),.UNSPECIFIED.,.F.,
  .F.,(2,2),(3.545622433933E-16,3.14159265359),
  .PIECEWISE_BEZIER_KNOTS.);
#1659 = CARTESIAN_POINT('',(3.545622433933E-16,-1.));
#1660 = CARTESIAN_POINT('',(3.14159265359,-1.));
#1661 = ( GEOMETRIC_REPRESENTATION_CONTEXT(2) 
PARAMETRIC_REPRESENTATION_CONTEXT() REPRESENTATION_CONTEXT('2D SPACE',''
  ) );
#1662 = FACE_BOUND('',#1663,.F.);
#1663 = EDGE_LOOP('',(#1664,#1694,#1726,#1754));
#1664 = ORIENTED_EDGE('',*,*,#1665,.F.);
#1665 = EDGE_CURVE('',#1666,#1668,#1670,.T.);
#1666 = VERTEX_POINT('',#1667);
#1667 = CARTESIAN_POINT('',(138.21193966814,-32.32492064046,
    -250.3919375324));
#1668 = VERTEX_POINT('',#1669);
#1669 = CARTESIAN_POINT('',(132.8001294376,-36.51991423862,
    -254.5866054263));
#1670 = SURFACE_CURVE('',#1671,(#1675,#1682),.PCURVE_S1.);
#1671 = LINE('',#1672,#1673);
#1672 = CARTESIAN_POINT('',(131.61535555416,-37.43829804082,
    -255.5049179241));
#1673 = VECTOR('',#1674,1.);
#1674 = DIRECTION('',(-0.67394897018,-0.522415142984,-0.522374582053));
#1675 = PCURVE('',#664,#1676);
#1676 = DEFINITIONAL_REPRESENTATION('',(#1677),#1681);
#1677 = LINE('',#1678,#1679);
#1678 = CARTESIAN_POINT('',(1.757957851209,4.885412224959));
#1679 = VECTOR('',#1680,1.);
#1680 = DIRECTION('',(-1.,-5.551115123126E-17));
#1681 = ( GEOMETRIC_REPRESENTATION_CONTEXT(2) 
PARAMETRIC_REPRESENTATION_CONTEXT() REPRESENTATION_CONTEXT('2D SPACE',''
  ) );
#1682 = PCURVE('',#1683,#1688);
#1683 = PLANE('',#1684);
#1684 = AXIS2_PLACEMENT_3D('',#1685,#1686,#1687);
#1685 = CARTESIAN_POINT('',(132.07142079703,-36.16618030108,
    -254.0002130503));
#1686 = DIRECTION('',(0.121558639153,-0.775857409459,0.619087051581));
#1687 = DIRECTION('',(0.67394897018,0.522415142984,0.522374582053));
#1688 = DEFINITIONAL_REPRESENTATION('',(#1689),#1693);
#1689 = LINE('',#1690,#1691);
#1690 = CARTESIAN_POINT('',(-1.757957851209,-1.));
#1691 = VECTOR('',#1692,1.);
#1692 = DIRECTION('',(-1.,-1.110223024625E-16));
#1693 = ( GEOMETRIC_REPRESENTATION_CONTEXT(2) 
PARAMETRIC_REPRESENTATION_CONTEXT() REPRESENTATION_CONTEXT('2D SPACE',''
  ) );
#1694 = ORIENTED_EDGE('',*,*,#1695,.T.);
#1695 = EDGE_CURVE('',#1666,#1696,#1698,.T.);
#1696 = VERTEX_POINT('',#1697);
#1697 = CARTESIAN_POINT('',(137.4716475557,-27.59994901685,
    -254.1621776765));
#1698 = SURFACE_CURVE('',#1699,(#1704,#1715),.PCURVE_S1.);
#1699 = CIRCLE('',#1700,3.045);
#1700 = AXIS2_PLACEMENT_3D('',#1701,#1702,#1703);
#1701 = CARTESIAN_POINT('',(137.84179361192,-29.96243482866,
    -252.2770576045));
#1702 = DIRECTION('',(-0.72870864057,0.353733937542,0.586392375965));
#1703 = DIRECTION('',(0.121558639153,-0.775857409459,0.619087051581));
#1704 = PCURVE('',#664,#1705);
#1705 = DEFINITIONAL_REPRESENTATION('',(#1706),#1714);
#1706 = ( BOUNDED_CURVE() B_SPLINE_CURVE(2,(#1707,#1708,#1709,#1710,
#1711,#1712,#1713),.UNSPECIFIED.,.T.,.F.) B_SPLINE_CURVE_WITH_KNOTS((1,2
    ,2,2,2,1),(-2.094395102393,0.,2.094395102393,4.188790204786,
6.28318530718,8.377580409573),.UNSPECIFIED.) CURVE() 
GEOMETRIC_REPRESENTATION_ITEM() RATIONAL_B_SPLINE_CURVE((1.,0.5,1.,0.5,
1.,0.5,1.)) REPRESENTATION_ITEM('') );
#1707 = CARTESIAN_POINT('',(11.545915702418,4.885412224959));
#1708 = CARTESIAN_POINT('',(16.820010411466,4.885412224959));
#1709 = CARTESIAN_POINT('',(14.182963056942,0.317912224959));
#1710 = CARTESIAN_POINT('',(11.545915702418,-4.249587775041));
#1711 = CARTESIAN_POINT('',(8.908868347895,0.317912224959));
#1712 = CARTESIAN_POINT('',(6.271820993371,4.885412224959));
#1713 = CARTESIAN_POINT('',(11.545915702418,4.885412224959));
#1714 = ( GEOMETRIC_REPRESENTATION_CONTEXT(2) 
PARAMETRIC_REPRESENTATION_CONTEXT() REPRESENTATION_CONTEXT('2D SPACE',''
  ) );
#1715 = PCURVE('',#1716,#1721);
#1716 = CYLINDRICAL_SURFACE('',#1717,3.045);
#1717 = AXIS2_PLACEMENT_3D('',#1718,#1719,#1720);
#1718 = CARTESIAN_POINT('',(137.11308497135,-29.60870089111,
    -251.6906652285));
#1719 = DIRECTION('',(-0.72870864057,0.353733937542,0.586392375965));
#1720 = DIRECTION('',(0.121558639153,-0.775857409459,0.619087051581));
#1721 = DEFINITIONAL_REPRESENTATION('',(#1722),#1725);
#1722 = B_SPLINE_CURVE_WITH_KNOTS('',1,(#1723,#1724),.UNSPECIFIED.,.F.,
  .F.,(2,2),(0.,3.14159265359),.PIECEWISE_BEZIER_KNOTS.);
#1723 = CARTESIAN_POINT('',(0.,-1.));
#1724 = CARTESIAN_POINT('',(3.14159265359,-1.));
#1725 = ( GEOMETRIC_REPRESENTATION_CONTEXT(2) 
PARAMETRIC_REPRESENTATION_CONTEXT() REPRESENTATION_CONTEXT('2D SPACE',''
  ) );
#1726 = ORIENTED_EDGE('',*,*,#1727,.F.);
#1727 = EDGE_CURVE('',#1728,#1696,#1730,.T.);
#1728 = VERTEX_POINT('',#1729);
#1729 = CARTESIAN_POINT('',(132.05983732516,-31.79494261501,
    -258.3568455704));
#1730 = SURFACE_CURVE('',#1731,(#1735,#1742),.PCURVE_S1.);
#1731 = LINE('',#1732,#1733);
#1732 = CARTESIAN_POINT('',(133.58096855699,-30.61582961813,
    -257.1778241213));
#1733 = VECTOR('',#1734,1.);
#1734 = DIRECTION('',(0.67394897018,0.522415142984,0.522374582053));
#1735 = PCURVE('',#664,#1736);
#1736 = DEFINITIONAL_REPRESENTATION('',(#1737),#1741);
#1737 = LINE('',#1738,#1739);
#1738 = CARTESIAN_POINT('',(5.772957851209,-1.204587775041));
#1739 = VECTOR('',#1740,1.);
#1740 = DIRECTION('',(1.,5.551115123126E-17));
#1741 = ( GEOMETRIC_REPRESENTATION_CONTEXT(2) 
PARAMETRIC_REPRESENTATION_CONTEXT() REPRESENTATION_CONTEXT('2D SPACE',''
  ) );
#1742 = PCURVE('',#1743,#1748);
#1743 = PLANE('',#1744);
#1744 = AXIS2_PLACEMENT_3D('',#1745,#1746,#1747);
#1745 = CARTESIAN_POINT('',(136.74293891513,-27.24621507931,
    -253.5757853006));
#1746 = DIRECTION('',(-0.121558639153,0.775857409459,-0.619087051581));
#1747 = DIRECTION('',(-0.67394897018,-0.522415142984,-0.522374582053));
#1748 = DEFINITIONAL_REPRESENTATION('',(#1749),#1753);
#1749 = LINE('',#1750,#1751);
#1750 = CARTESIAN_POINT('',(5.772957851209,-1.));
#1751 = VECTOR('',#1752,1.);
#1752 = DIRECTION('',(-1.,1.110223024625E-16));
#1753 = ( GEOMETRIC_REPRESENTATION_CONTEXT(2) 
PARAMETRIC_REPRESENTATION_CONTEXT() REPRESENTATION_CONTEXT('2D SPACE',''
  ) );
#1754 = ORIENTED_EDGE('',*,*,#1755,.T.);
#1755 = EDGE_CURVE('',#1728,#1668,#1756,.T.);
#1756 = SURFACE_CURVE('',#1757,(#1762,#1773),.PCURVE_S1.);
#1757 = CIRCLE('',#1758,3.045);
#1758 = AXIS2_PLACEMENT_3D('',#1759,#1760,#1761);
#1759 = CARTESIAN_POINT('',(132.42998338138,-34.15742842681,
    -256.4717254984));
#1760 = DIRECTION('',(-0.72870864057,0.353733937542,0.586392375965));
#1761 = DIRECTION('',(-0.121558639153,0.775857409459,-0.619087051581));
#1762 = PCURVE('',#664,#1763);
#1763 = DEFINITIONAL_REPRESENTATION('',(#1764),#1772);
#1764 = ( BOUNDED_CURVE() B_SPLINE_CURVE(2,(#1765,#1766,#1767,#1768,
#1769,#1770,#1771),.UNSPECIFIED.,.T.,.F.) B_SPLINE_CURVE_WITH_KNOTS((1,2
    ,2,2,2,1),(-2.094395102393,0.,2.094395102393,4.188790204786,
6.28318530718,8.377580409573),.UNSPECIFIED.) CURVE() 
GEOMETRIC_REPRESENTATION_ITEM() RATIONAL_B_SPLINE_CURVE((1.,0.5,1.,0.5,
1.,0.5,1.)) REPRESENTATION_ITEM('') );
#1765 = CARTESIAN_POINT('',(3.515915702419,-1.204587775041));
#1766 = CARTESIAN_POINT('',(-1.758179006629,-1.204587775041));
#1767 = CARTESIAN_POINT('',(0.878868347895,3.362912224959));
#1768 = CARTESIAN_POINT('',(3.515915702419,7.930412224959));
#1769 = CARTESIAN_POINT('',(6.152963056942,3.362912224959));
#1770 = CARTESIAN_POINT('',(8.790010411466,-1.204587775041));
#1771 = CARTESIAN_POINT('',(3.515915702419,-1.204587775041));
#1772 = ( GEOMETRIC_REPRESENTATION_CONTEXT(2) 
PARAMETRIC_REPRESENTATION_CONTEXT() REPRESENTATION_CONTEXT('2D SPACE',''
  ) );
#1773 = PCURVE('',#1774,#1779);
#1774 = CYLINDRICAL_SURFACE('',#1775,3.045);
#1775 = AXIS2_PLACEMENT_3D('',#1776,#1777,#1778);
#1776 = CARTESIAN_POINT('',(131.70127474081,-33.80369448927,
    -255.8853331224));
#1777 = DIRECTION('',(-0.72870864057,0.353733937542,0.586392375965));
#1778 = DIRECTION('',(-0.121558639153,0.775857409459,-0.619087051581));
#1779 = DEFINITIONAL_REPRESENTATION('',(#1780),#1783);
#1780 = B_SPLINE_CURVE_WITH_KNOTS('',1,(#1781,#1782),.UNSPECIFIED.,.F.,
  .F.,(2,2),(0.,3.14159265359),.PIECEWISE_BEZIER_KNOTS.);
#1781 = CARTESIAN_POINT('',(0.,-1.));
#1782 = CARTESIAN_POINT('',(3.14159265359,-1.));
#1783 = ( GEOMETRIC_REPRESENTATION_CONTEXT(2) 
PARAMETRIC_REPRESENTATION_CONTEXT() REPRESENTATION_CONTEXT('2D SPACE',''
  ) );
#1784 = ADVANCED_FACE('',(#1785,#1833,#1947,#1981),#916,.F.);
#1785 = FACE_BOUND('',#1786,.F.);
#1786 = EDGE_LOOP('',(#1787,#1788,#1811,#1832));
#1787 = ORIENTED_EDGE('',*,*,#900,.T.);
#1788 = ORIENTED_EDGE('',*,*,#1789,.T.);
#1789 = EDGE_CURVE('',#901,#1790,#1792,.T.);
#1790 = VERTEX_POINT('',#1791);
#1791 = CARTESIAN_POINT('',(209.17895961728,-82.23914833127,
    -265.5109361987));
#1792 = SURFACE_CURVE('',#1793,(#1797,#1804),.PCURVE_S1.);
#1793 = LINE('',#1794,#1795);
#1794 = CARTESIAN_POINT('',(174.94189808352,-108.778189398,
    -292.0479167429));
#1795 = VECTOR('',#1796,1.);
#1796 = DIRECTION('',(0.67394897018,0.522415142984,0.522374582053));
#1797 = PCURVE('',#916,#1798);
#1798 = DEFINITIONAL_REPRESENTATION('',(#1799),#1803);
#1799 = LINE('',#1800,#1801);
#1800 = CARTESIAN_POINT('',(25.400336708456,27.756253901215));
#1801 = VECTOR('',#1802,1.);
#1802 = DIRECTION('',(-1.,5.551115123126E-17));
#1803 = ( GEOMETRIC_REPRESENTATION_CONTEXT(2) 
PARAMETRIC_REPRESENTATION_CONTEXT() REPRESENTATION_CONTEXT('2D SPACE',''
  ) );
#1804 = PCURVE('',#944,#1805);
#1805 = DEFINITIONAL_REPRESENTATION('',(#1806),#1810);
#1806 = LINE('',#1807,#1808);
#1807 = CARTESIAN_POINT('',(0.,0.));
#1808 = VECTOR('',#1809,1.);
#1809 = DIRECTION('',(1.,-1.110223024625E-16));
#1810 = ( GEOMETRIC_REPRESENTATION_CONTEXT(2) 
PARAMETRIC_REPRESENTATION_CONTEXT() REPRESENTATION_CONTEXT('2D SPACE',''
  ) );
#1811 = ORIENTED_EDGE('',*,*,#1812,.T.);
#1812 = EDGE_CURVE('',#1790,#1116,#1813,.T.);
#1813 = SURFACE_CURVE('',#1814,(#1818,#1825),.PCURVE_S1.);
#1814 = LINE('',#1815,#1816);
#1815 = CARTESIAN_POINT('',(209.17895961728,-82.23914833127,
    -265.5109361987));
#1816 = VECTOR('',#1817,1.);
#1817 = DIRECTION('',(-0.121558639153,0.775857409459,-0.619087051581));
#1818 = PCURVE('',#916,#1819);
#1819 = DEFINITIONAL_REPRESENTATION('',(#1820),#1824);
#1820 = LINE('',#1821,#1822);
#1821 = CARTESIAN_POINT('',(-25.40033670845,27.756253901215));
#1822 = VECTOR('',#1823,1.);
#1823 = DIRECTION('',(5.551115123126E-17,-1.));
#1824 = ( GEOMETRIC_REPRESENTATION_CONTEXT(2) 
PARAMETRIC_REPRESENTATION_CONTEXT() REPRESENTATION_CONTEXT('2D SPACE',''
  ) );
#1825 = PCURVE('',#1151,#1826);
#1826 = DEFINITIONAL_REPRESENTATION('',(#1827),#1831);
#1827 = LINE('',#1828,#1829);
#1828 = CARTESIAN_POINT('',(57.413656205453,-2.098851596976));
#1829 = VECTOR('',#1830,1.);
#1830 = DIRECTION('',(-1.,-1.665334536938E-16));
#1831 = ( GEOMETRIC_REPRESENTATION_CONTEXT(2) 
PARAMETRIC_REPRESENTATION_CONTEXT() REPRESENTATION_CONTEXT('2D SPACE',''
  ) );
#1832 = ORIENTED_EDGE('',*,*,#1115,.T.);
#1833 = FACE_BOUND('',#1834,.F.);
#1834 = EDGE_LOOP('',(#1835,#1865,#1893,#1921));
#1835 = ORIENTED_EDGE('',*,*,#1836,.T.);
#1836 = EDGE_CURVE('',#1837,#1839,#1841,.T.);
#1837 = VERTEX_POINT('',#1838);
#1838 = CARTESIAN_POINT('',(184.17424159283,-83.78291714061,
    -295.6529901959));
#1839 = VERTEX_POINT('',#1840);
#1840 = CARTESIAN_POINT('',(182.23902805752,-71.43126718202,
    -305.5088560571));
#1841 = SURFACE_CURVE('',#1842,(#1846,#1853),.PCURVE_S1.);
#1842 = LINE('',#1843,#1844);
#1843 = CARTESIAN_POINT('',(182.76574750391,-74.79309475786,
    -302.8263220031));
#1844 = VECTOR('',#1845,1.);
#1845 = DIRECTION('',(-0.121558639153,0.775857409459,-0.619087051581));
#1846 = PCURVE('',#916,#1847);
#1847 = DEFINITIONAL_REPRESENTATION('',(#1848),#1852);
#1848 = LINE('',#1849,#1850);
#1849 = CARTESIAN_POINT('',(8.003498315996,-4.333048231351));
#1850 = VECTOR('',#1851,1.);
#1851 = DIRECTION('',(5.551115123126E-17,-1.));
#1852 = ( GEOMETRIC_REPRESENTATION_CONTEXT(2) 
PARAMETRIC_REPRESENTATION_CONTEXT() REPRESENTATION_CONTEXT('2D SPACE',''
  ) );
#1853 = PCURVE('',#1854,#1859);
#1854 = PLANE('',#1855);
#1855 = AXIS2_PLACEMENT_3D('',#1856,#1857,#1858);
#1856 = CARTESIAN_POINT('',(182.96773669809,-71.78500111956,
    -306.095248433));
#1857 = DIRECTION('',(0.67394897018,0.522415142984,0.522374582053));
#1858 = DIRECTION('',(0.121558639153,-0.775857409459,0.619087051581));
#1859 = DEFINITIONAL_REPRESENTATION('',(#1860),#1864);
#1860 = LINE('',#1861,#1862);
#1861 = CARTESIAN_POINT('',(4.333048231351,-1.));
#1862 = VECTOR('',#1863,1.);
#1863 = DIRECTION('',(-1.,1.665334536938E-16));
#1864 = ( GEOMETRIC_REPRESENTATION_CONTEXT(2) 
PARAMETRIC_REPRESENTATION_CONTEXT() REPRESENTATION_CONTEXT('2D SPACE',''
  ) );
#1865 = ORIENTED_EDGE('',*,*,#1866,.T.);
#1866 = EDGE_CURVE('',#1839,#1867,#1869,.T.);
#1867 = VERTEX_POINT('',#1868);
#1868 = CARTESIAN_POINT('',(186.57925942548,-68.0669136612,
    -302.1447637486));
#1869 = SURFACE_CURVE('',#1870,(#1874,#1881),.PCURVE_S1.);
#1870 = LINE('',#1871,#1872);
#1871 = CARTESIAN_POINT('',(187.10611846545,-67.65851606305,
    -301.736397859));
#1872 = VECTOR('',#1873,1.);
#1873 = DIRECTION('',(0.67394897018,0.522415142984,0.522374582053));
#1874 = PCURVE('',#916,#1875);
#1875 = DEFINITIONAL_REPRESENTATION('',(#1876),#1880);
#1876 = LINE('',#1877,#1878);
#1877 = CARTESIAN_POINT('',(0.781749157998,-8.666096462702));
#1878 = VECTOR('',#1879,1.);
#1879 = DIRECTION('',(-1.,5.551115123126E-17));
#1880 = ( GEOMETRIC_REPRESENTATION_CONTEXT(2) 
PARAMETRIC_REPRESENTATION_CONTEXT() REPRESENTATION_CONTEXT('2D SPACE',''
  ) );
#1881 = PCURVE('',#1882,#1887);
#1882 = PLANE('',#1883);
#1883 = AXIS2_PLACEMENT_3D('',#1884,#1885,#1886);
#1884 = CARTESIAN_POINT('',(187.30796806605,-68.42064759875,
    -302.7311561246));
#1885 = DIRECTION('',(0.121558639153,-0.775857409459,0.619087051581));
#1886 = DIRECTION('',(-0.67394897018,-0.522415142984,-0.522374582053));
#1887 = DEFINITIONAL_REPRESENTATION('',(#1888),#1892);
#1888 = LINE('',#1889,#1890);
#1889 = CARTESIAN_POINT('',(-0.781749157998,-1.));
#1890 = VECTOR('',#1891,1.);
#1891 = DIRECTION('',(-1.,-1.110223024625E-16));
#1892 = ( GEOMETRIC_REPRESENTATION_CONTEXT(2) 
PARAMETRIC_REPRESENTATION_CONTEXT() REPRESENTATION_CONTEXT('2D SPACE',''
  ) );
#1893 = ORIENTED_EDGE('',*,*,#1894,.T.);
#1894 = EDGE_CURVE('',#1867,#1895,#1897,.T.);
#1895 = VERTEX_POINT('',#1896);
#1896 = CARTESIAN_POINT('',(188.51447296079,-80.41856361979,
    -292.2888978875));
#1897 = SURFACE_CURVE('',#1898,(#1902,#1909),.PCURVE_S1.);
#1898 = LINE('',#1899,#1900);
#1899 = CARTESIAN_POINT('',(188.07358563952,-77.60456621633,
    -294.5342967641));
#1900 = VECTOR('',#1901,1.);
#1901 = DIRECTION('',(0.121558639153,-0.775857409459,0.619087051581));
#1902 = PCURVE('',#916,#1903);
#1903 = DEFINITIONAL_REPRESENTATION('',(#1904),#1908);
#1904 = LINE('',#1905,#1906);
#1905 = CARTESIAN_POINT('',(1.563498315996,3.626951768649));
#1906 = VECTOR('',#1907,1.);
#1907 = DIRECTION('',(-5.551115123126E-17,1.));
#1908 = ( GEOMETRIC_REPRESENTATION_CONTEXT(2) 
PARAMETRIC_REPRESENTATION_CONTEXT() REPRESENTATION_CONTEXT('2D SPACE',''
  ) );
#1909 = PCURVE('',#1910,#1915);
#1910 = PLANE('',#1911);
#1911 = AXIS2_PLACEMENT_3D('',#1912,#1913,#1914);
#1912 = CARTESIAN_POINT('',(189.24318160136,-80.77229755733,
    -292.8752902634));
#1913 = DIRECTION('',(-0.67394897018,-0.522415142984,-0.522374582053));
#1914 = DIRECTION('',(-0.121558639153,0.775857409459,-0.619087051581));
#1915 = DEFINITIONAL_REPRESENTATION('',(#1916),#1920);
#1916 = LINE('',#1917,#1918);
#1917 = CARTESIAN_POINT('',(3.626951768649,-1.));
#1918 = VECTOR('',#1919,1.);
#1919 = DIRECTION('',(-1.,-1.665334536938E-16));
#1920 = ( GEOMETRIC_REPRESENTATION_CONTEXT(2) 
PARAMETRIC_REPRESENTATION_CONTEXT() REPRESENTATION_CONTEXT('2D SPACE',''
  ) );
#1921 = ORIENTED_EDGE('',*,*,#1922,.T.);
#1922 = EDGE_CURVE('',#1895,#1837,#1923,.T.);
#1923 = SURFACE_CURVE('',#1924,(#1928,#1935),.PCURVE_S1.);
#1924 = LINE('',#1925,#1926);
#1925 = CARTESIAN_POINT('',(186.87121631678,-81.69234278205,
    -293.562578152));
#1926 = VECTOR('',#1927,1.);
#1927 = DIRECTION('',(-0.67394897018,-0.522415142984,-0.522374582053));
#1928 = PCURVE('',#916,#1929);
#1929 = DEFINITIONAL_REPRESENTATION('',(#1930),#1934);
#1930 = LINE('',#1931,#1932);
#1931 = CARTESIAN_POINT('',(4.001749157998,7.253903537298));
#1932 = VECTOR('',#1933,1.);
#1933 = DIRECTION('',(1.,-5.551115123126E-17));
#1934 = ( GEOMETRIC_REPRESENTATION_CONTEXT(2) 
PARAMETRIC_REPRESENTATION_CONTEXT() REPRESENTATION_CONTEXT('2D SPACE',''
  ) );
#1935 = PCURVE('',#1936,#1941);
#1936 = PLANE('',#1937);
#1937 = AXIS2_PLACEMENT_3D('',#1938,#1939,#1940);
#1938 = CARTESIAN_POINT('',(184.9029502334,-84.13665107815,
    -296.2393825719));
#1939 = DIRECTION('',(-0.121558639153,0.775857409459,-0.619087051581));
#1940 = DIRECTION('',(0.67394897018,0.522415142984,0.522374582053));
#1941 = DEFINITIONAL_REPRESENTATION('',(#1942),#1946);
#1942 = LINE('',#1943,#1944);
#1943 = CARTESIAN_POINT('',(4.001749157998,-1.));
#1944 = VECTOR('',#1945,1.);
#1945 = DIRECTION('',(-1.,1.110223024625E-16));
#1946 = ( GEOMETRIC_REPRESENTATION_CONTEXT(2) 
PARAMETRIC_REPRESENTATION_CONTEXT() REPRESENTATION_CONTEXT('2D SPACE',''
  ) );
#1947 = FACE_BOUND('',#1948,.F.);
#1948 = EDGE_LOOP('',(#1949));
#1949 = ORIENTED_EDGE('',*,*,#1950,.T.);
#1950 = EDGE_CURVE('',#1951,#1951,#1953,.T.);
#1951 = VERTEX_POINT('',#1952);
#1952 = CARTESIAN_POINT('',(176.59348248915,-80.1642982554,
    -307.2564714936));
#1953 = SURFACE_CURVE('',#1954,(#1959,#1970),.PCURVE_S1.);
#1954 = CIRCLE('',#1955,2.565);
#1955 = AXIS2_PLACEMENT_3D('',#1956,#1957,#1958);
#1956 = CARTESIAN_POINT('',(178.32216159766,-78.82430341365,
    -305.9165806907));
#1957 = DIRECTION('',(0.72870864057,-0.353733937542,-0.586392375965));
#1958 = DIRECTION('',(-0.67394897018,-0.522415142984,-0.522374582053));
#1959 = PCURVE('',#916,#1960);
#1960 = DEFINITIONAL_REPRESENTATION('',(#1961),#1969);
#1961 = ( BOUNDED_CURVE() B_SPLINE_CURVE(2,(#1962,#1963,#1964,#1965,
#1966,#1967,#1968),.UNSPECIFIED.,.T.,.F.) B_SPLINE_CURVE_WITH_KNOTS((1,2
    ,2,2,2,1),(-2.094395102393,0.,2.094395102393,4.188790204786,
6.28318530718,8.377580409573),.UNSPECIFIED.) CURVE() 
GEOMETRIC_REPRESENTATION_ITEM() RATIONAL_B_SPLINE_CURVE((1.,0.5,1.,0.5,
1.,0.5,1.)) REPRESENTATION_ITEM('') );
#1962 = CARTESIAN_POINT('',(17.283485498061,-3.658700521888));
#1963 = CARTESIAN_POINT('',(17.283485498061,-8.101410843302));
#1964 = CARTESIAN_POINT('',(13.435985498061,-5.880055682595));
#1965 = CARTESIAN_POINT('',(9.588485498061,-3.658700521888));
#1966 = CARTESIAN_POINT('',(13.435985498061,-1.437345361181));
#1967 = CARTESIAN_POINT('',(17.283485498061,0.784009799526));
#1968 = CARTESIAN_POINT('',(17.283485498061,-3.658700521888));
#1969 = ( GEOMETRIC_REPRESENTATION_CONTEXT(2) 
PARAMETRIC_REPRESENTATION_CONTEXT() REPRESENTATION_CONTEXT('2D SPACE',''
  ) );
#1970 = PCURVE('',#1971,#1976);
#1971 = CYLINDRICAL_SURFACE('',#1972,2.565);
#1972 = AXIS2_PLACEMENT_3D('',#1973,#1974,#1975);
#1973 = CARTESIAN_POINT('',(179.05087023823,-79.17803735119,
    -306.5029730666));
#1974 = DIRECTION('',(0.72870864057,-0.353733937542,-0.586392375965));
#1975 = DIRECTION('',(-0.67394897018,-0.522415142984,-0.522374582053));
#1976 = DEFINITIONAL_REPRESENTATION('',(#1977),#1980);
#1977 = B_SPLINE_CURVE_WITH_KNOTS('',1,(#1978,#1979),.UNSPECIFIED.,.F.,
  .F.,(2,2),(0.,6.28318530718),.PIECEWISE_BEZIER_KNOTS.);
#1978 = CARTESIAN_POINT('',(-6.28318530718,-1.));
#1979 = CARTESIAN_POINT('',(0.,-1.));
#1980 = ( GEOMETRIC_REPRESENTATION_CONTEXT(2) 
PARAMETRIC_REPRESENTATION_CONTEXT() REPRESENTATION_CONTEXT('2D SPACE',''
  ) );
#1981 = FACE_BOUND('',#1982,.F.);
#1982 = EDGE_LOOP('',(#1983,#2013,#2045,#2073));
#1983 = ORIENTED_EDGE('',*,*,#1984,.F.);
#1984 = EDGE_CURVE('',#1985,#1987,#1989,.T.);
#1985 = VERTEX_POINT('',#1986);
#1986 = CARTESIAN_POINT('',(197.62987879501,-73.90514280192,
    -284.8903415986));
#1987 = VERTEX_POINT('',#1988);
#1988 = CARTESIAN_POINT('',(196.14807898374,-64.44744098061,
    -292.4370127574));
#1989 = SURFACE_CURVE('',#1990,(#1994,#2001),.PCURVE_S1.);
#1990 = LINE('',#1991,#1992);
#1991 = CARTESIAN_POINT('',(196.4095015063,-66.11599043582,
    -291.1056117164));
#1992 = VECTOR('',#1993,1.);
#1993 = DIRECTION('',(-0.121558639153,0.775857409459,-0.619087051581));
#1994 = PCURVE('',#916,#1995);
#1995 = DEFINITIONAL_REPRESENTATION('',(#1996),#2000);
#1996 = LINE('',#1997,#1998);
#1997 = CARTESIAN_POINT('',(-11.8473474758,-2.150587768914));
#1998 = VECTOR('',#1999,1.);
#1999 = DIRECTION('',(-5.551115123126E-17,-1.));
#2000 = ( GEOMETRIC_REPRESENTATION_CONTEXT(2) 
PARAMETRIC_REPRESENTATION_CONTEXT() REPRESENTATION_CONTEXT('2D SPACE',''
  ) );
#2001 = PCURVE('',#2002,#2007);
#2002 = PLANE('',#2003);
#2003 = AXIS2_PLACEMENT_3D('',#2004,#2005,#2006);
#2004 = CARTESIAN_POINT('',(196.87678762431,-64.80117491816,
    -293.0234051334));
#2005 = DIRECTION('',(0.67394897018,0.522415142984,0.522374582053));
#2006 = DIRECTION('',(0.121558639153,-0.775857409459,0.619087051581));
#2007 = DEFINITIONAL_REPRESENTATION('',(#2008),#2012);
#2008 = LINE('',#2009,#2010);
#2009 = CARTESIAN_POINT('',(2.150587768914,-1.));
#2010 = VECTOR('',#2011,1.);
#2011 = DIRECTION('',(-1.,-5.551115123126E-17));
#2012 = ( GEOMETRIC_REPRESENTATION_CONTEXT(2) 
PARAMETRIC_REPRESENTATION_CONTEXT() REPRESENTATION_CONTEXT('2D SPACE',''
  ) );
#2013 = ORIENTED_EDGE('',*,*,#2014,.T.);
#2014 = EDGE_CURVE('',#1985,#2015,#2017,.T.);
#2015 = VERTEX_POINT('',#2016);
#2016 = CARTESIAN_POINT('',(193.68727731946,-76.96127138837,
    -287.9462329036));
#2017 = SURFACE_CURVE('',#2018,(#2023,#2034),.PCURVE_S1.);
#2018 = CIRCLE('',#2019,2.925);
#2019 = AXIS2_PLACEMENT_3D('',#2020,#2021,#2022);
#2020 = CARTESIAN_POINT('',(195.65857805723,-75.43320709515,
    -286.4182872511));
#2021 = DIRECTION('',(0.72870864057,-0.353733937542,-0.586392375965));
#2022 = DIRECTION('',(0.67394897018,0.522415142984,0.522374582053));
#2023 = PCURVE('',#916,#2024);
#2024 = DEFINITIONAL_REPRESENTATION('',(#2025),#2033);
#2025 = ( BOUNDED_CURVE() B_SPLINE_CURVE(2,(#2026,#2027,#2028,#2029,
#2030,#2031,#2032),.UNSPECIFIED.,.T.,.F.) B_SPLINE_CURVE_WITH_KNOTS((1,2
    ,2,2,2,1),(-2.094395102393,0.,2.094395102393,4.188790204786,
6.28318530718,8.377580409573),.UNSPECIFIED.) CURVE() 
GEOMETRIC_REPRESENTATION_ITEM() RATIONAL_B_SPLINE_CURVE((1.,0.5,1.,0.5,
1.,0.5,1.)) REPRESENTATION_ITEM('') );
#2026 = CARTESIAN_POINT('',(-11.8473474758,7.888824462173));
#2027 = CARTESIAN_POINT('',(-11.8473474758,12.955073074312));
#2028 = CARTESIAN_POINT('',(-7.459847475806,10.421948768242));
#2029 = CARTESIAN_POINT('',(-3.072347475806,7.888824462173));
#2030 = CARTESIAN_POINT('',(-7.459847475806,5.355700156103));
#2031 = CARTESIAN_POINT('',(-11.8473474758,2.822575850034));
#2032 = CARTESIAN_POINT('',(-11.8473474758,7.888824462173));
#2033 = ( GEOMETRIC_REPRESENTATION_CONTEXT(2) 
PARAMETRIC_REPRESENTATION_CONTEXT() REPRESENTATION_CONTEXT('2D SPACE',''
  ) );
#2034 = PCURVE('',#2035,#2040);
#2035 = CYLINDRICAL_SURFACE('',#2036,2.925);
#2036 = AXIS2_PLACEMENT_3D('',#2037,#2038,#2039);
#2037 = CARTESIAN_POINT('',(196.3872866978,-75.78694103269,
    -287.0046796271));
#2038 = DIRECTION('',(0.72870864057,-0.353733937542,-0.586392375965));
#2039 = DIRECTION('',(0.67394897018,0.522415142984,0.522374582053));
#2040 = DEFINITIONAL_REPRESENTATION('',(#2041),#2044);
#2041 = B_SPLINE_CURVE_WITH_KNOTS('',1,(#2042,#2043),.UNSPECIFIED.,.F.,
  .F.,(2,2),(0.,3.14159265359),.PIECEWISE_BEZIER_KNOTS.);
#2042 = CARTESIAN_POINT('',(0.,-1.));
#2043 = CARTESIAN_POINT('',(3.14159265359,-1.));
#2044 = ( GEOMETRIC_REPRESENTATION_CONTEXT(2) 
PARAMETRIC_REPRESENTATION_CONTEXT() REPRESENTATION_CONTEXT('2D SPACE',''
  ) );
#2045 = ORIENTED_EDGE('',*,*,#2046,.F.);
#2046 = EDGE_CURVE('',#2047,#2015,#2049,.T.);
#2047 = VERTEX_POINT('',#2048);
#2048 = CARTESIAN_POINT('',(192.20547750819,-67.50356956707,
    -295.4929040624));
#2049 = SURFACE_CURVE('',#2050,(#2054,#2061),.PCURVE_S1.);
#2050 = LINE('',#2051,#2052);
#2051 = CARTESIAN_POINT('',(193.20779993639,-73.90096993292,
    -290.388167442));
#2052 = VECTOR('',#2053,1.);
#2053 = DIRECTION('',(0.121558639153,-0.775857409459,0.619087051581));
#2054 = PCURVE('',#916,#2055);
#2055 = DEFINITIONAL_REPRESENTATION('',(#2056),#2060);
#2056 = LINE('',#2057,#2058);
#2057 = CARTESIAN_POINT('',(-5.997347475806,3.944412231086));
#2058 = VECTOR('',#2059,1.);
#2059 = DIRECTION('',(5.551115123126E-17,1.));
#2060 = ( GEOMETRIC_REPRESENTATION_CONTEXT(2) 
PARAMETRIC_REPRESENTATION_CONTEXT() REPRESENTATION_CONTEXT('2D SPACE',''
  ) );
#2061 = PCURVE('',#2062,#2067);
#2062 = PLANE('',#2063);
#2063 = AXIS2_PLACEMENT_3D('',#2064,#2065,#2066);
#2064 = CARTESIAN_POINT('',(194.41598596003,-77.31500532592,
    -288.5326252796));
#2065 = DIRECTION('',(-0.67394897018,-0.522415142984,-0.522374582053));
#2066 = DIRECTION('',(-0.121558639153,0.775857409459,-0.619087051581));
#2067 = DEFINITIONAL_REPRESENTATION('',(#2068),#2072);
#2068 = LINE('',#2069,#2070);
#2069 = CARTESIAN_POINT('',(3.944412231086,-1.));
#2070 = VECTOR('',#2071,1.);
#2071 = DIRECTION('',(-1.,5.551115123126E-17));
#2072 = ( GEOMETRIC_REPRESENTATION_CONTEXT(2) 
PARAMETRIC_REPRESENTATION_CONTEXT() REPRESENTATION_CONTEXT('2D SPACE',''
  ) );
#2073 = ORIENTED_EDGE('',*,*,#2074,.T.);
#2074 = EDGE_CURVE('',#2047,#1987,#2075,.T.);
#2075 = SURFACE_CURVE('',#2076,(#2081,#2092),.PCURVE_S1.);
#2076 = CIRCLE('',#2077,2.925);
#2077 = AXIS2_PLACEMENT_3D('',#2078,#2079,#2080);
#2078 = CARTESIAN_POINT('',(194.17677824596,-65.97550527384,
    -293.9649584099));
#2079 = DIRECTION('',(0.72870864057,-0.353733937542,-0.586392375965));
#2080 = DIRECTION('',(-0.67394897018,-0.522415142984,-0.522374582053));
#2081 = PCURVE('',#916,#2082);
#2082 = DEFINITIONAL_REPRESENTATION('',(#2083),#2091);
#2083 = ( BOUNDED_CURVE() B_SPLINE_CURVE(2,(#2084,#2085,#2086,#2087,
#2088,#2089,#2090),.UNSPECIFIED.,.T.,.F.) B_SPLINE_CURVE_WITH_KNOTS((1,2
    ,2,2,2,1),(-2.094395102393,0.,2.094395102393,4.188790204786,
6.28318530718,8.377580409573),.UNSPECIFIED.) CURVE() 
GEOMETRIC_REPRESENTATION_ITEM() RATIONAL_B_SPLINE_CURVE((1.,0.5,1.,0.5,
1.,0.5,1.)) REPRESENTATION_ITEM('') );
#2084 = CARTESIAN_POINT('',(-5.997347475806,-4.301175537827));
#2085 = CARTESIAN_POINT('',(-5.997347475806,-9.367424149966));
#2086 = CARTESIAN_POINT('',(-10.3848474758,-6.834299843897));
#2087 = CARTESIAN_POINT('',(-14.7723474758,-4.301175537827));
#2088 = CARTESIAN_POINT('',(-10.3848474758,-1.768051231758));
#2089 = CARTESIAN_POINT('',(-5.997347475806,0.765073074312));
#2090 = CARTESIAN_POINT('',(-5.997347475806,-4.301175537827));
#2091 = ( GEOMETRIC_REPRESENTATION_CONTEXT(2) 
PARAMETRIC_REPRESENTATION_CONTEXT() REPRESENTATION_CONTEXT('2D SPACE',''
  ) );
#2092 = PCURVE('',#2093,#2098);
#2093 = CYLINDRICAL_SURFACE('',#2094,2.925);
#2094 = AXIS2_PLACEMENT_3D('',#2095,#2096,#2097);
#2095 = CARTESIAN_POINT('',(194.90548688653,-66.32923921138,
    -294.5513507859));
#2096 = DIRECTION('',(0.72870864057,-0.353733937542,-0.586392375965));
#2097 = DIRECTION('',(-0.67394897018,-0.522415142984,-0.522374582053));
#2098 = DEFINITIONAL_REPRESENTATION('',(#2099),#2102);
#2099 = B_SPLINE_CURVE_WITH_KNOTS('',1,(#2100,#2101),.UNSPECIFIED.,.F.,
  .F.,(2,2),(0.,3.14159265359),.PIECEWISE_BEZIER_KNOTS.);
#2100 = CARTESIAN_POINT('',(0.,-1.));
#2101 = CARTESIAN_POINT('',(3.14159265359,-1.));
#2102 = ( GEOMETRIC_REPRESENTATION_CONTEXT(2) 
PARAMETRIC_REPRESENTATION_CONTEXT() REPRESENTATION_CONTEXT('2D SPACE',''
  ) );
#2103 = ADVANCED_FACE('',(#2104),#1151,.F.);
#2104 = FACE_BOUND('',#2105,.F.);
#2105 = EDGE_LOOP('',(#2106,#2107,#2108,#2131,#2152,#2153));
#2106 = ORIENTED_EDGE('',*,*,#1137,.T.);
#2107 = ORIENTED_EDGE('',*,*,#1812,.F.);
#2108 = ORIENTED_EDGE('',*,*,#2109,.T.);
#2109 = EDGE_CURVE('',#1790,#2110,#2112,.T.);
#2110 = VERTEX_POINT('',#2111);
#2111 = CARTESIAN_POINT('',(207.72154233614,-81.53168045619,
    -264.3381514468));
#2112 = SURFACE_CURVE('',#2113,(#2117,#2124),.PCURVE_S1.);
#2113 = LINE('',#2114,#2115);
#2114 = CARTESIAN_POINT('',(209.17895961728,-82.23914833127,
    -265.5109361987));
#2115 = VECTOR('',#2116,1.);
#2116 = DIRECTION('',(-0.72870864057,0.353733937542,0.586392375965));
#2117 = PCURVE('',#1151,#2118);
#2118 = DEFINITIONAL_REPRESENTATION('',(#2119),#2123);
#2119 = LINE('',#2120,#2121);
#2120 = CARTESIAN_POINT('',(57.413656205453,-2.098851596976));
#2121 = VECTOR('',#2122,1.);
#2122 = DIRECTION('',(5.551115123126E-17,1.));
#2123 = ( GEOMETRIC_REPRESENTATION_CONTEXT(2) 
PARAMETRIC_REPRESENTATION_CONTEXT() REPRESENTATION_CONTEXT('2D SPACE',''
  ) );
#2124 = PCURVE('',#944,#2125);
#2125 = DEFINITIONAL_REPRESENTATION('',(#2126),#2130);
#2126 = LINE('',#2127,#2128);
#2127 = CARTESIAN_POINT('',(50.800673416912,-8.881784197001E-15));
#2128 = VECTOR('',#2129,1.);
#2129 = DIRECTION('',(1.665334536938E-16,-1.));
#2130 = ( GEOMETRIC_REPRESENTATION_CONTEXT(2) 
PARAMETRIC_REPRESENTATION_CONTEXT() REPRESENTATION_CONTEXT('2D SPACE',''
  ) );
#2131 = ORIENTED_EDGE('',*,*,#2132,.T.);
#2132 = EDGE_CURVE('',#2110,#1298,#2133,.T.);
#2133 = SURFACE_CURVE('',#2134,(#2138,#2145),.PCURVE_S1.);
#2134 = LINE('',#2135,#2136);
#2135 = CARTESIAN_POINT('',(207.72154233614,-81.53168045619,
    -264.3381514468));
#2136 = VECTOR('',#2137,1.);
#2137 = DIRECTION('',(-0.121558639153,0.775857409459,-0.619087051581));
#2138 = PCURVE('',#1151,#2139);
#2139 = DEFINITIONAL_REPRESENTATION('',(#2140),#2144);
#2140 = LINE('',#2141,#2142);
#2141 = CARTESIAN_POINT('',(57.413656205453,-9.885159697554E-02));
#2142 = VECTOR('',#2143,1.);
#2143 = DIRECTION('',(-1.,-1.665334536938E-16));
#2144 = ( GEOMETRIC_REPRESENTATION_CONTEXT(2) 
PARAMETRIC_REPRESENTATION_CONTEXT() REPRESENTATION_CONTEXT('2D SPACE',''
  ) );
#2145 = PCURVE('',#972,#2146);
#2146 = DEFINITIONAL_REPRESENTATION('',(#2147),#2151);
#2147 = LINE('',#2148,#2149);
#2148 = CARTESIAN_POINT('',(-25.40033670845,27.756253901215));
#2149 = VECTOR('',#2150,1.);
#2150 = DIRECTION('',(5.551115123126E-17,-1.));
#2151 = ( GEOMETRIC_REPRESENTATION_CONTEXT(2) 
PARAMETRIC_REPRESENTATION_CONTEXT() REPRESENTATION_CONTEXT('2D SPACE',''
  ) );
#2152 = ORIENTED_EDGE('',*,*,#1321,.T.);
#2153 = ORIENTED_EDGE('',*,*,#1167,.T.);
#2154 = ADVANCED_FACE('',(#2155,#2180,#2282),#836,.T.);
#2155 = FACE_BOUND('',#2156,.T.);
#2156 = EDGE_LOOP('',(#2157,#2158,#2178,#2179));
#2157 = ORIENTED_EDGE('',*,*,#1492,.T.);
#2158 = ORIENTED_EDGE('',*,*,#2159,.T.);
#2159 = EDGE_CURVE('',#1466,#789,#2160,.T.);
#2160 = SURFACE_CURVE('',#2161,(#2165,#2172),.PCURVE_S1.);
#2161 = LINE('',#2162,#2163);
#2162 = CARTESIAN_POINT('',(149.94844894556,-31.80650144931,
    -239.5304162715));
#2163 = VECTOR('',#2164,1.);
#2164 = DIRECTION('',(-0.67394897018,-0.522415142984,-0.522374582053));
#2165 = PCURVE('',#836,#2166);
#2166 = DEFINITIONAL_REPRESENTATION('',(#2167),#2171);
#2167 = LINE('',#2168,#2169);
#2168 = CARTESIAN_POINT('',(25.400336708456,12.634094123585));
#2169 = VECTOR('',#2170,1.);
#2170 = DIRECTION('',(-1.,-5.551115123126E-17));
#2171 = ( GEOMETRIC_REPRESENTATION_CONTEXT(2) 
PARAMETRIC_REPRESENTATION_CONTEXT() REPRESENTATION_CONTEXT('2D SPACE',''
  ) );
#2172 = PCURVE('',#809,#2173);
#2173 = DEFINITIONAL_REPRESENTATION('',(#2174),#2177);
#2174 = B_SPLINE_CURVE_WITH_KNOTS('',1,(#2175,#2176),.UNSPECIFIED.,.F.,
  .F.,(2,2),(0.,50.800673416912),.PIECEWISE_BEZIER_KNOTS.);
#2175 = CARTESIAN_POINT('',(1.570796326795,-50.80067341691));
#2176 = CARTESIAN_POINT('',(1.570796326795,0.));
#2177 = ( GEOMETRIC_REPRESENTATION_CONTEXT(2) 
PARAMETRIC_REPRESENTATION_CONTEXT() REPRESENTATION_CONTEXT('2D SPACE',''
  ) );
#2178 = ORIENTED_EDGE('',*,*,#820,.T.);
#2179 = ORIENTED_EDGE('',*,*,#1245,.T.);
#2180 = FACE_BOUND('',#2181,.T.);
#2181 = EDGE_LOOP('',(#2182,#2207,#2234,#2257));
#2182 = ORIENTED_EDGE('',*,*,#2183,.F.);
#2183 = EDGE_CURVE('',#2184,#2186,#2188,.T.);
#2184 = VERTEX_POINT('',#2185);
#2185 = CARTESIAN_POINT('',(126.60302620823,-41.84673857821,
    -262.4850780384));
#2186 = VERTEX_POINT('',#2187);
#2187 = CARTESIAN_POINT('',(120.36225874437,-46.68430280224,
    -267.3222666682));
#2188 = SURFACE_CURVE('',#2189,(#2193,#2200),.PCURVE_S1.);
#2189 = LINE('',#2190,#2191);
#2190 = CARTESIAN_POINT('',(126.03333399833,-42.28833853676,
    -262.9266437106));
#2191 = VECTOR('',#2192,1.);
#2192 = DIRECTION('',(-0.67394897018,-0.522415142984,-0.522374582053));
#2193 = PCURVE('',#836,#2194);
#2194 = DEFINITIONAL_REPRESENTATION('',(#2195),#2199);
#2195 = LINE('',#2196,#2197);
#2196 = CARTESIAN_POINT('',(-8.414695332868,3.375114801053));
#2197 = VECTOR('',#2198,1.);
#2198 = DIRECTION('',(-1.,-5.551115123126E-17));
#2199 = ( GEOMETRIC_REPRESENTATION_CONTEXT(2) 
PARAMETRIC_REPRESENTATION_CONTEXT() REPRESENTATION_CONTEXT('2D SPACE',''
  ) );
#2200 = PCURVE('',#1561,#2201);
#2201 = DEFINITIONAL_REPRESENTATION('',(#2202),#2206);
#2202 = LINE('',#2203,#2204);
#2203 = CARTESIAN_POINT('',(8.414695332868,-3.));
#2204 = VECTOR('',#2205,1.);
#2205 = DIRECTION('',(-1.,-1.110223024625E-16));
#2206 = ( GEOMETRIC_REPRESENTATION_CONTEXT(2) 
PARAMETRIC_REPRESENTATION_CONTEXT() REPRESENTATION_CONTEXT('2D SPACE',''
  ) );
#2207 = ORIENTED_EDGE('',*,*,#2208,.T.);
#2208 = EDGE_CURVE('',#2184,#2209,#2211,.T.);
#2209 = VERTEX_POINT('',#2210);
#2210 = CARTESIAN_POINT('',(125.99401742607,-37.95969295682,
    -265.5867041668));
#2211 = SURFACE_CURVE('',#2212,(#2217,#2228),.PCURVE_S1.);
#2212 = CIRCLE('',#2213,2.505);
#2213 = AXIS2_PLACEMENT_3D('',#2214,#2215,#2216);
#2214 = CARTESIAN_POINT('',(126.29852181715,-39.90321576752,
    -264.0358911026));
#2215 = DIRECTION('',(-0.72870864057,0.353733937542,0.586392375965));
#2216 = DIRECTION('',(0.121558639153,-0.775857409459,0.619087051581));
#2217 = PCURVE('',#836,#2218);
#2218 = DEFINITIONAL_REPRESENTATION('',(#2219),#2227);
#2219 = ( BOUNDED_CURVE() B_SPLINE_CURVE(2,(#2220,#2221,#2222,#2223,
#2224,#2225,#2226),.UNSPECIFIED.,.T.,.F.) B_SPLINE_CURVE_WITH_KNOTS((1,2
    ,2,2,2,1),(-2.094395102393,0.,2.094395102393,4.188790204786,
6.28318530718,8.377580409573),.UNSPECIFIED.) CURVE() 
GEOMETRIC_REPRESENTATION_ITEM() RATIONAL_B_SPLINE_CURVE((1.,0.5,1.,0.5,
1.,0.5,1.)) REPRESENTATION_ITEM('') );
#2220 = CARTESIAN_POINT('',(-7.569390665735,3.375114801053));
#2221 = CARTESIAN_POINT('',(-3.230603392775,3.375114801053));
#2222 = CARTESIAN_POINT('',(-5.399997029255,-0.382385198947));
#2223 = CARTESIAN_POINT('',(-7.569390665735,-4.139885198947));
#2224 = CARTESIAN_POINT('',(-9.738784302215,-0.382385198947));
#2225 = CARTESIAN_POINT('',(-11.90817793869,3.375114801053));
#2226 = CARTESIAN_POINT('',(-7.569390665735,3.375114801053));
#2227 = ( GEOMETRIC_REPRESENTATION_CONTEXT(2) 
PARAMETRIC_REPRESENTATION_CONTEXT() REPRESENTATION_CONTEXT('2D SPACE',''
  ) );
#2228 = PCURVE('',#1594,#2229);
#2229 = DEFINITIONAL_REPRESENTATION('',(#2230),#2233);
#2230 = B_SPLINE_CURVE_WITH_KNOTS('',1,(#2231,#2232),.UNSPECIFIED.,.F.,
  .F.,(2,2),(3.545622433933E-16,3.14159265359),
  .PIECEWISE_BEZIER_KNOTS.);
#2231 = CARTESIAN_POINT('',(3.545622433933E-16,-3.));
#2232 = CARTESIAN_POINT('',(3.14159265359,-3.));
#2233 = ( GEOMETRIC_REPRESENTATION_CONTEXT(2) 
PARAMETRIC_REPRESENTATION_CONTEXT() REPRESENTATION_CONTEXT('2D SPACE',''
  ) );
#2234 = ORIENTED_EDGE('',*,*,#2235,.F.);
#2235 = EDGE_CURVE('',#2236,#2209,#2238,.T.);
#2236 = VERTEX_POINT('',#2237);
#2237 = CARTESIAN_POINT('',(119.75324996221,-42.79725718085,
    -270.4238927966));
#2238 = SURFACE_CURVE('',#2239,(#2243,#2250),.PCURVE_S1.);
#2239 = LINE('',#2240,#2241);
#2240 = CARTESIAN_POINT('',(128.5447089481,-35.98251080335,
    -263.6096755241));
#2241 = VECTOR('',#2242,1.);
#2242 = DIRECTION('',(0.67394897018,0.522415142984,0.522374582053));
#2243 = PCURVE('',#836,#2244);
#2244 = DEFINITIONAL_REPRESENTATION('',(#2245),#2249);
#2245 = LINE('',#2246,#2247);
#2246 = CARTESIAN_POINT('',(-3.784695332868,-1.634885198947));
#2247 = VECTOR('',#2248,1.);
#2248 = DIRECTION('',(1.,5.551115123126E-17));
#2249 = ( GEOMETRIC_REPRESENTATION_CONTEXT(2) 
PARAMETRIC_REPRESENTATION_CONTEXT() REPRESENTATION_CONTEXT('2D SPACE',''
  ) );
#2250 = PCURVE('',#1621,#2251);
#2251 = DEFINITIONAL_REPRESENTATION('',(#2252),#2256);
#2252 = LINE('',#2253,#2254);
#2253 = CARTESIAN_POINT('',(-3.784695332868,-3.));
#2254 = VECTOR('',#2255,1.);
#2255 = DIRECTION('',(-1.,1.110223024625E-16));
#2256 = ( GEOMETRIC_REPRESENTATION_CONTEXT(2) 
PARAMETRIC_REPRESENTATION_CONTEXT() REPRESENTATION_CONTEXT('2D SPACE',''
  ) );
#2257 = ORIENTED_EDGE('',*,*,#2258,.T.);
#2258 = EDGE_CURVE('',#2236,#2186,#2259,.T.);
#2259 = SURFACE_CURVE('',#2260,(#2265,#2276),.PCURVE_S1.);
#2260 = CIRCLE('',#2261,2.505);
#2261 = AXIS2_PLACEMENT_3D('',#2262,#2263,#2264);
#2262 = CARTESIAN_POINT('',(120.05775435329,-44.74077999155,
    -268.8730797324));
#2263 = DIRECTION('',(-0.72870864057,0.353733937542,0.586392375965));
#2264 = DIRECTION('',(-0.121558639153,0.775857409459,-0.619087051581));
#2265 = PCURVE('',#836,#2266);
#2266 = DEFINITIONAL_REPRESENTATION('',(#2267),#2275);
#2267 = ( BOUNDED_CURVE() B_SPLINE_CURVE(2,(#2268,#2269,#2270,#2271,
#2272,#2273,#2274),.UNSPECIFIED.,.T.,.F.) B_SPLINE_CURVE_WITH_KNOTS((1,2
    ,2,2,2,1),(-2.094395102393,0.,2.094395102393,4.188790204786,
6.28318530718,8.377580409573),.UNSPECIFIED.) CURVE() 
GEOMETRIC_REPRESENTATION_ITEM() RATIONAL_B_SPLINE_CURVE((1.,0.5,1.,0.5,
1.,0.5,1.)) REPRESENTATION_ITEM('') );
#2268 = CARTESIAN_POINT('',(-16.82939066573,-1.634885198947));
#2269 = CARTESIAN_POINT('',(-21.16817793869,-1.634885198947));
#2270 = CARTESIAN_POINT('',(-18.99878430221,2.122614801053));
#2271 = CARTESIAN_POINT('',(-16.82939066573,5.880114801053));
#2272 = CARTESIAN_POINT('',(-14.65999702925,2.122614801053));
#2273 = CARTESIAN_POINT('',(-12.49060339277,-1.634885198947));
#2274 = CARTESIAN_POINT('',(-16.82939066573,-1.634885198947));
#2275 = ( GEOMETRIC_REPRESENTATION_CONTEXT(2) 
PARAMETRIC_REPRESENTATION_CONTEXT() REPRESENTATION_CONTEXT('2D SPACE',''
  ) );
#2276 = PCURVE('',#1652,#2277);
#2277 = DEFINITIONAL_REPRESENTATION('',(#2278),#2281);
#2278 = B_SPLINE_CURVE_WITH_KNOTS('',1,(#2279,#2280),.UNSPECIFIED.,.F.,
  .F.,(2,2),(3.545622433933E-16,3.14159265359),
  .PIECEWISE_BEZIER_KNOTS.);
#2279 = CARTESIAN_POINT('',(3.545622433933E-16,-3.));
#2280 = CARTESIAN_POINT('',(3.14159265359,-3.));
#2281 = ( GEOMETRIC_REPRESENTATION_CONTEXT(2) 
PARAMETRIC_REPRESENTATION_CONTEXT() REPRESENTATION_CONTEXT('2D SPACE',''
  ) );
#2282 = FACE_BOUND('',#2283,.T.);
#2283 = EDGE_LOOP('',(#2284,#2309,#2336,#2359));
#2284 = ORIENTED_EDGE('',*,*,#2285,.F.);
#2285 = EDGE_CURVE('',#2286,#2288,#2290,.T.);
#2286 = VERTEX_POINT('',#2287);
#2287 = CARTESIAN_POINT('',(139.66935694928,-33.03238851554,
    -251.5647222843));
#2288 = VERTEX_POINT('',#2289);
#2289 = CARTESIAN_POINT('',(134.25754671874,-37.2273821137,
    -255.7593901782));
#2290 = SURFACE_CURVE('',#2291,(#2295,#2302),.PCURVE_S1.);
#2291 = LINE('',#2292,#2293);
#2292 = CARTESIAN_POINT('',(133.0727728353,-38.1457659159,-256.677702676
    ));
#2293 = VECTOR('',#2294,1.);
#2294 = DIRECTION('',(-0.67394897018,-0.522415142984,-0.522374582053));
#2295 = PCURVE('',#836,#2296);
#2296 = DEFINITIONAL_REPRESENTATION('',(#2297),#2301);
#2297 = LINE('',#2298,#2299);
#2298 = CARTESIAN_POINT('',(1.757957851209,4.885412224959));
#2299 = VECTOR('',#2300,1.);
#2300 = DIRECTION('',(-1.,-5.551115123126E-17));
#2301 = ( GEOMETRIC_REPRESENTATION_CONTEXT(2) 
PARAMETRIC_REPRESENTATION_CONTEXT() REPRESENTATION_CONTEXT('2D SPACE',''
  ) );
#2302 = PCURVE('',#1683,#2303);
#2303 = DEFINITIONAL_REPRESENTATION('',(#2304),#2308);
#2304 = LINE('',#2305,#2306);
#2305 = CARTESIAN_POINT('',(-1.757957851209,-3.));
#2306 = VECTOR('',#2307,1.);
#2307 = DIRECTION('',(-1.,-1.110223024625E-16));
#2308 = ( GEOMETRIC_REPRESENTATION_CONTEXT(2) 
PARAMETRIC_REPRESENTATION_CONTEXT() REPRESENTATION_CONTEXT('2D SPACE',''
  ) );
#2309 = ORIENTED_EDGE('',*,*,#2310,.T.);
#2310 = EDGE_CURVE('',#2286,#2311,#2313,.T.);
#2311 = VERTEX_POINT('',#2312);
#2312 = CARTESIAN_POINT('',(138.92906483684,-28.30741689194,
    -255.3349624285));
#2313 = SURFACE_CURVE('',#2314,(#2319,#2330),.PCURVE_S1.);
#2314 = CIRCLE('',#2315,3.045);
#2315 = AXIS2_PLACEMENT_3D('',#2316,#2317,#2318);
#2316 = CARTESIAN_POINT('',(139.29921089306,-30.66990270374,
    -253.4498423564));
#2317 = DIRECTION('',(-0.72870864057,0.353733937542,0.586392375965));
#2318 = DIRECTION('',(0.121558639153,-0.775857409459,0.619087051581));
#2319 = PCURVE('',#836,#2320);
#2320 = DEFINITIONAL_REPRESENTATION('',(#2321),#2329);
#2321 = ( BOUNDED_CURVE() B_SPLINE_CURVE(2,(#2322,#2323,#2324,#2325,
#2326,#2327,#2328),.UNSPECIFIED.,.T.,.F.) B_SPLINE_CURVE_WITH_KNOTS((1,2
    ,2,2,2,1),(-2.094395102393,0.,2.094395102393,4.188790204786,
6.28318530718,8.377580409573),.UNSPECIFIED.) CURVE() 
GEOMETRIC_REPRESENTATION_ITEM() RATIONAL_B_SPLINE_CURVE((1.,0.5,1.,0.5,
1.,0.5,1.)) REPRESENTATION_ITEM('') );
#2322 = CARTESIAN_POINT('',(11.545915702419,4.885412224959));
#2323 = CARTESIAN_POINT('',(16.820010411466,4.885412224959));
#2324 = CARTESIAN_POINT('',(14.182963056942,0.317912224959));
#2325 = CARTESIAN_POINT('',(11.545915702419,-4.249587775041));
#2326 = CARTESIAN_POINT('',(8.908868347895,0.317912224959));
#2327 = CARTESIAN_POINT('',(6.271820993371,4.885412224959));
#2328 = CARTESIAN_POINT('',(11.545915702419,4.885412224959));
#2329 = ( GEOMETRIC_REPRESENTATION_CONTEXT(2) 
PARAMETRIC_REPRESENTATION_CONTEXT() REPRESENTATION_CONTEXT('2D SPACE',''
  ) );
#2330 = PCURVE('',#1716,#2331);
#2331 = DEFINITIONAL_REPRESENTATION('',(#2332),#2335);
#2332 = B_SPLINE_CURVE_WITH_KNOTS('',1,(#2333,#2334),.UNSPECIFIED.,.F.,
  .F.,(2,2),(0.,3.14159265359),.PIECEWISE_BEZIER_KNOTS.);
#2333 = CARTESIAN_POINT('',(0.,-3.));
#2334 = CARTESIAN_POINT('',(3.14159265359,-3.));
#2335 = ( GEOMETRIC_REPRESENTATION_CONTEXT(2) 
PARAMETRIC_REPRESENTATION_CONTEXT() REPRESENTATION_CONTEXT('2D SPACE',''
  ) );
#2336 = ORIENTED_EDGE('',*,*,#2337,.F.);
#2337 = EDGE_CURVE('',#2338,#2311,#2340,.T.);
#2338 = VERTEX_POINT('',#2339);
#2339 = CARTESIAN_POINT('',(133.5172546063,-32.5024104901,
    -259.5296303224));
#2340 = SURFACE_CURVE('',#2341,(#2345,#2352),.PCURVE_S1.);
#2341 = LINE('',#2342,#2343);
#2342 = CARTESIAN_POINT('',(135.03838583813,-31.32329749322,
    -258.3506088732));
#2343 = VECTOR('',#2344,1.);
#2344 = DIRECTION('',(0.67394897018,0.522415142984,0.522374582053));
#2345 = PCURVE('',#836,#2346);
#2346 = DEFINITIONAL_REPRESENTATION('',(#2347),#2351);
#2347 = LINE('',#2348,#2349);
#2348 = CARTESIAN_POINT('',(5.772957851209,-1.204587775041));
#2349 = VECTOR('',#2350,1.);
#2350 = DIRECTION('',(1.,5.551115123126E-17));
#2351 = ( GEOMETRIC_REPRESENTATION_CONTEXT(2) 
PARAMETRIC_REPRESENTATION_CONTEXT() REPRESENTATION_CONTEXT('2D SPACE',''
  ) );
#2352 = PCURVE('',#1743,#2353);
#2353 = DEFINITIONAL_REPRESENTATION('',(#2354),#2358);
#2354 = LINE('',#2355,#2356);
#2355 = CARTESIAN_POINT('',(5.772957851209,-3.));
#2356 = VECTOR('',#2357,1.);
#2357 = DIRECTION('',(-1.,1.110223024625E-16));
#2358 = ( GEOMETRIC_REPRESENTATION_CONTEXT(2) 
PARAMETRIC_REPRESENTATION_CONTEXT() REPRESENTATION_CONTEXT('2D SPACE',''
  ) );
#2359 = ORIENTED_EDGE('',*,*,#2360,.T.);
#2360 = EDGE_CURVE('',#2338,#2288,#2361,.T.);
#2361 = SURFACE_CURVE('',#2362,(#2367,#2378),.PCURVE_S1.);
#2362 = CIRCLE('',#2363,3.045);
#2363 = AXIS2_PLACEMENT_3D('',#2364,#2365,#2366);
#2364 = CARTESIAN_POINT('',(133.88740066252,-34.8648963019,
    -257.6445102503));
#2365 = DIRECTION('',(-0.72870864057,0.353733937542,0.586392375965));
#2366 = DIRECTION('',(-0.121558639153,0.775857409459,-0.619087051581));
#2367 = PCURVE('',#836,#2368);
#2368 = DEFINITIONAL_REPRESENTATION('',(#2369),#2377);
#2369 = ( BOUNDED_CURVE() B_SPLINE_CURVE(2,(#2370,#2371,#2372,#2373,
#2374,#2375,#2376),.UNSPECIFIED.,.T.,.F.) B_SPLINE_CURVE_WITH_KNOTS((1,2
    ,2,2,2,1),(-2.094395102393,0.,2.094395102393,4.188790204786,
6.28318530718,8.377580409573),.UNSPECIFIED.) CURVE() 
GEOMETRIC_REPRESENTATION_ITEM() RATIONAL_B_SPLINE_CURVE((1.,0.5,1.,0.5,
1.,0.5,1.)) REPRESENTATION_ITEM('') );
#2370 = CARTESIAN_POINT('',(3.515915702418,-1.204587775041));
#2371 = CARTESIAN_POINT('',(-1.758179006629,-1.204587775041));
#2372 = CARTESIAN_POINT('',(0.878868347895,3.362912224959));
#2373 = CARTESIAN_POINT('',(3.515915702418,7.930412224959));
#2374 = CARTESIAN_POINT('',(6.152963056942,3.362912224959));
#2375 = CARTESIAN_POINT('',(8.790010411466,-1.204587775041));
#2376 = CARTESIAN_POINT('',(3.515915702418,-1.204587775041));
#2377 = ( GEOMETRIC_REPRESENTATION_CONTEXT(2) 
PARAMETRIC_REPRESENTATION_CONTEXT() REPRESENTATION_CONTEXT('2D SPACE',''
  ) );
#2378 = PCURVE('',#1774,#2379);
#2379 = DEFINITIONAL_REPRESENTATION('',(#2380),#2383);
#2380 = B_SPLINE_CURVE_WITH_KNOTS('',1,(#2381,#2382),.UNSPECIFIED.,.F.,
  .F.,(2,2),(0.,3.14159265359),.PIECEWISE_BEZIER_KNOTS.);
#2381 = CARTESIAN_POINT('',(0.,-3.));
#2382 = CARTESIAN_POINT('',(3.14159265359,-3.));
#2383 = ( GEOMETRIC_REPRESENTATION_CONTEXT(2) 
PARAMETRIC_REPRESENTATION_CONTEXT() REPRESENTATION_CONTEXT('2D SPACE',''
  ) );
#2384 = ADVANCED_FACE('',(#2385,#2411,#2505,#2534),#972,.T.);
#2385 = FACE_BOUND('',#2386,.T.);
#2386 = EDGE_LOOP('',(#2387,#2388,#2409,#2410));
#2387 = ORIENTED_EDGE('',*,*,#956,.T.);
#2388 = ORIENTED_EDGE('',*,*,#2389,.T.);
#2389 = EDGE_CURVE('',#929,#2110,#2390,.T.);
#2390 = SURFACE_CURVE('',#2391,(#2395,#2402),.PCURVE_S1.);
#2391 = LINE('',#2392,#2393);
#2392 = CARTESIAN_POINT('',(173.48448080238,-108.0707215229,
    -290.875131991));
#2393 = VECTOR('',#2394,1.);
#2394 = DIRECTION('',(0.67394897018,0.522415142984,0.522374582053));
#2395 = PCURVE('',#972,#2396);
#2396 = DEFINITIONAL_REPRESENTATION('',(#2397),#2401);
#2397 = LINE('',#2398,#2399);
#2398 = CARTESIAN_POINT('',(25.400336708456,27.756253901215));
#2399 = VECTOR('',#2400,1.);
#2400 = DIRECTION('',(-1.,5.551115123126E-17));
#2401 = ( GEOMETRIC_REPRESENTATION_CONTEXT(2) 
PARAMETRIC_REPRESENTATION_CONTEXT() REPRESENTATION_CONTEXT('2D SPACE',''
  ) );
#2402 = PCURVE('',#944,#2403);
#2403 = DEFINITIONAL_REPRESENTATION('',(#2404),#2408);
#2404 = LINE('',#2405,#2406);
#2405 = CARTESIAN_POINT('',(-3.441691376338E-15,-2.));
#2406 = VECTOR('',#2407,1.);
#2407 = DIRECTION('',(1.,-1.110223024625E-16));
#2408 = ( GEOMETRIC_REPRESENTATION_CONTEXT(2) 
PARAMETRIC_REPRESENTATION_CONTEXT() REPRESENTATION_CONTEXT('2D SPACE',''
  ) );
#2409 = ORIENTED_EDGE('',*,*,#2132,.T.);
#2410 = ORIENTED_EDGE('',*,*,#1297,.T.);
#2411 = FACE_BOUND('',#2412,.T.);
#2412 = EDGE_LOOP('',(#2413,#2438,#2461,#2484));
#2413 = ORIENTED_EDGE('',*,*,#2414,.T.);
#2414 = EDGE_CURVE('',#2415,#2417,#2419,.T.);
#2415 = VERTEX_POINT('',#2416);
#2416 = CARTESIAN_POINT('',(182.71682431169,-83.07544926552,
    -294.480205444));
#2417 = VERTEX_POINT('',#2418);
#2418 = CARTESIAN_POINT('',(180.78161077638,-70.72379930693,
    -304.3360713051));
#2419 = SURFACE_CURVE('',#2420,(#2424,#2431),.PCURVE_S1.);
#2420 = LINE('',#2421,#2422);
#2421 = CARTESIAN_POINT('',(181.30833022277,-74.08562688277,
    -301.6535372512));
#2422 = VECTOR('',#2423,1.);
#2423 = DIRECTION('',(-0.121558639153,0.775857409459,-0.619087051581));
#2424 = PCURVE('',#972,#2425);
#2425 = DEFINITIONAL_REPRESENTATION('',(#2426),#2430);
#2426 = LINE('',#2427,#2428);
#2427 = CARTESIAN_POINT('',(8.003498315996,-4.333048231351));
#2428 = VECTOR('',#2429,1.);
#2429 = DIRECTION('',(5.551115123126E-17,-1.));
#2430 = ( GEOMETRIC_REPRESENTATION_CONTEXT(2) 
PARAMETRIC_REPRESENTATION_CONTEXT() REPRESENTATION_CONTEXT('2D SPACE',''
  ) );
#2431 = PCURVE('',#1854,#2432);
#2432 = DEFINITIONAL_REPRESENTATION('',(#2433),#2437);
#2433 = LINE('',#2434,#2435);
#2434 = CARTESIAN_POINT('',(4.333048231351,-3.));
#2435 = VECTOR('',#2436,1.);
#2436 = DIRECTION('',(-1.,1.665334536938E-16));
#2437 = ( GEOMETRIC_REPRESENTATION_CONTEXT(2) 
PARAMETRIC_REPRESENTATION_CONTEXT() REPRESENTATION_CONTEXT('2D SPACE',''
  ) );
#2438 = ORIENTED_EDGE('',*,*,#2439,.T.);
#2439 = EDGE_CURVE('',#2417,#2440,#2442,.T.);
#2440 = VERTEX_POINT('',#2441);
#2441 = CARTESIAN_POINT('',(185.12184214434,-67.35944578612,
    -300.9719789967));
#2442 = SURFACE_CURVE('',#2443,(#2447,#2454),.PCURVE_S1.);
#2443 = LINE('',#2444,#2445);
#2444 = CARTESIAN_POINT('',(185.64870118431,-66.95104818797,
    -300.563613107));
#2445 = VECTOR('',#2446,1.);
#2446 = DIRECTION('',(0.67394897018,0.522415142984,0.522374582053));
#2447 = PCURVE('',#972,#2448);
#2448 = DEFINITIONAL_REPRESENTATION('',(#2449),#2453);
#2449 = LINE('',#2450,#2451);
#2450 = CARTESIAN_POINT('',(0.781749157998,-8.666096462702));
#2451 = VECTOR('',#2452,1.);
#2452 = DIRECTION('',(-1.,5.551115123126E-17));
#2453 = ( GEOMETRIC_REPRESENTATION_CONTEXT(2) 
PARAMETRIC_REPRESENTATION_CONTEXT() REPRESENTATION_CONTEXT('2D SPACE',''
  ) );
#2454 = PCURVE('',#1882,#2455);
#2455 = DEFINITIONAL_REPRESENTATION('',(#2456),#2460);
#2456 = LINE('',#2457,#2458);
#2457 = CARTESIAN_POINT('',(-0.781749157998,-3.));
#2458 = VECTOR('',#2459,1.);
#2459 = DIRECTION('',(-1.,-1.110223024625E-16));
#2460 = ( GEOMETRIC_REPRESENTATION_CONTEXT(2) 
PARAMETRIC_REPRESENTATION_CONTEXT() REPRESENTATION_CONTEXT('2D SPACE',''
  ) );
#2461 = ORIENTED_EDGE('',*,*,#2462,.T.);
#2462 = EDGE_CURVE('',#2440,#2463,#2465,.T.);
#2463 = VERTEX_POINT('',#2464);
#2464 = CARTESIAN_POINT('',(187.05705567965,-79.71109574471,
    -291.1161131355));
#2465 = SURFACE_CURVE('',#2466,(#2470,#2477),.PCURVE_S1.);
#2466 = LINE('',#2467,#2468);
#2467 = CARTESIAN_POINT('',(186.61616835838,-76.89709834125,
    -293.3615120122));
#2468 = VECTOR('',#2469,1.);
#2469 = DIRECTION('',(0.121558639153,-0.775857409459,0.619087051581));
#2470 = PCURVE('',#972,#2471);
#2471 = DEFINITIONAL_REPRESENTATION('',(#2472),#2476);
#2472 = LINE('',#2473,#2474);
#2473 = CARTESIAN_POINT('',(1.563498315996,3.626951768649));
#2474 = VECTOR('',#2475,1.);
#2475 = DIRECTION('',(-5.551115123126E-17,1.));
#2476 = ( GEOMETRIC_REPRESENTATION_CONTEXT(2) 
PARAMETRIC_REPRESENTATION_CONTEXT() REPRESENTATION_CONTEXT('2D SPACE',''
  ) );
#2477 = PCURVE('',#1910,#2478);
#2478 = DEFINITIONAL_REPRESENTATION('',(#2479),#2483);
#2479 = LINE('',#2480,#2481);
#2480 = CARTESIAN_POINT('',(3.626951768649,-3.));
#2481 = VECTOR('',#2482,1.);
#2482 = DIRECTION('',(-1.,-1.665334536938E-16));
#2483 = ( GEOMETRIC_REPRESENTATION_CONTEXT(2) 
PARAMETRIC_REPRESENTATION_CONTEXT() REPRESENTATION_CONTEXT('2D SPACE',''
  ) );
#2484 = ORIENTED_EDGE('',*,*,#2485,.T.);
#2485 = EDGE_CURVE('',#2463,#2415,#2486,.T.);
#2486 = SURFACE_CURVE('',#2487,(#2491,#2498),.PCURVE_S1.);
#2487 = LINE('',#2488,#2489);
#2488 = CARTESIAN_POINT('',(185.41379903564,-80.98487490696,
    -292.3897934001));
#2489 = VECTOR('',#2490,1.);
#2490 = DIRECTION('',(-0.67394897018,-0.522415142984,-0.522374582053));
#2491 = PCURVE('',#972,#2492);
#2492 = DEFINITIONAL_REPRESENTATION('',(#2493),#2497);
#2493 = LINE('',#2494,#2495);
#2494 = CARTESIAN_POINT('',(4.001749157998,7.253903537298));
#2495 = VECTOR('',#2496,1.);
#2496 = DIRECTION('',(1.,-5.551115123126E-17));
#2497 = ( GEOMETRIC_REPRESENTATION_CONTEXT(2) 
PARAMETRIC_REPRESENTATION_CONTEXT() REPRESENTATION_CONTEXT('2D SPACE',''
  ) );
#2498 = PCURVE('',#1936,#2499);
#2499 = DEFINITIONAL_REPRESENTATION('',(#2500),#2504);
#2500 = LINE('',#2501,#2502);
#2501 = CARTESIAN_POINT('',(4.001749157998,-3.));
#2502 = VECTOR('',#2503,1.);
#2503 = DIRECTION('',(-1.,1.110223024625E-16));
#2504 = ( GEOMETRIC_REPRESENTATION_CONTEXT(2) 
PARAMETRIC_REPRESENTATION_CONTEXT() REPRESENTATION_CONTEXT('2D SPACE',''
  ) );
#2505 = FACE_BOUND('',#2506,.T.);
#2506 = EDGE_LOOP('',(#2507));
#2507 = ORIENTED_EDGE('',*,*,#2508,.T.);
#2508 = EDGE_CURVE('',#2509,#2509,#2511,.T.);
#2509 = VERTEX_POINT('',#2510);
#2510 = CARTESIAN_POINT('',(175.13606520801,-79.45683038031,
    -306.0836867417));
#2511 = SURFACE_CURVE('',#2512,(#2517,#2528),.PCURVE_S1.);
#2512 = CIRCLE('',#2513,2.565);
#2513 = AXIS2_PLACEMENT_3D('',#2514,#2515,#2516);
#2514 = CARTESIAN_POINT('',(176.86474431652,-78.11683553856,
    -304.7437959388));
#2515 = DIRECTION('',(0.72870864057,-0.353733937542,-0.586392375965));
#2516 = DIRECTION('',(-0.67394897018,-0.522415142984,-0.522374582053));
#2517 = PCURVE('',#972,#2518);
#2518 = DEFINITIONAL_REPRESENTATION('',(#2519),#2527);
#2519 = ( BOUNDED_CURVE() B_SPLINE_CURVE(2,(#2520,#2521,#2522,#2523,
#2524,#2525,#2526),.UNSPECIFIED.,.T.,.F.) B_SPLINE_CURVE_WITH_KNOTS((1,2
    ,2,2,2,1),(-2.094395102393,0.,2.094395102393,4.188790204786,
6.28318530718,8.377580409573),.UNSPECIFIED.) CURVE() 
GEOMETRIC_REPRESENTATION_ITEM() RATIONAL_B_SPLINE_CURVE((1.,0.5,1.,0.5,
1.,0.5,1.)) REPRESENTATION_ITEM('') );
#2520 = CARTESIAN_POINT('',(17.283485498061,-3.658700521888));
#2521 = CARTESIAN_POINT('',(17.283485498061,-8.101410843302));
#2522 = CARTESIAN_POINT('',(13.435985498061,-5.880055682595));
#2523 = CARTESIAN_POINT('',(9.588485498061,-3.658700521888));
#2524 = CARTESIAN_POINT('',(13.435985498061,-1.437345361181));
#2525 = CARTESIAN_POINT('',(17.283485498061,0.784009799526));
#2526 = CARTESIAN_POINT('',(17.283485498061,-3.658700521888));
#2527 = ( GEOMETRIC_REPRESENTATION_CONTEXT(2) 
PARAMETRIC_REPRESENTATION_CONTEXT() REPRESENTATION_CONTEXT('2D SPACE',''
  ) );
#2528 = PCURVE('',#1971,#2529);
#2529 = DEFINITIONAL_REPRESENTATION('',(#2530),#2533);
#2530 = B_SPLINE_CURVE_WITH_KNOTS('',1,(#2531,#2532),.UNSPECIFIED.,.F.,
  .F.,(2,2),(0.,6.28318530718),.PIECEWISE_BEZIER_KNOTS.);
#2531 = CARTESIAN_POINT('',(-6.28318530718,-3.));
#2532 = CARTESIAN_POINT('',(0.,-3.));
#2533 = ( GEOMETRIC_REPRESENTATION_CONTEXT(2) 
PARAMETRIC_REPRESENTATION_CONTEXT() REPRESENTATION_CONTEXT('2D SPACE',''
  ) );
#2534 = FACE_BOUND('',#2535,.T.);
#2535 = EDGE_LOOP('',(#2536,#2561,#2588,#2611));
#2536 = ORIENTED_EDGE('',*,*,#2537,.F.);
#2537 = EDGE_CURVE('',#2538,#2540,#2542,.T.);
#2538 = VERTEX_POINT('',#2539);
#2539 = CARTESIAN_POINT('',(196.17246151387,-73.19767492683,
    -283.7175568467));
#2540 = VERTEX_POINT('',#2541);
#2541 = CARTESIAN_POINT('',(194.6906617026,-63.73997310553,
    -291.2642280055));
#2542 = SURFACE_CURVE('',#2543,(#2547,#2554),.PCURVE_S1.);
#2543 = LINE('',#2544,#2545);
#2544 = CARTESIAN_POINT('',(194.95208422516,-65.40852256073,
    -289.9328269644));
#2545 = VECTOR('',#2546,1.);
#2546 = DIRECTION('',(-0.121558639153,0.775857409459,-0.619087051581));
#2547 = PCURVE('',#972,#2548);
#2548 = DEFINITIONAL_REPRESENTATION('',(#2549),#2553);
#2549 = LINE('',#2550,#2551);
#2550 = CARTESIAN_POINT('',(-11.8473474758,-2.150587768914));
#2551 = VECTOR('',#2552,1.);
#2552 = DIRECTION('',(-5.551115123126E-17,-1.));
#2553 = ( GEOMETRIC_REPRESENTATION_CONTEXT(2) 
PARAMETRIC_REPRESENTATION_CONTEXT() REPRESENTATION_CONTEXT('2D SPACE',''
  ) );
#2554 = PCURVE('',#2002,#2555);
#2555 = DEFINITIONAL_REPRESENTATION('',(#2556),#2560);
#2556 = LINE('',#2557,#2558);
#2557 = CARTESIAN_POINT('',(2.150587768914,-3.));
#2558 = VECTOR('',#2559,1.);
#2559 = DIRECTION('',(-1.,-5.551115123126E-17));
#2560 = ( GEOMETRIC_REPRESENTATION_CONTEXT(2) 
PARAMETRIC_REPRESENTATION_CONTEXT() REPRESENTATION_CONTEXT('2D SPACE',''
  ) );
#2561 = ORIENTED_EDGE('',*,*,#2562,.T.);
#2562 = EDGE_CURVE('',#2538,#2563,#2565,.T.);
#2563 = VERTEX_POINT('',#2564);
#2564 = CARTESIAN_POINT('',(192.22986003832,-76.25380351329,
    -286.7734481517));
#2565 = SURFACE_CURVE('',#2566,(#2571,#2582),.PCURVE_S1.);
#2566 = CIRCLE('',#2567,2.925);
#2567 = AXIS2_PLACEMENT_3D('',#2568,#2569,#2570);
#2568 = CARTESIAN_POINT('',(194.20116077609,-74.72573922006,
    -285.2455024992));
#2569 = DIRECTION('',(0.72870864057,-0.353733937542,-0.586392375965));
#2570 = DIRECTION('',(0.67394897018,0.522415142984,0.522374582053));
#2571 = PCURVE('',#972,#2572);
#2572 = DEFINITIONAL_REPRESENTATION('',(#2573),#2581);
#2573 = ( BOUNDED_CURVE() B_SPLINE_CURVE(2,(#2574,#2575,#2576,#2577,
#2578,#2579,#2580),.UNSPECIFIED.,.T.,.F.) B_SPLINE_CURVE_WITH_KNOTS((1,2
    ,2,2,2,1),(-2.094395102393,0.,2.094395102393,4.188790204786,
6.28318530718,8.377580409573),.UNSPECIFIED.) CURVE() 
GEOMETRIC_REPRESENTATION_ITEM() RATIONAL_B_SPLINE_CURVE((1.,0.5,1.,0.5,
1.,0.5,1.)) REPRESENTATION_ITEM('') );
#2574 = CARTESIAN_POINT('',(-11.8473474758,7.888824462173));
#2575 = CARTESIAN_POINT('',(-11.8473474758,12.955073074312));
#2576 = CARTESIAN_POINT('',(-7.459847475806,10.421948768242));
#2577 = CARTESIAN_POINT('',(-3.072347475806,7.888824462173));
#2578 = CARTESIAN_POINT('',(-7.459847475806,5.355700156103));
#2579 = CARTESIAN_POINT('',(-11.8473474758,2.822575850034));
#2580 = CARTESIAN_POINT('',(-11.8473474758,7.888824462173));
#2581 = ( GEOMETRIC_REPRESENTATION_CONTEXT(2) 
PARAMETRIC_REPRESENTATION_CONTEXT() REPRESENTATION_CONTEXT('2D SPACE',''
  ) );
#2582 = PCURVE('',#2035,#2583);
#2583 = DEFINITIONAL_REPRESENTATION('',(#2584),#2587);
#2584 = B_SPLINE_CURVE_WITH_KNOTS('',1,(#2585,#2586),.UNSPECIFIED.,.F.,
  .F.,(2,2),(0.,3.14159265359),.PIECEWISE_BEZIER_KNOTS.);
#2585 = CARTESIAN_POINT('',(0.,-3.));
#2586 = CARTESIAN_POINT('',(3.14159265359,-3.));
#2587 = ( GEOMETRIC_REPRESENTATION_CONTEXT(2) 
PARAMETRIC_REPRESENTATION_CONTEXT() REPRESENTATION_CONTEXT('2D SPACE',''
  ) );
#2588 = ORIENTED_EDGE('',*,*,#2589,.F.);
#2589 = EDGE_CURVE('',#2590,#2563,#2592,.T.);
#2590 = VERTEX_POINT('',#2591);
#2591 = CARTESIAN_POINT('',(190.74806022705,-66.79610169198,
    -294.3201193105));
#2592 = SURFACE_CURVE('',#2593,(#2597,#2604),.PCURVE_S1.);
#2593 = LINE('',#2594,#2595);
#2594 = CARTESIAN_POINT('',(191.75038265525,-73.19350205784,
    -289.2153826901));
#2595 = VECTOR('',#2596,1.);
#2596 = DIRECTION('',(0.121558639153,-0.775857409459,0.619087051581));
#2597 = PCURVE('',#972,#2598);
#2598 = DEFINITIONAL_REPRESENTATION('',(#2599),#2603);
#2599 = LINE('',#2600,#2601);
#2600 = CARTESIAN_POINT('',(-5.997347475806,3.944412231086));
#2601 = VECTOR('',#2602,1.);
#2602 = DIRECTION('',(5.551115123126E-17,1.));
#2603 = ( GEOMETRIC_REPRESENTATION_CONTEXT(2) 
PARAMETRIC_REPRESENTATION_CONTEXT() REPRESENTATION_CONTEXT('2D SPACE',''
  ) );
#2604 = PCURVE('',#2062,#2605);
#2605 = DEFINITIONAL_REPRESENTATION('',(#2606),#2610);
#2606 = LINE('',#2607,#2608);
#2607 = CARTESIAN_POINT('',(3.944412231086,-3.));
#2608 = VECTOR('',#2609,1.);
#2609 = DIRECTION('',(-1.,5.551115123126E-17));
#2610 = ( GEOMETRIC_REPRESENTATION_CONTEXT(2) 
PARAMETRIC_REPRESENTATION_CONTEXT() REPRESENTATION_CONTEXT('2D SPACE',''
  ) );
#2611 = ORIENTED_EDGE('',*,*,#2612,.T.);
#2612 = EDGE_CURVE('',#2590,#2540,#2613,.T.);
#2613 = SURFACE_CURVE('',#2614,(#2619,#2630),.PCURVE_S1.);
#2614 = CIRCLE('',#2615,2.925);
#2615 = AXIS2_PLACEMENT_3D('',#2616,#2617,#2618);
#2616 = CARTESIAN_POINT('',(192.71936096482,-65.26803739876,
    -292.792173658));
#2617 = DIRECTION('',(0.72870864057,-0.353733937542,-0.586392375965));
#2618 = DIRECTION('',(-0.67394897018,-0.522415142984,-0.522374582053));
#2619 = PCURVE('',#972,#2620);
#2620 = DEFINITIONAL_REPRESENTATION('',(#2621),#2629);
#2621 = ( BOUNDED_CURVE() B_SPLINE_CURVE(2,(#2622,#2623,#2624,#2625,
#2626,#2627,#2628),.UNSPECIFIED.,.T.,.F.) B_SPLINE_CURVE_WITH_KNOTS((1,2
    ,2,2,2,1),(-2.094395102393,0.,2.094395102393,4.188790204786,
6.28318530718,8.377580409573),.UNSPECIFIED.) CURVE() 
GEOMETRIC_REPRESENTATION_ITEM() RATIONAL_B_SPLINE_CURVE((1.,0.5,1.,0.5,
1.,0.5,1.)) REPRESENTATION_ITEM('') );
#2622 = CARTESIAN_POINT('',(-5.997347475806,-4.301175537827));
#2623 = CARTESIAN_POINT('',(-5.997347475806,-9.367424149966));
#2624 = CARTESIAN_POINT('',(-10.3848474758,-6.834299843897));
#2625 = CARTESIAN_POINT('',(-14.7723474758,-4.301175537827));
#2626 = CARTESIAN_POINT('',(-10.3848474758,-1.768051231758));
#2627 = CARTESIAN_POINT('',(-5.997347475806,0.765073074312));
#2628 = CARTESIAN_POINT('',(-5.997347475806,-4.301175537827));
#2629 = ( GEOMETRIC_REPRESENTATION_CONTEXT(2) 
PARAMETRIC_REPRESENTATION_CONTEXT() REPRESENTATION_CONTEXT('2D SPACE',''
  ) );
#2630 = PCURVE('',#2093,#2631);
#2631 = DEFINITIONAL_REPRESENTATION('',(#2632),#2635);
#2632 = B_SPLINE_CURVE_WITH_KNOTS('',1,(#2633,#2634),.UNSPECIFIED.,.F.,
  .F.,(2,2),(0.,3.14159265359),.PIECEWISE_BEZIER_KNOTS.);
#2633 = CARTESIAN_POINT('',(0.,-3.));
#2634 = CARTESIAN_POINT('',(3.14159265359,-3.));
#2635 = ( GEOMETRIC_REPRESENTATION_CONTEXT(2) 
PARAMETRIC_REPRESENTATION_CONTEXT() REPRESENTATION_CONTEXT('2D SPACE',''
  ) );
#2636 = ADVANCED_FACE('',(#2637),#944,.F.);
#2637 = FACE_BOUND('',#2638,.F.);
#2638 = EDGE_LOOP('',(#2639,#2640,#2641,#2642));
#2639 = ORIENTED_EDGE('',*,*,#928,.T.);
#2640 = ORIENTED_EDGE('',*,*,#2389,.T.);
#2641 = ORIENTED_EDGE('',*,*,#2109,.F.);
#2642 = ORIENTED_EDGE('',*,*,#1789,.F.);
#2643 = ADVANCED_FACE('',(#2644),#693,.T.);
#2644 = FACE_BOUND('',#2645,.F.);
#2645 = EDGE_LOOP('',(#2646,#2647,#2648,#2668));
#2646 = ORIENTED_EDGE('',*,*,#1519,.F.);
#2647 = ORIENTED_EDGE('',*,*,#1373,.T.);
#2648 = ORIENTED_EDGE('',*,*,#2649,.F.);
#2649 = EDGE_CURVE('',#677,#1374,#2650,.T.);
#2650 = SURFACE_CURVE('',#2651,(#2655,#2661),.PCURVE_S1.);
#2651 = LINE('',#2652,#2653);
#2652 = CARTESIAN_POINT('',(118.50530652927,-63.28603137599,
    -264.7311386856));
#2653 = VECTOR('',#2654,1.);
#2654 = DIRECTION('',(0.67394897018,0.522415142984,0.522374582053));
#2655 = PCURVE('',#693,#2656);
#2656 = DEFINITIONAL_REPRESENTATION('',(#2657),#2660);
#2657 = B_SPLINE_CURVE_WITH_KNOTS('',1,(#2658,#2659),.UNSPECIFIED.,.F.,
  .F.,(2,2),(0.,50.800673416912),.PIECEWISE_BEZIER_KNOTS.);
#2658 = CARTESIAN_POINT('',(-1.570796326795,0.));
#2659 = CARTESIAN_POINT('',(-1.570796326795,-50.80067341691));
#2660 = ( GEOMETRIC_REPRESENTATION_CONTEXT(2) 
PARAMETRIC_REPRESENTATION_CONTEXT() REPRESENTATION_CONTEXT('2D SPACE',''
  ) );
#2661 = PCURVE('',#720,#2662);
#2662 = DEFINITIONAL_REPRESENTATION('',(#2663),#2667);
#2663 = LINE('',#2664,#2665);
#2664 = CARTESIAN_POINT('',(-25.40033670845,-15.11883211858));
#2665 = VECTOR('',#2666,1.);
#2666 = DIRECTION('',(1.,-1.665334536938E-16));
#2667 = ( GEOMETRIC_REPRESENTATION_CONTEXT(2) 
PARAMETRIC_REPRESENTATION_CONTEXT() REPRESENTATION_CONTEXT('2D SPACE',''
  ) );
#2668 = ORIENTED_EDGE('',*,*,#676,.F.);
#2669 = ADVANCED_FACE('',(#2670),#1561,.F.);
#2670 = FACE_BOUND('',#2671,.F.);
#2671 = EDGE_LOOP('',(#2672,#2673,#2693,#2694));
#2672 = ORIENTED_EDGE('',*,*,#1543,.T.);
#2673 = ORIENTED_EDGE('',*,*,#2674,.T.);
#2674 = EDGE_CURVE('',#1546,#2186,#2675,.T.);
#2675 = SURFACE_CURVE('',#2676,(#2680,#2687),.PCURVE_S1.);
#2676 = LINE('',#2677,#2678);
#2677 = CARTESIAN_POINT('',(118.17613282266,-45.62310098962,
    -265.5630895403));
#2678 = VECTOR('',#2679,1.);
#2679 = DIRECTION('',(0.72870864057,-0.353733937542,-0.586392375965));
#2680 = PCURVE('',#1561,#2681);
#2681 = DEFINITIONAL_REPRESENTATION('',(#2682),#2686);
#2682 = LINE('',#2683,#2684);
#2683 = CARTESIAN_POINT('',(0.,0.));
#2684 = VECTOR('',#2685,1.);
#2685 = DIRECTION('',(-1.665334536938E-16,-1.));
#2686 = ( GEOMETRIC_REPRESENTATION_CONTEXT(2) 
PARAMETRIC_REPRESENTATION_CONTEXT() REPRESENTATION_CONTEXT('2D SPACE',''
  ) );
#2687 = PCURVE('',#1652,#2688);
#2688 = DEFINITIONAL_REPRESENTATION('',(#2689),#2692);
#2689 = B_SPLINE_CURVE_WITH_KNOTS('',1,(#2690,#2691),.UNSPECIFIED.,.F.,
  .F.,(2,2),(1.,3.),.PIECEWISE_BEZIER_KNOTS.);
#2690 = CARTESIAN_POINT('',(3.14159265359,-1.));
#2691 = CARTESIAN_POINT('',(3.14159265359,-3.));
#2692 = ( GEOMETRIC_REPRESENTATION_CONTEXT(2) 
PARAMETRIC_REPRESENTATION_CONTEXT() REPRESENTATION_CONTEXT('2D SPACE',''
  ) );
#2693 = ORIENTED_EDGE('',*,*,#2183,.F.);
#2694 = ORIENTED_EDGE('',*,*,#2695,.F.);
#2695 = EDGE_CURVE('',#1544,#2184,#2696,.T.);
#2696 = SURFACE_CURVE('',#2697,(#2701,#2708),.PCURVE_S1.);
#2697 = LINE('',#2698,#2699);
#2698 = CARTESIAN_POINT('',(124.41690028652,-40.78553676559,
    -260.7259009105));
#2699 = VECTOR('',#2700,1.);
#2700 = DIRECTION('',(0.72870864057,-0.353733937542,-0.586392375965));
#2701 = PCURVE('',#1561,#2702);
#2702 = DEFINITIONAL_REPRESENTATION('',(#2703),#2707);
#2703 = LINE('',#2704,#2705);
#2704 = CARTESIAN_POINT('',(9.26,-3.597122599786E-14));
#2705 = VECTOR('',#2706,1.);
#2706 = DIRECTION('',(-1.665334536938E-16,-1.));
#2707 = ( GEOMETRIC_REPRESENTATION_CONTEXT(2) 
PARAMETRIC_REPRESENTATION_CONTEXT() REPRESENTATION_CONTEXT('2D SPACE',''
  ) );
#2708 = PCURVE('',#1594,#2709);
#2709 = DEFINITIONAL_REPRESENTATION('',(#2710),#2713);
#2710 = B_SPLINE_CURVE_WITH_KNOTS('',1,(#2711,#2712),.UNSPECIFIED.,.F.,
  .F.,(2,2),(1.,3.),.PIECEWISE_BEZIER_KNOTS.);
#2711 = CARTESIAN_POINT('',(0.,-1.));
#2712 = CARTESIAN_POINT('',(0.,-3.));
#2713 = ( GEOMETRIC_REPRESENTATION_CONTEXT(2) 
PARAMETRIC_REPRESENTATION_CONTEXT() REPRESENTATION_CONTEXT('2D SPACE',''
  ) );
#2714 = ADVANCED_FACE('',(#2715),#1594,.F.);
#2715 = FACE_BOUND('',#2716,.F.);
#2716 = EDGE_LOOP('',(#2717,#2718,#2719,#2720));
#2717 = ORIENTED_EDGE('',*,*,#1573,.F.);
#2718 = ORIENTED_EDGE('',*,*,#2695,.T.);
#2719 = ORIENTED_EDGE('',*,*,#2208,.T.);
#2720 = ORIENTED_EDGE('',*,*,#2721,.F.);
#2721 = EDGE_CURVE('',#1574,#2209,#2722,.T.);
#2722 = SURFACE_CURVE('',#2723,(#2727,#2733),.PCURVE_S1.);
#2723 = LINE('',#2724,#2725);
#2724 = CARTESIAN_POINT('',(123.80789150437,-36.8984911442,
    -263.8275270389));
#2725 = VECTOR('',#2726,1.);
#2726 = DIRECTION('',(0.72870864057,-0.353733937542,-0.586392375965));
#2727 = PCURVE('',#1594,#2728);
#2728 = DEFINITIONAL_REPRESENTATION('',(#2729),#2732);
#2729 = B_SPLINE_CURVE_WITH_KNOTS('',1,(#2730,#2731),.UNSPECIFIED.,.F.,
  .F.,(2,2),(1.,3.),.PIECEWISE_BEZIER_KNOTS.);
#2730 = CARTESIAN_POINT('',(3.14159265359,-1.));
#2731 = CARTESIAN_POINT('',(3.14159265359,-3.));
#2732 = ( GEOMETRIC_REPRESENTATION_CONTEXT(2) 
PARAMETRIC_REPRESENTATION_CONTEXT() REPRESENTATION_CONTEXT('2D SPACE',''
  ) );
#2733 = PCURVE('',#1621,#2734);
#2734 = DEFINITIONAL_REPRESENTATION('',(#2735),#2739);
#2735 = LINE('',#2736,#2737);
#2736 = CARTESIAN_POINT('',(-0.,0.));
#2737 = VECTOR('',#2738,1.);
#2738 = DIRECTION('',(1.665334536938E-16,-1.));
#2739 = ( GEOMETRIC_REPRESENTATION_CONTEXT(2) 
PARAMETRIC_REPRESENTATION_CONTEXT() REPRESENTATION_CONTEXT('2D SPACE',''
  ) );
#2740 = ADVANCED_FACE('',(#2741),#1652,.F.);
#2741 = FACE_BOUND('',#2742,.F.);
#2742 = EDGE_LOOP('',(#2743,#2744,#2764,#2765));
#2743 = ORIENTED_EDGE('',*,*,#1633,.F.);
#2744 = ORIENTED_EDGE('',*,*,#2745,.T.);
#2745 = EDGE_CURVE('',#1606,#2236,#2746,.T.);
#2746 = SURFACE_CURVE('',#2747,(#2751,#2757),.PCURVE_S1.);
#2747 = LINE('',#2748,#2749);
#2748 = CARTESIAN_POINT('',(117.5671240405,-41.73605536823,
    -268.6647156687));
#2749 = VECTOR('',#2750,1.);
#2750 = DIRECTION('',(0.72870864057,-0.353733937542,-0.586392375965));
#2751 = PCURVE('',#1652,#2752);
#2752 = DEFINITIONAL_REPRESENTATION('',(#2753),#2756);
#2753 = B_SPLINE_CURVE_WITH_KNOTS('',1,(#2754,#2755),.UNSPECIFIED.,.F.,
  .F.,(2,2),(1.,3.),.PIECEWISE_BEZIER_KNOTS.);
#2754 = CARTESIAN_POINT('',(0.,-1.));
#2755 = CARTESIAN_POINT('',(0.,-3.));
#2756 = ( GEOMETRIC_REPRESENTATION_CONTEXT(2) 
PARAMETRIC_REPRESENTATION_CONTEXT() REPRESENTATION_CONTEXT('2D SPACE',''
  ) );
#2757 = PCURVE('',#1621,#2758);
#2758 = DEFINITIONAL_REPRESENTATION('',(#2759),#2763);
#2759 = LINE('',#2760,#2761);
#2760 = CARTESIAN_POINT('',(9.26,-1.554312234475E-14));
#2761 = VECTOR('',#2762,1.);
#2762 = DIRECTION('',(1.665334536938E-16,-1.));
#2763 = ( GEOMETRIC_REPRESENTATION_CONTEXT(2) 
PARAMETRIC_REPRESENTATION_CONTEXT() REPRESENTATION_CONTEXT('2D SPACE',''
  ) );
#2764 = ORIENTED_EDGE('',*,*,#2258,.T.);
#2765 = ORIENTED_EDGE('',*,*,#2674,.F.);
#2766 = ADVANCED_FACE('',(#2767),#1621,.F.);
#2767 = FACE_BOUND('',#2768,.F.);
#2768 = EDGE_LOOP('',(#2769,#2770,#2771,#2772));
#2769 = ORIENTED_EDGE('',*,*,#1605,.T.);
#2770 = ORIENTED_EDGE('',*,*,#2721,.T.);
#2771 = ORIENTED_EDGE('',*,*,#2235,.F.);
#2772 = ORIENTED_EDGE('',*,*,#2745,.F.);
#2773 = ADVANCED_FACE('',(#2774),#1683,.F.);
#2774 = FACE_BOUND('',#2775,.F.);
#2775 = EDGE_LOOP('',(#2776,#2777,#2797,#2798));
#2776 = ORIENTED_EDGE('',*,*,#1665,.T.);
#2777 = ORIENTED_EDGE('',*,*,#2778,.T.);
#2778 = EDGE_CURVE('',#1668,#2288,#2779,.T.);
#2779 = SURFACE_CURVE('',#2780,(#2784,#2791),.PCURVE_S1.);
#2780 = LINE('',#2781,#2782);
#2781 = CARTESIAN_POINT('',(132.07142079703,-36.16618030108,
    -254.0002130503));
#2782 = VECTOR('',#2783,1.);
#2783 = DIRECTION('',(0.72870864057,-0.353733937542,-0.586392375965));
#2784 = PCURVE('',#1683,#2785);
#2785 = DEFINITIONAL_REPRESENTATION('',(#2786),#2790);
#2786 = LINE('',#2787,#2788);
#2787 = CARTESIAN_POINT('',(0.,0.));
#2788 = VECTOR('',#2789,1.);
#2789 = DIRECTION('',(-1.665334536938E-16,-1.));
#2790 = ( GEOMETRIC_REPRESENTATION_CONTEXT(2) 
PARAMETRIC_REPRESENTATION_CONTEXT() REPRESENTATION_CONTEXT('2D SPACE',''
  ) );
#2791 = PCURVE('',#1774,#2792);
#2792 = DEFINITIONAL_REPRESENTATION('',(#2793),#2796);
#2793 = B_SPLINE_CURVE_WITH_KNOTS('',1,(#2794,#2795),.UNSPECIFIED.,.F.,
  .F.,(2,2),(1.,3.),.PIECEWISE_BEZIER_KNOTS.);
#2794 = CARTESIAN_POINT('',(3.14159265359,-1.));
#2795 = CARTESIAN_POINT('',(3.14159265359,-3.));
#2796 = ( GEOMETRIC_REPRESENTATION_CONTEXT(2) 
PARAMETRIC_REPRESENTATION_CONTEXT() REPRESENTATION_CONTEXT('2D SPACE',''
  ) );
#2797 = ORIENTED_EDGE('',*,*,#2285,.F.);
#2798 = ORIENTED_EDGE('',*,*,#2799,.F.);
#2799 = EDGE_CURVE('',#1666,#2286,#2800,.T.);
#2800 = SURFACE_CURVE('',#2801,(#2805,#2812),.PCURVE_S1.);
#2801 = LINE('',#2802,#2803);
#2802 = CARTESIAN_POINT('',(137.48323102757,-31.97118670292,
    -249.8055451564));
#2803 = VECTOR('',#2804,1.);
#2804 = DIRECTION('',(0.72870864057,-0.353733937542,-0.586392375965));
#2805 = PCURVE('',#1683,#2806);
#2806 = DEFINITIONAL_REPRESENTATION('',(#2807),#2811);
#2807 = LINE('',#2808,#2809);
#2808 = CARTESIAN_POINT('',(8.03,4.440892098501E-16));
#2809 = VECTOR('',#2810,1.);
#2810 = DIRECTION('',(-1.665334536938E-16,-1.));
#2811 = ( GEOMETRIC_REPRESENTATION_CONTEXT(2) 
PARAMETRIC_REPRESENTATION_CONTEXT() REPRESENTATION_CONTEXT('2D SPACE',''
  ) );
#2812 = PCURVE('',#1716,#2813);
#2813 = DEFINITIONAL_REPRESENTATION('',(#2814),#2817);
#2814 = B_SPLINE_CURVE_WITH_KNOTS('',1,(#2815,#2816),.UNSPECIFIED.,.F.,
  .F.,(2,2),(1.,3.),.PIECEWISE_BEZIER_KNOTS.);
#2815 = CARTESIAN_POINT('',(0.,-1.));
#2816 = CARTESIAN_POINT('',(0.,-3.));
#2817 = ( GEOMETRIC_REPRESENTATION_CONTEXT(2) 
PARAMETRIC_REPRESENTATION_CONTEXT() REPRESENTATION_CONTEXT('2D SPACE',''
  ) );
#2818 = ADVANCED_FACE('',(#2819),#1774,.F.);
#2819 = FACE_BOUND('',#2820,.F.);
#2820 = EDGE_LOOP('',(#2821,#2822,#2842,#2843));
#2821 = ORIENTED_EDGE('',*,*,#1755,.F.);
#2822 = ORIENTED_EDGE('',*,*,#2823,.T.);
#2823 = EDGE_CURVE('',#1728,#2338,#2824,.T.);
#2824 = SURFACE_CURVE('',#2825,(#2829,#2835),.PCURVE_S1.);
#2825 = LINE('',#2826,#2827);
#2826 = CARTESIAN_POINT('',(131.33112868459,-31.44120867747,
    -257.7704531945));
#2827 = VECTOR('',#2828,1.);
#2828 = DIRECTION('',(0.72870864057,-0.353733937542,-0.586392375965));
#2829 = PCURVE('',#1774,#2830);
#2830 = DEFINITIONAL_REPRESENTATION('',(#2831),#2834);
#2831 = B_SPLINE_CURVE_WITH_KNOTS('',1,(#2832,#2833),.UNSPECIFIED.,.F.,
  .F.,(2,2),(1.,3.),.PIECEWISE_BEZIER_KNOTS.);
#2832 = CARTESIAN_POINT('',(0.,-1.));
#2833 = CARTESIAN_POINT('',(0.,-3.));
#2834 = ( GEOMETRIC_REPRESENTATION_CONTEXT(2) 
PARAMETRIC_REPRESENTATION_CONTEXT() REPRESENTATION_CONTEXT('2D SPACE',''
  ) );
#2835 = PCURVE('',#1743,#2836);
#2836 = DEFINITIONAL_REPRESENTATION('',(#2837),#2841);
#2837 = LINE('',#2838,#2839);
#2838 = CARTESIAN_POINT('',(8.03,1.33226762955E-15));
#2839 = VECTOR('',#2840,1.);
#2840 = DIRECTION('',(1.665334536938E-16,-1.));
#2841 = ( GEOMETRIC_REPRESENTATION_CONTEXT(2) 
PARAMETRIC_REPRESENTATION_CONTEXT() REPRESENTATION_CONTEXT('2D SPACE',''
  ) );
#2842 = ORIENTED_EDGE('',*,*,#2360,.T.);
#2843 = ORIENTED_EDGE('',*,*,#2778,.F.);
#2844 = ADVANCED_FACE('',(#2845),#1743,.F.);
#2845 = FACE_BOUND('',#2846,.F.);
#2846 = EDGE_LOOP('',(#2847,#2848,#2868,#2869));
#2847 = ORIENTED_EDGE('',*,*,#1727,.T.);
#2848 = ORIENTED_EDGE('',*,*,#2849,.T.);
#2849 = EDGE_CURVE('',#1696,#2311,#2850,.T.);
#2850 = SURFACE_CURVE('',#2851,(#2855,#2862),.PCURVE_S1.);
#2851 = LINE('',#2852,#2853);
#2852 = CARTESIAN_POINT('',(136.74293891513,-27.24621507931,
    -253.5757853006));
#2853 = VECTOR('',#2854,1.);
#2854 = DIRECTION('',(0.72870864057,-0.353733937542,-0.586392375965));
#2855 = PCURVE('',#1743,#2856);
#2856 = DEFINITIONAL_REPRESENTATION('',(#2857),#2861);
#2857 = LINE('',#2858,#2859);
#2858 = CARTESIAN_POINT('',(-0.,0.));
#2859 = VECTOR('',#2860,1.);
#2860 = DIRECTION('',(1.665334536938E-16,-1.));
#2861 = ( GEOMETRIC_REPRESENTATION_CONTEXT(2) 
PARAMETRIC_REPRESENTATION_CONTEXT() REPRESENTATION_CONTEXT('2D SPACE',''
  ) );
#2862 = PCURVE('',#1716,#2863);
#2863 = DEFINITIONAL_REPRESENTATION('',(#2864),#2867);
#2864 = B_SPLINE_CURVE_WITH_KNOTS('',1,(#2865,#2866),.UNSPECIFIED.,.F.,
  .F.,(2,2),(1.,3.),.PIECEWISE_BEZIER_KNOTS.);
#2865 = CARTESIAN_POINT('',(3.14159265359,-1.));
#2866 = CARTESIAN_POINT('',(3.14159265359,-3.));
#2867 = ( GEOMETRIC_REPRESENTATION_CONTEXT(2) 
PARAMETRIC_REPRESENTATION_CONTEXT() REPRESENTATION_CONTEXT('2D SPACE',''
  ) );
#2868 = ORIENTED_EDGE('',*,*,#2337,.F.);
#2869 = ORIENTED_EDGE('',*,*,#2823,.F.);
#2870 = ADVANCED_FACE('',(#2871),#1716,.F.);
#2871 = FACE_BOUND('',#2872,.F.);
#2872 = EDGE_LOOP('',(#2873,#2874,#2875,#2876));
#2873 = ORIENTED_EDGE('',*,*,#1695,.F.);
#2874 = ORIENTED_EDGE('',*,*,#2799,.T.);
#2875 = ORIENTED_EDGE('',*,*,#2310,.T.);
#2876 = ORIENTED_EDGE('',*,*,#2849,.F.);
#2877 = ADVANCED_FACE('',(#2878),#1854,.T.);
#2878 = FACE_BOUND('',#2879,.T.);
#2879 = EDGE_LOOP('',(#2880,#2881,#2902,#2903));
#2880 = ORIENTED_EDGE('',*,*,#1836,.T.);
#2881 = ORIENTED_EDGE('',*,*,#2882,.T.);
#2882 = EDGE_CURVE('',#1839,#2417,#2883,.T.);
#2883 = SURFACE_CURVE('',#2884,(#2888,#2895),.PCURVE_S1.);
#2884 = LINE('',#2885,#2886);
#2885 = CARTESIAN_POINT('',(182.96773669809,-71.78500111956,
    -306.095248433));
#2886 = VECTOR('',#2887,1.);
#2887 = DIRECTION('',(-0.72870864057,0.353733937542,0.586392375965));
#2888 = PCURVE('',#1854,#2889);
#2889 = DEFINITIONAL_REPRESENTATION('',(#2890),#2894);
#2890 = LINE('',#2891,#2892);
#2891 = CARTESIAN_POINT('',(0.,0.));
#2892 = VECTOR('',#2893,1.);
#2893 = DIRECTION('',(5.551115123126E-17,-1.));
#2894 = ( GEOMETRIC_REPRESENTATION_CONTEXT(2) 
PARAMETRIC_REPRESENTATION_CONTEXT() REPRESENTATION_CONTEXT('2D SPACE',''
  ) );
#2895 = PCURVE('',#1882,#2896);
#2896 = DEFINITIONAL_REPRESENTATION('',(#2897),#2901);
#2897 = LINE('',#2898,#2899);
#2898 = CARTESIAN_POINT('',(6.44,-3.774758283726E-15));
#2899 = VECTOR('',#2900,1.);
#2900 = DIRECTION('',(-1.665334536938E-16,-1.));
#2901 = ( GEOMETRIC_REPRESENTATION_CONTEXT(2) 
PARAMETRIC_REPRESENTATION_CONTEXT() REPRESENTATION_CONTEXT('2D SPACE',''
  ) );
#2902 = ORIENTED_EDGE('',*,*,#2414,.F.);
#2903 = ORIENTED_EDGE('',*,*,#2904,.F.);
#2904 = EDGE_CURVE('',#1837,#2415,#2905,.T.);
#2905 = SURFACE_CURVE('',#2906,(#2910,#2917),.PCURVE_S1.);
#2906 = LINE('',#2907,#2908);
#2907 = CARTESIAN_POINT('',(184.9029502334,-84.13665107815,
    -296.2393825719));
#2908 = VECTOR('',#2909,1.);
#2909 = DIRECTION('',(-0.72870864057,0.353733937542,0.586392375965));
#2910 = PCURVE('',#1854,#2911);
#2911 = DEFINITIONAL_REPRESENTATION('',(#2912),#2916);
#2912 = LINE('',#2913,#2914);
#2913 = CARTESIAN_POINT('',(15.92,2.13162820728E-14));
#2914 = VECTOR('',#2915,1.);
#2915 = DIRECTION('',(5.551115123126E-17,-1.));
#2916 = ( GEOMETRIC_REPRESENTATION_CONTEXT(2) 
PARAMETRIC_REPRESENTATION_CONTEXT() REPRESENTATION_CONTEXT('2D SPACE',''
  ) );
#2917 = PCURVE('',#1936,#2918);
#2918 = DEFINITIONAL_REPRESENTATION('',(#2919),#2923);
#2919 = LINE('',#2920,#2921);
#2920 = CARTESIAN_POINT('',(0.,0.));
#2921 = VECTOR('',#2922,1.);
#2922 = DIRECTION('',(1.665334536938E-16,-1.));
#2923 = ( GEOMETRIC_REPRESENTATION_CONTEXT(2) 
PARAMETRIC_REPRESENTATION_CONTEXT() REPRESENTATION_CONTEXT('2D SPACE',''
  ) );
#2924 = ADVANCED_FACE('',(#2925),#1936,.T.);
#2925 = FACE_BOUND('',#2926,.T.);
#2926 = EDGE_LOOP('',(#2927,#2928,#2929,#2930));
#2927 = ORIENTED_EDGE('',*,*,#1922,.T.);
#2928 = ORIENTED_EDGE('',*,*,#2904,.T.);
#2929 = ORIENTED_EDGE('',*,*,#2485,.F.);
#2930 = ORIENTED_EDGE('',*,*,#2931,.F.);
#2931 = EDGE_CURVE('',#1895,#2463,#2932,.T.);
#2932 = SURFACE_CURVE('',#2933,(#2937,#2944),.PCURVE_S1.);
#2933 = LINE('',#2934,#2935);
#2934 = CARTESIAN_POINT('',(189.24318160136,-80.77229755733,
    -292.8752902634));
#2935 = VECTOR('',#2936,1.);
#2936 = DIRECTION('',(-0.72870864057,0.353733937542,0.586392375965));
#2937 = PCURVE('',#1936,#2938);
#2938 = DEFINITIONAL_REPRESENTATION('',(#2939),#2943);
#2939 = LINE('',#2940,#2941);
#2940 = CARTESIAN_POINT('',(6.44,-1.665334536938E-14));
#2941 = VECTOR('',#2942,1.);
#2942 = DIRECTION('',(1.665334536938E-16,-1.));
#2943 = ( GEOMETRIC_REPRESENTATION_CONTEXT(2) 
PARAMETRIC_REPRESENTATION_CONTEXT() REPRESENTATION_CONTEXT('2D SPACE',''
  ) );
#2944 = PCURVE('',#1910,#2945);
#2945 = DEFINITIONAL_REPRESENTATION('',(#2946),#2950);
#2946 = LINE('',#2947,#2948);
#2947 = CARTESIAN_POINT('',(0.,0.));
#2948 = VECTOR('',#2949,1.);
#2949 = DIRECTION('',(-5.551115123126E-17,-1.));
#2950 = ( GEOMETRIC_REPRESENTATION_CONTEXT(2) 
PARAMETRIC_REPRESENTATION_CONTEXT() REPRESENTATION_CONTEXT('2D SPACE',''
  ) );
#2951 = ADVANCED_FACE('',(#2952),#1910,.T.);
#2952 = FACE_BOUND('',#2953,.T.);
#2953 = EDGE_LOOP('',(#2954,#2955,#2956,#2957));
#2954 = ORIENTED_EDGE('',*,*,#1894,.T.);
#2955 = ORIENTED_EDGE('',*,*,#2931,.T.);
#2956 = ORIENTED_EDGE('',*,*,#2462,.F.);
#2957 = ORIENTED_EDGE('',*,*,#2958,.F.);
#2958 = EDGE_CURVE('',#1867,#2440,#2959,.T.);
#2959 = SURFACE_CURVE('',#2960,(#2964,#2971),.PCURVE_S1.);
#2960 = LINE('',#2961,#2962);
#2961 = CARTESIAN_POINT('',(187.30796806605,-68.42064759875,
    -302.7311561246));
#2962 = VECTOR('',#2963,1.);
#2963 = DIRECTION('',(-0.72870864057,0.353733937542,0.586392375965));
#2964 = PCURVE('',#1910,#2965);
#2965 = DEFINITIONAL_REPRESENTATION('',(#2966),#2970);
#2966 = LINE('',#2967,#2968);
#2967 = CARTESIAN_POINT('',(15.92,4.440892098501E-15));
#2968 = VECTOR('',#2969,1.);
#2969 = DIRECTION('',(-5.551115123126E-17,-1.));
#2970 = ( GEOMETRIC_REPRESENTATION_CONTEXT(2) 
PARAMETRIC_REPRESENTATION_CONTEXT() REPRESENTATION_CONTEXT('2D SPACE',''
  ) );
#2971 = PCURVE('',#1882,#2972);
#2972 = DEFINITIONAL_REPRESENTATION('',(#2973),#2977);
#2973 = LINE('',#2974,#2975);
#2974 = CARTESIAN_POINT('',(-0.,0.));
#2975 = VECTOR('',#2976,1.);
#2976 = DIRECTION('',(-1.665334536938E-16,-1.));
#2977 = ( GEOMETRIC_REPRESENTATION_CONTEXT(2) 
PARAMETRIC_REPRESENTATION_CONTEXT() REPRESENTATION_CONTEXT('2D SPACE',''
  ) );
#2978 = ADVANCED_FACE('',(#2979),#1882,.T.);
#2979 = FACE_BOUND('',#2980,.T.);
#2980 = EDGE_LOOP('',(#2981,#2982,#2983,#2984));
#2981 = ORIENTED_EDGE('',*,*,#1866,.T.);
#2982 = ORIENTED_EDGE('',*,*,#2958,.T.);
#2983 = ORIENTED_EDGE('',*,*,#2439,.F.);
#2984 = ORIENTED_EDGE('',*,*,#2882,.F.);
#2985 = ADVANCED_FACE('',(#2986),#1971,.F.);
#2986 = FACE_BOUND('',#2987,.T.);
#2987 = EDGE_LOOP('',(#2988,#2989,#3008,#3009));
#2988 = ORIENTED_EDGE('',*,*,#1950,.T.);
#2989 = ORIENTED_EDGE('',*,*,#2990,.T.);
#2990 = EDGE_CURVE('',#1951,#2509,#2991,.T.);
#2991 = SEAM_CURVE('',#2992,(#2996,#3002),.PCURVE_S1.);
#2992 = LINE('',#2993,#2994);
#2993 = CARTESIAN_POINT('',(177.32219112972,-80.51803219294,
    -307.8428638696));
#2994 = VECTOR('',#2995,1.);
#2995 = DIRECTION('',(-0.72870864057,0.353733937542,0.586392375965));
#2996 = PCURVE('',#1971,#2997);
#2997 = DEFINITIONAL_REPRESENTATION('',(#2998),#3001);
#2998 = B_SPLINE_CURVE_WITH_KNOTS('',1,(#2999,#3000),.UNSPECIFIED.,.F.,
  .F.,(2,2),(1.,3.),.PIECEWISE_BEZIER_KNOTS.);
#2999 = CARTESIAN_POINT('',(-6.28318530718,-1.));
#3000 = CARTESIAN_POINT('',(-6.28318530718,-3.));
#3001 = ( GEOMETRIC_REPRESENTATION_CONTEXT(2) 
PARAMETRIC_REPRESENTATION_CONTEXT() REPRESENTATION_CONTEXT('2D SPACE',''
  ) );
#3002 = PCURVE('',#1971,#3003);
#3003 = DEFINITIONAL_REPRESENTATION('',(#3004),#3007);
#3004 = B_SPLINE_CURVE_WITH_KNOTS('',1,(#3005,#3006),.UNSPECIFIED.,.F.,
  .F.,(2,2),(1.,3.),.PIECEWISE_BEZIER_KNOTS.);
#3005 = CARTESIAN_POINT('',(0.,-1.));
#3006 = CARTESIAN_POINT('',(0.,-3.));
#3007 = ( GEOMETRIC_REPRESENTATION_CONTEXT(2) 
PARAMETRIC_REPRESENTATION_CONTEXT() REPRESENTATION_CONTEXT('2D SPACE',''
  ) );
#3008 = ORIENTED_EDGE('',*,*,#2508,.F.);
#3009 = ORIENTED_EDGE('',*,*,#2990,.F.);
#3010 = ADVANCED_FACE('',(#3011),#2002,.F.);
#3011 = FACE_BOUND('',#3012,.F.);
#3012 = EDGE_LOOP('',(#3013,#3014,#3034,#3035));
#3013 = ORIENTED_EDGE('',*,*,#1984,.T.);
#3014 = ORIENTED_EDGE('',*,*,#3015,.T.);
#3015 = EDGE_CURVE('',#1987,#2540,#3016,.T.);
#3016 = SURFACE_CURVE('',#3017,(#3021,#3028),.PCURVE_S1.);
#3017 = LINE('',#3018,#3019);
#3018 = CARTESIAN_POINT('',(196.87678762431,-64.80117491816,
    -293.0234051334));
#3019 = VECTOR('',#3020,1.);
#3020 = DIRECTION('',(-0.72870864057,0.353733937542,0.586392375965));
#3021 = PCURVE('',#2002,#3022);
#3022 = DEFINITIONAL_REPRESENTATION('',(#3023),#3027);
#3023 = LINE('',#3024,#3025);
#3024 = CARTESIAN_POINT('',(0.,0.));
#3025 = VECTOR('',#3026,1.);
#3026 = DIRECTION('',(5.551115123126E-17,-1.));
#3027 = ( GEOMETRIC_REPRESENTATION_CONTEXT(2) 
PARAMETRIC_REPRESENTATION_CONTEXT() REPRESENTATION_CONTEXT('2D SPACE',''
  ) );
#3028 = PCURVE('',#2093,#3029);
#3029 = DEFINITIONAL_REPRESENTATION('',(#3030),#3033);
#3030 = B_SPLINE_CURVE_WITH_KNOTS('',1,(#3031,#3032),.UNSPECIFIED.,.F.,
  .F.,(2,2),(1.,3.),.PIECEWISE_BEZIER_KNOTS.);
#3031 = CARTESIAN_POINT('',(3.14159265359,-1.));
#3032 = CARTESIAN_POINT('',(3.14159265359,-3.));
#3033 = ( GEOMETRIC_REPRESENTATION_CONTEXT(2) 
PARAMETRIC_REPRESENTATION_CONTEXT() REPRESENTATION_CONTEXT('2D SPACE',''
  ) );
#3034 = ORIENTED_EDGE('',*,*,#2537,.F.);
#3035 = ORIENTED_EDGE('',*,*,#3036,.F.);
#3036 = EDGE_CURVE('',#1985,#2538,#3037,.T.);
#3037 = SURFACE_CURVE('',#3038,(#3042,#3049),.PCURVE_S1.);
#3038 = LINE('',#3039,#3040);
#3039 = CARTESIAN_POINT('',(198.35858743558,-74.25887673946,
    -285.4767339746));
#3040 = VECTOR('',#3041,1.);
#3041 = DIRECTION('',(-0.72870864057,0.353733937542,0.586392375965));
#3042 = PCURVE('',#2002,#3043);
#3043 = DEFINITIONAL_REPRESENTATION('',(#3044),#3048);
#3044 = LINE('',#3045,#3046);
#3045 = CARTESIAN_POINT('',(12.19,1.7763568394E-14));
#3046 = VECTOR('',#3047,1.);
#3047 = DIRECTION('',(5.551115123126E-17,-1.));
#3048 = ( GEOMETRIC_REPRESENTATION_CONTEXT(2) 
PARAMETRIC_REPRESENTATION_CONTEXT() REPRESENTATION_CONTEXT('2D SPACE',''
  ) );
#3049 = PCURVE('',#2035,#3050);
#3050 = DEFINITIONAL_REPRESENTATION('',(#3051),#3054);
#3051 = B_SPLINE_CURVE_WITH_KNOTS('',1,(#3052,#3053),.UNSPECIFIED.,.F.,
  .F.,(2,2),(1.,3.),.PIECEWISE_BEZIER_KNOTS.);
#3052 = CARTESIAN_POINT('',(0.,-1.));
#3053 = CARTESIAN_POINT('',(0.,-3.));
#3054 = ( GEOMETRIC_REPRESENTATION_CONTEXT(2) 
PARAMETRIC_REPRESENTATION_CONTEXT() REPRESENTATION_CONTEXT('2D SPACE',''
  ) );
#3055 = ADVANCED_FACE('',(#3056),#2035,.F.);
#3056 = FACE_BOUND('',#3057,.F.);
#3057 = EDGE_LOOP('',(#3058,#3059,#3060,#3061));
#3058 = ORIENTED_EDGE('',*,*,#2014,.F.);
#3059 = ORIENTED_EDGE('',*,*,#3036,.T.);
#3060 = ORIENTED_EDGE('',*,*,#2562,.T.);
#3061 = ORIENTED_EDGE('',*,*,#3062,.F.);
#3062 = EDGE_CURVE('',#2015,#2563,#3063,.T.);
#3063 = SURFACE_CURVE('',#3064,(#3068,#3074),.PCURVE_S1.);
#3064 = LINE('',#3065,#3066);
#3065 = CARTESIAN_POINT('',(194.41598596003,-77.31500532592,
    -288.5326252796));
#3066 = VECTOR('',#3067,1.);
#3067 = DIRECTION('',(-0.72870864057,0.353733937542,0.586392375965));
#3068 = PCURVE('',#2035,#3069);
#3069 = DEFINITIONAL_REPRESENTATION('',(#3070),#3073);
#3070 = B_SPLINE_CURVE_WITH_KNOTS('',1,(#3071,#3072),.UNSPECIFIED.,.F.,
  .F.,(2,2),(1.,3.),.PIECEWISE_BEZIER_KNOTS.);
#3071 = CARTESIAN_POINT('',(3.14159265359,-1.));
#3072 = CARTESIAN_POINT('',(3.14159265359,-3.));
#3073 = ( GEOMETRIC_REPRESENTATION_CONTEXT(2) 
PARAMETRIC_REPRESENTATION_CONTEXT() REPRESENTATION_CONTEXT('2D SPACE',''
  ) );
#3074 = PCURVE('',#2062,#3075);
#3075 = DEFINITIONAL_REPRESENTATION('',(#3076),#3080);
#3076 = LINE('',#3077,#3078);
#3077 = CARTESIAN_POINT('',(0.,0.));
#3078 = VECTOR('',#3079,1.);
#3079 = DIRECTION('',(-5.551115123126E-17,-1.));
#3080 = ( GEOMETRIC_REPRESENTATION_CONTEXT(2) 
PARAMETRIC_REPRESENTATION_CONTEXT() REPRESENTATION_CONTEXT('2D SPACE',''
  ) );
#3081 = ADVANCED_FACE('',(#3082),#2093,.F.);
#3082 = FACE_BOUND('',#3083,.F.);
#3083 = EDGE_LOOP('',(#3084,#3085,#3105,#3106));
#3084 = ORIENTED_EDGE('',*,*,#2074,.F.);
#3085 = ORIENTED_EDGE('',*,*,#3086,.T.);
#3086 = EDGE_CURVE('',#2047,#2590,#3087,.T.);
#3087 = SURFACE_CURVE('',#3088,(#3092,#3098),.PCURVE_S1.);
#3088 = LINE('',#3089,#3090);
#3089 = CARTESIAN_POINT('',(192.93418614876,-67.85730350461,
    -296.0792964384));
#3090 = VECTOR('',#3091,1.);
#3091 = DIRECTION('',(-0.72870864057,0.353733937542,0.586392375965));
#3092 = PCURVE('',#2093,#3093);
#3093 = DEFINITIONAL_REPRESENTATION('',(#3094),#3097);
#3094 = B_SPLINE_CURVE_WITH_KNOTS('',1,(#3095,#3096),.UNSPECIFIED.,.F.,
  .F.,(2,2),(1.,3.),.PIECEWISE_BEZIER_KNOTS.);
#3095 = CARTESIAN_POINT('',(0.,-1.));
#3096 = CARTESIAN_POINT('',(0.,-3.));
#3097 = ( GEOMETRIC_REPRESENTATION_CONTEXT(2) 
PARAMETRIC_REPRESENTATION_CONTEXT() REPRESENTATION_CONTEXT('2D SPACE',''
  ) );
#3098 = PCURVE('',#2062,#3099);
#3099 = DEFINITIONAL_REPRESENTATION('',(#3100),#3104);
#3100 = LINE('',#3101,#3102);
#3101 = CARTESIAN_POINT('',(12.19,-1.7763568394E-14));
#3102 = VECTOR('',#3103,1.);
#3103 = DIRECTION('',(-5.551115123126E-17,-1.));
#3104 = ( GEOMETRIC_REPRESENTATION_CONTEXT(2) 
PARAMETRIC_REPRESENTATION_CONTEXT() REPRESENTATION_CONTEXT('2D SPACE',''
  ) );
#3105 = ORIENTED_EDGE('',*,*,#2612,.T.);
#3106 = ORIENTED_EDGE('',*,*,#3015,.F.);
#3107 = ADVANCED_FACE('',(#3108),#2062,.F.);
#3108 = FACE_BOUND('',#3109,.F.);
#3109 = EDGE_LOOP('',(#3110,#3111,#3112,#3113));
#3110 = ORIENTED_EDGE('',*,*,#2046,.T.);
#3111 = ORIENTED_EDGE('',*,*,#3062,.T.);
#3112 = ORIENTED_EDGE('',*,*,#2589,.F.);
#3113 = ORIENTED_EDGE('',*,*,#3086,.F.);
#3114 = ADVANCED_FACE('',(#3115),#809,.F.);
#3115 = FACE_BOUND('',#3116,.F.);
#3116 = EDGE_LOOP('',(#3117,#3137,#3138,#3139));
#3117 = ORIENTED_EDGE('',*,*,#3118,.T.);
#3118 = EDGE_CURVE('',#761,#1443,#3119,.T.);
#3119 = SURFACE_CURVE('',#3120,(#3124,#3130),.PCURVE_S1.);
#3120 = LINE('',#3121,#3122);
#3121 = CARTESIAN_POINT('',(118.26218925097,-61.73431655707,
    -265.9693127888));
#3122 = VECTOR('',#3123,1.);
#3123 = DIRECTION('',(0.67394897018,0.522415142984,0.522374582053));
#3124 = PCURVE('',#809,#3125);
#3125 = DEFINITIONAL_REPRESENTATION('',(#3126),#3129);
#3126 = B_SPLINE_CURVE_WITH_KNOTS('',1,(#3127,#3128),.UNSPECIFIED.,.F.,
  .F.,(2,2),(0.,50.800673416912),.PIECEWISE_BEZIER_KNOTS.);
#3127 = CARTESIAN_POINT('',(0.,0.));
#3128 = CARTESIAN_POINT('',(0.,-50.80067341691));
#3129 = ( GEOMETRIC_REPRESENTATION_CONTEXT(2) 
PARAMETRIC_REPRESENTATION_CONTEXT() REPRESENTATION_CONTEXT('2D SPACE',''
  ) );
#3130 = PCURVE('',#776,#3131);
#3131 = DEFINITIONAL_REPRESENTATION('',(#3132),#3136);
#3132 = LINE('',#3133,#3134);
#3133 = CARTESIAN_POINT('',(-25.40033670845,-15.11883211858));
#3134 = VECTOR('',#3135,1.);
#3135 = DIRECTION('',(1.,-1.665334536938E-16));
#3136 = ( GEOMETRIC_REPRESENTATION_CONTEXT(2) 
PARAMETRIC_REPRESENTATION_CONTEXT() REPRESENTATION_CONTEXT('2D SPACE',''
  ) );
#3137 = ORIENTED_EDGE('',*,*,#1465,.T.);
#3138 = ORIENTED_EDGE('',*,*,#2159,.T.);
#3139 = ORIENTED_EDGE('',*,*,#788,.F.);
#3140 = ADVANCED_FACE('',(#3141,#3167),#720,.F.);
#3141 = FACE_BOUND('',#3142,.F.);
#3142 = EDGE_LOOP('',(#3143,#3144,#3165,#3166));
#3143 = ORIENTED_EDGE('',*,*,#1396,.T.);
#3144 = ORIENTED_EDGE('',*,*,#3145,.T.);
#3145 = EDGE_CURVE('',#1397,#705,#3146,.T.);
#3146 = SURFACE_CURVE('',#3147,(#3151,#3158),.PCURVE_S1.);
#3147 = LINE('',#3148,#3149);
#3148 = CARTESIAN_POINT('',(174.77681526331,-47.44307834192,
    -255.9252939171));
#3149 = VECTOR('',#3150,1.);
#3150 = DIRECTION('',(-0.67394897018,-0.522415142984,-0.522374582053));
#3151 = PCURVE('',#720,#3152);
#3152 = DEFINITIONAL_REPRESENTATION('',(#3153),#3157);
#3153 = LINE('',#3154,#3155);
#3154 = CARTESIAN_POINT('',(25.400336708456,15.118832118586));
#3155 = VECTOR('',#3156,1.);
#3156 = DIRECTION('',(-1.,1.665334536938E-16));
#3157 = ( GEOMETRIC_REPRESENTATION_CONTEXT(2) 
PARAMETRIC_REPRESENTATION_CONTEXT() REPRESENTATION_CONTEXT('2D SPACE',''
  ) );
#3158 = PCURVE('',#748,#3159);
#3159 = DEFINITIONAL_REPRESENTATION('',(#3160),#3164);
#3160 = LINE('',#3161,#3162);
#3161 = CARTESIAN_POINT('',(-0.,0.));
#3162 = VECTOR('',#3163,1.);
#3163 = DIRECTION('',(1.,-1.110223024625E-16));
#3164 = ( GEOMETRIC_REPRESENTATION_CONTEXT(2) 
PARAMETRIC_REPRESENTATION_CONTEXT() REPRESENTATION_CONTEXT('2D SPACE',''
  ) );
#3165 = ORIENTED_EDGE('',*,*,#704,.T.);
#3166 = ORIENTED_EDGE('',*,*,#2649,.T.);
#3167 = FACE_BOUND('',#3168,.F.);
#3168 = EDGE_LOOP('',(#3169,#3199,#3227,#3255));
#3169 = ORIENTED_EDGE('',*,*,#3170,.T.);
#3170 = EDGE_CURVE('',#3171,#3173,#3175,.T.);
#3171 = VERTEX_POINT('',#3172);
#3172 = CARTESIAN_POINT('',(150.50661580908,-56.73804925039,
    -262.8085256396));
#3173 = VERTEX_POINT('',#3174);
#3174 = CARTESIAN_POINT('',(142.51268202203,-52.85758795556,
    -256.3758012753));
#3175 = SURFACE_CURVE('',#3176,(#3180,#3187),.PCURVE_S1.);
#3176 = LINE('',#3177,#3178);
#3177 = CARTESIAN_POINT('',(144.77636100464,-53.95643602084,
    -258.197385408));
#3178 = VECTOR('',#3179,1.);
#3179 = DIRECTION('',(-0.72870864057,0.353733937542,0.586392375965));
#3180 = PCURVE('',#720,#3181);
#3181 = DEFINITIONAL_REPRESENTATION('',(#3182),#3186);
#3182 = LINE('',#3183,#3184);
#3183 = CARTESIAN_POINT('',(0.592001929834,-3.106425334599));
#3184 = VECTOR('',#3185,1.);
#3185 = DIRECTION('',(1.665334536938E-16,-1.));
#3186 = ( GEOMETRIC_REPRESENTATION_CONTEXT(2) 
PARAMETRIC_REPRESENTATION_CONTEXT() REPRESENTATION_CONTEXT('2D SPACE',''
  ) );
#3187 = PCURVE('',#3188,#3193);
#3188 = PLANE('',#3189);
#3189 = AXIS2_PLACEMENT_3D('',#3190,#3191,#3192);
#3190 = CARTESIAN_POINT('',(142.63424066119,-53.63344536502,
    -255.7567142237));
#3191 = DIRECTION('',(-0.67394897018,-0.522415142984,-0.522374582053));
#3192 = DIRECTION('',(0.72870864057,-0.353733937542,-0.586392375965));
#3193 = DEFINITIONAL_REPRESENTATION('',(#3194),#3198);
#3194 = LINE('',#3195,#3196);
#3195 = CARTESIAN_POINT('',(3.106425334599,-1.));
#3196 = VECTOR('',#3197,1.);
#3197 = DIRECTION('',(-1.,5.551115123126E-17));
#3198 = ( GEOMETRIC_REPRESENTATION_CONTEXT(2) 
PARAMETRIC_REPRESENTATION_CONTEXT() REPRESENTATION_CONTEXT('2D SPACE',''
  ) );
#3199 = ORIENTED_EDGE('',*,*,#3200,.T.);
#3200 = EDGE_CURVE('',#3173,#3201,#3203,.T.);
#3201 = VERTEX_POINT('',#3202);
#3202 = CARTESIAN_POINT('',(132.45062389725,-60.6572460403,
    -264.1748537853));
#3203 = SURFACE_CURVE('',#3204,(#3208,#3215),.PCURVE_S1.);
#3204 = LINE('',#3205,#3206);
#3205 = CARTESIAN_POINT('',(137.28216341416,-56.91205238434,
    -260.4299509106));
#3206 = VECTOR('',#3207,1.);
#3207 = DIRECTION('',(-0.67394897018,-0.522415142984,-0.522374582053));
#3208 = PCURVE('',#720,#3209);
#3209 = DEFINITIONAL_REPRESENTATION('',(#3210),#3214);
#3210 = LINE('',#3211,#3212);
#3211 = CARTESIAN_POINT('',(-7.168999035083,-6.212850669199));
#3212 = VECTOR('',#3213,1.);
#3213 = DIRECTION('',(-1.,1.665334536938E-16));
#3214 = ( GEOMETRIC_REPRESENTATION_CONTEXT(2) 
PARAMETRIC_REPRESENTATION_CONTEXT() REPRESENTATION_CONTEXT('2D SPACE',''
  ) );
#3215 = PCURVE('',#3216,#3221);
#3216 = PLANE('',#3217);
#3217 = AXIS2_PLACEMENT_3D('',#3218,#3219,#3220);
#3218 = CARTESIAN_POINT('',(132.5721825364,-61.43310344976,
    -263.5557667338));
#3219 = DIRECTION('',(0.72870864057,-0.353733937542,-0.586392375965));
#3220 = DIRECTION('',(0.67394897018,0.522415142984,0.522374582053));
#3221 = DEFINITIONAL_REPRESENTATION('',(#3222),#3226);
#3222 = LINE('',#3223,#3224);
#3223 = CARTESIAN_POINT('',(7.168999035083,-1.));
#3224 = VECTOR('',#3225,1.);
#3225 = DIRECTION('',(-1.,-1.110223024625E-16));
#3226 = ( GEOMETRIC_REPRESENTATION_CONTEXT(2) 
PARAMETRIC_REPRESENTATION_CONTEXT() REPRESENTATION_CONTEXT('2D SPACE',''
  ) );
#3227 = ORIENTED_EDGE('',*,*,#3228,.T.);
#3228 = EDGE_CURVE('',#3201,#3229,#3231,.T.);
#3229 = VERTEX_POINT('',#3230);
#3230 = CARTESIAN_POINT('',(140.4445576843,-64.53770733514,
    -270.6075781497));
#3231 = SURFACE_CURVE('',#3232,(#3236,#3243),.PCURVE_S1.);
#3232 = LINE('',#3233,#3234);
#3233 = CARTESIAN_POINT('',(138.71126977338,-63.69632475301,
    -269.2128001002));
#3234 = VECTOR('',#3235,1.);
#3235 = DIRECTION('',(0.72870864057,-0.353733937542,-0.586392375965));
#3236 = PCURVE('',#720,#3237);
#3237 = DEFINITIONAL_REPRESENTATION('',(#3238),#3242);
#3238 = LINE('',#3239,#3240);
#3239 = CARTESIAN_POINT('',(-14.33799807016,2.378574665401));
#3240 = VECTOR('',#3241,1.);
#3241 = DIRECTION('',(-1.665334536938E-16,1.));
#3242 = ( GEOMETRIC_REPRESENTATION_CONTEXT(2) 
PARAMETRIC_REPRESENTATION_CONTEXT() REPRESENTATION_CONTEXT('2D SPACE',''
  ) );
#3243 = PCURVE('',#3244,#3249);
#3244 = PLANE('',#3245);
#3245 = AXIS2_PLACEMENT_3D('',#3246,#3247,#3248);
#3246 = CARTESIAN_POINT('',(140.56611632345,-65.3135647446,
    -269.9884910981));
#3247 = DIRECTION('',(0.67394897018,0.522415142984,0.522374582053));
#3248 = DIRECTION('',(-0.72870864057,0.353733937542,0.586392375965));
#3249 = DEFINITIONAL_REPRESENTATION('',(#3250),#3254);
#3250 = LINE('',#3251,#3252);
#3251 = CARTESIAN_POINT('',(2.378574665401,-1.));
#3252 = VECTOR('',#3253,1.);
#3253 = DIRECTION('',(-1.,-5.551115123126E-17));
#3254 = ( GEOMETRIC_REPRESENTATION_CONTEXT(2) 
PARAMETRIC_REPRESENTATION_CONTEXT() REPRESENTATION_CONTEXT('2D SPACE',''
  ) );
#3255 = ORIENTED_EDGE('',*,*,#3256,.T.);
#3256 = EDGE_CURVE('',#3229,#3171,#3257,.T.);
#3257 = SURFACE_CURVE('',#3258,(#3262,#3269),.PCURVE_S1.);
#3258 = LINE('',#3259,#3260);
#3259 = CARTESIAN_POINT('',(150.30712626361,-56.8926846368,-262.96314902
    ));
#3260 = VECTOR('',#3261,1.);
#3261 = DIRECTION('',(0.67394897018,0.522415142984,0.522374582053));
#3262 = PCURVE('',#720,#3263);
#3263 = DEFINITIONAL_REPRESENTATION('',(#3264),#3268);
#3264 = LINE('',#3265,#3266);
#3265 = CARTESIAN_POINT('',(0.296000964917,4.757149330801));
#3266 = VECTOR('',#3267,1.);
#3267 = DIRECTION('',(1.,-1.665334536938E-16));
#3268 = ( GEOMETRIC_REPRESENTATION_CONTEXT(2) 
PARAMETRIC_REPRESENTATION_CONTEXT() REPRESENTATION_CONTEXT('2D SPACE',''
  ) );
#3269 = PCURVE('',#3270,#3275);
#3270 = PLANE('',#3271);
#3271 = AXIS2_PLACEMENT_3D('',#3272,#3273,#3274);
#3272 = CARTESIAN_POINT('',(150.62817444824,-57.51390665985,
    -262.189438588));
#3273 = DIRECTION('',(-0.72870864057,0.353733937542,0.586392375965));
#3274 = DIRECTION('',(-0.67394897018,-0.522415142984,-0.522374582053));
#3275 = DEFINITIONAL_REPRESENTATION('',(#3276),#3280);
#3276 = LINE('',#3277,#3278);
#3277 = CARTESIAN_POINT('',(0.296000964917,-1.));
#3278 = VECTOR('',#3279,1.);
#3279 = DIRECTION('',(-1.,1.110223024625E-16));
#3280 = ( GEOMETRIC_REPRESENTATION_CONTEXT(2) 
PARAMETRIC_REPRESENTATION_CONTEXT() REPRESENTATION_CONTEXT('2D SPACE',''
  ) );
#3281 = ADVANCED_FACE('',(#3282,#3308),#776,.T.);
#3282 = FACE_BOUND('',#3283,.T.);
#3283 = EDGE_LOOP('',(#3284,#3285,#3306,#3307));
#3284 = ORIENTED_EDGE('',*,*,#1442,.T.);
#3285 = ORIENTED_EDGE('',*,*,#3286,.T.);
#3286 = EDGE_CURVE('',#1420,#733,#3287,.T.);
#3287 = SURFACE_CURVE('',#3288,(#3292,#3299),.PCURVE_S1.);
#3288 = LINE('',#3289,#3290);
#3289 = CARTESIAN_POINT('',(174.533697985,-45.891363523,-257.1634680203)
  );
#3290 = VECTOR('',#3291,1.);
#3291 = DIRECTION('',(-0.67394897018,-0.522415142984,-0.522374582053));
#3292 = PCURVE('',#776,#3293);
#3293 = DEFINITIONAL_REPRESENTATION('',(#3294),#3298);
#3294 = LINE('',#3295,#3296);
#3295 = CARTESIAN_POINT('',(25.400336708456,15.118832118586));
#3296 = VECTOR('',#3297,1.);
#3297 = DIRECTION('',(-1.,1.665334536938E-16));
#3298 = ( GEOMETRIC_REPRESENTATION_CONTEXT(2) 
PARAMETRIC_REPRESENTATION_CONTEXT() REPRESENTATION_CONTEXT('2D SPACE',''
  ) );
#3299 = PCURVE('',#748,#3300);
#3300 = DEFINITIONAL_REPRESENTATION('',(#3301),#3305);
#3301 = LINE('',#3302,#3303);
#3302 = CARTESIAN_POINT('',(6.994405055138E-15,-2.));
#3303 = VECTOR('',#3304,1.);
#3304 = DIRECTION('',(1.,-1.110223024625E-16));
#3305 = ( GEOMETRIC_REPRESENTATION_CONTEXT(2) 
PARAMETRIC_REPRESENTATION_CONTEXT() REPRESENTATION_CONTEXT('2D SPACE',''
  ) );
#3306 = ORIENTED_EDGE('',*,*,#760,.T.);
#3307 = ORIENTED_EDGE('',*,*,#3118,.T.);
#3308 = FACE_BOUND('',#3309,.T.);
#3309 = EDGE_LOOP('',(#3310,#3335,#3358,#3381));
#3310 = ORIENTED_EDGE('',*,*,#3311,.T.);
#3311 = EDGE_CURVE('',#3312,#3314,#3316,.T.);
#3312 = VERTEX_POINT('',#3313);
#3313 = CARTESIAN_POINT('',(150.26349853078,-55.18633443148,
    -264.0466997428));
#3314 = VERTEX_POINT('',#3315);
#3315 = CARTESIAN_POINT('',(142.26956474373,-51.30587313664,
    -257.6139753784));
#3316 = SURFACE_CURVE('',#3317,(#3321,#3328),.PCURVE_S1.);
#3317 = LINE('',#3318,#3319);
#3318 = CARTESIAN_POINT('',(144.53324372633,-52.40472120193,
    -259.4355595112));
#3319 = VECTOR('',#3320,1.);
#3320 = DIRECTION('',(-0.72870864057,0.353733937542,0.586392375965));
#3321 = PCURVE('',#776,#3322);
#3322 = DEFINITIONAL_REPRESENTATION('',(#3323),#3327);
#3323 = LINE('',#3324,#3325);
#3324 = CARTESIAN_POINT('',(0.592001929834,-3.106425334599));
#3325 = VECTOR('',#3326,1.);
#3326 = DIRECTION('',(1.665334536938E-16,-1.));
#3327 = ( GEOMETRIC_REPRESENTATION_CONTEXT(2) 
PARAMETRIC_REPRESENTATION_CONTEXT() REPRESENTATION_CONTEXT('2D SPACE',''
  ) );
#3328 = PCURVE('',#3188,#3329);
#3329 = DEFINITIONAL_REPRESENTATION('',(#3330),#3334);
#3330 = LINE('',#3331,#3332);
#3331 = CARTESIAN_POINT('',(3.106425334599,-3.));
#3332 = VECTOR('',#3333,1.);
#3333 = DIRECTION('',(-1.,5.551115123126E-17));
#3334 = ( GEOMETRIC_REPRESENTATION_CONTEXT(2) 
PARAMETRIC_REPRESENTATION_CONTEXT() REPRESENTATION_CONTEXT('2D SPACE',''
  ) );
#3335 = ORIENTED_EDGE('',*,*,#3336,.T.);
#3336 = EDGE_CURVE('',#3314,#3337,#3339,.T.);
#3337 = VERTEX_POINT('',#3338);
#3338 = CARTESIAN_POINT('',(132.20750661894,-59.10553122138,
    -265.4130278885));
#3339 = SURFACE_CURVE('',#3340,(#3344,#3351),.PCURVE_S1.);
#3340 = LINE('',#3341,#3342);
#3341 = CARTESIAN_POINT('',(137.03904613586,-55.36033756542,
    -261.6681250138));
#3342 = VECTOR('',#3343,1.);
#3343 = DIRECTION('',(-0.67394897018,-0.522415142984,-0.522374582053));
#3344 = PCURVE('',#776,#3345);
#3345 = DEFINITIONAL_REPRESENTATION('',(#3346),#3350);
#3346 = LINE('',#3347,#3348);
#3347 = CARTESIAN_POINT('',(-7.168999035083,-6.212850669199));
#3348 = VECTOR('',#3349,1.);
#3349 = DIRECTION('',(-1.,1.665334536938E-16));
#3350 = ( GEOMETRIC_REPRESENTATION_CONTEXT(2) 
PARAMETRIC_REPRESENTATION_CONTEXT() REPRESENTATION_CONTEXT('2D SPACE',''
  ) );
#3351 = PCURVE('',#3216,#3352);
#3352 = DEFINITIONAL_REPRESENTATION('',(#3353),#3357);
#3353 = LINE('',#3354,#3355);
#3354 = CARTESIAN_POINT('',(7.168999035083,-3.));
#3355 = VECTOR('',#3356,1.);
#3356 = DIRECTION('',(-1.,-1.110223024625E-16));
#3357 = ( GEOMETRIC_REPRESENTATION_CONTEXT(2) 
PARAMETRIC_REPRESENTATION_CONTEXT() REPRESENTATION_CONTEXT('2D SPACE',''
  ) );
#3358 = ORIENTED_EDGE('',*,*,#3359,.T.);
#3359 = EDGE_CURVE('',#3337,#3360,#3362,.T.);
#3360 = VERTEX_POINT('',#3361);
#3361 = CARTESIAN_POINT('',(140.201440406,-62.98599251622,
    -271.8457522528));
#3362 = SURFACE_CURVE('',#3363,(#3367,#3374),.PCURVE_S1.);
#3363 = LINE('',#3364,#3365);
#3364 = CARTESIAN_POINT('',(138.46815249508,-62.14460993409,
    -270.4509742034));
#3365 = VECTOR('',#3366,1.);
#3366 = DIRECTION('',(0.72870864057,-0.353733937542,-0.586392375965));
#3367 = PCURVE('',#776,#3368);
#3368 = DEFINITIONAL_REPRESENTATION('',(#3369),#3373);
#3369 = LINE('',#3370,#3371);
#3370 = CARTESIAN_POINT('',(-14.33799807016,2.378574665401));
#3371 = VECTOR('',#3372,1.);
#3372 = DIRECTION('',(-1.665334536938E-16,1.));
#3373 = ( GEOMETRIC_REPRESENTATION_CONTEXT(2) 
PARAMETRIC_REPRESENTATION_CONTEXT() REPRESENTATION_CONTEXT('2D SPACE',''
  ) );
#3374 = PCURVE('',#3244,#3375);
#3375 = DEFINITIONAL_REPRESENTATION('',(#3376),#3380);
#3376 = LINE('',#3377,#3378);
#3377 = CARTESIAN_POINT('',(2.378574665401,-3.));
#3378 = VECTOR('',#3379,1.);
#3379 = DIRECTION('',(-1.,-5.551115123126E-17));
#3380 = ( GEOMETRIC_REPRESENTATION_CONTEXT(2) 
PARAMETRIC_REPRESENTATION_CONTEXT() REPRESENTATION_CONTEXT('2D SPACE',''
  ) );
#3381 = ORIENTED_EDGE('',*,*,#3382,.T.);
#3382 = EDGE_CURVE('',#3360,#3312,#3383,.T.);
#3383 = SURFACE_CURVE('',#3384,(#3388,#3395),.PCURVE_S1.);
#3384 = LINE('',#3385,#3386);
#3385 = CARTESIAN_POINT('',(150.0640089853,-55.34096981789,
    -264.2013231231));
#3386 = VECTOR('',#3387,1.);
#3387 = DIRECTION('',(0.67394897018,0.522415142984,0.522374582053));
#3388 = PCURVE('',#776,#3389);
#3389 = DEFINITIONAL_REPRESENTATION('',(#3390),#3394);
#3390 = LINE('',#3391,#3392);
#3391 = CARTESIAN_POINT('',(0.296000964917,4.757149330801));
#3392 = VECTOR('',#3393,1.);
#3393 = DIRECTION('',(1.,-1.665334536938E-16));
#3394 = ( GEOMETRIC_REPRESENTATION_CONTEXT(2) 
PARAMETRIC_REPRESENTATION_CONTEXT() REPRESENTATION_CONTEXT('2D SPACE',''
  ) );
#3395 = PCURVE('',#3270,#3396);
#3396 = DEFINITIONAL_REPRESENTATION('',(#3397),#3401);
#3397 = LINE('',#3398,#3399);
#3398 = CARTESIAN_POINT('',(0.296000964917,-3.));
#3399 = VECTOR('',#3400,1.);
#3400 = DIRECTION('',(-1.,1.110223024625E-16));
#3401 = ( GEOMETRIC_REPRESENTATION_CONTEXT(2) 
PARAMETRIC_REPRESENTATION_CONTEXT() REPRESENTATION_CONTEXT('2D SPACE',''
  ) );
#3402 = ADVANCED_FACE('',(#3403),#748,.F.);
#3403 = FACE_BOUND('',#3404,.F.);
#3404 = EDGE_LOOP('',(#3405,#3406,#3407,#3408));
#3405 = ORIENTED_EDGE('',*,*,#1419,.T.);
#3406 = ORIENTED_EDGE('',*,*,#3286,.T.);
#3407 = ORIENTED_EDGE('',*,*,#732,.F.);
#3408 = ORIENTED_EDGE('',*,*,#3145,.F.);
#3409 = ADVANCED_FACE('',(#3410),#3188,.T.);
#3410 = FACE_BOUND('',#3411,.T.);
#3411 = EDGE_LOOP('',(#3412,#3413,#3434,#3435));
#3412 = ORIENTED_EDGE('',*,*,#3170,.T.);
#3413 = ORIENTED_EDGE('',*,*,#3414,.T.);
#3414 = EDGE_CURVE('',#3173,#3314,#3415,.T.);
#3415 = SURFACE_CURVE('',#3416,(#3420,#3427),.PCURVE_S1.);
#3416 = LINE('',#3417,#3418);
#3417 = CARTESIAN_POINT('',(142.63424066119,-53.63344536502,
    -255.7567142237));
#3418 = VECTOR('',#3419,1.);
#3419 = DIRECTION('',(-0.121558639153,0.775857409459,-0.619087051581));
#3420 = PCURVE('',#3188,#3421);
#3421 = DEFINITIONAL_REPRESENTATION('',(#3422),#3426);
#3422 = LINE('',#3423,#3424);
#3423 = CARTESIAN_POINT('',(0.,0.));
#3424 = VECTOR('',#3425,1.);
#3425 = DIRECTION('',(1.110223024625E-16,-1.));
#3426 = ( GEOMETRIC_REPRESENTATION_CONTEXT(2) 
PARAMETRIC_REPRESENTATION_CONTEXT() REPRESENTATION_CONTEXT('2D SPACE',''
  ) );
#3427 = PCURVE('',#3216,#3428);
#3428 = DEFINITIONAL_REPRESENTATION('',(#3429),#3433);
#3429 = LINE('',#3430,#3431);
#3430 = CARTESIAN_POINT('',(14.93,-5.329070518201E-15));
#3431 = VECTOR('',#3432,1.);
#3432 = DIRECTION('',(-1.110223024625E-16,-1.));
#3433 = ( GEOMETRIC_REPRESENTATION_CONTEXT(2) 
PARAMETRIC_REPRESENTATION_CONTEXT() REPRESENTATION_CONTEXT('2D SPACE',''
  ) );
#3434 = ORIENTED_EDGE('',*,*,#3311,.F.);
#3435 = ORIENTED_EDGE('',*,*,#3436,.F.);
#3436 = EDGE_CURVE('',#3171,#3312,#3437,.T.);
#3437 = SURFACE_CURVE('',#3438,(#3442,#3449),.PCURVE_S1.);
#3438 = LINE('',#3439,#3440);
#3439 = CARTESIAN_POINT('',(150.62817444824,-57.51390665985,
    -262.189438588));
#3440 = VECTOR('',#3441,1.);
#3441 = DIRECTION('',(-0.121558639153,0.775857409459,-0.619087051581));
#3442 = PCURVE('',#3188,#3443);
#3443 = DEFINITIONAL_REPRESENTATION('',(#3444),#3448);
#3444 = LINE('',#3445,#3446);
#3445 = CARTESIAN_POINT('',(10.97,3.552713678801E-15));
#3446 = VECTOR('',#3447,1.);
#3447 = DIRECTION('',(1.110223024625E-16,-1.));
#3448 = ( GEOMETRIC_REPRESENTATION_CONTEXT(2) 
PARAMETRIC_REPRESENTATION_CONTEXT() REPRESENTATION_CONTEXT('2D SPACE',''
  ) );
#3449 = PCURVE('',#3270,#3450);
#3450 = DEFINITIONAL_REPRESENTATION('',(#3451),#3455);
#3451 = LINE('',#3452,#3453);
#3452 = CARTESIAN_POINT('',(-0.,0.));
#3453 = VECTOR('',#3454,1.);
#3454 = DIRECTION('',(1.110223024625E-16,-1.));
#3455 = ( GEOMETRIC_REPRESENTATION_CONTEXT(2) 
PARAMETRIC_REPRESENTATION_CONTEXT() REPRESENTATION_CONTEXT('2D SPACE',''
  ) );
#3456 = ADVANCED_FACE('',(#3457),#3270,.T.);
#3457 = FACE_BOUND('',#3458,.T.);
#3458 = EDGE_LOOP('',(#3459,#3460,#3461,#3462));
#3459 = ORIENTED_EDGE('',*,*,#3256,.T.);
#3460 = ORIENTED_EDGE('',*,*,#3436,.T.);
#3461 = ORIENTED_EDGE('',*,*,#3382,.F.);
#3462 = ORIENTED_EDGE('',*,*,#3463,.F.);
#3463 = EDGE_CURVE('',#3229,#3360,#3464,.T.);
#3464 = SURFACE_CURVE('',#3465,(#3469,#3476),.PCURVE_S1.);
#3465 = LINE('',#3466,#3467);
#3466 = CARTESIAN_POINT('',(140.56611632345,-65.3135647446,
    -269.9884910981));
#3467 = VECTOR('',#3468,1.);
#3468 = DIRECTION('',(-0.121558639153,0.775857409459,-0.619087051581));
#3469 = PCURVE('',#3270,#3470);
#3470 = DEFINITIONAL_REPRESENTATION('',(#3471),#3475);
#3471 = LINE('',#3472,#3473);
#3472 = CARTESIAN_POINT('',(14.93,-2.39808173319E-14));
#3473 = VECTOR('',#3474,1.);
#3474 = DIRECTION('',(1.110223024625E-16,-1.));
#3475 = ( GEOMETRIC_REPRESENTATION_CONTEXT(2) 
PARAMETRIC_REPRESENTATION_CONTEXT() REPRESENTATION_CONTEXT('2D SPACE',''
  ) );
#3476 = PCURVE('',#3244,#3477);
#3477 = DEFINITIONAL_REPRESENTATION('',(#3478),#3482);
#3478 = LINE('',#3479,#3480);
#3479 = CARTESIAN_POINT('',(0.,0.));
#3480 = VECTOR('',#3481,1.);
#3481 = DIRECTION('',(-1.110223024625E-16,-1.));
#3482 = ( GEOMETRIC_REPRESENTATION_CONTEXT(2) 
PARAMETRIC_REPRESENTATION_CONTEXT() REPRESENTATION_CONTEXT('2D SPACE',''
  ) );
#3483 = ADVANCED_FACE('',(#3484),#3244,.T.);
#3484 = FACE_BOUND('',#3485,.T.);
#3485 = EDGE_LOOP('',(#3486,#3487,#3488,#3489));
#3486 = ORIENTED_EDGE('',*,*,#3228,.T.);
#3487 = ORIENTED_EDGE('',*,*,#3463,.T.);
#3488 = ORIENTED_EDGE('',*,*,#3359,.F.);
#3489 = ORIENTED_EDGE('',*,*,#3490,.F.);
#3490 = EDGE_CURVE('',#3201,#3337,#3491,.T.);
#3491 = SURFACE_CURVE('',#3492,(#3496,#3503),.PCURVE_S1.);
#3492 = LINE('',#3493,#3494);
#3493 = CARTESIAN_POINT('',(132.5721825364,-61.43310344976,
    -263.5557667338));
#3494 = VECTOR('',#3495,1.);
#3495 = DIRECTION('',(-0.121558639153,0.775857409459,-0.619087051581));
#3496 = PCURVE('',#3244,#3497);
#3497 = DEFINITIONAL_REPRESENTATION('',(#3498),#3502);
#3498 = LINE('',#3499,#3500);
#3499 = CARTESIAN_POINT('',(10.97,1.68753899743E-14));
#3500 = VECTOR('',#3501,1.);
#3501 = DIRECTION('',(-1.110223024625E-16,-1.));
#3502 = ( GEOMETRIC_REPRESENTATION_CONTEXT(2) 
PARAMETRIC_REPRESENTATION_CONTEXT() REPRESENTATION_CONTEXT('2D SPACE',''
  ) );
#3503 = PCURVE('',#3216,#3504);
#3504 = DEFINITIONAL_REPRESENTATION('',(#3505),#3509);
#3505 = LINE('',#3506,#3507);
#3506 = CARTESIAN_POINT('',(0.,0.));
#3507 = VECTOR('',#3508,1.);
#3508 = DIRECTION('',(-1.110223024625E-16,-1.));
#3509 = ( GEOMETRIC_REPRESENTATION_CONTEXT(2) 
PARAMETRIC_REPRESENTATION_CONTEXT() REPRESENTATION_CONTEXT('2D SPACE',''
  ) );
#3510 = ADVANCED_FACE('',(#3511),#3216,.T.);
#3511 = FACE_BOUND('',#3512,.T.);
#3512 = EDGE_LOOP('',(#3513,#3514,#3515,#3516));
#3513 = ORIENTED_EDGE('',*,*,#3200,.T.);
#3514 = ORIENTED_EDGE('',*,*,#3490,.T.);
#3515 = ORIENTED_EDGE('',*,*,#3336,.F.);
#3516 = ORIENTED_EDGE('',*,*,#3414,.F.);
#3517 = ( GEOMETRIC_REPRESENTATION_CONTEXT(3) 
GLOBAL_UNCERTAINTY_ASSIGNED_CONTEXT((#3521)) 
GLOBAL_UNIT_ASSIGNED_CONTEXT((#3518,#3519,#3520)) REPRESENTATION_CONTEXT
('Context #1','3D Context with UNIT and UNCERTAINTY') );
#3518 = ( LENGTH_UNIT() NAMED_UNIT(*) SI_UNIT(.MILLI.,.METRE.) );
#3519 = ( NAMED_UNIT(*) PLANE_ANGLE_UNIT() SI_UNIT($,.RADIAN.) );
#3520 = ( NAMED_UNIT(*) SI_UNIT($,.STERADIAN.) SOLID_ANGLE_UNIT() );
#3521 = UNCERTAINTY_MEASURE_WITH_UNIT(LENGTH_MEASURE(1.E-07),#3518,
  'distance_accuracy_value','confusion accuracy');
#3522 = PRODUCT_RELATED_PRODUCT_CATEGORY('part',$,(#7));
ENDSEC;
END-ISO-10303-21;
