ISO-10303-21;
HEADER;
FILE_DESCRIPTION(('Open CASCADE Model'),'2;1');
FILE_NAME('Open CASCADE Shape Model','2026-01-01T00:00:00',('Author'),(
    'Open CASCADE'),'Open CASCADE STEP processor 7.9','Open CASCADE 7.9'
  ,'Unknown');
FILE_SCHEMA(('AUTOMOTIVE_DESIGN { 1 0 10303 214 1 1 1 1 }'));
ENDSEC;
DATA;
#1 = APPLICATION_PROTOCOL_DEFINITION('international standard',
  'automotive_design',2000,#2);
#2 = APPLICATION_CONTEXT(
  'core data for automotive mechanical design processes');
#3 = SHAPE_DEFINITION_REPRESENTATION(#4,#10);
#4 = PRODUCT_DEFINITION_SHAPE('','',#5);
#5 = PRODUCT_DEFINITION('design','',#6,#9);
#6 = PRODUCT_DEFINITION_FORMATION('','',#7);
#7 = PRODUCT('A_Lv3_0038',
  'A_Lv3_0038','',(#8));
#8 = PRODUCT_CONTEXT('',#2,'mechanical');
#9 = PRODUCT_DEFINITION_CONTEXT('part definition',#2,'design');
#10 = ADVANCED_BREP_SHAPE_REPRESENTATION('',(#11,#15),#3277);
#11 = AXIS2_PLACEMENT_3D('',#12,#13,#14);
#12 = CARTESIAN_POINT('',(0.,0.,0.));
#13 = DIRECTION('',(0.,0.,1.));
#14 = DIRECTION('',(1.,0.,-0.));
#15 = MANIFOLD_SOLID_BREP('',#16);
#16 = CLOSED_SHELL('',(#17,#137,#450,#591,#859,#886,#939,#986,#1018,
    #1098,#1145,#1152,#1197,#1223,#1249,#1256,#1308,#1391,#1630,#1681,
    #1759,#2053,#2104,#2131,#2298,#2535,#2560,#2605,#2631,#2657,#2664,
    #2689,#2721,#2809,#2836,#2861,#2906,#2932,#2958,#2965,#2990,#3065,
    #3143,#3192,#3243,#3270));
#17 = ADVANCED_FACE('',(#18),#32,.F.);
#18 = FACE_BOUND('',#19,.F.);
#19 = EDGE_LOOP('',(#20,#55,#83,#111));
#20 = ORIENTED_EDGE('',*,*,#21,.F.);
#21 = EDGE_CURVE('',#22,#24,#26,.T.);
#22 = VERTEX_POINT('',#23);
#23 = CARTESIAN_POINT('',(218.13795701427,42.471365814739,
    128.53198568599));
#24 = VERTEX_POINT('',#25);
#25 = CARTESIAN_POINT('',(222.58563679442,40.569644204192,
    122.93184287628));
#26 = SURFACE_CURVE('',#27,(#31,#43),.PCURVE_S1.);
#27 = LINE('',#28,#29);
#28 = CARTESIAN_POINT('',(218.13795701427,42.471365814739,
    128.53198568599));
#29 = VECTOR('',#30,1.);
#30 = DIRECTION('',(0.601037808128,-0.256989406831,-0.756776055367));
#31 = PCURVE('',#32,#37);
#32 = PLANE('',#33);
#33 = AXIS2_PLACEMENT_3D('',#34,#35,#36);
#34 = CARTESIAN_POINT('',(218.13795701427,42.471365814739,
    128.53198568599));
#35 = DIRECTION('',(0.792541065389,0.313813258222,0.522876561567));
#36 = DIRECTION('',(0.601037808128,-0.256989406831,-0.756776055367));
#37 = DEFINITIONAL_REPRESENTATION('',(#38),#42);
#38 = LINE('',#39,#40);
#39 = CARTESIAN_POINT('',(0.,0.));
#40 = VECTOR('',#41,1.);
#41 = DIRECTION('',(1.,-5.551115123126E-17));
#42 = ( GEOMETRIC_REPRESENTATION_CONTEXT(2) 
PARAMETRIC_REPRESENTATION_CONTEXT() REPRESENTATION_CONTEXT('2D SPACE',''
  ) );
#43 = PCURVE('',#44,#49);
#44 = PLANE('',#45);
#45 = AXIS2_PLACEMENT_3D('',#46,#47,#48);
#46 = CARTESIAN_POINT('',(310.84704660642,44.349733797978,
    108.54014487849));
#47 = DIRECTION('',(0.103112622276,-0.914044683668,0.392288291167));
#48 = DIRECTION('',(-0.792541065389,-0.313813258222,-0.522876561567));
#49 = DEFINITIONAL_REPRESENTATION('',(#50),#54);
#50 = LINE('',#51,#52);
#51 = CARTESIAN_POINT('',(63.611952432722,-70.36829375404));
#52 = VECTOR('',#53,1.);
#53 = DIRECTION('',(5.551115123126E-17,1.));
#54 = ( GEOMETRIC_REPRESENTATION_CONTEXT(2) 
PARAMETRIC_REPRESENTATION_CONTEXT() REPRESENTATION_CONTEXT('2D SPACE',''
  ) );
#55 = ORIENTED_EDGE('',*,*,#56,.T.);
#56 = EDGE_CURVE('',#22,#57,#59,.T.);
#57 = VERTEX_POINT('',#58);
#58 = CARTESIAN_POINT('',(218.46791740556,39.546422827003,
    129.78730821773));
#59 = SURFACE_CURVE('',#60,(#64,#71),.PCURVE_S1.);
#60 = LINE('',#61,#62);
#61 = CARTESIAN_POINT('',(218.13795701427,42.471365814739,
    128.53198568599));
#62 = VECTOR('',#63,1.);
#63 = DIRECTION('',(0.103112622276,-0.914044683668,0.392288291167));
#64 = PCURVE('',#32,#65);
#65 = DEFINITIONAL_REPRESENTATION('',(#66),#70);
#66 = LINE('',#67,#68);
#67 = CARTESIAN_POINT('',(0.,0.));
#68 = VECTOR('',#69,1.);
#69 = DIRECTION('',(5.551115123126E-17,-1.));
#70 = ( GEOMETRIC_REPRESENTATION_CONTEXT(2) 
PARAMETRIC_REPRESENTATION_CONTEXT() REPRESENTATION_CONTEXT('2D SPACE',''
  ) );
#71 = PCURVE('',#72,#77);
#72 = PLANE('',#73);
#73 = AXIS2_PLACEMENT_3D('',#74,#75,#76);
#74 = CARTESIAN_POINT('',(318.96812611925,82.395913924297,195.0543836112
    ));
#75 = DIRECTION('',(0.601037808128,-0.256989406831,-0.756776055367));
#76 = DIRECTION('',(-0.792541065389,-0.313813258222,-0.522876561567));
#77 = DEFINITIONAL_REPRESENTATION('',(#78),#82);
#78 = LINE('',#79,#80);
#79 = CARTESIAN_POINT('',(127.22390486544,1.42108547152E-14));
#80 = VECTOR('',#81,1.);
#81 = DIRECTION('',(0.,-1.));
#82 = ( GEOMETRIC_REPRESENTATION_CONTEXT(2) 
PARAMETRIC_REPRESENTATION_CONTEXT() REPRESENTATION_CONTEXT('2D SPACE',''
  ) );
#83 = ORIENTED_EDGE('',*,*,#84,.T.);
#84 = EDGE_CURVE('',#57,#85,#87,.T.);
#85 = VERTEX_POINT('',#86);
#86 = CARTESIAN_POINT('',(222.91559718571,37.644701216456,
    124.18716540801));
#87 = SURFACE_CURVE('',#88,(#92,#99),.PCURVE_S1.);
#88 = LINE('',#89,#90);
#89 = CARTESIAN_POINT('',(218.46791740556,39.546422827003,
    129.78730821773));
#90 = VECTOR('',#91,1.);
#91 = DIRECTION('',(0.601037808128,-0.256989406831,-0.756776055367));
#92 = PCURVE('',#32,#93);
#93 = DEFINITIONAL_REPRESENTATION('',(#94),#98);
#94 = LINE('',#95,#96);
#95 = CARTESIAN_POINT('',(-2.708944180085E-14,-3.2));
#96 = VECTOR('',#97,1.);
#97 = DIRECTION('',(1.,-5.551115123126E-17));
#98 = ( GEOMETRIC_REPRESENTATION_CONTEXT(2) 
PARAMETRIC_REPRESENTATION_CONTEXT() REPRESENTATION_CONTEXT('2D SPACE',''
  ) );
#99 = PCURVE('',#100,#105);
#100 = PLANE('',#101);
#101 = AXIS2_PLACEMENT_3D('',#102,#103,#104);
#102 = CARTESIAN_POINT('',(311.17700699771,41.424790810241,
    109.79546741023));
#103 = DIRECTION('',(0.103112622276,-0.914044683668,0.392288291167));
#104 = DIRECTION('',(-0.792541065389,-0.313813258222,-0.522876561567));
#105 = DEFINITIONAL_REPRESENTATION('',(#106),#110);
#106 = LINE('',#107,#108);
#107 = CARTESIAN_POINT('',(63.611952432722,-70.36829375404));
#108 = VECTOR('',#109,1.);
#109 = DIRECTION('',(5.551115123126E-17,1.));
#110 = ( GEOMETRIC_REPRESENTATION_CONTEXT(2) 
PARAMETRIC_REPRESENTATION_CONTEXT() REPRESENTATION_CONTEXT('2D SPACE',''
  ) );
#111 = ORIENTED_EDGE('',*,*,#112,.T.);
#112 = EDGE_CURVE('',#85,#24,#113,.T.);
#113 = SURFACE_CURVE('',#114,(#118,#125),.PCURVE_S1.);
#114 = LINE('',#115,#116);
#115 = CARTESIAN_POINT('',(222.91559718571,37.644701216456,
    124.18716540801));
#116 = VECTOR('',#117,1.);
#117 = DIRECTION('',(-0.103112622276,0.914044683668,-0.392288291167));
#118 = PCURVE('',#32,#119);
#119 = DEFINITIONAL_REPRESENTATION('',(#120),#124);
#120 = LINE('',#121,#122);
#121 = CARTESIAN_POINT('',(7.4,-3.2));
#122 = VECTOR('',#123,1.);
#123 = DIRECTION('',(-5.551115123126E-17,1.));
#124 = ( GEOMETRIC_REPRESENTATION_CONTEXT(2) 
PARAMETRIC_REPRESENTATION_CONTEXT() REPRESENTATION_CONTEXT('2D SPACE',''
  ) );
#125 = PCURVE('',#126,#131);
#126 = PLANE('',#127);
#127 = AXIS2_PLACEMENT_3D('',#128,#129,#130);
#128 = CARTESIAN_POINT('',(220.52112465224,36.545564654209,
    122.6587052225));
#129 = DIRECTION('',(-0.601037808128,0.256989406831,0.756776055367));
#130 = DIRECTION('',(0.103112622276,-0.914044683668,0.392288291167));
#131 = DEFINITIONAL_REPRESENTATION('',(#132),#136);
#132 = LINE('',#133,#134);
#133 = CARTESIAN_POINT('',(-0.158162555161,3.041837444839));
#134 = VECTOR('',#135,1.);
#135 = DIRECTION('',(-1.,5.551115123126E-17));
#136 = ( GEOMETRIC_REPRESENTATION_CONTEXT(2) 
PARAMETRIC_REPRESENTATION_CONTEXT() REPRESENTATION_CONTEXT('2D SPACE',''
  ) );
#137 = ADVANCED_FACE('',(#138,#328),#44,.F.);
#138 = FACE_BOUND('',#139,.F.);
#139 = EDGE_LOOP('',(#140,#141,#168,#196,#224,#251,#279,#307));
#140 = ORIENTED_EDGE('',*,*,#21,.T.);
#141 = ORIENTED_EDGE('',*,*,#142,.F.);
#142 = EDGE_CURVE('',#143,#24,#145,.T.);
#143 = VERTEX_POINT('',#144);
#144 = CARTESIAN_POINT('',(298.27828731344,8.205275282206,
    27.626048955504));
#145 = SURFACE_CURVE('',#146,(#150,#157),.PCURVE_S1.);
#146 = LINE('',#147,#148);
#147 = CARTESIAN_POINT('',(298.27828731344,8.205275282206,
    27.626048955504));
#148 = VECTOR('',#149,1.);
#149 = DIRECTION('',(-0.601037808128,0.256989406831,0.756776055367));
#150 = PCURVE('',#44,#151);
#151 = DEFINITIONAL_REPRESENTATION('',(#152),#156);
#152 = LINE('',#153,#154);
#153 = CARTESIAN_POINT('',(63.611952432722,62.968293754045));
#154 = VECTOR('',#155,1.);
#155 = DIRECTION('',(-5.551115123126E-17,-1.));
#156 = ( GEOMETRIC_REPRESENTATION_CONTEXT(2) 
PARAMETRIC_REPRESENTATION_CONTEXT() REPRESENTATION_CONTEXT('2D SPACE',''
  ) );
#157 = PCURVE('',#158,#163);
#158 = CYLINDRICAL_SURFACE('',#159,6.4);
#159 = AXIS2_PLACEMENT_3D('',#160,#161,#162);
#160 = CARTESIAN_POINT('',(298.93820809601,2.355389306734,30.13669401897
    ));
#161 = DIRECTION('',(0.601037808128,-0.256989406831,-0.756776055367));
#162 = DIRECTION('',(-0.103112622276,0.914044683668,-0.392288291167));
#163 = DEFINITIONAL_REPRESENTATION('',(#164),#167);
#164 = B_SPLINE_CURVE_WITH_KNOTS('',1,(#165,#166),.UNSPECIFIED.,.F.,.F.,
  (2,2),(0.,125.93658750809),.PIECEWISE_BEZIER_KNOTS.);
#165 = CARTESIAN_POINT('',(0.,0.));
#166 = CARTESIAN_POINT('',(0.,-125.936587508));
#167 = ( GEOMETRIC_REPRESENTATION_CONTEXT(2) 
PARAMETRIC_REPRESENTATION_CONTEXT() REPRESENTATION_CONTEXT('2D SPACE',''
  ) );
#168 = ORIENTED_EDGE('',*,*,#169,.T.);
#169 = EDGE_CURVE('',#143,#170,#172,.T.);
#170 = VERTEX_POINT('',#171);
#171 = CARTESIAN_POINT('',(302.72596709359,6.303553671659,
    22.025906145786));
#172 = SURFACE_CURVE('',#173,(#177,#184),.PCURVE_S1.);
#173 = LINE('',#174,#175);
#174 = CARTESIAN_POINT('',(218.13795701427,42.471365814739,
    128.53198568599));
#175 = VECTOR('',#176,1.);
#176 = DIRECTION('',(0.601037808128,-0.256989406831,-0.756776055367));
#177 = PCURVE('',#44,#178);
#178 = DEFINITIONAL_REPRESENTATION('',(#179),#183);
#179 = LINE('',#180,#181);
#180 = CARTESIAN_POINT('',(63.611952432722,-70.36829375404));
#181 = VECTOR('',#182,1.);
#182 = DIRECTION('',(5.551115123126E-17,1.));
#183 = ( GEOMETRIC_REPRESENTATION_CONTEXT(2) 
PARAMETRIC_REPRESENTATION_CONTEXT() REPRESENTATION_CONTEXT('2D SPACE',''
  ) );
#184 = PCURVE('',#185,#190);
#185 = PLANE('',#186);
#186 = AXIS2_PLACEMENT_3D('',#187,#188,#189);
#187 = CARTESIAN_POINT('',(218.13795701427,42.471365814739,
    128.53198568599));
#188 = DIRECTION('',(0.792541065389,0.313813258222,0.522876561567));
#189 = DIRECTION('',(0.601037808128,-0.256989406831,-0.756776055367));
#190 = DEFINITIONAL_REPRESENTATION('',(#191),#195);
#191 = LINE('',#192,#193);
#192 = CARTESIAN_POINT('',(0.,0.));
#193 = VECTOR('',#194,1.);
#194 = DIRECTION('',(1.,-5.551115123126E-17));
#195 = ( GEOMETRIC_REPRESENTATION_CONTEXT(2) 
PARAMETRIC_REPRESENTATION_CONTEXT() REPRESENTATION_CONTEXT('2D SPACE',''
  ) );
#196 = ORIENTED_EDGE('',*,*,#197,.T.);
#197 = EDGE_CURVE('',#170,#198,#200,.T.);
#198 = VERTEX_POINT('',#199);
#199 = CARTESIAN_POINT('',(308.59077097747,8.625771782502,
    25.895192701384));
#200 = SURFACE_CURVE('',#201,(#205,#212),.PCURVE_S1.);
#201 = LINE('',#202,#203);
#202 = CARTESIAN_POINT('',(302.72596709359,6.303553671659,
    22.025906145786));
#203 = VECTOR('',#204,1.);
#204 = DIRECTION('',(0.792541065389,0.313813258222,0.522876561567));
#205 = PCURVE('',#44,#206);
#206 = DEFINITIONAL_REPRESENTATION('',(#207),#211);
#207 = LINE('',#208,#209);
#208 = CARTESIAN_POINT('',(63.611952432722,70.368293754045));
#209 = VECTOR('',#210,1.);
#210 = DIRECTION('',(-1.,-5.551115123126E-17));
#211 = ( GEOMETRIC_REPRESENTATION_CONTEXT(2) 
PARAMETRIC_REPRESENTATION_CONTEXT() REPRESENTATION_CONTEXT('2D SPACE',''
  ) );
#212 = PCURVE('',#213,#218);
#213 = PLANE('',#214);
#214 = AXIS2_PLACEMENT_3D('',#215,#216,#217);
#215 = CARTESIAN_POINT('',(302.72596709359,6.303553671659,
    22.025906145786));
#216 = DIRECTION('',(-0.601037808128,0.256989406831,0.756776055367));
#217 = DIRECTION('',(0.792541065389,0.313813258222,0.522876561567));
#218 = DEFINITIONAL_REPRESENTATION('',(#219),#223);
#219 = LINE('',#220,#221);
#220 = CARTESIAN_POINT('',(0.,0.));
#221 = VECTOR('',#222,1.);
#222 = DIRECTION('',(1.,2.775557561563E-17));
#223 = ( GEOMETRIC_REPRESENTATION_CONTEXT(2) 
PARAMETRIC_REPRESENTATION_CONTEXT() REPRESENTATION_CONTEXT('2D SPACE',''
  ) );
#224 = ORIENTED_EDGE('',*,*,#225,.F.);
#225 = EDGE_CURVE('',#226,#198,#228,.T.);
#226 = VERTEX_POINT('',#227);
#227 = CARTESIAN_POINT('',(397.6913323147,43.905883670373,
    84.679017515397));
#228 = SURFACE_CURVE('',#229,(#233,#240),.PCURVE_S1.);
#229 = LINE('',#230,#231);
#230 = CARTESIAN_POINT('',(397.6913323147,43.905883670373,
    84.679017515397));
#231 = VECTOR('',#232,1.);
#232 = DIRECTION('',(-0.792541065389,-0.313813258222,-0.522876561567));
#233 = PCURVE('',#44,#234);
#234 = DEFINITIONAL_REPRESENTATION('',(#235),#239);
#235 = LINE('',#236,#237);
#236 = CARTESIAN_POINT('',(-56.21195243272,70.368293754045));
#237 = VECTOR('',#238,1.);
#238 = DIRECTION('',(1.,5.551115123126E-17));
#239 = ( GEOMETRIC_REPRESENTATION_CONTEXT(2) 
PARAMETRIC_REPRESENTATION_CONTEXT() REPRESENTATION_CONTEXT('2D SPACE',''
  ) );
#240 = PCURVE('',#241,#246);
#241 = CYLINDRICAL_SURFACE('',#242,6.4);
#242 = AXIS2_PLACEMENT_3D('',#243,#244,#245);
#243 = CARTESIAN_POINT('',(398.35125309727,38.055997694901,
    87.189662578864));
#244 = DIRECTION('',(0.792541065389,0.313813258222,0.522876561567));
#245 = DIRECTION('',(-0.103112622276,0.914044683668,-0.392288291167));
#246 = DEFINITIONAL_REPRESENTATION('',(#247),#250);
#247 = B_SPLINE_CURVE_WITH_KNOTS('',1,(#248,#249),.UNSPECIFIED.,.F.,.F.,
  (2,2),(0.,112.42390486544),.PIECEWISE_BEZIER_KNOTS.);
#248 = CARTESIAN_POINT('',(0.,0.));
#249 = CARTESIAN_POINT('',(0.,-112.4239048654));
#250 = ( GEOMETRIC_REPRESENTATION_CONTEXT(2) 
PARAMETRIC_REPRESENTATION_CONTEXT() REPRESENTATION_CONTEXT('2D SPACE',''
  ) );
#251 = ORIENTED_EDGE('',*,*,#252,.T.);
#252 = EDGE_CURVE('',#226,#253,#255,.T.);
#253 = VERTEX_POINT('',#254);
#254 = CARTESIAN_POINT('',(403.55613619857,46.228101781216,
    88.548304070996));
#255 = SURFACE_CURVE('',#256,(#260,#267),.PCURVE_S1.);
#256 = LINE('',#257,#258);
#257 = CARTESIAN_POINT('',(302.72596709359,6.303553671659,
    22.025906145786));
#258 = VECTOR('',#259,1.);
#259 = DIRECTION('',(0.792541065389,0.313813258222,0.522876561567));
#260 = PCURVE('',#44,#261);
#261 = DEFINITIONAL_REPRESENTATION('',(#262),#266);
#262 = LINE('',#263,#264);
#263 = CARTESIAN_POINT('',(63.611952432722,70.368293754045));
#264 = VECTOR('',#265,1.);
#265 = DIRECTION('',(-1.,-5.551115123126E-17));
#266 = ( GEOMETRIC_REPRESENTATION_CONTEXT(2) 
PARAMETRIC_REPRESENTATION_CONTEXT() REPRESENTATION_CONTEXT('2D SPACE',''
  ) );
#267 = PCURVE('',#268,#273);
#268 = PLANE('',#269);
#269 = AXIS2_PLACEMENT_3D('',#270,#271,#272);
#270 = CARTESIAN_POINT('',(302.72596709359,6.303553671659,
    22.025906145786));
#271 = DIRECTION('',(-0.601037808128,0.256989406831,0.756776055367));
#272 = DIRECTION('',(0.792541065389,0.313813258222,0.522876561567));
#273 = DEFINITIONAL_REPRESENTATION('',(#274),#278);
#274 = LINE('',#275,#276);
#275 = CARTESIAN_POINT('',(0.,0.));
#276 = VECTOR('',#277,1.);
#277 = DIRECTION('',(1.,2.775557561563E-17));
#278 = ( GEOMETRIC_REPRESENTATION_CONTEXT(2) 
PARAMETRIC_REPRESENTATION_CONTEXT() REPRESENTATION_CONTEXT('2D SPACE',''
  ) );
#279 = ORIENTED_EDGE('',*,*,#280,.T.);
#280 = EDGE_CURVE('',#253,#281,#283,.T.);
#281 = VERTEX_POINT('',#282);
#282 = CARTESIAN_POINT('',(318.96812611925,82.395913924297,
    195.0543836112));
#283 = SURFACE_CURVE('',#284,(#288,#295),.PCURVE_S1.);
#284 = LINE('',#285,#286);
#285 = CARTESIAN_POINT('',(403.55613619857,46.228101781216,
    88.548304070996));
#286 = VECTOR('',#287,1.);
#287 = DIRECTION('',(-0.601037808128,0.256989406831,0.756776055367));
#288 = PCURVE('',#44,#289);
#289 = DEFINITIONAL_REPRESENTATION('',(#290),#294);
#290 = LINE('',#291,#292);
#291 = CARTESIAN_POINT('',(-63.61195243272,70.368293754045));
#292 = VECTOR('',#293,1.);
#293 = DIRECTION('',(-5.551115123126E-17,-1.));
#294 = ( GEOMETRIC_REPRESENTATION_CONTEXT(2) 
PARAMETRIC_REPRESENTATION_CONTEXT() REPRESENTATION_CONTEXT('2D SPACE',''
  ) );
#295 = PCURVE('',#296,#301);
#296 = PLANE('',#297);
#297 = AXIS2_PLACEMENT_3D('',#298,#299,#300);
#298 = CARTESIAN_POINT('',(403.55613619857,46.228101781216,
    88.548304070996));
#299 = DIRECTION('',(-0.792541065389,-0.313813258222,-0.522876561567));
#300 = DIRECTION('',(-0.601037808128,0.256989406831,0.756776055367));
#301 = DEFINITIONAL_REPRESENTATION('',(#302),#306);
#302 = LINE('',#303,#304);
#303 = CARTESIAN_POINT('',(0.,0.));
#304 = VECTOR('',#305,1.);
#305 = DIRECTION('',(1.,5.551115123126E-17));
#306 = ( GEOMETRIC_REPRESENTATION_CONTEXT(2) 
PARAMETRIC_REPRESENTATION_CONTEXT() REPRESENTATION_CONTEXT('2D SPACE',''
  ) );
#307 = ORIENTED_EDGE('',*,*,#308,.T.);
#308 = EDGE_CURVE('',#281,#22,#309,.T.);
#309 = SURFACE_CURVE('',#310,(#314,#321),.PCURVE_S1.);
#310 = LINE('',#311,#312);
#311 = CARTESIAN_POINT('',(318.96812611925,82.395913924297,
    195.0543836112));
#312 = VECTOR('',#313,1.);
#313 = DIRECTION('',(-0.792541065389,-0.313813258222,-0.522876561567));
#314 = PCURVE('',#44,#315);
#315 = DEFINITIONAL_REPRESENTATION('',(#316),#320);
#316 = LINE('',#317,#318);
#317 = CARTESIAN_POINT('',(-63.61195243272,-70.36829375404));
#318 = VECTOR('',#319,1.);
#319 = DIRECTION('',(1.,5.551115123126E-17));
#320 = ( GEOMETRIC_REPRESENTATION_CONTEXT(2) 
PARAMETRIC_REPRESENTATION_CONTEXT() REPRESENTATION_CONTEXT('2D SPACE',''
  ) );
#321 = PCURVE('',#72,#322);
#322 = DEFINITIONAL_REPRESENTATION('',(#323),#327);
#323 = LINE('',#324,#325);
#324 = CARTESIAN_POINT('',(-0.,0.));
#325 = VECTOR('',#326,1.);
#326 = DIRECTION('',(1.,-2.775557561563E-17));
#327 = ( GEOMETRIC_REPRESENTATION_CONTEXT(2) 
PARAMETRIC_REPRESENTATION_CONTEXT() REPRESENTATION_CONTEXT('2D SPACE',''
  ) );
#328 = FACE_BOUND('',#329,.F.);
#329 = EDGE_LOOP('',(#330,#360,#392,#420));
#330 = ORIENTED_EDGE('',*,*,#331,.F.);
#331 = EDGE_CURVE('',#332,#334,#336,.T.);
#332 = VERTEX_POINT('',#333);
#333 = CARTESIAN_POINT('',(317.1211012987,38.251753908378,
    92.682520598338));
#334 = VERTEX_POINT('',#335);
#335 = CARTESIAN_POINT('',(327.89965978799,42.519614220198,
    99.793641835654));
#336 = SURFACE_CURVE('',#337,(#341,#348),.PCURVE_S1.);
#337 = LINE('',#338,#339);
#338 = CARTESIAN_POINT('',(324.58396953459,41.206738954658,
    97.606125258114));
#339 = VECTOR('',#340,1.);
#340 = DIRECTION('',(0.792541065389,0.313813258222,0.522876561567));
#341 = PCURVE('',#44,#342);
#342 = DEFINITIONAL_REPRESENTATION('',(#343),#347);
#343 = LINE('',#344,#345);
#344 = CARTESIAN_POINT('',(-4.183619497081,17.338730665251));
#345 = VECTOR('',#346,1.);
#346 = DIRECTION('',(-1.,-5.551115123126E-17));
#347 = ( GEOMETRIC_REPRESENTATION_CONTEXT(2) 
PARAMETRIC_REPRESENTATION_CONTEXT() REPRESENTATION_CONTEXT('2D SPACE',''
  ) );
#348 = PCURVE('',#349,#354);
#349 = PLANE('',#350);
#350 = AXIS2_PLACEMENT_3D('',#351,#352,#353);
#351 = CARTESIAN_POINT('',(327.79654716571,43.433658903866,
    99.401353544487));
#352 = DIRECTION('',(0.601037808128,-0.256989406831,-0.756776055367));
#353 = DIRECTION('',(-0.792541065389,-0.313813258222,-0.522876561567));
#354 = DEFINITIONAL_REPRESENTATION('',(#355),#359);
#355 = LINE('',#356,#357);
#356 = CARTESIAN_POINT('',(4.183619497081,-1.));
#357 = VECTOR('',#358,1.);
#358 = DIRECTION('',(-1.,2.775557561563E-17));
#359 = ( GEOMETRIC_REPRESENTATION_CONTEXT(2) 
PARAMETRIC_REPRESENTATION_CONTEXT() REPRESENTATION_CONTEXT('2D SPACE',''
  ) );
#360 = ORIENTED_EDGE('',*,*,#361,.T.);
#361 = EDGE_CURVE('',#332,#362,#364,.T.);
#362 = VERTEX_POINT('',#363);
#363 = CARTESIAN_POINT('',(309.95673062581,41.3150676378,101.70329117831
    ));
#364 = SURFACE_CURVE('',#365,(#370,#381),.PCURVE_S1.);
#365 = CIRCLE('',#366,5.96);
#366 = AXIS2_PLACEMENT_3D('',#367,#368,#369);
#367 = CARTESIAN_POINT('',(313.53891596226,39.783410773089,
    97.192905888327));
#368 = DIRECTION('',(-0.103112622276,0.914044683668,-0.392288291167));
#369 = DIRECTION('',(0.601037808128,-0.256989406831,-0.756776055367));
#370 = PCURVE('',#44,#371);
#371 = DEFINITIONAL_REPRESENTATION('',(#372),#380);
#372 = ( BOUNDED_CURVE() B_SPLINE_CURVE(2,(#373,#374,#375,#376,#377,#378
,#379),.UNSPECIFIED.,.T.,.F.) B_SPLINE_CURVE_WITH_KNOTS((1,2,2,2,2,1),(
    -2.094395102393,0.,2.094395102393,4.188790204786,6.28318530718,
8.377580409573),.UNSPECIFIED.) CURVE() GEOMETRIC_REPRESENTATION_ITEM() 
RATIONAL_B_SPLINE_CURVE((1.,0.5,1.,0.5,1.,0.5,1.)) REPRESENTATION_ITEM(
  '') );
#373 = CARTESIAN_POINT('',(5.232761005837,17.338730665251));
#374 = CARTESIAN_POINT('',(15.555783818948,17.338730665251));
#375 = CARTESIAN_POINT('',(10.394272412392,8.398730665251));
#376 = CARTESIAN_POINT('',(5.232761005837,-0.541269334749));
#377 = CARTESIAN_POINT('',(7.124959928195E-02,8.398730665251));
#378 = CARTESIAN_POINT('',(-5.090261807273,17.338730665251));
#379 = CARTESIAN_POINT('',(5.232761005837,17.338730665251));
#380 = ( GEOMETRIC_REPRESENTATION_CONTEXT(2) 
PARAMETRIC_REPRESENTATION_CONTEXT() REPRESENTATION_CONTEXT('2D SPACE',''
  ) );
#381 = PCURVE('',#382,#387);
#382 = CYLINDRICAL_SURFACE('',#383,5.96);
#383 = AXIS2_PLACEMENT_3D('',#384,#385,#386);
#384 = CARTESIAN_POINT('',(313.43580333998,40.697455456757,
    96.80061759716));
#385 = DIRECTION('',(-0.103112622276,0.914044683668,-0.392288291167));
#386 = DIRECTION('',(0.601037808128,-0.256989406831,-0.756776055367));
#387 = DEFINITIONAL_REPRESENTATION('',(#388),#391);
#388 = B_SPLINE_CURVE_WITH_KNOTS('',1,(#389,#390),.UNSPECIFIED.,.F.,.F.,
  (2,2),(0.,3.14159265359),.PIECEWISE_BEZIER_KNOTS.);
#389 = CARTESIAN_POINT('',(0.,-1.));
#390 = CARTESIAN_POINT('',(3.14159265359,-1.));
#391 = ( GEOMETRIC_REPRESENTATION_CONTEXT(2) 
PARAMETRIC_REPRESENTATION_CONTEXT() REPRESENTATION_CONTEXT('2D SPACE',''
  ) );
#392 = ORIENTED_EDGE('',*,*,#393,.F.);
#393 = EDGE_CURVE('',#394,#362,#396,.T.);
#394 = VERTEX_POINT('',#395);
#395 = CARTESIAN_POINT('',(320.7352891151,45.58292794962,108.81441241563
    ));
#396 = SURFACE_CURVE('',#397,(#401,#408),.PCURVE_S1.);
#397 = LINE('',#398,#399);
#398 = CARTESIAN_POINT('',(312.03031961706,42.13612252817,
    103.07133521943));
#399 = VECTOR('',#400,1.);
#400 = DIRECTION('',(-0.792541065389,-0.313813258222,-0.522876561567));
#401 = PCURVE('',#44,#402);
#402 = DEFINITIONAL_REPRESENTATION('',(#403),#407);
#403 = LINE('',#404,#405);
#404 = CARTESIAN_POINT('',(2.616380502919,5.418730665251));
#405 = VECTOR('',#406,1.);
#406 = DIRECTION('',(1.,5.551115123126E-17));
#407 = ( GEOMETRIC_REPRESENTATION_CONTEXT(2) 
PARAMETRIC_REPRESENTATION_CONTEXT() REPRESENTATION_CONTEXT('2D SPACE',''
  ) );
#408 = PCURVE('',#409,#414);
#409 = PLANE('',#410);
#410 = AXIS2_PLACEMENT_3D('',#411,#412,#413);
#411 = CARTESIAN_POINT('',(309.85361800354,42.229112321468,
    101.31100288714));
#412 = DIRECTION('',(-0.601037808128,0.256989406831,0.756776055367));
#413 = DIRECTION('',(0.792541065389,0.313813258222,0.522876561567));
#414 = DEFINITIONAL_REPRESENTATION('',(#415),#419);
#415 = LINE('',#416,#417);
#416 = CARTESIAN_POINT('',(2.616380502919,-1.));
#417 = VECTOR('',#418,1.);
#418 = DIRECTION('',(-1.,-2.775557561563E-17));
#419 = ( GEOMETRIC_REPRESENTATION_CONTEXT(2) 
PARAMETRIC_REPRESENTATION_CONTEXT() REPRESENTATION_CONTEXT('2D SPACE',''
  ) );
#420 = ORIENTED_EDGE('',*,*,#421,.T.);
#421 = EDGE_CURVE('',#394,#334,#422,.T.);
#422 = SURFACE_CURVE('',#423,(#428,#439),.PCURVE_S1.);
#423 = CIRCLE('',#424,5.96);
#424 = AXIS2_PLACEMENT_3D('',#425,#426,#427);
#425 = CARTESIAN_POINT('',(324.31747445154,44.051271084909,
    104.30402712564));
#426 = DIRECTION('',(-0.103112622276,0.914044683668,-0.392288291167));
#427 = DIRECTION('',(-0.601037808128,0.256989406831,0.756776055367));
#428 = PCURVE('',#44,#429);
#429 = DEFINITIONAL_REPRESENTATION('',(#430),#438);
#430 = ( BOUNDED_CURVE() B_SPLINE_CURVE(2,(#431,#432,#433,#434,#435,#436
,#437),.UNSPECIFIED.,.T.,.F.) B_SPLINE_CURVE_WITH_KNOTS((1,2,2,2,2,1),(
    -2.094395102393,0.,2.094395102393,4.188790204786,6.28318530718,
8.377580409573),.UNSPECIFIED.) CURVE() GEOMETRIC_REPRESENTATION_ITEM() 
RATIONAL_B_SPLINE_CURVE((1.,0.5,1.,0.5,1.,0.5,1.)) REPRESENTATION_ITEM(
  '') );
#431 = CARTESIAN_POINT('',(-8.367238994163,5.418730665251));
#432 = CARTESIAN_POINT('',(-18.69026180727,5.418730665251));
#433 = CARTESIAN_POINT('',(-13.52875040071,14.358730665251));
#434 = CARTESIAN_POINT('',(-8.367238994163,23.298730665251));
#435 = CARTESIAN_POINT('',(-3.205727587608,14.358730665251));
#436 = CARTESIAN_POINT('',(1.955783818948,5.418730665251));
#437 = CARTESIAN_POINT('',(-8.367238994163,5.418730665251));
#438 = ( GEOMETRIC_REPRESENTATION_CONTEXT(2) 
PARAMETRIC_REPRESENTATION_CONTEXT() REPRESENTATION_CONTEXT('2D SPACE',''
  ) );
#439 = PCURVE('',#440,#445);
#440 = CYLINDRICAL_SURFACE('',#441,5.96);
#441 = AXIS2_PLACEMENT_3D('',#442,#443,#444);
#442 = CARTESIAN_POINT('',(324.21436182927,44.965315768577,
    103.91173883447));
#443 = DIRECTION('',(-0.103112622276,0.914044683668,-0.392288291167));
#444 = DIRECTION('',(-0.601037808128,0.256989406831,0.756776055367));
#445 = DEFINITIONAL_REPRESENTATION('',(#446),#449);
#446 = B_SPLINE_CURVE_WITH_KNOTS('',1,(#447,#448),.UNSPECIFIED.,.F.,.F.,
  (2,2),(0.,3.14159265359),.PIECEWISE_BEZIER_KNOTS.);
#447 = CARTESIAN_POINT('',(0.,-1.));
#448 = CARTESIAN_POINT('',(3.14159265359,-1.));
#449 = ( GEOMETRIC_REPRESENTATION_CONTEXT(2) 
PARAMETRIC_REPRESENTATION_CONTEXT() REPRESENTATION_CONTEXT('2D SPACE',''
  ) );
#450 = ADVANCED_FACE('',(#451),#126,.T.);
#451 = FACE_BOUND('',#452,.T.);
#452 = EDGE_LOOP('',(#453,#476,#504,#532,#560,#590));
#453 = ORIENTED_EDGE('',*,*,#454,.T.);
#454 = EDGE_CURVE('',#24,#455,#457,.T.);
#455 = VERTEX_POINT('',#456);
#456 = CARTESIAN_POINT('',(218.1732947585,32.711353376099,
    122.09607794571));
#457 = SURFACE_CURVE('',#458,(#463,#470),.PCURVE_S1.);
#458 = CIRCLE('',#459,6.4);
#459 = AXIS2_PLACEMENT_3D('',#460,#461,#462);
#460 = CARTESIAN_POINT('',(223.24555757699,34.71975822872,
    125.44248793974));
#461 = DIRECTION('',(-0.601037808128,0.256989406831,0.756776055367));
#462 = DIRECTION('',(-0.103112622276,0.914044683668,-0.392288291167));
#463 = PCURVE('',#126,#464);
#464 = DEFINITIONAL_REPRESENTATION('',(#465),#469);
#465 = CIRCLE('',#466,6.4);
#466 = AXIS2_PLACEMENT_2D('',#467,#468);
#467 = CARTESIAN_POINT('',(3.041837444839,3.041837444839));
#468 = DIRECTION('',(-1.,-2.775557561563E-17));
#469 = ( GEOMETRIC_REPRESENTATION_CONTEXT(2) 
PARAMETRIC_REPRESENTATION_CONTEXT() REPRESENTATION_CONTEXT('2D SPACE',''
  ) );
#470 = PCURVE('',#158,#471);
#471 = DEFINITIONAL_REPRESENTATION('',(#472),#475);
#472 = B_SPLINE_CURVE_WITH_KNOTS('',1,(#473,#474),.UNSPECIFIED.,.F.,.F.,
  (2,2),(0.,1.570796326795),.PIECEWISE_BEZIER_KNOTS.);
#473 = CARTESIAN_POINT('',(0.,-125.936587508));
#474 = CARTESIAN_POINT('',(-1.570796326795,-125.936587508));
#475 = ( GEOMETRIC_REPRESENTATION_CONTEXT(2) 
PARAMETRIC_REPRESENTATION_CONTEXT() REPRESENTATION_CONTEXT('2D SPACE',''
  ) );
#476 = ORIENTED_EDGE('',*,*,#477,.T.);
#477 = EDGE_CURVE('',#455,#478,#480,.T.);
#478 = VERTEX_POINT('',#479);
#479 = CARTESIAN_POINT('',(220.7889498628,9.524806573108,132.04724443235
    ));
#480 = SURFACE_CURVE('',#481,(#485,#492),.PCURVE_S1.);
#481 = LINE('',#482,#483);
#482 = CARTESIAN_POINT('',(218.1732947585,32.711353376099,
    122.09607794571));
#483 = VECTOR('',#484,1.);
#484 = DIRECTION('',(0.103112622276,-0.914044683668,0.392288291167));
#485 = PCURVE('',#126,#486);
#486 = DEFINITIONAL_REPRESENTATION('',(#487),#491);
#487 = LINE('',#488,#489);
#488 = CARTESIAN_POINT('',(3.041837444839,-3.358162555161));
#489 = VECTOR('',#490,1.);
#490 = DIRECTION('',(1.,0.));
#491 = ( GEOMETRIC_REPRESENTATION_CONTEXT(2) 
PARAMETRIC_REPRESENTATION_CONTEXT() REPRESENTATION_CONTEXT('2D SPACE',''
  ) );
#492 = PCURVE('',#493,#498);
#493 = PLANE('',#494);
#494 = AXIS2_PLACEMENT_3D('',#495,#496,#497);
#495 = CARTESIAN_POINT('',(257.32744757016,4.93589551361,79.418764228646
    ));
#496 = DIRECTION('',(0.792541065389,0.313813258222,0.522876561567));
#497 = DIRECTION('',(-0.601037808128,0.256989406831,0.756776055367));
#498 = DEFINITIONAL_REPRESENTATION('',(#499),#503);
#499 = LINE('',#500,#501);
#500 = CARTESIAN_POINT('',(62.968293754045,-12.6834864954));
#501 = VECTOR('',#502,1.);
#502 = DIRECTION('',(-5.551115123126E-17,1.));
#503 = ( GEOMETRIC_REPRESENTATION_CONTEXT(2) 
PARAMETRIC_REPRESENTATION_CONTEXT() REPRESENTATION_CONTEXT('2D SPACE',''
  ) );
#504 = ORIENTED_EDGE('',*,*,#505,.T.);
#505 = EDGE_CURVE('',#478,#506,#508,.T.);
#506 = VERTEX_POINT('',#507);
#507 = CARTESIAN_POINT('',(223.32508127204,10.529008999419,
    133.72044942936));
#508 = SURFACE_CURVE('',#509,(#513,#520),.PCURVE_S1.);
#509 = LINE('',#510,#511);
#510 = CARTESIAN_POINT('',(220.7889498628,9.524806573108,132.04724443235
    ));
#511 = VECTOR('',#512,1.);
#512 = DIRECTION('',(0.792541065389,0.313813258222,0.522876561567));
#513 = PCURVE('',#126,#514);
#514 = DEFINITIONAL_REPRESENTATION('',(#515),#519);
#515 = LINE('',#516,#517);
#516 = CARTESIAN_POINT('',(28.408810435652,-3.358162555161));
#517 = VECTOR('',#518,1.);
#518 = DIRECTION('',(-2.775557561563E-17,1.));
#519 = ( GEOMETRIC_REPRESENTATION_CONTEXT(2) 
PARAMETRIC_REPRESENTATION_CONTEXT() REPRESENTATION_CONTEXT('2D SPACE',''
  ) );
#520 = PCURVE('',#521,#526);
#521 = PLANE('',#522);
#522 = AXIS2_PLACEMENT_3D('',#523,#524,#525);
#523 = CARTESIAN_POINT('',(220.7889498628,9.524806573108,132.04724443235
    ));
#524 = DIRECTION('',(-0.103112622276,0.914044683668,-0.392288291167));
#525 = DIRECTION('',(0.601037808128,-0.256989406831,-0.756776055367));
#526 = DEFINITIONAL_REPRESENTATION('',(#527),#531);
#527 = LINE('',#528,#529);
#528 = CARTESIAN_POINT('',(0.,-0.));
#529 = VECTOR('',#530,1.);
#530 = DIRECTION('',(-5.551115123126E-17,-1.));
#531 = ( GEOMETRIC_REPRESENTATION_CONTEXT(2) 
PARAMETRIC_REPRESENTATION_CONTEXT() REPRESENTATION_CONTEXT('2D SPACE',''
  ) );
#532 = ORIENTED_EDGE('',*,*,#533,.F.);
#533 = EDGE_CURVE('',#534,#506,#536,.T.);
#534 = VERTEX_POINT('',#535);
#535 = CARTESIAN_POINT('',(220.70942616775,33.715555802409,
    123.76928294273));
#536 = SURFACE_CURVE('',#537,(#541,#548),.PCURVE_S1.);
#537 = LINE('',#538,#539);
#538 = CARTESIAN_POINT('',(220.70942616775,33.715555802409,
    123.76928294273));
#539 = VECTOR('',#540,1.);
#540 = DIRECTION('',(0.103112622276,-0.914044683668,0.392288291167));
#541 = PCURVE('',#126,#542);
#542 = DEFINITIONAL_REPRESENTATION('',(#543),#547);
#543 = LINE('',#544,#545);
#544 = CARTESIAN_POINT('',(3.041837444839,-0.158162555161));
#545 = VECTOR('',#546,1.);
#546 = DIRECTION('',(1.,0.));
#547 = ( GEOMETRIC_REPRESENTATION_CONTEXT(2) 
PARAMETRIC_REPRESENTATION_CONTEXT() REPRESENTATION_CONTEXT('2D SPACE',''
  ) );
#548 = PCURVE('',#549,#554);
#549 = PLANE('',#550);
#550 = AXIS2_PLACEMENT_3D('',#551,#552,#553);
#551 = CARTESIAN_POINT('',(259.86357897941,5.940097939921,
    81.091969225661));
#552 = DIRECTION('',(0.792541065389,0.313813258222,0.522876561567));
#553 = DIRECTION('',(-0.601037808128,0.256989406831,0.756776055367));
#554 = DEFINITIONAL_REPRESENTATION('',(#555),#559);
#555 = LINE('',#556,#557);
#556 = CARTESIAN_POINT('',(62.968293754045,-12.6834864954));
#557 = VECTOR('',#558,1.);
#558 = DIRECTION('',(-5.551115123126E-17,1.));
#559 = ( GEOMETRIC_REPRESENTATION_CONTEXT(2) 
PARAMETRIC_REPRESENTATION_CONTEXT() REPRESENTATION_CONTEXT('2D SPACE',''
  ) );
#560 = ORIENTED_EDGE('',*,*,#561,.T.);
#561 = EDGE_CURVE('',#534,#85,#562,.T.);
#562 = SURFACE_CURVE('',#563,(#568,#579),.PCURVE_S1.);
#563 = CIRCLE('',#564,3.2);
#564 = AXIS2_PLACEMENT_3D('',#565,#566,#567);
#565 = CARTESIAN_POINT('',(223.24555757699,34.71975822872,
    125.44248793974));
#566 = DIRECTION('',(0.601037808128,-0.256989406831,-0.756776055367));
#567 = DIRECTION('',(-0.792541065389,-0.313813258222,-0.522876561567));
#568 = PCURVE('',#126,#569);
#569 = DEFINITIONAL_REPRESENTATION('',(#570),#578);
#570 = ( BOUNDED_CURVE() B_SPLINE_CURVE(2,(#571,#572,#573,#574,#575,#576
,#577),.UNSPECIFIED.,.T.,.F.) B_SPLINE_CURVE_WITH_KNOTS((1,2,2,2,2,1),(
    -2.094395102393,0.,2.094395102393,4.188790204786,6.28318530718,
8.377580409573),.UNSPECIFIED.) CURVE() GEOMETRIC_REPRESENTATION_ITEM() 
RATIONAL_B_SPLINE_CURVE((1.,0.5,1.,0.5,1.,0.5,1.)) REPRESENTATION_ITEM(
  '') );
#571 = CARTESIAN_POINT('',(3.041837444839,-0.158162555161));
#572 = CARTESIAN_POINT('',(-2.500725139381,-0.158162555161));
#573 = CARTESIAN_POINT('',(0.270556152729,4.641837444839));
#574 = CARTESIAN_POINT('',(3.041837444839,9.441837444839));
#575 = CARTESIAN_POINT('',(5.813118736949,4.641837444839));
#576 = CARTESIAN_POINT('',(8.58440002906,-0.158162555161));
#577 = CARTESIAN_POINT('',(3.041837444839,-0.158162555161));
#578 = ( GEOMETRIC_REPRESENTATION_CONTEXT(2) 
PARAMETRIC_REPRESENTATION_CONTEXT() REPRESENTATION_CONTEXT('2D SPACE',''
  ) );
#579 = PCURVE('',#580,#585);
#580 = CYLINDRICAL_SURFACE('',#581,3.2);
#581 = AXIS2_PLACEMENT_3D('',#582,#583,#584);
#582 = CARTESIAN_POINT('',(298.93820809601,2.355389306734,30.13669401897
    ));
#583 = DIRECTION('',(0.601037808128,-0.256989406831,-0.756776055367));
#584 = DIRECTION('',(-0.792541065389,-0.313813258222,-0.522876561567));
#585 = DEFINITIONAL_REPRESENTATION('',(#586),#589);
#586 = B_SPLINE_CURVE_WITH_KNOTS('',1,(#587,#588),.UNSPECIFIED.,.F.,.F.,
  (2,2),(0.,1.570796326795),.PIECEWISE_BEZIER_KNOTS.);
#587 = CARTESIAN_POINT('',(0.,-125.936587508));
#588 = CARTESIAN_POINT('',(1.570796326795,-125.936587508));
#589 = ( GEOMETRIC_REPRESENTATION_CONTEXT(2) 
PARAMETRIC_REPRESENTATION_CONTEXT() REPRESENTATION_CONTEXT('2D SPACE',''
  ) );
#590 = ORIENTED_EDGE('',*,*,#112,.T.);
#591 = ADVANCED_FACE('',(#592,#757),#100,.T.);
#592 = FACE_BOUND('',#593,.T.);
#593 = EDGE_LOOP('',(#594,#595,#617,#640,#663,#690,#713,#736));
#594 = ORIENTED_EDGE('',*,*,#84,.T.);
#595 = ORIENTED_EDGE('',*,*,#596,.F.);
#596 = EDGE_CURVE('',#597,#85,#599,.T.);
#597 = VERTEX_POINT('',#598);
#598 = CARTESIAN_POINT('',(298.60824770473,5.28033229447,28.881371487237
    ));
#599 = SURFACE_CURVE('',#600,(#604,#611),.PCURVE_S1.);
#600 = LINE('',#601,#602);
#601 = CARTESIAN_POINT('',(298.60824770473,5.28033229447,28.881371487237
    ));
#602 = VECTOR('',#603,1.);
#603 = DIRECTION('',(-0.601037808128,0.256989406831,0.756776055367));
#604 = PCURVE('',#100,#605);
#605 = DEFINITIONAL_REPRESENTATION('',(#606),#610);
#606 = LINE('',#607,#608);
#607 = CARTESIAN_POINT('',(63.611952432722,62.968293754045));
#608 = VECTOR('',#609,1.);
#609 = DIRECTION('',(-5.551115123126E-17,-1.));
#610 = ( GEOMETRIC_REPRESENTATION_CONTEXT(2) 
PARAMETRIC_REPRESENTATION_CONTEXT() REPRESENTATION_CONTEXT('2D SPACE',''
  ) );
#611 = PCURVE('',#580,#612);
#612 = DEFINITIONAL_REPRESENTATION('',(#613),#616);
#613 = B_SPLINE_CURVE_WITH_KNOTS('',1,(#614,#615),.UNSPECIFIED.,.F.,.F.,
  (2,2),(0.,125.93658750809),.PIECEWISE_BEZIER_KNOTS.);
#614 = CARTESIAN_POINT('',(1.570796326795,0.));
#615 = CARTESIAN_POINT('',(1.570796326795,-125.936587508));
#616 = ( GEOMETRIC_REPRESENTATION_CONTEXT(2) 
PARAMETRIC_REPRESENTATION_CONTEXT() REPRESENTATION_CONTEXT('2D SPACE',''
  ) );
#617 = ORIENTED_EDGE('',*,*,#618,.T.);
#618 = EDGE_CURVE('',#597,#619,#621,.T.);
#619 = VERTEX_POINT('',#620);
#620 = CARTESIAN_POINT('',(303.05592748488,3.378610683923,
    23.281228677519));
#621 = SURFACE_CURVE('',#622,(#626,#633),.PCURVE_S1.);
#622 = LINE('',#623,#624);
#623 = CARTESIAN_POINT('',(218.46791740556,39.546422827003,
    129.78730821773));
#624 = VECTOR('',#625,1.);
#625 = DIRECTION('',(0.601037808128,-0.256989406831,-0.756776055367));
#626 = PCURVE('',#100,#627);
#627 = DEFINITIONAL_REPRESENTATION('',(#628),#632);
#628 = LINE('',#629,#630);
#629 = CARTESIAN_POINT('',(63.611952432722,-70.36829375404));
#630 = VECTOR('',#631,1.);
#631 = DIRECTION('',(5.551115123126E-17,1.));
#632 = ( GEOMETRIC_REPRESENTATION_CONTEXT(2) 
PARAMETRIC_REPRESENTATION_CONTEXT() REPRESENTATION_CONTEXT('2D SPACE',''
  ) );
#633 = PCURVE('',#185,#634);
#634 = DEFINITIONAL_REPRESENTATION('',(#635),#639);
#635 = LINE('',#636,#637);
#636 = CARTESIAN_POINT('',(-2.708944180085E-14,-3.2));
#637 = VECTOR('',#638,1.);
#638 = DIRECTION('',(1.,-5.551115123126E-17));
#639 = ( GEOMETRIC_REPRESENTATION_CONTEXT(2) 
PARAMETRIC_REPRESENTATION_CONTEXT() REPRESENTATION_CONTEXT('2D SPACE',''
  ) );
#640 = ORIENTED_EDGE('',*,*,#641,.T.);
#641 = EDGE_CURVE('',#619,#642,#644,.T.);
#642 = VERTEX_POINT('',#643);
#643 = CARTESIAN_POINT('',(308.92073136876,5.700828794766,
    27.150515233118));
#644 = SURFACE_CURVE('',#645,(#649,#656),.PCURVE_S1.);
#645 = LINE('',#646,#647);
#646 = CARTESIAN_POINT('',(303.05592748488,3.378610683923,
    23.281228677519));
#647 = VECTOR('',#648,1.);
#648 = DIRECTION('',(0.792541065389,0.313813258222,0.522876561567));
#649 = PCURVE('',#100,#650);
#650 = DEFINITIONAL_REPRESENTATION('',(#651),#655);
#651 = LINE('',#652,#653);
#652 = CARTESIAN_POINT('',(63.611952432722,70.368293754045));
#653 = VECTOR('',#654,1.);
#654 = DIRECTION('',(-1.,-5.551115123126E-17));
#655 = ( GEOMETRIC_REPRESENTATION_CONTEXT(2) 
PARAMETRIC_REPRESENTATION_CONTEXT() REPRESENTATION_CONTEXT('2D SPACE',''
  ) );
#656 = PCURVE('',#213,#657);
#657 = DEFINITIONAL_REPRESENTATION('',(#658),#662);
#658 = LINE('',#659,#660);
#659 = CARTESIAN_POINT('',(-2.409183963437E-14,-3.2));
#660 = VECTOR('',#661,1.);
#661 = DIRECTION('',(1.,2.775557561563E-17));
#662 = ( GEOMETRIC_REPRESENTATION_CONTEXT(2) 
PARAMETRIC_REPRESENTATION_CONTEXT() REPRESENTATION_CONTEXT('2D SPACE',''
  ) );
#663 = ORIENTED_EDGE('',*,*,#664,.F.);
#664 = EDGE_CURVE('',#665,#642,#667,.T.);
#665 = VERTEX_POINT('',#666);
#666 = CARTESIAN_POINT('',(398.02129270598,40.980940682637,
    85.934340047131));
#667 = SURFACE_CURVE('',#668,(#672,#679),.PCURVE_S1.);
#668 = LINE('',#669,#670);
#669 = CARTESIAN_POINT('',(398.02129270598,40.980940682637,
    85.934340047131));
#670 = VECTOR('',#671,1.);
#671 = DIRECTION('',(-0.792541065389,-0.313813258222,-0.522876561567));
#672 = PCURVE('',#100,#673);
#673 = DEFINITIONAL_REPRESENTATION('',(#674),#678);
#674 = LINE('',#675,#676);
#675 = CARTESIAN_POINT('',(-56.21195243272,70.368293754045));
#676 = VECTOR('',#677,1.);
#677 = DIRECTION('',(1.,5.551115123126E-17));
#678 = ( GEOMETRIC_REPRESENTATION_CONTEXT(2) 
PARAMETRIC_REPRESENTATION_CONTEXT() REPRESENTATION_CONTEXT('2D SPACE',''
  ) );
#679 = PCURVE('',#680,#685);
#680 = CYLINDRICAL_SURFACE('',#681,3.2);
#681 = AXIS2_PLACEMENT_3D('',#682,#683,#684);
#682 = CARTESIAN_POINT('',(398.35125309727,38.055997694901,
    87.189662578864));
#683 = DIRECTION('',(0.792541065389,0.313813258222,0.522876561567));
#684 = DIRECTION('',(0.601037808128,-0.256989406831,-0.756776055367));
#685 = DEFINITIONAL_REPRESENTATION('',(#686),#689);
#686 = B_SPLINE_CURVE_WITH_KNOTS('',1,(#687,#688),.UNSPECIFIED.,.F.,.F.,
  (2,2),(0.,112.42390486544),.PIECEWISE_BEZIER_KNOTS.);
#687 = CARTESIAN_POINT('',(1.570796326795,0.));
#688 = CARTESIAN_POINT('',(1.570796326795,-112.4239048654));
#689 = ( GEOMETRIC_REPRESENTATION_CONTEXT(2) 
PARAMETRIC_REPRESENTATION_CONTEXT() REPRESENTATION_CONTEXT('2D SPACE',''
  ) );
#690 = ORIENTED_EDGE('',*,*,#691,.T.);
#691 = EDGE_CURVE('',#665,#692,#694,.T.);
#692 = VERTEX_POINT('',#693);
#693 = CARTESIAN_POINT('',(403.88609658986,43.30315879348,
    89.803626602729));
#694 = SURFACE_CURVE('',#695,(#699,#706),.PCURVE_S1.);
#695 = LINE('',#696,#697);
#696 = CARTESIAN_POINT('',(303.05592748488,3.378610683923,
    23.281228677519));
#697 = VECTOR('',#698,1.);
#698 = DIRECTION('',(0.792541065389,0.313813258222,0.522876561567));
#699 = PCURVE('',#100,#700);
#700 = DEFINITIONAL_REPRESENTATION('',(#701),#705);
#701 = LINE('',#702,#703);
#702 = CARTESIAN_POINT('',(63.611952432722,70.368293754045));
#703 = VECTOR('',#704,1.);
#704 = DIRECTION('',(-1.,-5.551115123126E-17));
#705 = ( GEOMETRIC_REPRESENTATION_CONTEXT(2) 
PARAMETRIC_REPRESENTATION_CONTEXT() REPRESENTATION_CONTEXT('2D SPACE',''
  ) );
#706 = PCURVE('',#268,#707);
#707 = DEFINITIONAL_REPRESENTATION('',(#708),#712);
#708 = LINE('',#709,#710);
#709 = CARTESIAN_POINT('',(-2.409183963437E-14,-3.2));
#710 = VECTOR('',#711,1.);
#711 = DIRECTION('',(1.,2.775557561563E-17));
#712 = ( GEOMETRIC_REPRESENTATION_CONTEXT(2) 
PARAMETRIC_REPRESENTATION_CONTEXT() REPRESENTATION_CONTEXT('2D SPACE',''
  ) );
#713 = ORIENTED_EDGE('',*,*,#714,.T.);
#714 = EDGE_CURVE('',#692,#715,#717,.T.);
#715 = VERTEX_POINT('',#716);
#716 = CARTESIAN_POINT('',(319.29808651054,79.47097093656,
    196.30970614294));
#717 = SURFACE_CURVE('',#718,(#722,#729),.PCURVE_S1.);
#718 = LINE('',#719,#720);
#719 = CARTESIAN_POINT('',(403.88609658986,43.30315879348,
    89.803626602729));
#720 = VECTOR('',#721,1.);
#721 = DIRECTION('',(-0.601037808128,0.256989406831,0.756776055367));
#722 = PCURVE('',#100,#723);
#723 = DEFINITIONAL_REPRESENTATION('',(#724),#728);
#724 = LINE('',#725,#726);
#725 = CARTESIAN_POINT('',(-63.61195243272,70.368293754045));
#726 = VECTOR('',#727,1.);
#727 = DIRECTION('',(-5.551115123126E-17,-1.));
#728 = ( GEOMETRIC_REPRESENTATION_CONTEXT(2) 
PARAMETRIC_REPRESENTATION_CONTEXT() REPRESENTATION_CONTEXT('2D SPACE',''
  ) );
#729 = PCURVE('',#296,#730);
#730 = DEFINITIONAL_REPRESENTATION('',(#731),#735);
#731 = LINE('',#732,#733);
#732 = CARTESIAN_POINT('',(2.886579864025E-14,-3.2));
#733 = VECTOR('',#734,1.);
#734 = DIRECTION('',(1.,5.551115123126E-17));
#735 = ( GEOMETRIC_REPRESENTATION_CONTEXT(2) 
PARAMETRIC_REPRESENTATION_CONTEXT() REPRESENTATION_CONTEXT('2D SPACE',''
  ) );
#736 = ORIENTED_EDGE('',*,*,#737,.T.);
#737 = EDGE_CURVE('',#715,#57,#738,.T.);
#738 = SURFACE_CURVE('',#739,(#743,#750),.PCURVE_S1.);
#739 = LINE('',#740,#741);
#740 = CARTESIAN_POINT('',(319.29808651054,79.47097093656,
    196.30970614294));
#741 = VECTOR('',#742,1.);
#742 = DIRECTION('',(-0.792541065389,-0.313813258222,-0.522876561567));
#743 = PCURVE('',#100,#744);
#744 = DEFINITIONAL_REPRESENTATION('',(#745),#749);
#745 = LINE('',#746,#747);
#746 = CARTESIAN_POINT('',(-63.61195243272,-70.36829375404));
#747 = VECTOR('',#748,1.);
#748 = DIRECTION('',(1.,5.551115123126E-17));
#749 = ( GEOMETRIC_REPRESENTATION_CONTEXT(2) 
PARAMETRIC_REPRESENTATION_CONTEXT() REPRESENTATION_CONTEXT('2D SPACE',''
  ) );
#750 = PCURVE('',#72,#751);
#751 = DEFINITIONAL_REPRESENTATION('',(#752),#756);
#752 = LINE('',#753,#754);
#753 = CARTESIAN_POINT('',(1.976196983833E-14,-3.2));
#754 = VECTOR('',#755,1.);
#755 = DIRECTION('',(1.,-2.775557561563E-17));
#756 = ( GEOMETRIC_REPRESENTATION_CONTEXT(2) 
PARAMETRIC_REPRESENTATION_CONTEXT() REPRESENTATION_CONTEXT('2D SPACE',''
  ) );
#757 = FACE_BOUND('',#758,.T.);
#758 = EDGE_LOOP('',(#759,#784,#811,#834));
#759 = ORIENTED_EDGE('',*,*,#760,.F.);
#760 = EDGE_CURVE('',#761,#763,#765,.T.);
#761 = VERTEX_POINT('',#762);
#762 = CARTESIAN_POINT('',(317.45106168999,35.326810920642,
    93.937843130072));
#763 = VERTEX_POINT('',#764);
#764 = CARTESIAN_POINT('',(328.22962017927,39.594671232462,
    101.04896436738));
#765 = SURFACE_CURVE('',#766,(#770,#777),.PCURVE_S1.);
#766 = LINE('',#767,#768);
#767 = CARTESIAN_POINT('',(324.91392992588,38.281795966922,
    98.861447789847));
#768 = VECTOR('',#769,1.);
#769 = DIRECTION('',(0.792541065389,0.313813258222,0.522876561567));
#770 = PCURVE('',#100,#771);
#771 = DEFINITIONAL_REPRESENTATION('',(#772),#776);
#772 = LINE('',#773,#774);
#773 = CARTESIAN_POINT('',(-4.183619497081,17.338730665251));
#774 = VECTOR('',#775,1.);
#775 = DIRECTION('',(-1.,-5.551115123126E-17));
#776 = ( GEOMETRIC_REPRESENTATION_CONTEXT(2) 
PARAMETRIC_REPRESENTATION_CONTEXT() REPRESENTATION_CONTEXT('2D SPACE',''
  ) );
#777 = PCURVE('',#349,#778);
#778 = DEFINITIONAL_REPRESENTATION('',(#779),#783);
#779 = LINE('',#780,#781);
#780 = CARTESIAN_POINT('',(4.183619497081,-4.2));
#781 = VECTOR('',#782,1.);
#782 = DIRECTION('',(-1.,2.775557561563E-17));
#783 = ( GEOMETRIC_REPRESENTATION_CONTEXT(2) 
PARAMETRIC_REPRESENTATION_CONTEXT() REPRESENTATION_CONTEXT('2D SPACE',''
  ) );
#784 = ORIENTED_EDGE('',*,*,#785,.T.);
#785 = EDGE_CURVE('',#761,#786,#788,.T.);
#786 = VERTEX_POINT('',#787);
#787 = CARTESIAN_POINT('',(310.2866910171,38.390124650064,
    102.95861371004));
#788 = SURFACE_CURVE('',#789,(#794,#805),.PCURVE_S1.);
#789 = CIRCLE('',#790,5.96);
#790 = AXIS2_PLACEMENT_3D('',#791,#792,#793);
#791 = CARTESIAN_POINT('',(313.86887635354,36.858467785353,
    98.44822842006));
#792 = DIRECTION('',(-0.103112622276,0.914044683668,-0.392288291167));
#793 = DIRECTION('',(0.601037808128,-0.256989406831,-0.756776055367));
#794 = PCURVE('',#100,#795);
#795 = DEFINITIONAL_REPRESENTATION('',(#796),#804);
#796 = ( BOUNDED_CURVE() B_SPLINE_CURVE(2,(#797,#798,#799,#800,#801,#802
,#803),.UNSPECIFIED.,.T.,.F.) B_SPLINE_CURVE_WITH_KNOTS((1,2,2,2,2,1),(
    -2.094395102393,0.,2.094395102393,4.188790204786,6.28318530718,
8.377580409573),.UNSPECIFIED.) CURVE() GEOMETRIC_REPRESENTATION_ITEM() 
RATIONAL_B_SPLINE_CURVE((1.,0.5,1.,0.5,1.,0.5,1.)) REPRESENTATION_ITEM(
  '') );
#797 = CARTESIAN_POINT('',(5.232761005837,17.338730665251));
#798 = CARTESIAN_POINT('',(15.555783818948,17.338730665251));
#799 = CARTESIAN_POINT('',(10.394272412393,8.398730665251));
#800 = CARTESIAN_POINT('',(5.232761005837,-0.541269334749));
#801 = CARTESIAN_POINT('',(7.1249599282E-02,8.398730665251));
#802 = CARTESIAN_POINT('',(-5.090261807273,17.338730665251));
#803 = CARTESIAN_POINT('',(5.232761005837,17.338730665251));
#804 = ( GEOMETRIC_REPRESENTATION_CONTEXT(2) 
PARAMETRIC_REPRESENTATION_CONTEXT() REPRESENTATION_CONTEXT('2D SPACE',''
  ) );
#805 = PCURVE('',#382,#806);
#806 = DEFINITIONAL_REPRESENTATION('',(#807),#810);
#807 = B_SPLINE_CURVE_WITH_KNOTS('',1,(#808,#809),.UNSPECIFIED.,.F.,.F.,
  (2,2),(0.,3.14159265359),.PIECEWISE_BEZIER_KNOTS.);
#808 = CARTESIAN_POINT('',(0.,-4.2));
#809 = CARTESIAN_POINT('',(3.14159265359,-4.2));
#810 = ( GEOMETRIC_REPRESENTATION_CONTEXT(2) 
PARAMETRIC_REPRESENTATION_CONTEXT() REPRESENTATION_CONTEXT('2D SPACE',''
  ) );
#811 = ORIENTED_EDGE('',*,*,#812,.F.);
#812 = EDGE_CURVE('',#813,#786,#815,.T.);
#813 = VERTEX_POINT('',#814);
#814 = CARTESIAN_POINT('',(321.06524950638,42.657984961884,
    110.06973494736));
#815 = SURFACE_CURVE('',#816,(#820,#827),.PCURVE_S1.);
#816 = LINE('',#817,#818);
#817 = CARTESIAN_POINT('',(312.36028000834,39.211179540434,
    104.32665775116));
#818 = VECTOR('',#819,1.);
#819 = DIRECTION('',(-0.792541065389,-0.313813258222,-0.522876561567));
#820 = PCURVE('',#100,#821);
#821 = DEFINITIONAL_REPRESENTATION('',(#822),#826);
#822 = LINE('',#823,#824);
#823 = CARTESIAN_POINT('',(2.616380502919,5.418730665251));
#824 = VECTOR('',#825,1.);
#825 = DIRECTION('',(1.,5.551115123126E-17));
#826 = ( GEOMETRIC_REPRESENTATION_CONTEXT(2) 
PARAMETRIC_REPRESENTATION_CONTEXT() REPRESENTATION_CONTEXT('2D SPACE',''
  ) );
#827 = PCURVE('',#409,#828);
#828 = DEFINITIONAL_REPRESENTATION('',(#829),#833);
#829 = LINE('',#830,#831);
#830 = CARTESIAN_POINT('',(2.616380502919,-4.2));
#831 = VECTOR('',#832,1.);
#832 = DIRECTION('',(-1.,-2.775557561563E-17));
#833 = ( GEOMETRIC_REPRESENTATION_CONTEXT(2) 
PARAMETRIC_REPRESENTATION_CONTEXT() REPRESENTATION_CONTEXT('2D SPACE',''
  ) );
#834 = ORIENTED_EDGE('',*,*,#835,.T.);
#835 = EDGE_CURVE('',#813,#763,#836,.T.);
#836 = SURFACE_CURVE('',#837,(#842,#853),.PCURVE_S1.);
#837 = CIRCLE('',#838,5.96);
#838 = AXIS2_PLACEMENT_3D('',#839,#840,#841);
#839 = CARTESIAN_POINT('',(324.64743484283,41.126328097173,
    105.55934965737));
#840 = DIRECTION('',(-0.103112622276,0.914044683668,-0.392288291167));
#841 = DIRECTION('',(-0.601037808128,0.256989406831,0.756776055367));
#842 = PCURVE('',#100,#843);
#843 = DEFINITIONAL_REPRESENTATION('',(#844),#852);
#844 = ( BOUNDED_CURVE() B_SPLINE_CURVE(2,(#845,#846,#847,#848,#849,#850
,#851),.UNSPECIFIED.,.T.,.F.) B_SPLINE_CURVE_WITH_KNOTS((1,2,2,2,2,1),(
    -2.094395102393,0.,2.094395102393,4.188790204786,6.28318530718,
8.377580409573),.UNSPECIFIED.) CURVE() GEOMETRIC_REPRESENTATION_ITEM() 
RATIONAL_B_SPLINE_CURVE((1.,0.5,1.,0.5,1.,0.5,1.)) REPRESENTATION_ITEM(
  '') );
#845 = CARTESIAN_POINT('',(-8.367238994163,5.418730665251));
#846 = CARTESIAN_POINT('',(-18.69026180727,5.418730665251));
#847 = CARTESIAN_POINT('',(-13.52875040071,14.358730665251));
#848 = CARTESIAN_POINT('',(-8.367238994163,23.298730665251));
#849 = CARTESIAN_POINT('',(-3.205727587607,14.358730665251));
#850 = CARTESIAN_POINT('',(1.955783818948,5.418730665251));
#851 = CARTESIAN_POINT('',(-8.367238994163,5.418730665251));
#852 = ( GEOMETRIC_REPRESENTATION_CONTEXT(2) 
PARAMETRIC_REPRESENTATION_CONTEXT() REPRESENTATION_CONTEXT('2D SPACE',''
  ) );
#853 = PCURVE('',#440,#854);
#854 = DEFINITIONAL_REPRESENTATION('',(#855),#858);
#855 = B_SPLINE_CURVE_WITH_KNOTS('',1,(#856,#857),.UNSPECIFIED.,.F.,.F.,
  (2,2),(0.,3.14159265359),.PIECEWISE_BEZIER_KNOTS.);
#856 = CARTESIAN_POINT('',(0.,-4.2));
#857 = CARTESIAN_POINT('',(3.14159265359,-4.2));
#858 = ( GEOMETRIC_REPRESENTATION_CONTEXT(2) 
PARAMETRIC_REPRESENTATION_CONTEXT() REPRESENTATION_CONTEXT('2D SPACE',''
  ) );
#859 = ADVANCED_FACE('',(#860),#72,.F.);
#860 = FACE_BOUND('',#861,.F.);
#861 = EDGE_LOOP('',(#862,#883,#884,#885));
#862 = ORIENTED_EDGE('',*,*,#863,.T.);
#863 = EDGE_CURVE('',#281,#715,#864,.T.);
#864 = SURFACE_CURVE('',#865,(#869,#876),.PCURVE_S1.);
#865 = LINE('',#866,#867);
#866 = CARTESIAN_POINT('',(318.96812611925,82.395913924297,
    195.0543836112));
#867 = VECTOR('',#868,1.);
#868 = DIRECTION('',(0.103112622276,-0.914044683668,0.392288291167));
#869 = PCURVE('',#72,#870);
#870 = DEFINITIONAL_REPRESENTATION('',(#871),#875);
#871 = LINE('',#872,#873);
#872 = CARTESIAN_POINT('',(-0.,0.));
#873 = VECTOR('',#874,1.);
#874 = DIRECTION('',(0.,-1.));
#875 = ( GEOMETRIC_REPRESENTATION_CONTEXT(2) 
PARAMETRIC_REPRESENTATION_CONTEXT() REPRESENTATION_CONTEXT('2D SPACE',''
  ) );
#876 = PCURVE('',#296,#877);
#877 = DEFINITIONAL_REPRESENTATION('',(#878),#882);
#878 = LINE('',#879,#880);
#879 = CARTESIAN_POINT('',(140.73658750809,0.));
#880 = VECTOR('',#881,1.);
#881 = DIRECTION('',(-5.551115123126E-17,-1.));
#882 = ( GEOMETRIC_REPRESENTATION_CONTEXT(2) 
PARAMETRIC_REPRESENTATION_CONTEXT() REPRESENTATION_CONTEXT('2D SPACE',''
  ) );
#883 = ORIENTED_EDGE('',*,*,#737,.T.);
#884 = ORIENTED_EDGE('',*,*,#56,.F.);
#885 = ORIENTED_EDGE('',*,*,#308,.F.);
#886 = ADVANCED_FACE('',(#887),#158,.T.);
#887 = FACE_BOUND('',#888,.F.);
#888 = EDGE_LOOP('',(#889,#890,#891,#913));
#889 = ORIENTED_EDGE('',*,*,#142,.T.);
#890 = ORIENTED_EDGE('',*,*,#454,.T.);
#891 = ORIENTED_EDGE('',*,*,#892,.F.);
#892 = EDGE_CURVE('',#893,#455,#895,.T.);
#893 = VERTEX_POINT('',#894);
#894 = CARTESIAN_POINT('',(293.86594527752,0.346984454112,
    26.790284024939));
#895 = SURFACE_CURVE('',#896,(#900,#906),.PCURVE_S1.);
#896 = LINE('',#897,#898);
#897 = CARTESIAN_POINT('',(293.86594527752,0.346984454112,
    26.790284024939));
#898 = VECTOR('',#899,1.);
#899 = DIRECTION('',(-0.601037808128,0.256989406831,0.756776055367));
#900 = PCURVE('',#158,#901);
#901 = DEFINITIONAL_REPRESENTATION('',(#902),#905);
#902 = B_SPLINE_CURVE_WITH_KNOTS('',1,(#903,#904),.UNSPECIFIED.,.F.,.F.,
  (2,2),(0.,125.93658750809),.PIECEWISE_BEZIER_KNOTS.);
#903 = CARTESIAN_POINT('',(-1.570796326795,0.));
#904 = CARTESIAN_POINT('',(-1.570796326795,-125.936587508));
#905 = ( GEOMETRIC_REPRESENTATION_CONTEXT(2) 
PARAMETRIC_REPRESENTATION_CONTEXT() REPRESENTATION_CONTEXT('2D SPACE',''
  ) );
#906 = PCURVE('',#493,#907);
#907 = DEFINITIONAL_REPRESENTATION('',(#908),#912);
#908 = LINE('',#909,#910);
#909 = CARTESIAN_POINT('',(-62.96829375404,-12.6834864954));
#910 = VECTOR('',#911,1.);
#911 = DIRECTION('',(1.,-5.551115123126E-17));
#912 = ( GEOMETRIC_REPRESENTATION_CONTEXT(2) 
PARAMETRIC_REPRESENTATION_CONTEXT() REPRESENTATION_CONTEXT('2D SPACE',''
  ) );
#913 = ORIENTED_EDGE('',*,*,#914,.F.);
#914 = EDGE_CURVE('',#143,#893,#915,.T.);
#915 = SURFACE_CURVE('',#916,(#921,#927),.PCURVE_S1.);
#916 = CIRCLE('',#917,6.4);
#917 = AXIS2_PLACEMENT_3D('',#918,#919,#920);
#918 = CARTESIAN_POINT('',(298.93820809601,2.355389306734,30.13669401897
    ));
#919 = DIRECTION('',(-0.601037808128,0.256989406831,0.756776055367));
#920 = DIRECTION('',(-0.103112622276,0.914044683668,-0.392288291167));
#921 = PCURVE('',#158,#922);
#922 = DEFINITIONAL_REPRESENTATION('',(#923),#926);
#923 = B_SPLINE_CURVE_WITH_KNOTS('',1,(#924,#925),.UNSPECIFIED.,.F.,.F.,
  (2,2),(0.,1.570796326795),.PIECEWISE_BEZIER_KNOTS.);
#924 = CARTESIAN_POINT('',(0.,0.));
#925 = CARTESIAN_POINT('',(-1.570796326795,0.));
#926 = ( GEOMETRIC_REPRESENTATION_CONTEXT(2) 
PARAMETRIC_REPRESENTATION_CONTEXT() REPRESENTATION_CONTEXT('2D SPACE',''
  ) );
#927 = PCURVE('',#928,#933);
#928 = PLANE('',#929);
#929 = AXIS2_PLACEMENT_3D('',#930,#931,#932);
#930 = CARTESIAN_POINT('',(296.21377517126,4.181195732223,
    27.352911301723));
#931 = DIRECTION('',(-0.601037808128,0.256989406831,0.756776055367));
#932 = DIRECTION('',(0.103112622276,-0.914044683668,0.392288291167));
#933 = DEFINITIONAL_REPRESENTATION('',(#934),#938);
#934 = CIRCLE('',#935,6.4);
#935 = AXIS2_PLACEMENT_2D('',#936,#937);
#936 = CARTESIAN_POINT('',(3.041837444839,3.041837444839));
#937 = DIRECTION('',(-1.,-2.775557561563E-17));
#938 = ( GEOMETRIC_REPRESENTATION_CONTEXT(2) 
PARAMETRIC_REPRESENTATION_CONTEXT() REPRESENTATION_CONTEXT('2D SPACE',''
  ) );
#939 = ADVANCED_FACE('',(#940),#185,.F.);
#940 = FACE_BOUND('',#941,.F.);
#941 = EDGE_LOOP('',(#942,#943,#964,#965));
#942 = ORIENTED_EDGE('',*,*,#169,.F.);
#943 = ORIENTED_EDGE('',*,*,#944,.F.);
#944 = EDGE_CURVE('',#597,#143,#945,.T.);
#945 = SURFACE_CURVE('',#946,(#950,#957),.PCURVE_S1.);
#946 = LINE('',#947,#948);
#947 = CARTESIAN_POINT('',(298.60824770473,5.28033229447,28.881371487237
    ));
#948 = VECTOR('',#949,1.);
#949 = DIRECTION('',(-0.103112622276,0.914044683668,-0.392288291167));
#950 = PCURVE('',#185,#951);
#951 = DEFINITIONAL_REPRESENTATION('',(#952),#956);
#952 = LINE('',#953,#954);
#953 = CARTESIAN_POINT('',(133.33658750809,-3.2));
#954 = VECTOR('',#955,1.);
#955 = DIRECTION('',(-5.551115123126E-17,1.));
#956 = ( GEOMETRIC_REPRESENTATION_CONTEXT(2) 
PARAMETRIC_REPRESENTATION_CONTEXT() REPRESENTATION_CONTEXT('2D SPACE',''
  ) );
#957 = PCURVE('',#928,#958);
#958 = DEFINITIONAL_REPRESENTATION('',(#959),#963);
#959 = LINE('',#960,#961);
#960 = CARTESIAN_POINT('',(-0.158162555161,3.041837444839));
#961 = VECTOR('',#962,1.);
#962 = DIRECTION('',(-1.,5.551115123126E-17));
#963 = ( GEOMETRIC_REPRESENTATION_CONTEXT(2) 
PARAMETRIC_REPRESENTATION_CONTEXT() REPRESENTATION_CONTEXT('2D SPACE',''
  ) );
#964 = ORIENTED_EDGE('',*,*,#618,.T.);
#965 = ORIENTED_EDGE('',*,*,#966,.F.);
#966 = EDGE_CURVE('',#170,#619,#967,.T.);
#967 = SURFACE_CURVE('',#968,(#972,#979),.PCURVE_S1.);
#968 = LINE('',#969,#970);
#969 = CARTESIAN_POINT('',(302.72596709359,6.303553671659,
    22.025906145786));
#970 = VECTOR('',#971,1.);
#971 = DIRECTION('',(0.103112622276,-0.914044683668,0.392288291167));
#972 = PCURVE('',#185,#973);
#973 = DEFINITIONAL_REPRESENTATION('',(#974),#978);
#974 = LINE('',#975,#976);
#975 = CARTESIAN_POINT('',(140.73658750809,1.42108547152E-14));
#976 = VECTOR('',#977,1.);
#977 = DIRECTION('',(5.551115123126E-17,-1.));
#978 = ( GEOMETRIC_REPRESENTATION_CONTEXT(2) 
PARAMETRIC_REPRESENTATION_CONTEXT() REPRESENTATION_CONTEXT('2D SPACE',''
  ) );
#979 = PCURVE('',#213,#980);
#980 = DEFINITIONAL_REPRESENTATION('',(#981),#985);
#981 = LINE('',#982,#983);
#982 = CARTESIAN_POINT('',(0.,0.));
#983 = VECTOR('',#984,1.);
#984 = DIRECTION('',(0.,-1.));
#985 = ( GEOMETRIC_REPRESENTATION_CONTEXT(2) 
PARAMETRIC_REPRESENTATION_CONTEXT() REPRESENTATION_CONTEXT('2D SPACE',''
  ) );
#986 = ADVANCED_FACE('',(#987),#213,.F.);
#987 = FACE_BOUND('',#988,.F.);
#988 = EDGE_LOOP('',(#989,#990,#991,#992));
#989 = ORIENTED_EDGE('',*,*,#197,.F.);
#990 = ORIENTED_EDGE('',*,*,#966,.T.);
#991 = ORIENTED_EDGE('',*,*,#641,.T.);
#992 = ORIENTED_EDGE('',*,*,#993,.T.);
#993 = EDGE_CURVE('',#642,#198,#994,.T.);
#994 = SURFACE_CURVE('',#995,(#999,#1006),.PCURVE_S1.);
#995 = LINE('',#996,#997);
#996 = CARTESIAN_POINT('',(308.92073136876,5.700828794766,
    27.150515233118));
#997 = VECTOR('',#998,1.);
#998 = DIRECTION('',(-0.103112622276,0.914044683668,-0.392288291167));
#999 = PCURVE('',#213,#1000);
#1000 = DEFINITIONAL_REPRESENTATION('',(#1001),#1005);
#1001 = LINE('',#1002,#1003);
#1002 = CARTESIAN_POINT('',(7.4,-3.2));
#1003 = VECTOR('',#1004,1.);
#1004 = DIRECTION('',(0.,1.));
#1005 = ( GEOMETRIC_REPRESENTATION_CONTEXT(2) 
PARAMETRIC_REPRESENTATION_CONTEXT() REPRESENTATION_CONTEXT('2D SPACE',''
  ) );
#1006 = PCURVE('',#1007,#1012);
#1007 = PLANE('',#1008);
#1008 = AXIS2_PLACEMENT_3D('',#1009,#1010,#1011);
#1009 = CARTESIAN_POINT('',(310.76529923509,4.774541151441,
    24.910570809035));
#1010 = DIRECTION('',(-0.792541065389,-0.313813258222,-0.522876561567));
#1011 = DIRECTION('',(0.103112622276,-0.914044683668,0.392288291167));
#1012 = DEFINITIONAL_REPRESENTATION('',(#1013),#1017);
#1013 = LINE('',#1014,#1015);
#1014 = CARTESIAN_POINT('',(-0.158162555161,3.041837444839));
#1015 = VECTOR('',#1016,1.);
#1016 = DIRECTION('',(-1.,1.110223024625E-16));
#1017 = ( GEOMETRIC_REPRESENTATION_CONTEXT(2) 
PARAMETRIC_REPRESENTATION_CONTEXT() REPRESENTATION_CONTEXT('2D SPACE',''
  ) );
#1018 = ADVANCED_FACE('',(#1019),#241,.T.);
#1019 = FACE_BOUND('',#1020,.F.);
#1020 = EDGE_LOOP('',(#1021,#1022,#1045,#1072));
#1021 = ORIENTED_EDGE('',*,*,#225,.T.);
#1022 = ORIENTED_EDGE('',*,*,#1023,.T.);
#1023 = EDGE_CURVE('',#198,#1024,#1026,.T.);
#1024 = VERTEX_POINT('',#1025);
#1025 = CARTESIAN_POINT('',(313.09733373206,1.131153603313,
    23.562471010501));
#1026 = SURFACE_CURVE('',#1027,(#1032,#1038),.PCURVE_S1.);
#1027 = CIRCLE('',#1028,6.4);
#1028 = AXIS2_PLACEMENT_3D('',#1029,#1030,#1031);
#1029 = CARTESIAN_POINT('',(309.25069176004,2.77588580703,
    28.405837764851));
#1030 = DIRECTION('',(-0.792541065389,-0.313813258222,-0.522876561567));
#1031 = DIRECTION('',(-0.103112622276,0.914044683668,-0.392288291167));
#1032 = PCURVE('',#241,#1033);
#1033 = DEFINITIONAL_REPRESENTATION('',(#1034),#1037);
#1034 = B_SPLINE_CURVE_WITH_KNOTS('',1,(#1035,#1036),.UNSPECIFIED.,.F.,
  .F.,(2,2),(0.,1.570796326795),.PIECEWISE_BEZIER_KNOTS.);
#1035 = CARTESIAN_POINT('',(0.,-112.4239048654));
#1036 = CARTESIAN_POINT('',(-1.570796326795,-112.4239048654));
#1037 = ( GEOMETRIC_REPRESENTATION_CONTEXT(2) 
PARAMETRIC_REPRESENTATION_CONTEXT() REPRESENTATION_CONTEXT('2D SPACE',''
  ) );
#1038 = PCURVE('',#1007,#1039);
#1039 = DEFINITIONAL_REPRESENTATION('',(#1040),#1044);
#1040 = CIRCLE('',#1041,6.4);
#1041 = AXIS2_PLACEMENT_2D('',#1042,#1043);
#1042 = CARTESIAN_POINT('',(3.041837444839,3.041837444839));
#1043 = DIRECTION('',(-1.,0.));
#1044 = ( GEOMETRIC_REPRESENTATION_CONTEXT(2) 
PARAMETRIC_REPRESENTATION_CONTEXT() REPRESENTATION_CONTEXT('2D SPACE',''
  ) );
#1045 = ORIENTED_EDGE('',*,*,#1046,.F.);
#1046 = EDGE_CURVE('',#1047,#1024,#1049,.T.);
#1047 = VERTEX_POINT('',#1048);
#1048 = CARTESIAN_POINT('',(402.19789506929,36.411265491184,
    82.346295824514));
#1049 = SURFACE_CURVE('',#1050,(#1054,#1060),.PCURVE_S1.);
#1050 = LINE('',#1051,#1052);
#1051 = CARTESIAN_POINT('',(402.19789506929,36.411265491184,
    82.346295824514));
#1052 = VECTOR('',#1053,1.);
#1053 = DIRECTION('',(-0.792541065389,-0.313813258222,-0.522876561567));
#1054 = PCURVE('',#241,#1055);
#1055 = DEFINITIONAL_REPRESENTATION('',(#1056),#1059);
#1056 = B_SPLINE_CURVE_WITH_KNOTS('',1,(#1057,#1058),.UNSPECIFIED.,.F.,
  .F.,(2,2),(0.,112.42390486544),.PIECEWISE_BEZIER_KNOTS.);
#1057 = CARTESIAN_POINT('',(-1.570796326795,0.));
#1058 = CARTESIAN_POINT('',(-1.570796326795,-112.4239048654));
#1059 = ( GEOMETRIC_REPRESENTATION_CONTEXT(2) 
PARAMETRIC_REPRESENTATION_CONTEXT() REPRESENTATION_CONTEXT('2D SPACE',''
  ) );
#1060 = PCURVE('',#1061,#1066);
#1061 = PLANE('',#1062);
#1062 = AXIS2_PLACEMENT_3D('',#1063,#1064,#1065);
#1063 = CARTESIAN_POINT('',(360.21230888613,-3.963595444692,
    62.711672048638));
#1064 = DIRECTION('',(-0.601037808128,0.256989406831,0.756776055367));
#1065 = DIRECTION('',(-0.792541065389,-0.313813258222,-0.522876561567));
#1066 = DEFINITIONAL_REPRESENTATION('',(#1067),#1071);
#1067 = LINE('',#1068,#1069);
#1068 = CARTESIAN_POINT('',(-56.21195243272,-24.87275009436));
#1069 = VECTOR('',#1070,1.);
#1070 = DIRECTION('',(1.,2.775557561563E-17));
#1071 = ( GEOMETRIC_REPRESENTATION_CONTEXT(2) 
PARAMETRIC_REPRESENTATION_CONTEXT() REPRESENTATION_CONTEXT('2D SPACE',''
  ) );
#1072 = ORIENTED_EDGE('',*,*,#1073,.F.);
#1073 = EDGE_CURVE('',#226,#1047,#1074,.T.);
#1074 = SURFACE_CURVE('',#1075,(#1080,#1086),.PCURVE_S1.);
#1075 = CIRCLE('',#1076,6.4);
#1076 = AXIS2_PLACEMENT_3D('',#1077,#1078,#1079);
#1077 = CARTESIAN_POINT('',(398.35125309727,38.055997694901,
    87.189662578864));
#1078 = DIRECTION('',(-0.792541065389,-0.313813258222,-0.522876561567));
#1079 = DIRECTION('',(-0.103112622276,0.914044683668,-0.392288291167));
#1080 = PCURVE('',#241,#1081);
#1081 = DEFINITIONAL_REPRESENTATION('',(#1082),#1085);
#1082 = B_SPLINE_CURVE_WITH_KNOTS('',1,(#1083,#1084),.UNSPECIFIED.,.F.,
  .F.,(2,2),(0.,1.570796326795),.PIECEWISE_BEZIER_KNOTS.);
#1083 = CARTESIAN_POINT('',(0.,0.));
#1084 = CARTESIAN_POINT('',(-1.570796326795,0.));
#1085 = ( GEOMETRIC_REPRESENTATION_CONTEXT(2) 
PARAMETRIC_REPRESENTATION_CONTEXT() REPRESENTATION_CONTEXT('2D SPACE',''
  ) );
#1086 = PCURVE('',#1087,#1092);
#1087 = PLANE('',#1088);
#1088 = AXIS2_PLACEMENT_3D('',#1089,#1090,#1091);
#1089 = CARTESIAN_POINT('',(399.86586057232,40.054653039312,
    83.694395623048));
#1090 = DIRECTION('',(-0.792541065389,-0.313813258222,-0.522876561567));
#1091 = DIRECTION('',(0.103112622276,-0.914044683668,0.392288291167));
#1092 = DEFINITIONAL_REPRESENTATION('',(#1093),#1097);
#1093 = CIRCLE('',#1094,6.4);
#1094 = AXIS2_PLACEMENT_2D('',#1095,#1096);
#1095 = CARTESIAN_POINT('',(3.041837444839,3.041837444839));
#1096 = DIRECTION('',(-1.,0.));
#1097 = ( GEOMETRIC_REPRESENTATION_CONTEXT(2) 
PARAMETRIC_REPRESENTATION_CONTEXT() REPRESENTATION_CONTEXT('2D SPACE',''
  ) );
#1098 = ADVANCED_FACE('',(#1099),#268,.F.);
#1099 = FACE_BOUND('',#1100,.F.);
#1100 = EDGE_LOOP('',(#1101,#1102,#1123,#1124));
#1101 = ORIENTED_EDGE('',*,*,#252,.F.);
#1102 = ORIENTED_EDGE('',*,*,#1103,.F.);
#1103 = EDGE_CURVE('',#665,#226,#1104,.T.);
#1104 = SURFACE_CURVE('',#1105,(#1109,#1116),.PCURVE_S1.);
#1105 = LINE('',#1106,#1107);
#1106 = CARTESIAN_POINT('',(398.02129270598,40.980940682637,
    85.934340047131));
#1107 = VECTOR('',#1108,1.);
#1108 = DIRECTION('',(-0.103112622276,0.914044683668,-0.392288291167));
#1109 = PCURVE('',#268,#1110);
#1110 = DEFINITIONAL_REPRESENTATION('',(#1111),#1115);
#1111 = LINE('',#1112,#1113);
#1112 = CARTESIAN_POINT('',(119.82390486544,-3.2));
#1113 = VECTOR('',#1114,1.);
#1114 = DIRECTION('',(0.,1.));
#1115 = ( GEOMETRIC_REPRESENTATION_CONTEXT(2) 
PARAMETRIC_REPRESENTATION_CONTEXT() REPRESENTATION_CONTEXT('2D SPACE',''
  ) );
#1116 = PCURVE('',#1087,#1117);
#1117 = DEFINITIONAL_REPRESENTATION('',(#1118),#1122);
#1118 = LINE('',#1119,#1120);
#1119 = CARTESIAN_POINT('',(-0.158162555161,3.041837444839));
#1120 = VECTOR('',#1121,1.);
#1121 = DIRECTION('',(-1.,1.110223024625E-16));
#1122 = ( GEOMETRIC_REPRESENTATION_CONTEXT(2) 
PARAMETRIC_REPRESENTATION_CONTEXT() REPRESENTATION_CONTEXT('2D SPACE',''
  ) );
#1123 = ORIENTED_EDGE('',*,*,#691,.T.);
#1124 = ORIENTED_EDGE('',*,*,#1125,.F.);
#1125 = EDGE_CURVE('',#253,#692,#1126,.T.);
#1126 = SURFACE_CURVE('',#1127,(#1131,#1138),.PCURVE_S1.);
#1127 = LINE('',#1128,#1129);
#1128 = CARTESIAN_POINT('',(403.55613619857,46.228101781216,
    88.548304070996));
#1129 = VECTOR('',#1130,1.);
#1130 = DIRECTION('',(0.103112622276,-0.914044683668,0.392288291167));
#1131 = PCURVE('',#268,#1132);
#1132 = DEFINITIONAL_REPRESENTATION('',(#1133),#1137);
#1133 = LINE('',#1134,#1135);
#1134 = CARTESIAN_POINT('',(127.22390486544,-1.42108547152E-14));
#1135 = VECTOR('',#1136,1.);
#1136 = DIRECTION('',(0.,-1.));
#1137 = ( GEOMETRIC_REPRESENTATION_CONTEXT(2) 
PARAMETRIC_REPRESENTATION_CONTEXT() REPRESENTATION_CONTEXT('2D SPACE',''
  ) );
#1138 = PCURVE('',#296,#1139);
#1139 = DEFINITIONAL_REPRESENTATION('',(#1140),#1144);
#1140 = LINE('',#1141,#1142);
#1141 = CARTESIAN_POINT('',(0.,0.));
#1142 = VECTOR('',#1143,1.);
#1143 = DIRECTION('',(-5.551115123126E-17,-1.));
#1144 = ( GEOMETRIC_REPRESENTATION_CONTEXT(2) 
PARAMETRIC_REPRESENTATION_CONTEXT() REPRESENTATION_CONTEXT('2D SPACE',''
  ) );
#1145 = ADVANCED_FACE('',(#1146),#296,.F.);
#1146 = FACE_BOUND('',#1147,.F.);
#1147 = EDGE_LOOP('',(#1148,#1149,#1150,#1151));
#1148 = ORIENTED_EDGE('',*,*,#1125,.T.);
#1149 = ORIENTED_EDGE('',*,*,#714,.T.);
#1150 = ORIENTED_EDGE('',*,*,#863,.F.);
#1151 = ORIENTED_EDGE('',*,*,#280,.F.);
#1152 = ADVANCED_FACE('',(#1153),#349,.F.);
#1153 = FACE_BOUND('',#1154,.F.);
#1154 = EDGE_LOOP('',(#1155,#1156,#1176,#1177));
#1155 = ORIENTED_EDGE('',*,*,#331,.T.);
#1156 = ORIENTED_EDGE('',*,*,#1157,.T.);
#1157 = EDGE_CURVE('',#334,#763,#1158,.T.);
#1158 = SURFACE_CURVE('',#1159,(#1163,#1170),.PCURVE_S1.);
#1159 = LINE('',#1160,#1161);
#1160 = CARTESIAN_POINT('',(327.79654716571,43.433658903866,
    99.401353544487));
#1161 = VECTOR('',#1162,1.);
#1162 = DIRECTION('',(0.103112622276,-0.914044683668,0.392288291167));
#1163 = PCURVE('',#349,#1164);
#1164 = DEFINITIONAL_REPRESENTATION('',(#1165),#1169);
#1165 = LINE('',#1166,#1167);
#1166 = CARTESIAN_POINT('',(-5.471104390485E-14,-4.941347788734E-15));
#1167 = VECTOR('',#1168,1.);
#1168 = DIRECTION('',(0.,-1.));
#1169 = ( GEOMETRIC_REPRESENTATION_CONTEXT(2) 
PARAMETRIC_REPRESENTATION_CONTEXT() REPRESENTATION_CONTEXT('2D SPACE',''
  ) );
#1170 = PCURVE('',#440,#1171);
#1171 = DEFINITIONAL_REPRESENTATION('',(#1172),#1175);
#1172 = B_SPLINE_CURVE_WITH_KNOTS('',1,(#1173,#1174),.UNSPECIFIED.,.F.,
  .F.,(2,2),(1.,4.2),.PIECEWISE_BEZIER_KNOTS.);
#1173 = CARTESIAN_POINT('',(3.14159265359,-1.));
#1174 = CARTESIAN_POINT('',(3.14159265359,-4.2));
#1175 = ( GEOMETRIC_REPRESENTATION_CONTEXT(2) 
PARAMETRIC_REPRESENTATION_CONTEXT() REPRESENTATION_CONTEXT('2D SPACE',''
  ) );
#1176 = ORIENTED_EDGE('',*,*,#760,.F.);
#1177 = ORIENTED_EDGE('',*,*,#1178,.F.);
#1178 = EDGE_CURVE('',#332,#761,#1179,.T.);
#1179 = SURFACE_CURVE('',#1180,(#1184,#1191),.PCURVE_S1.);
#1180 = LINE('',#1181,#1182);
#1181 = CARTESIAN_POINT('',(317.01798867643,39.165798592046,
    92.290232307172));
#1182 = VECTOR('',#1183,1.);
#1183 = DIRECTION('',(0.103112622276,-0.914044683668,0.392288291167));
#1184 = PCURVE('',#349,#1185);
#1185 = DEFINITIONAL_REPRESENTATION('',(#1186),#1190);
#1186 = LINE('',#1187,#1188);
#1187 = CARTESIAN_POINT('',(13.6,-8.437694987151E-15));
#1188 = VECTOR('',#1189,1.);
#1189 = DIRECTION('',(0.,-1.));
#1190 = ( GEOMETRIC_REPRESENTATION_CONTEXT(2) 
PARAMETRIC_REPRESENTATION_CONTEXT() REPRESENTATION_CONTEXT('2D SPACE',''
  ) );
#1191 = PCURVE('',#382,#1192);
#1192 = DEFINITIONAL_REPRESENTATION('',(#1193),#1196);
#1193 = B_SPLINE_CURVE_WITH_KNOTS('',1,(#1194,#1195),.UNSPECIFIED.,.F.,
  .F.,(2,2),(1.,4.2),.PIECEWISE_BEZIER_KNOTS.);
#1194 = CARTESIAN_POINT('',(0.,-1.));
#1195 = CARTESIAN_POINT('',(0.,-4.2));
#1196 = ( GEOMETRIC_REPRESENTATION_CONTEXT(2) 
PARAMETRIC_REPRESENTATION_CONTEXT() REPRESENTATION_CONTEXT('2D SPACE',''
  ) );
#1197 = ADVANCED_FACE('',(#1198),#440,.F.);
#1198 = FACE_BOUND('',#1199,.F.);
#1199 = EDGE_LOOP('',(#1200,#1201,#1221,#1222));
#1200 = ORIENTED_EDGE('',*,*,#421,.F.);
#1201 = ORIENTED_EDGE('',*,*,#1202,.T.);
#1202 = EDGE_CURVE('',#394,#813,#1203,.T.);
#1203 = SURFACE_CURVE('',#1204,(#1208,#1214),.PCURVE_S1.);
#1204 = LINE('',#1205,#1206);
#1205 = CARTESIAN_POINT('',(320.63217649282,46.496972633288,
    108.42212412446));
#1206 = VECTOR('',#1207,1.);
#1207 = DIRECTION('',(0.103112622276,-0.914044683668,0.392288291167));
#1208 = PCURVE('',#440,#1209);
#1209 = DEFINITIONAL_REPRESENTATION('',(#1210),#1213);
#1210 = B_SPLINE_CURVE_WITH_KNOTS('',1,(#1211,#1212),.UNSPECIFIED.,.F.,
  .F.,(2,2),(1.,4.2),.PIECEWISE_BEZIER_KNOTS.);
#1211 = CARTESIAN_POINT('',(0.,-1.));
#1212 = CARTESIAN_POINT('',(0.,-4.2));
#1213 = ( GEOMETRIC_REPRESENTATION_CONTEXT(2) 
PARAMETRIC_REPRESENTATION_CONTEXT() REPRESENTATION_CONTEXT('2D SPACE',''
  ) );
#1214 = PCURVE('',#409,#1215);
#1215 = DEFINITIONAL_REPRESENTATION('',(#1216),#1220);
#1216 = LINE('',#1217,#1218);
#1217 = CARTESIAN_POINT('',(13.6,-2.22044604925E-15));
#1218 = VECTOR('',#1219,1.);
#1219 = DIRECTION('',(0.,-1.));
#1220 = ( GEOMETRIC_REPRESENTATION_CONTEXT(2) 
PARAMETRIC_REPRESENTATION_CONTEXT() REPRESENTATION_CONTEXT('2D SPACE',''
  ) );
#1221 = ORIENTED_EDGE('',*,*,#835,.T.);
#1222 = ORIENTED_EDGE('',*,*,#1157,.F.);
#1223 = ADVANCED_FACE('',(#1224),#409,.F.);
#1224 = FACE_BOUND('',#1225,.F.);
#1225 = EDGE_LOOP('',(#1226,#1227,#1247,#1248));
#1226 = ORIENTED_EDGE('',*,*,#393,.T.);
#1227 = ORIENTED_EDGE('',*,*,#1228,.T.);
#1228 = EDGE_CURVE('',#362,#786,#1229,.T.);
#1229 = SURFACE_CURVE('',#1230,(#1234,#1241),.PCURVE_S1.);
#1230 = LINE('',#1231,#1232);
#1231 = CARTESIAN_POINT('',(309.85361800354,42.229112321468,
    101.31100288714));
#1232 = VECTOR('',#1233,1.);
#1233 = DIRECTION('',(0.103112622276,-0.914044683668,0.392288291167));
#1234 = PCURVE('',#409,#1235);
#1235 = DEFINITIONAL_REPRESENTATION('',(#1236),#1240);
#1236 = LINE('',#1237,#1238);
#1237 = CARTESIAN_POINT('',(0.,0.));
#1238 = VECTOR('',#1239,1.);
#1239 = DIRECTION('',(0.,-1.));
#1240 = ( GEOMETRIC_REPRESENTATION_CONTEXT(2) 
PARAMETRIC_REPRESENTATION_CONTEXT() REPRESENTATION_CONTEXT('2D SPACE',''
  ) );
#1241 = PCURVE('',#382,#1242);
#1242 = DEFINITIONAL_REPRESENTATION('',(#1243),#1246);
#1243 = B_SPLINE_CURVE_WITH_KNOTS('',1,(#1244,#1245),.UNSPECIFIED.,.F.,
  .F.,(2,2),(1.,4.2),.PIECEWISE_BEZIER_KNOTS.);
#1244 = CARTESIAN_POINT('',(3.14159265359,-1.));
#1245 = CARTESIAN_POINT('',(3.14159265359,-4.2));
#1246 = ( GEOMETRIC_REPRESENTATION_CONTEXT(2) 
PARAMETRIC_REPRESENTATION_CONTEXT() REPRESENTATION_CONTEXT('2D SPACE',''
  ) );
#1247 = ORIENTED_EDGE('',*,*,#812,.F.);
#1248 = ORIENTED_EDGE('',*,*,#1202,.F.);
#1249 = ADVANCED_FACE('',(#1250),#382,.F.);
#1250 = FACE_BOUND('',#1251,.F.);
#1251 = EDGE_LOOP('',(#1252,#1253,#1254,#1255));
#1252 = ORIENTED_EDGE('',*,*,#361,.F.);
#1253 = ORIENTED_EDGE('',*,*,#1178,.T.);
#1254 = ORIENTED_EDGE('',*,*,#785,.T.);
#1255 = ORIENTED_EDGE('',*,*,#1228,.F.);
#1256 = ADVANCED_FACE('',(#1257),#580,.F.);
#1257 = FACE_BOUND('',#1258,.F.);
#1258 = EDGE_LOOP('',(#1259,#1281,#1282,#1283));
#1259 = ORIENTED_EDGE('',*,*,#1260,.T.);
#1260 = EDGE_CURVE('',#1261,#534,#1263,.T.);
#1261 = VERTEX_POINT('',#1262);
#1262 = CARTESIAN_POINT('',(296.40207668677,1.351186880423,
    28.463489021955));
#1263 = SURFACE_CURVE('',#1264,(#1268,#1274),.PCURVE_S1.);
#1264 = LINE('',#1265,#1266);
#1265 = CARTESIAN_POINT('',(296.40207668677,1.351186880423,
    28.463489021955));
#1266 = VECTOR('',#1267,1.);
#1267 = DIRECTION('',(-0.601037808128,0.256989406831,0.756776055367));
#1268 = PCURVE('',#580,#1269);
#1269 = DEFINITIONAL_REPRESENTATION('',(#1270),#1273);
#1270 = B_SPLINE_CURVE_WITH_KNOTS('',1,(#1271,#1272),.UNSPECIFIED.,.F.,
  .F.,(2,2),(0.,125.93658750809),.PIECEWISE_BEZIER_KNOTS.);
#1271 = CARTESIAN_POINT('',(0.,0.));
#1272 = CARTESIAN_POINT('',(0.,-125.936587508));
#1273 = ( GEOMETRIC_REPRESENTATION_CONTEXT(2) 
PARAMETRIC_REPRESENTATION_CONTEXT() REPRESENTATION_CONTEXT('2D SPACE',''
  ) );
#1274 = PCURVE('',#549,#1275);
#1275 = DEFINITIONAL_REPRESENTATION('',(#1276),#1280);
#1276 = LINE('',#1277,#1278);
#1277 = CARTESIAN_POINT('',(-62.96829375404,-12.6834864954));
#1278 = VECTOR('',#1279,1.);
#1279 = DIRECTION('',(1.,-5.551115123126E-17));
#1280 = ( GEOMETRIC_REPRESENTATION_CONTEXT(2) 
PARAMETRIC_REPRESENTATION_CONTEXT() REPRESENTATION_CONTEXT('2D SPACE',''
  ) );
#1281 = ORIENTED_EDGE('',*,*,#561,.T.);
#1282 = ORIENTED_EDGE('',*,*,#596,.F.);
#1283 = ORIENTED_EDGE('',*,*,#1284,.F.);
#1284 = EDGE_CURVE('',#1261,#597,#1285,.T.);
#1285 = SURFACE_CURVE('',#1286,(#1291,#1297),.PCURVE_S1.);
#1286 = CIRCLE('',#1287,3.2);
#1287 = AXIS2_PLACEMENT_3D('',#1288,#1289,#1290);
#1288 = CARTESIAN_POINT('',(298.93820809601,2.355389306734,
    30.13669401897));
#1289 = DIRECTION('',(0.601037808128,-0.256989406831,-0.756776055367));
#1290 = DIRECTION('',(-0.792541065389,-0.313813258222,-0.522876561567));
#1291 = PCURVE('',#580,#1292);
#1292 = DEFINITIONAL_REPRESENTATION('',(#1293),#1296);
#1293 = B_SPLINE_CURVE_WITH_KNOTS('',1,(#1294,#1295),.UNSPECIFIED.,.F.,
  .F.,(2,2),(0.,1.570796326795),.PIECEWISE_BEZIER_KNOTS.);
#1294 = CARTESIAN_POINT('',(0.,0.));
#1295 = CARTESIAN_POINT('',(1.570796326795,0.));
#1296 = ( GEOMETRIC_REPRESENTATION_CONTEXT(2) 
PARAMETRIC_REPRESENTATION_CONTEXT() REPRESENTATION_CONTEXT('2D SPACE',''
  ) );
#1297 = PCURVE('',#928,#1298);
#1298 = DEFINITIONAL_REPRESENTATION('',(#1299),#1307);
#1299 = ( BOUNDED_CURVE() B_SPLINE_CURVE(2,(#1300,#1301,#1302,#1303,
#1304,#1305,#1306),.UNSPECIFIED.,.T.,.F.) B_SPLINE_CURVE_WITH_KNOTS((1,2
    ,2,2,2,1),(-2.094395102393,0.,2.094395102393,4.188790204786,
6.28318530718,8.377580409573),.UNSPECIFIED.) CURVE() 
GEOMETRIC_REPRESENTATION_ITEM() RATIONAL_B_SPLINE_CURVE((1.,0.5,1.,0.5,
1.,0.5,1.)) REPRESENTATION_ITEM('') );
#1300 = CARTESIAN_POINT('',(3.041837444839,-0.158162555161));
#1301 = CARTESIAN_POINT('',(-2.500725139381,-0.158162555161));
#1302 = CARTESIAN_POINT('',(0.270556152729,4.641837444839));
#1303 = CARTESIAN_POINT('',(3.041837444839,9.441837444839));
#1304 = CARTESIAN_POINT('',(5.813118736949,4.641837444839));
#1305 = CARTESIAN_POINT('',(8.58440002906,-0.158162555161));
#1306 = CARTESIAN_POINT('',(3.041837444839,-0.158162555161));
#1307 = ( GEOMETRIC_REPRESENTATION_CONTEXT(2) 
PARAMETRIC_REPRESENTATION_CONTEXT() REPRESENTATION_CONTEXT('2D SPACE',''
  ) );
#1308 = ADVANCED_FACE('',(#1309),#680,.F.);
#1309 = FACE_BOUND('',#1310,.F.);
#1310 = EDGE_LOOP('',(#1311,#1340,#1365,#1366));
#1311 = ORIENTED_EDGE('',*,*,#1312,.T.);
#1312 = EDGE_CURVE('',#1313,#1315,#1317,.T.);
#1313 = VERTEX_POINT('',#1314);
#1314 = CARTESIAN_POINT('',(400.27457408328,37.233631593043,
    84.767979201689));
#1315 = VERTEX_POINT('',#1316);
#1316 = CARTESIAN_POINT('',(311.17401274605,1.953519705171,
    25.984154387676));
#1317 = SURFACE_CURVE('',#1318,(#1322,#1328),.PCURVE_S1.);
#1318 = LINE('',#1319,#1320);
#1319 = CARTESIAN_POINT('',(400.27457408328,37.233631593043,
    84.767979201689));
#1320 = VECTOR('',#1321,1.);
#1321 = DIRECTION('',(-0.792541065389,-0.313813258222,-0.522876561567));
#1322 = PCURVE('',#680,#1323);
#1323 = DEFINITIONAL_REPRESENTATION('',(#1324),#1327);
#1324 = B_SPLINE_CURVE_WITH_KNOTS('',1,(#1325,#1326),.UNSPECIFIED.,.F.,
  .F.,(2,2),(0.,112.42390486544),.PIECEWISE_BEZIER_KNOTS.);
#1325 = CARTESIAN_POINT('',(0.,0.));
#1326 = CARTESIAN_POINT('',(0.,-112.4239048654));
#1327 = ( GEOMETRIC_REPRESENTATION_CONTEXT(2) 
PARAMETRIC_REPRESENTATION_CONTEXT() REPRESENTATION_CONTEXT('2D SPACE',''
  ) );
#1328 = PCURVE('',#1329,#1334);
#1329 = PLANE('',#1330);
#1330 = AXIS2_PLACEMENT_3D('',#1331,#1332,#1333);
#1331 = CARTESIAN_POINT('',(358.28898790012,-3.141229342833,
    65.133355425813));
#1332 = DIRECTION('',(-0.601037808128,0.256989406831,0.756776055367));
#1333 = DIRECTION('',(-0.792541065389,-0.313813258222,-0.522876561567));
#1334 = DEFINITIONAL_REPRESENTATION('',(#1335),#1339);
#1335 = LINE('',#1336,#1337);
#1336 = CARTESIAN_POINT('',(-56.21195243272,-24.87275009436));
#1337 = VECTOR('',#1338,1.);
#1338 = DIRECTION('',(1.,2.775557561563E-17));
#1339 = ( GEOMETRIC_REPRESENTATION_CONTEXT(2) 
PARAMETRIC_REPRESENTATION_CONTEXT() REPRESENTATION_CONTEXT('2D SPACE',''
  ) );
#1340 = ORIENTED_EDGE('',*,*,#1341,.T.);
#1341 = EDGE_CURVE('',#1315,#642,#1342,.T.);
#1342 = SURFACE_CURVE('',#1343,(#1348,#1354),.PCURVE_S1.);
#1343 = CIRCLE('',#1344,3.2);
#1344 = AXIS2_PLACEMENT_3D('',#1345,#1346,#1347);
#1345 = CARTESIAN_POINT('',(309.25069176004,2.77588580703,
    28.405837764851));
#1346 = DIRECTION('',(0.792541065389,0.313813258222,0.522876561567));
#1347 = DIRECTION('',(0.601037808128,-0.256989406831,-0.756776055367));
#1348 = PCURVE('',#680,#1349);
#1349 = DEFINITIONAL_REPRESENTATION('',(#1350),#1353);
#1350 = B_SPLINE_CURVE_WITH_KNOTS('',1,(#1351,#1352),.UNSPECIFIED.,.F.,
  .F.,(2,2),(0.,1.570796326795),.PIECEWISE_BEZIER_KNOTS.);
#1351 = CARTESIAN_POINT('',(0.,-112.4239048654));
#1352 = CARTESIAN_POINT('',(1.570796326795,-112.4239048654));
#1353 = ( GEOMETRIC_REPRESENTATION_CONTEXT(2) 
PARAMETRIC_REPRESENTATION_CONTEXT() REPRESENTATION_CONTEXT('2D SPACE',''
  ) );
#1354 = PCURVE('',#1007,#1355);
#1355 = DEFINITIONAL_REPRESENTATION('',(#1356),#1364);
#1356 = ( BOUNDED_CURVE() B_SPLINE_CURVE(2,(#1357,#1358,#1359,#1360,
#1361,#1362,#1363),.UNSPECIFIED.,.T.,.F.) B_SPLINE_CURVE_WITH_KNOTS((1,2
    ,2,2,2,1),(-2.094395102393,0.,2.094395102393,4.188790204786,
6.28318530718,8.377580409573),.UNSPECIFIED.) CURVE() 
GEOMETRIC_REPRESENTATION_ITEM() RATIONAL_B_SPLINE_CURVE((1.,0.5,1.,0.5,
1.,0.5,1.)) REPRESENTATION_ITEM('') );
#1357 = CARTESIAN_POINT('',(3.041837444839,-0.158162555161));
#1358 = CARTESIAN_POINT('',(-2.500725139381,-0.158162555161));
#1359 = CARTESIAN_POINT('',(0.270556152729,4.641837444839));
#1360 = CARTESIAN_POINT('',(3.041837444839,9.441837444839));
#1361 = CARTESIAN_POINT('',(5.813118736949,4.641837444839));
#1362 = CARTESIAN_POINT('',(8.58440002906,-0.158162555161));
#1363 = CARTESIAN_POINT('',(3.041837444839,-0.158162555161));
#1364 = ( GEOMETRIC_REPRESENTATION_CONTEXT(2) 
PARAMETRIC_REPRESENTATION_CONTEXT() REPRESENTATION_CONTEXT('2D SPACE',''
  ) );
#1365 = ORIENTED_EDGE('',*,*,#664,.F.);
#1366 = ORIENTED_EDGE('',*,*,#1367,.F.);
#1367 = EDGE_CURVE('',#1313,#665,#1368,.T.);
#1368 = SURFACE_CURVE('',#1369,(#1374,#1380),.PCURVE_S1.);
#1369 = CIRCLE('',#1370,3.2);
#1370 = AXIS2_PLACEMENT_3D('',#1371,#1372,#1373);
#1371 = CARTESIAN_POINT('',(398.35125309727,38.055997694901,
    87.189662578864));
#1372 = DIRECTION('',(0.792541065389,0.313813258222,0.522876561567));
#1373 = DIRECTION('',(0.601037808128,-0.256989406831,-0.756776055367));
#1374 = PCURVE('',#680,#1375);
#1375 = DEFINITIONAL_REPRESENTATION('',(#1376),#1379);
#1376 = B_SPLINE_CURVE_WITH_KNOTS('',1,(#1377,#1378),.UNSPECIFIED.,.F.,
  .F.,(2,2),(0.,1.570796326795),.PIECEWISE_BEZIER_KNOTS.);
#1377 = CARTESIAN_POINT('',(0.,0.));
#1378 = CARTESIAN_POINT('',(1.570796326795,0.));
#1379 = ( GEOMETRIC_REPRESENTATION_CONTEXT(2) 
PARAMETRIC_REPRESENTATION_CONTEXT() REPRESENTATION_CONTEXT('2D SPACE',''
  ) );
#1380 = PCURVE('',#1087,#1381);
#1381 = DEFINITIONAL_REPRESENTATION('',(#1382),#1390);
#1382 = ( BOUNDED_CURVE() B_SPLINE_CURVE(2,(#1383,#1384,#1385,#1386,
#1387,#1388,#1389),.UNSPECIFIED.,.T.,.F.) B_SPLINE_CURVE_WITH_KNOTS((1,2
    ,2,2,2,1),(-2.094395102393,0.,2.094395102393,4.188790204786,
6.28318530718,8.377580409573),.UNSPECIFIED.) CURVE() 
GEOMETRIC_REPRESENTATION_ITEM() RATIONAL_B_SPLINE_CURVE((1.,0.5,1.,0.5,
1.,0.5,1.)) REPRESENTATION_ITEM('') );
#1383 = CARTESIAN_POINT('',(3.041837444839,-0.158162555161));
#1384 = CARTESIAN_POINT('',(-2.500725139381,-0.158162555161));
#1385 = CARTESIAN_POINT('',(0.270556152729,4.641837444839));
#1386 = CARTESIAN_POINT('',(3.041837444839,9.441837444839));
#1387 = CARTESIAN_POINT('',(5.813118736949,4.641837444839));
#1388 = CARTESIAN_POINT('',(8.58440002906,-0.158162555161));
#1389 = CARTESIAN_POINT('',(3.041837444839,-0.158162555161));
#1390 = ( GEOMETRIC_REPRESENTATION_CONTEXT(2) 
PARAMETRIC_REPRESENTATION_CONTEXT() REPRESENTATION_CONTEXT('2D SPACE',''
  ) );
#1391 = ADVANCED_FACE('',(#1392,#1440,#1474,#1596),#493,.F.);
#1392 = FACE_BOUND('',#1393,.F.);
#1393 = EDGE_LOOP('',(#1394,#1395,#1418,#1439));
#1394 = ORIENTED_EDGE('',*,*,#477,.T.);
#1395 = ORIENTED_EDGE('',*,*,#1396,.T.);
#1396 = EDGE_CURVE('',#478,#1397,#1399,.T.);
#1397 = VERTEX_POINT('',#1398);
#1398 = CARTESIAN_POINT('',(296.48160038182,-22.83956234887,
    36.741450511575));
#1399 = SURFACE_CURVE('',#1400,(#1404,#1411),.PCURVE_S1.);
#1400 = LINE('',#1401,#1402);
#1401 = CARTESIAN_POINT('',(220.7889498628,9.524806573108,
    132.04724443235));
#1402 = VECTOR('',#1403,1.);
#1403 = DIRECTION('',(0.601037808128,-0.256989406831,-0.756776055367));
#1404 = PCURVE('',#493,#1405);
#1405 = DEFINITIONAL_REPRESENTATION('',(#1406),#1410);
#1406 = LINE('',#1407,#1408);
#1407 = CARTESIAN_POINT('',(62.968293754045,12.683486495406));
#1408 = VECTOR('',#1409,1.);
#1409 = DIRECTION('',(-1.,5.551115123126E-17));
#1410 = ( GEOMETRIC_REPRESENTATION_CONTEXT(2) 
PARAMETRIC_REPRESENTATION_CONTEXT() REPRESENTATION_CONTEXT('2D SPACE',''
  ) );
#1411 = PCURVE('',#521,#1412);
#1412 = DEFINITIONAL_REPRESENTATION('',(#1413),#1417);
#1413 = LINE('',#1414,#1415);
#1414 = CARTESIAN_POINT('',(0.,-0.));
#1415 = VECTOR('',#1416,1.);
#1416 = DIRECTION('',(1.,5.551115123126E-17));
#1417 = ( GEOMETRIC_REPRESENTATION_CONTEXT(2) 
PARAMETRIC_REPRESENTATION_CONTEXT() REPRESENTATION_CONTEXT('2D SPACE',''
  ) );
#1418 = ORIENTED_EDGE('',*,*,#1419,.T.);
#1419 = EDGE_CURVE('',#1397,#893,#1420,.T.);
#1420 = SURFACE_CURVE('',#1421,(#1425,#1432),.PCURVE_S1.);
#1421 = LINE('',#1422,#1423);
#1422 = CARTESIAN_POINT('',(296.48160038182,-22.83956234887,
    36.741450511575));
#1423 = VECTOR('',#1424,1.);
#1424 = DIRECTION('',(-0.103112622276,0.914044683668,-0.392288291167));
#1425 = PCURVE('',#493,#1426);
#1426 = DEFINITIONAL_REPRESENTATION('',(#1427),#1431);
#1427 = LINE('',#1428,#1429);
#1428 = CARTESIAN_POINT('',(-62.96829375404,12.683486495406));
#1429 = VECTOR('',#1430,1.);
#1430 = DIRECTION('',(5.551115123126E-17,-1.));
#1431 = ( GEOMETRIC_REPRESENTATION_CONTEXT(2) 
PARAMETRIC_REPRESENTATION_CONTEXT() REPRESENTATION_CONTEXT('2D SPACE',''
  ) );
#1432 = PCURVE('',#928,#1433);
#1433 = DEFINITIONAL_REPRESENTATION('',(#1434),#1438);
#1434 = LINE('',#1435,#1436);
#1435 = CARTESIAN_POINT('',(28.408810435652,-3.358162555161));
#1436 = VECTOR('',#1437,1.);
#1437 = DIRECTION('',(-1.,0.));
#1438 = ( GEOMETRIC_REPRESENTATION_CONTEXT(2) 
PARAMETRIC_REPRESENTATION_CONTEXT() REPRESENTATION_CONTEXT('2D SPACE',''
  ) );
#1439 = ORIENTED_EDGE('',*,*,#892,.T.);
#1440 = FACE_BOUND('',#1441,.F.);
#1441 = EDGE_LOOP('',(#1442));
#1442 = ORIENTED_EDGE('',*,*,#1443,.T.);
#1443 = EDGE_CURVE('',#1444,#1444,#1446,.T.);
#1444 = VERTEX_POINT('',#1445);
#1445 = CARTESIAN_POINT('',(238.5823872437,13.84816854457,
    102.48241161753));
#1446 = SURFACE_CURVE('',#1447,(#1452,#1463),.PCURVE_S1.);
#1447 = CIRCLE('',#1448,3.48);
#1448 = AXIS2_PLACEMENT_3D('',#1449,#1450,#1451);
#1449 = CARTESIAN_POINT('',(240.67399881598,12.953845408799,
    99.848830944861));
#1450 = DIRECTION('',(-0.792541065389,-0.313813258222,-0.522876561567));
#1451 = DIRECTION('',(-0.601037808128,0.256989406831,0.756776055367));
#1452 = PCURVE('',#493,#1453);
#1453 = DEFINITIONAL_REPRESENTATION('',(#1454),#1462);
#1454 = ( BOUNDED_CURVE() B_SPLINE_CURVE(2,(#1455,#1456,#1457,#1458,
#1459,#1460,#1461),.UNSPECIFIED.,.T.,.F.) B_SPLINE_CURVE_WITH_KNOTS((1,2
    ,2,2,2,1),(-2.094395102393,0.,2.094395102393,4.188790204786,
6.28318530718,8.377580409573),.UNSPECIFIED.) CURVE() 
GEOMETRIC_REPRESENTATION_ITEM() RATIONAL_B_SPLINE_CURVE((1.,0.5,1.,0.5,
1.,0.5,1.)) REPRESENTATION_ITEM('') );
#1455 = CARTESIAN_POINT('',(31.010865824938,-1.031469286074));
#1456 = CARTESIAN_POINT('',(31.010865824938,-7.059006096413));
#1457 = CARTESIAN_POINT('',(25.790865824938,-4.045237691244));
#1458 = CARTESIAN_POINT('',(20.570865824938,-1.031469286074));
#1459 = CARTESIAN_POINT('',(25.790865824938,1.982299119096));
#1460 = CARTESIAN_POINT('',(31.010865824938,4.996067524266));
#1461 = CARTESIAN_POINT('',(31.010865824938,-1.031469286074));
#1462 = ( GEOMETRIC_REPRESENTATION_CONTEXT(2) 
PARAMETRIC_REPRESENTATION_CONTEXT() REPRESENTATION_CONTEXT('2D SPACE',''
  ) );
#1463 = PCURVE('',#1464,#1469);
#1464 = CYLINDRICAL_SURFACE('',#1465,3.48);
#1465 = AXIS2_PLACEMENT_3D('',#1466,#1467,#1468);
#1466 = CARTESIAN_POINT('',(239.88145775059,12.640032150577,
    99.325954383293));
#1467 = DIRECTION('',(-0.792541065389,-0.313813258222,-0.522876561567));
#1468 = DIRECTION('',(-0.601037808128,0.256989406831,0.756776055367));
#1469 = DEFINITIONAL_REPRESENTATION('',(#1470),#1473);
#1470 = B_SPLINE_CURVE_WITH_KNOTS('',1,(#1471,#1472),.UNSPECIFIED.,.F.,
  .F.,(2,2),(0.,6.28318530718),.PIECEWISE_BEZIER_KNOTS.);
#1471 = CARTESIAN_POINT('',(-6.28318530718,-1.));
#1472 = CARTESIAN_POINT('',(0.,-1.));
#1473 = ( GEOMETRIC_REPRESENTATION_CONTEXT(2) 
PARAMETRIC_REPRESENTATION_CONTEXT() REPRESENTATION_CONTEXT('2D SPACE',''
  ) );
#1474 = FACE_BOUND('',#1475,.F.);
#1475 = EDGE_LOOP('',(#1476,#1506,#1538,#1566));
#1476 = ORIENTED_EDGE('',*,*,#1477,.F.);
#1477 = EDGE_CURVE('',#1478,#1480,#1482,.T.);
#1478 = VERTEX_POINT('',#1479);
#1479 = CARTESIAN_POINT('',(228.55276131242,15.8387488953,
    116.48996225904));
#1480 = VERTEX_POINT('',#1481);
#1481 = CARTESIAN_POINT('',(231.22136918051,14.697715928972,
    113.12987657321));
#1482 = SURFACE_CURVE('',#1483,(#1487,#1494),.PCURVE_S1.);
#1483 = LINE('',#1484,#1485);
#1484 = CARTESIAN_POINT('',(244.35740725152,9.08105989449,96.590086663)
  );
#1485 = VECTOR('',#1486,1.);
#1486 = DIRECTION('',(0.601037808128,-0.256989406831,-0.756776055367));
#1487 = PCURVE('',#493,#1488);
#1488 = DEFINITIONAL_REPRESENTATION('',(#1489),#1493);
#1489 = LINE('',#1490,#1491);
#1490 = CARTESIAN_POINT('',(21.855593597217,1.609868401288));
#1491 = VECTOR('',#1492,1.);
#1492 = DIRECTION('',(-1.,5.551115123126E-17));
#1493 = ( GEOMETRIC_REPRESENTATION_CONTEXT(2) 
PARAMETRIC_REPRESENTATION_CONTEXT() REPRESENTATION_CONTEXT('2D SPACE',''
  ) );
#1494 = PCURVE('',#1495,#1500);
#1495 = PLANE('',#1496);
#1496 = AXIS2_PLACEMENT_3D('',#1497,#1498,#1499);
#1497 = CARTESIAN_POINT('',(230.42882811512,14.38390267075,
    112.60700001164));
#1498 = DIRECTION('',(0.103112622276,-0.914044683668,0.392288291167));
#1499 = DIRECTION('',(-0.601037808128,0.256989406831,0.756776055367));
#1500 = DEFINITIONAL_REPRESENTATION('',(#1501),#1505);
#1501 = LINE('',#1502,#1503);
#1502 = CARTESIAN_POINT('',(-21.85559359721,-1.));
#1503 = VECTOR('',#1504,1.);
#1504 = DIRECTION('',(-1.,5.551115123126E-17));
#1505 = ( GEOMETRIC_REPRESENTATION_CONTEXT(2) 
PARAMETRIC_REPRESENTATION_CONTEXT() REPRESENTATION_CONTEXT('2D SPACE',''
  ) );
#1506 = ORIENTED_EDGE('',*,*,#1507,.T.);
#1507 = EDGE_CURVE('',#1478,#1508,#1510,.T.);
#1508 = VERTEX_POINT('',#1509);
#1509 = CARTESIAN_POINT('',(227.93099220009,21.350438337815,
    114.1244638633));
#1510 = SURFACE_CURVE('',#1511,(#1516,#1527),.PCURVE_S1.);
#1511 = CIRCLE('',#1512,3.015);
#1512 = AXIS2_PLACEMENT_3D('',#1513,#1514,#1515);
#1513 = CARTESIAN_POINT('',(228.24187675626,18.594593616558,
    115.30721306117));
#1514 = DIRECTION('',(-0.792541065389,-0.313813258222,-0.522876561567));
#1515 = DIRECTION('',(0.103112622276,-0.914044683668,0.392288291167));
#1516 = PCURVE('',#493,#1517);
#1517 = DEFINITIONAL_REPRESENTATION('',(#1518),#1526);
#1518 = ( BOUNDED_CURVE() B_SPLINE_CURVE(2,(#1519,#1520,#1521,#1522,
#1523,#1524,#1525),.UNSPECIFIED.,.T.,.F.) B_SPLINE_CURVE_WITH_KNOTS((1,2
    ,2,2,2,1),(-2.094395102393,0.,2.094395102393,4.188790204786,
6.28318530718,8.377580409573),.UNSPECIFIED.) CURVE() 
GEOMETRIC_REPRESENTATION_ITEM() RATIONAL_B_SPLINE_CURVE((1.,0.5,1.,0.5,
1.,0.5,1.)) REPRESENTATION_ITEM('') );
#1519 = CARTESIAN_POINT('',(48.151187194434,1.609868401288));
#1520 = CARTESIAN_POINT('',(53.373320379254,1.609868401288));
#1521 = CARTESIAN_POINT('',(50.762253786844,-2.912631598712));
#1522 = CARTESIAN_POINT('',(48.151187194434,-7.435131598712));
#1523 = CARTESIAN_POINT('',(45.540120602024,-2.912631598712));
#1524 = CARTESIAN_POINT('',(42.929054009614,1.609868401288));
#1525 = CARTESIAN_POINT('',(48.151187194434,1.609868401288));
#1526 = ( GEOMETRIC_REPRESENTATION_CONTEXT(2) 
PARAMETRIC_REPRESENTATION_CONTEXT() REPRESENTATION_CONTEXT('2D SPACE',''
  ) );
#1527 = PCURVE('',#1528,#1533);
#1528 = CYLINDRICAL_SURFACE('',#1529,3.015);
#1529 = AXIS2_PLACEMENT_3D('',#1530,#1531,#1532);
#1530 = CARTESIAN_POINT('',(227.44933569087,18.280780358336,
    114.7843364996));
#1531 = DIRECTION('',(-0.792541065389,-0.313813258222,-0.522876561567));
#1532 = DIRECTION('',(0.103112622276,-0.914044683668,0.392288291167));
#1533 = DEFINITIONAL_REPRESENTATION('',(#1534),#1537);
#1534 = B_SPLINE_CURVE_WITH_KNOTS('',1,(#1535,#1536),.UNSPECIFIED.,.F.,
  .F.,(2,2),(0.,3.14159265359),.PIECEWISE_BEZIER_KNOTS.);
#1535 = CARTESIAN_POINT('',(0.,-1.));
#1536 = CARTESIAN_POINT('',(3.14159265359,-1.));
#1537 = ( GEOMETRIC_REPRESENTATION_CONTEXT(2) 
PARAMETRIC_REPRESENTATION_CONTEXT() REPRESENTATION_CONTEXT('2D SPACE',''
  ) );
#1538 = ORIENTED_EDGE('',*,*,#1539,.F.);
#1539 = EDGE_CURVE('',#1540,#1508,#1542,.T.);
#1540 = VERTEX_POINT('',#1541);
#1541 = CARTESIAN_POINT('',(230.59960006818,20.209405371487,
    110.76437817747));
#1542 = SURFACE_CURVE('',#1543,(#1547,#1554),.PCURVE_S1.);
#1543 = LINE('',#1544,#1545);
#1544 = CARTESIAN_POINT('',(242.40133420515,15.16326582017,
    95.904631110181));
#1545 = VECTOR('',#1546,1.);
#1546 = DIRECTION('',(-0.601037808128,0.256989406831,0.756776055367));
#1547 = PCURVE('',#493,#1548);
#1548 = DEFINITIONAL_REPRESENTATION('',(#1549),#1553);
#1549 = LINE('',#1550,#1551);
#1550 = CARTESIAN_POINT('',(24.075593597217,-4.420131598712));
#1551 = VECTOR('',#1552,1.);
#1552 = DIRECTION('',(1.,-5.551115123126E-17));
#1553 = ( GEOMETRIC_REPRESENTATION_CONTEXT(2) 
PARAMETRIC_REPRESENTATION_CONTEXT() REPRESENTATION_CONTEXT('2D SPACE',''
  ) );
#1554 = PCURVE('',#1555,#1560);
#1555 = PLANE('',#1556);
#1556 = AXIS2_PLACEMENT_3D('',#1557,#1558,#1559);
#1557 = CARTESIAN_POINT('',(227.1384511347,21.036625079593,
    113.60158730173));
#1558 = DIRECTION('',(-0.103112622276,0.914044683668,-0.392288291167));
#1559 = DIRECTION('',(0.601037808128,-0.256989406831,-0.756776055367));
#1560 = DEFINITIONAL_REPRESENTATION('',(#1561),#1565);
#1561 = LINE('',#1562,#1563);
#1562 = CARTESIAN_POINT('',(24.075593597217,-1.));
#1563 = VECTOR('',#1564,1.);
#1564 = DIRECTION('',(-1.,-5.551115123126E-17));
#1565 = ( GEOMETRIC_REPRESENTATION_CONTEXT(2) 
PARAMETRIC_REPRESENTATION_CONTEXT() REPRESENTATION_CONTEXT('2D SPACE',''
  ) );
#1566 = ORIENTED_EDGE('',*,*,#1567,.T.);
#1567 = EDGE_CURVE('',#1540,#1480,#1568,.T.);
#1568 = SURFACE_CURVE('',#1569,(#1574,#1585),.PCURVE_S1.);
#1569 = CIRCLE('',#1570,3.015);
#1570 = AXIS2_PLACEMENT_3D('',#1571,#1572,#1573);
#1571 = CARTESIAN_POINT('',(230.91048462435,17.45356065023,
    111.94712737534));
#1572 = DIRECTION('',(-0.792541065389,-0.313813258222,-0.522876561567));
#1573 = DIRECTION('',(-0.103112622276,0.914044683668,-0.392288291167));
#1574 = PCURVE('',#493,#1575);
#1575 = DEFINITIONAL_REPRESENTATION('',(#1576),#1584);
#1576 = ( BOUNDED_CURVE() B_SPLINE_CURVE(2,(#1577,#1578,#1579,#1580,
#1581,#1582,#1583),.UNSPECIFIED.,.T.,.F.) B_SPLINE_CURVE_WITH_KNOTS((1,2
    ,2,2,2,1),(-2.094395102393,0.,2.094395102393,4.188790204786,
6.28318530718,8.377580409573),.UNSPECIFIED.) CURVE() 
GEOMETRIC_REPRESENTATION_ITEM() RATIONAL_B_SPLINE_CURVE((1.,0.5,1.,0.5,
1.,0.5,1.)) REPRESENTATION_ITEM('') );
#1577 = CARTESIAN_POINT('',(43.711187194434,-4.420131598712));
#1578 = CARTESIAN_POINT('',(38.489054009614,-4.420131598712));
#1579 = CARTESIAN_POINT('',(41.100120602024,0.102368401288));
#1580 = CARTESIAN_POINT('',(43.711187194434,4.624868401288));
#1581 = CARTESIAN_POINT('',(46.322253786844,0.102368401288));
#1582 = CARTESIAN_POINT('',(48.933320379254,-4.420131598712));
#1583 = CARTESIAN_POINT('',(43.711187194434,-4.420131598712));
#1584 = ( GEOMETRIC_REPRESENTATION_CONTEXT(2) 
PARAMETRIC_REPRESENTATION_CONTEXT() REPRESENTATION_CONTEXT('2D SPACE',''
  ) );
#1585 = PCURVE('',#1586,#1591);
#1586 = CYLINDRICAL_SURFACE('',#1587,3.015);
#1587 = AXIS2_PLACEMENT_3D('',#1588,#1589,#1590);
#1588 = CARTESIAN_POINT('',(230.11794355896,17.139747392008,
    111.42425081377));
#1589 = DIRECTION('',(-0.792541065389,-0.313813258222,-0.522876561567));
#1590 = DIRECTION('',(-0.103112622276,0.914044683668,-0.392288291167));
#1591 = DEFINITIONAL_REPRESENTATION('',(#1592),#1595);
#1592 = B_SPLINE_CURVE_WITH_KNOTS('',1,(#1593,#1594),.UNSPECIFIED.,.F.,
  .F.,(2,2),(0.,3.14159265359),.PIECEWISE_BEZIER_KNOTS.);
#1593 = CARTESIAN_POINT('',(0.,-1.));
#1594 = CARTESIAN_POINT('',(3.14159265359,-1.));
#1595 = ( GEOMETRIC_REPRESENTATION_CONTEXT(2) 
PARAMETRIC_REPRESENTATION_CONTEXT() REPRESENTATION_CONTEXT('2D SPACE',''
  ) );
#1596 = FACE_BOUND('',#1597,.F.);
#1597 = EDGE_LOOP('',(#1598));
#1598 = ORIENTED_EDGE('',*,*,#1599,.T.);
#1599 = EDGE_CURVE('',#1600,#1600,#1602,.T.);
#1600 = VERTEX_POINT('',#1601);
#1601 = CARTESIAN_POINT('',(268.30992971862,0.637806763259,
    65.351828725487));
#1602 = SURFACE_CURVE('',#1603,(#1608,#1619),.PCURVE_S1.);
#1603 = CIRCLE('',#1604,4.065);
#1604 = AXIS2_PLACEMENT_3D('',#1605,#1606,#1607);
#1605 = CARTESIAN_POINT('',(270.75314840867,-0.406855175508,
    62.275534060419));
#1606 = DIRECTION('',(-0.792541065389,-0.313813258222,-0.522876561567));
#1607 = DIRECTION('',(-0.601037808128,0.256989406831,0.756776055367));
#1608 = PCURVE('',#493,#1609);
#1609 = DEFINITIONAL_REPRESENTATION('',(#1610),#1618);
#1610 = ( BOUNDED_CURVE() B_SPLINE_CURVE(2,(#1611,#1612,#1613,#1614,
#1615,#1616,#1617),.UNSPECIFIED.,.T.,.F.) B_SPLINE_CURVE_WITH_KNOTS((1,2
    ,2,2,2,1),(-2.094395102393,0.,2.094395102393,4.188790204786,
6.28318530718,8.377580409573),.UNSPECIFIED.) CURVE() 
GEOMETRIC_REPRESENTATION_ITEM() RATIONAL_B_SPLINE_CURVE((1.,0.5,1.,0.5,
1.,0.5,1.)) REPRESENTATION_ITEM('') );
#1611 = CARTESIAN_POINT('',(-18.35097023796,-0.457216384864));
#1612 = CARTESIAN_POINT('',(-18.35097023796,-7.498002917632));
#1613 = CARTESIAN_POINT('',(-24.44847023796,-3.977609651248));
#1614 = CARTESIAN_POINT('',(-30.54597023796,-0.457216384864));
#1615 = CARTESIAN_POINT('',(-24.44847023796,3.06317688152));
#1616 = CARTESIAN_POINT('',(-18.35097023796,6.583570147903));
#1617 = CARTESIAN_POINT('',(-18.35097023796,-0.457216384864));
#1618 = ( GEOMETRIC_REPRESENTATION_CONTEXT(2) 
PARAMETRIC_REPRESENTATION_CONTEXT() REPRESENTATION_CONTEXT('2D SPACE',''
  ) );
#1619 = PCURVE('',#1620,#1625);
#1620 = CYLINDRICAL_SURFACE('',#1621,4.065);
#1621 = AXIS2_PLACEMENT_3D('',#1622,#1623,#1624);
#1622 = CARTESIAN_POINT('',(269.96060734328,-0.72066843373,
    61.752657498852));
#1623 = DIRECTION('',(-0.792541065389,-0.313813258222,-0.522876561567));
#1624 = DIRECTION('',(-0.601037808128,0.256989406831,0.756776055367));
#1625 = DEFINITIONAL_REPRESENTATION('',(#1626),#1629);
#1626 = B_SPLINE_CURVE_WITH_KNOTS('',1,(#1627,#1628),.UNSPECIFIED.,.F.,
  .F.,(2,2),(0.,6.28318530718),.PIECEWISE_BEZIER_KNOTS.);
#1627 = CARTESIAN_POINT('',(-6.28318530718,-1.));
#1628 = CARTESIAN_POINT('',(0.,-1.));
#1629 = ( GEOMETRIC_REPRESENTATION_CONTEXT(2) 
PARAMETRIC_REPRESENTATION_CONTEXT() REPRESENTATION_CONTEXT('2D SPACE',''
  ) );
#1630 = ADVANCED_FACE('',(#1631),#928,.F.);
#1631 = FACE_BOUND('',#1632,.F.);
#1632 = EDGE_LOOP('',(#1633,#1634,#1635,#1658,#1679,#1680));
#1633 = ORIENTED_EDGE('',*,*,#914,.T.);
#1634 = ORIENTED_EDGE('',*,*,#1419,.F.);
#1635 = ORIENTED_EDGE('',*,*,#1636,.T.);
#1636 = EDGE_CURVE('',#1397,#1637,#1639,.T.);
#1637 = VERTEX_POINT('',#1638);
#1638 = CARTESIAN_POINT('',(299.01773179106,-21.83535992256,
    38.41465550859));
#1639 = SURFACE_CURVE('',#1640,(#1644,#1651),.PCURVE_S1.);
#1640 = LINE('',#1641,#1642);
#1641 = CARTESIAN_POINT('',(296.48160038182,-22.83956234887,
    36.741450511575));
#1642 = VECTOR('',#1643,1.);
#1643 = DIRECTION('',(0.792541065389,0.313813258222,0.522876561567));
#1644 = PCURVE('',#928,#1645);
#1645 = DEFINITIONAL_REPRESENTATION('',(#1646),#1650);
#1646 = LINE('',#1647,#1648);
#1647 = CARTESIAN_POINT('',(28.408810435652,-3.358162555161));
#1648 = VECTOR('',#1649,1.);
#1649 = DIRECTION('',(-2.775557561563E-17,1.));
#1650 = ( GEOMETRIC_REPRESENTATION_CONTEXT(2) 
PARAMETRIC_REPRESENTATION_CONTEXT() REPRESENTATION_CONTEXT('2D SPACE',''
  ) );
#1651 = PCURVE('',#521,#1652);
#1652 = DEFINITIONAL_REPRESENTATION('',(#1653),#1657);
#1653 = LINE('',#1654,#1655);
#1654 = CARTESIAN_POINT('',(125.93658750809,-2.84217094304E-14));
#1655 = VECTOR('',#1656,1.);
#1656 = DIRECTION('',(-5.551115123126E-17,-1.));
#1657 = ( GEOMETRIC_REPRESENTATION_CONTEXT(2) 
PARAMETRIC_REPRESENTATION_CONTEXT() REPRESENTATION_CONTEXT('2D SPACE',''
  ) );
#1658 = ORIENTED_EDGE('',*,*,#1659,.T.);
#1659 = EDGE_CURVE('',#1637,#1261,#1660,.T.);
#1660 = SURFACE_CURVE('',#1661,(#1665,#1672),.PCURVE_S1.);
#1661 = LINE('',#1662,#1663);
#1662 = CARTESIAN_POINT('',(299.01773179106,-21.83535992256,
    38.41465550859));
#1663 = VECTOR('',#1664,1.);
#1664 = DIRECTION('',(-0.103112622276,0.914044683668,-0.392288291167));
#1665 = PCURVE('',#928,#1666);
#1666 = DEFINITIONAL_REPRESENTATION('',(#1667),#1671);
#1667 = LINE('',#1668,#1669);
#1668 = CARTESIAN_POINT('',(28.408810435652,-0.158162555161));
#1669 = VECTOR('',#1670,1.);
#1670 = DIRECTION('',(-1.,0.));
#1671 = ( GEOMETRIC_REPRESENTATION_CONTEXT(2) 
PARAMETRIC_REPRESENTATION_CONTEXT() REPRESENTATION_CONTEXT('2D SPACE',''
  ) );
#1672 = PCURVE('',#549,#1673);
#1673 = DEFINITIONAL_REPRESENTATION('',(#1674),#1678);
#1674 = LINE('',#1675,#1676);
#1675 = CARTESIAN_POINT('',(-62.96829375404,12.683486495406));
#1676 = VECTOR('',#1677,1.);
#1677 = DIRECTION('',(5.551115123126E-17,-1.));
#1678 = ( GEOMETRIC_REPRESENTATION_CONTEXT(2) 
PARAMETRIC_REPRESENTATION_CONTEXT() REPRESENTATION_CONTEXT('2D SPACE',''
  ) );
#1679 = ORIENTED_EDGE('',*,*,#1284,.T.);
#1680 = ORIENTED_EDGE('',*,*,#944,.T.);
#1681 = ADVANCED_FACE('',(#1682),#1007,.T.);
#1682 = FACE_BOUND('',#1683,.T.);
#1683 = EDGE_LOOP('',(#1684,#1685,#1708,#1736,#1757,#1758));
#1684 = ORIENTED_EDGE('',*,*,#1023,.T.);
#1685 = ORIENTED_EDGE('',*,*,#1686,.T.);
#1686 = EDGE_CURVE('',#1024,#1687,#1689,.T.);
#1687 = VERTEX_POINT('',#1688);
#1688 = CARTESIAN_POINT('',(318.22672270297,-44.33845638056,
    43.077048272762));
#1689 = SURFACE_CURVE('',#1690,(#1694,#1701),.PCURVE_S1.);
#1690 = LINE('',#1691,#1692);
#1691 = CARTESIAN_POINT('',(313.09733373206,1.131153603313,
    23.562471010501));
#1692 = VECTOR('',#1693,1.);
#1693 = DIRECTION('',(0.103112622276,-0.914044683668,0.392288291167));
#1694 = PCURVE('',#1007,#1695);
#1695 = DEFINITIONAL_REPRESENTATION('',(#1696),#1700);
#1696 = LINE('',#1697,#1698);
#1697 = CARTESIAN_POINT('',(3.041837444839,-3.358162555161));
#1698 = VECTOR('',#1699,1.);
#1699 = DIRECTION('',(1.,-5.551115123126E-17));
#1700 = ( GEOMETRIC_REPRESENTATION_CONTEXT(2) 
PARAMETRIC_REPRESENTATION_CONTEXT() REPRESENTATION_CONTEXT('2D SPACE',''
  ) );
#1701 = PCURVE('',#1061,#1702);
#1702 = DEFINITIONAL_REPRESENTATION('',(#1703),#1707);
#1703 = LINE('',#1704,#1705);
#1704 = CARTESIAN_POINT('',(56.211952432722,-24.87275009436));
#1705 = VECTOR('',#1706,1.);
#1706 = DIRECTION('',(0.,1.));
#1707 = ( GEOMETRIC_REPRESENTATION_CONTEXT(2) 
PARAMETRIC_REPRESENTATION_CONTEXT() REPRESENTATION_CONTEXT('2D SPACE',''
  ) );
#1708 = ORIENTED_EDGE('',*,*,#1709,.T.);
#1709 = EDGE_CURVE('',#1687,#1710,#1712,.T.);
#1710 = VERTEX_POINT('',#1711);
#1711 = CARTESIAN_POINT('',(316.30340171696,-43.5160902787,
    45.498731649937));
#1712 = SURFACE_CURVE('',#1713,(#1717,#1724),.PCURVE_S1.);
#1713 = LINE('',#1714,#1715);
#1714 = CARTESIAN_POINT('',(318.22672270297,-44.33845638056,
    43.077048272762));
#1715 = VECTOR('',#1716,1.);
#1716 = DIRECTION('',(-0.601037808128,0.256989406831,0.756776055367));
#1717 = PCURVE('',#1007,#1718);
#1718 = DEFINITIONAL_REPRESENTATION('',(#1719),#1723);
#1719 = LINE('',#1720,#1721);
#1720 = CARTESIAN_POINT('',(52.787337633558,-3.358162555161));
#1721 = VECTOR('',#1722,1.);
#1722 = DIRECTION('',(-5.551115123126E-17,1.));
#1723 = ( GEOMETRIC_REPRESENTATION_CONTEXT(2) 
PARAMETRIC_REPRESENTATION_CONTEXT() REPRESENTATION_CONTEXT('2D SPACE',''
  ) );
#1724 = PCURVE('',#1725,#1730);
#1725 = PLANE('',#1726);
#1726 = AXIS2_PLACEMENT_3D('',#1727,#1728,#1729);
#1727 = CARTESIAN_POINT('',(318.22672270297,-44.33845638056,
    43.077048272762));
#1728 = DIRECTION('',(-0.103112622276,0.914044683668,-0.392288291167));
#1729 = DIRECTION('',(0.792541065389,0.313813258222,0.522876561567));
#1730 = DEFINITIONAL_REPRESENTATION('',(#1731),#1735);
#1731 = LINE('',#1732,#1733);
#1732 = CARTESIAN_POINT('',(0.,0.));
#1733 = VECTOR('',#1734,1.);
#1734 = DIRECTION('',(5.551115123126E-17,-1.));
#1735 = ( GEOMETRIC_REPRESENTATION_CONTEXT(2) 
PARAMETRIC_REPRESENTATION_CONTEXT() REPRESENTATION_CONTEXT('2D SPACE',''
  ) );
#1736 = ORIENTED_EDGE('',*,*,#1737,.F.);
#1737 = EDGE_CURVE('',#1315,#1710,#1738,.T.);
#1738 = SURFACE_CURVE('',#1739,(#1743,#1750),.PCURVE_S1.);
#1739 = LINE('',#1740,#1741);
#1740 = CARTESIAN_POINT('',(311.17401274605,1.953519705171,
    25.984154387676));
#1741 = VECTOR('',#1742,1.);
#1742 = DIRECTION('',(0.103112622276,-0.914044683668,0.392288291167));
#1743 = PCURVE('',#1007,#1744);
#1744 = DEFINITIONAL_REPRESENTATION('',(#1745),#1749);
#1745 = LINE('',#1746,#1747);
#1746 = CARTESIAN_POINT('',(3.041837444839,-0.158162555161));
#1747 = VECTOR('',#1748,1.);
#1748 = DIRECTION('',(1.,-5.551115123126E-17));
#1749 = ( GEOMETRIC_REPRESENTATION_CONTEXT(2) 
PARAMETRIC_REPRESENTATION_CONTEXT() REPRESENTATION_CONTEXT('2D SPACE',''
  ) );
#1750 = PCURVE('',#1329,#1751);
#1751 = DEFINITIONAL_REPRESENTATION('',(#1752),#1756);
#1752 = LINE('',#1753,#1754);
#1753 = CARTESIAN_POINT('',(56.211952432722,-24.87275009436));
#1754 = VECTOR('',#1755,1.);
#1755 = DIRECTION('',(0.,1.));
#1756 = ( GEOMETRIC_REPRESENTATION_CONTEXT(2) 
PARAMETRIC_REPRESENTATION_CONTEXT() REPRESENTATION_CONTEXT('2D SPACE',''
  ) );
#1757 = ORIENTED_EDGE('',*,*,#1341,.T.);
#1758 = ORIENTED_EDGE('',*,*,#993,.T.);
#1759 = ADVANCED_FACE('',(#1760,#1863,#1897,#2019),#1061,.F.);
#1760 = FACE_BOUND('',#1761,.F.);
#1761 = EDGE_LOOP('',(#1762,#1763,#1786,#1813,#1841,#1862));
#1762 = ORIENTED_EDGE('',*,*,#1686,.T.);
#1763 = ORIENTED_EDGE('',*,*,#1764,.T.);
#1764 = EDGE_CURVE('',#1687,#1765,#1767,.T.);
#1765 = VERTEX_POINT('',#1766);
#1766 = CARTESIAN_POINT('',(322.7924567476,-42.53061582908,
    46.089277446171));
#1767 = SURFACE_CURVE('',#1768,(#1772,#1779),.PCURVE_S1.);
#1768 = LINE('',#1769,#1770);
#1769 = CARTESIAN_POINT('',(318.22672270297,-44.33845638056,
    43.077048272762));
#1770 = VECTOR('',#1771,1.);
#1771 = DIRECTION('',(0.792541065389,0.313813258222,0.522876561567));
#1772 = PCURVE('',#1061,#1773);
#1773 = DEFINITIONAL_REPRESENTATION('',(#1774),#1778);
#1774 = LINE('',#1775,#1776);
#1775 = CARTESIAN_POINT('',(56.211952432721,24.87275009436));
#1776 = VECTOR('',#1777,1.);
#1777 = DIRECTION('',(-1.,-2.775557561563E-17));
#1778 = ( GEOMETRIC_REPRESENTATION_CONTEXT(2) 
PARAMETRIC_REPRESENTATION_CONTEXT() REPRESENTATION_CONTEXT('2D SPACE',''
  ) );
#1779 = PCURVE('',#1725,#1780);
#1780 = DEFINITIONAL_REPRESENTATION('',(#1781),#1785);
#1781 = LINE('',#1782,#1783);
#1782 = CARTESIAN_POINT('',(0.,0.));
#1783 = VECTOR('',#1784,1.);
#1784 = DIRECTION('',(1.,-5.551115123126E-17));
#1785 = ( GEOMETRIC_REPRESENTATION_CONTEXT(2) 
PARAMETRIC_REPRESENTATION_CONTEXT() REPRESENTATION_CONTEXT('2D SPACE',''
  ) );
#1786 = ORIENTED_EDGE('',*,*,#1787,.F.);
#1787 = EDGE_CURVE('',#1788,#1765,#1790,.T.);
#1788 = VERTEX_POINT('',#1789);
#1789 = CARTESIAN_POINT('',(398.7251641714,-12.46442574391,
    96.185650621203));
#1790 = SURFACE_CURVE('',#1791,(#1795,#1802),.PCURVE_S1.);
#1791 = LINE('',#1792,#1793);
#1792 = CARTESIAN_POINT('',(398.7251641714,-12.46442574391,
    96.185650621203));
#1793 = VECTOR('',#1794,1.);
#1794 = DIRECTION('',(-0.792541065389,-0.313813258222,-0.522876561567));
#1795 = PCURVE('',#1061,#1796);
#1796 = DEFINITIONAL_REPRESENTATION('',(#1797),#1801);
#1797 = LINE('',#1798,#1799);
#1798 = CARTESIAN_POINT('',(-45.35810492316,24.87275009436));
#1799 = VECTOR('',#1800,1.);
#1800 = DIRECTION('',(1.,2.775557561563E-17));
#1801 = ( GEOMETRIC_REPRESENTATION_CONTEXT(2) 
PARAMETRIC_REPRESENTATION_CONTEXT() REPRESENTATION_CONTEXT('2D SPACE',''
  ) );
#1802 = PCURVE('',#1803,#1808);
#1803 = CYLINDRICAL_SURFACE('',#1804,4.8);
#1804 = AXIS2_PLACEMENT_3D('',#1805,#1806,#1807);
#1805 = CARTESIAN_POINT('',(401.61014565042,-13.6979748967,
    92.55312555544));
#1806 = DIRECTION('',(0.792541065389,0.313813258222,0.522876561567));
#1807 = DIRECTION('',(-0.601037808128,0.256989406831,0.756776055367));
#1808 = DEFINITIONAL_REPRESENTATION('',(#1809),#1812);
#1809 = B_SPLINE_CURVE_WITH_KNOTS('',1,(#1810,#1811),.UNSPECIFIED.,.F.,
  .F.,(2,2),(0.,95.809177265223),.PIECEWISE_BEZIER_KNOTS.);
#1810 = CARTESIAN_POINT('',(0.,0.));
#1811 = CARTESIAN_POINT('',(0.,-95.80917726522));
#1812 = ( GEOMETRIC_REPRESENTATION_CONTEXT(2) 
PARAMETRIC_REPRESENTATION_CONTEXT() REPRESENTATION_CONTEXT('2D SPACE',''
  ) );
#1813 = ORIENTED_EDGE('',*,*,#1814,.T.);
#1814 = EDGE_CURVE('',#1788,#1815,#1817,.T.);
#1815 = VERTEX_POINT('',#1816);
#1816 = CARTESIAN_POINT('',(407.3272840402,-9.058344492696,
    101.86087308677));
#1817 = SURFACE_CURVE('',#1818,(#1822,#1829),.PCURVE_S1.);
#1818 = LINE('',#1819,#1820);
#1819 = CARTESIAN_POINT('',(318.22672270297,-44.33845638056,
    43.077048272762));
#1820 = VECTOR('',#1821,1.);
#1821 = DIRECTION('',(0.792541065389,0.313813258222,0.522876561567));
#1822 = PCURVE('',#1061,#1823);
#1823 = DEFINITIONAL_REPRESENTATION('',(#1824),#1828);
#1824 = LINE('',#1825,#1826);
#1825 = CARTESIAN_POINT('',(56.211952432721,24.87275009436));
#1826 = VECTOR('',#1827,1.);
#1827 = DIRECTION('',(-1.,-2.775557561563E-17));
#1828 = ( GEOMETRIC_REPRESENTATION_CONTEXT(2) 
PARAMETRIC_REPRESENTATION_CONTEXT() REPRESENTATION_CONTEXT('2D SPACE',''
  ) );
#1829 = PCURVE('',#1830,#1835);
#1830 = PLANE('',#1831);
#1831 = AXIS2_PLACEMENT_3D('',#1832,#1833,#1834);
#1832 = CARTESIAN_POINT('',(318.22672270297,-44.33845638056,
    43.077048272762));
#1833 = DIRECTION('',(-0.103112622276,0.914044683668,-0.392288291167));
#1834 = DIRECTION('',(0.792541065389,0.313813258222,0.522876561567));
#1835 = DEFINITIONAL_REPRESENTATION('',(#1836),#1840);
#1836 = LINE('',#1837,#1838);
#1837 = CARTESIAN_POINT('',(0.,0.));
#1838 = VECTOR('',#1839,1.);
#1839 = DIRECTION('',(1.,-5.551115123126E-17));
#1840 = ( GEOMETRIC_REPRESENTATION_CONTEXT(2) 
PARAMETRIC_REPRESENTATION_CONTEXT() REPRESENTATION_CONTEXT('2D SPACE',''
  ) );
#1841 = ORIENTED_EDGE('',*,*,#1842,.T.);
#1842 = EDGE_CURVE('',#1815,#1047,#1843,.T.);
#1843 = SURFACE_CURVE('',#1844,(#1848,#1855),.PCURVE_S1.);
#1844 = LINE('',#1845,#1846);
#1845 = CARTESIAN_POINT('',(407.3272840402,-9.058344492696,
    101.86087308677));
#1846 = VECTOR('',#1847,1.);
#1847 = DIRECTION('',(-0.103112622276,0.914044683668,-0.392288291167));
#1848 = PCURVE('',#1061,#1849);
#1849 = DEFINITIONAL_REPRESENTATION('',(#1850),#1854);
#1850 = LINE('',#1851,#1852);
#1851 = CARTESIAN_POINT('',(-56.21195243272,24.87275009436));
#1852 = VECTOR('',#1853,1.);
#1853 = DIRECTION('',(0.,-1.));
#1854 = ( GEOMETRIC_REPRESENTATION_CONTEXT(2) 
PARAMETRIC_REPRESENTATION_CONTEXT() REPRESENTATION_CONTEXT('2D SPACE',''
  ) );
#1855 = PCURVE('',#1087,#1856);
#1856 = DEFINITIONAL_REPRESENTATION('',(#1857),#1861);
#1857 = LINE('',#1858,#1859);
#1858 = CARTESIAN_POINT('',(52.787337633558,-3.358162555161));
#1859 = VECTOR('',#1860,1.);
#1860 = DIRECTION('',(-1.,5.551115123126E-17));
#1861 = ( GEOMETRIC_REPRESENTATION_CONTEXT(2) 
PARAMETRIC_REPRESENTATION_CONTEXT() REPRESENTATION_CONTEXT('2D SPACE',''
  ) );
#1862 = ORIENTED_EDGE('',*,*,#1046,.T.);
#1863 = FACE_BOUND('',#1864,.F.);
#1864 = EDGE_LOOP('',(#1865));
#1865 = ORIENTED_EDGE('',*,*,#1866,.T.);
#1866 = EDGE_CURVE('',#1867,#1867,#1869,.T.);
#1867 = VERTEX_POINT('',#1868);
#1868 = CARTESIAN_POINT('',(332.44300408105,-3.069976521127,
    40.353601163085));
#1869 = SURFACE_CURVE('',#1870,(#1875,#1886),.PCURVE_S1.);
#1870 = CIRCLE('',#1871,4.45);
#1871 = AXIS2_PLACEMENT_3D('',#1872,#1873,#1874);
#1872 = CARTESIAN_POINT('',(335.96981182203,-1.673507522039,
    42.68040186206));
#1873 = DIRECTION('',(0.601037808128,-0.256989406831,-0.756776055367));
#1874 = DIRECTION('',(-0.792541065389,-0.313813258222,-0.522876561567));
#1875 = PCURVE('',#1061,#1876);
#1876 = DEFINITIONAL_REPRESENTATION('',(#1877),#1885);
#1877 = ( BOUNDED_CURVE() B_SPLINE_CURVE(2,(#1878,#1879,#1880,#1881,
#1882,#1883,#1884),.UNSPECIFIED.,.T.,.F.) B_SPLINE_CURVE_WITH_KNOTS((1,2
    ,2,2,2,1),(-2.094395102393,0.,2.094395102393,4.188790204786,
6.28318530718,8.377580409573),.UNSPECIFIED.) CURVE() 
GEOMETRIC_REPRESENTATION_ITEM() RATIONAL_B_SPLINE_CURVE((1.,0.5,1.,0.5,
1.,0.5,1.)) REPRESENTATION_ITEM('') );
#1878 = CARTESIAN_POINT('',(33.418396177223,-12.45098288502));
#1879 = CARTESIAN_POINT('',(33.418396177223,-20.1586089787));
#1880 = CARTESIAN_POINT('',(26.743396177223,-16.30479593186));
#1881 = CARTESIAN_POINT('',(20.068396177223,-12.45098288502));
#1882 = CARTESIAN_POINT('',(26.743396177223,-8.597169838187));
#1883 = CARTESIAN_POINT('',(33.418396177223,-4.743356791346));
#1884 = CARTESIAN_POINT('',(33.418396177223,-12.45098288502));
#1885 = ( GEOMETRIC_REPRESENTATION_CONTEXT(2) 
PARAMETRIC_REPRESENTATION_CONTEXT() REPRESENTATION_CONTEXT('2D SPACE',''
  ) );
#1886 = PCURVE('',#1887,#1892);
#1887 = CYLINDRICAL_SURFACE('',#1888,4.45);
#1888 = AXIS2_PLACEMENT_3D('',#1889,#1890,#1891);
#1889 = CARTESIAN_POINT('',(336.57084963016,-1.930496928869,
    41.923625806693));
#1890 = DIRECTION('',(0.601037808128,-0.256989406831,-0.756776055367));
#1891 = DIRECTION('',(-0.792541065389,-0.313813258222,-0.522876561567));
#1892 = DEFINITIONAL_REPRESENTATION('',(#1893),#1896);
#1893 = B_SPLINE_CURVE_WITH_KNOTS('',1,(#1894,#1895),.UNSPECIFIED.,.F.,
  .F.,(2,2),(0.,6.28318530718),.PIECEWISE_BEZIER_KNOTS.);
#1894 = CARTESIAN_POINT('',(-6.28318530718,-1.));
#1895 = CARTESIAN_POINT('',(0.,-1.));
#1896 = ( GEOMETRIC_REPRESENTATION_CONTEXT(2) 
PARAMETRIC_REPRESENTATION_CONTEXT() REPRESENTATION_CONTEXT('2D SPACE',''
  ) );
#1897 = FACE_BOUND('',#1898,.F.);
#1898 = EDGE_LOOP('',(#1899,#1929,#1961,#1989));
#1899 = ORIENTED_EDGE('',*,*,#1900,.F.);
#1900 = EDGE_CURVE('',#1901,#1903,#1905,.T.);
#1901 = VERTEX_POINT('',#1902);
#1902 = CARTESIAN_POINT('',(375.72434421271,-4.103015812026,
    75.078803914693));
#1903 = VERTEX_POINT('',#1904);
#1904 = CARTESIAN_POINT('',(393.8576837888,3.077031536095,
    87.042219643353));
#1905 = SURFACE_CURVE('',#1906,(#1910,#1917),.PCURVE_S1.);
#1906 = LINE('',#1907,#1908);
#1907 = CARTESIAN_POINT('',(377.37415458662,-3.44975960677,
    76.167261299706));
#1908 = VECTOR('',#1909,1.);
#1909 = DIRECTION('',(0.792541065389,0.313813258222,0.522876561567));
#1910 = PCURVE('',#1061,#1911);
#1911 = DEFINITIONAL_REPRESENTATION('',(#1912),#1916);
#1912 = LINE('',#1913,#1914);
#1913 = CARTESIAN_POINT('',(-20.79832821545,6.578404111291));
#1914 = VECTOR('',#1915,1.);
#1915 = DIRECTION('',(-1.,-2.775557561563E-17));
#1916 = ( GEOMETRIC_REPRESENTATION_CONTEXT(2) 
PARAMETRIC_REPRESENTATION_CONTEXT() REPRESENTATION_CONTEXT('2D SPACE',''
  ) );
#1917 = PCURVE('',#1918,#1923);
#1918 = PLANE('',#1919);
#1919 = AXIS2_PLACEMENT_3D('',#1920,#1921,#1922);
#1920 = CARTESIAN_POINT('',(394.45872159693,2.820042129264,
    86.285443587986));
#1921 = DIRECTION('',(0.103112622276,-0.914044683668,0.392288291167));
#1922 = DIRECTION('',(-0.792541065389,-0.313813258222,-0.522876561567));
#1923 = DEFINITIONAL_REPRESENTATION('',(#1924),#1928);
#1924 = LINE('',#1925,#1926);
#1925 = CARTESIAN_POINT('',(20.798328215457,-1.));
#1926 = VECTOR('',#1927,1.);
#1927 = DIRECTION('',(-1.,-5.551115123126E-17));
#1928 = ( GEOMETRIC_REPRESENTATION_CONTEXT(2) 
PARAMETRIC_REPRESENTATION_CONTEXT() REPRESENTATION_CONTEXT('2D SPACE',''
  ) );
#1929 = ORIENTED_EDGE('',*,*,#1930,.T.);
#1930 = EDGE_CURVE('',#1901,#1931,#1933,.T.);
#1931 = VERTEX_POINT('',#1932);
#1932 = CARTESIAN_POINT('',(374.94378166208,2.816302443337,
    72.109181550561));
#1933 = SURFACE_CURVE('',#1934,(#1939,#1950),.PCURVE_S1.);
#1934 = CIRCLE('',#1935,3.785);
#1935 = AXIS2_PLACEMENT_3D('',#1936,#1937,#1938);
#1936 = CARTESIAN_POINT('',(375.33406293739,-0.643356684345,
    73.593992732627));
#1937 = DIRECTION('',(0.601037808128,-0.256989406831,-0.756776055367));
#1938 = DIRECTION('',(0.103112622276,-0.914044683668,0.392288291167));
#1939 = PCURVE('',#1061,#1940);
#1940 = DEFINITIONAL_REPRESENTATION('',(#1941),#1949);
#1941 = ( BOUNDED_CURVE() B_SPLINE_CURVE(2,(#1942,#1943,#1944,#1945,
#1946,#1947,#1948),.UNSPECIFIED.,.T.,.F.) B_SPLINE_CURVE_WITH_KNOTS((1,2
    ,2,2,2,1),(-2.094395102393,0.,2.094395102393,4.188790204786,
6.28318530718,8.377580409573),.UNSPECIFIED.) CURVE() 
GEOMETRIC_REPRESENTATION_ITEM() RATIONAL_B_SPLINE_CURVE((1.,0.5,1.,0.5,
1.,0.5,1.)) REPRESENTATION_ITEM('') );
#1942 = CARTESIAN_POINT('',(-18.71665643091,6.578404111291));
#1943 = CARTESIAN_POINT('',(-12.16084412426,6.578404111291));
#1944 = CARTESIAN_POINT('',(-15.43875027758,0.900904111291));
#1945 = CARTESIAN_POINT('',(-18.71665643091,-4.776595888709));
#1946 = CARTESIAN_POINT('',(-21.99456258423,0.900904111291));
#1947 = CARTESIAN_POINT('',(-25.27246873756,6.578404111291));
#1948 = CARTESIAN_POINT('',(-18.71665643091,6.578404111291));
#1949 = ( GEOMETRIC_REPRESENTATION_CONTEXT(2) 
PARAMETRIC_REPRESENTATION_CONTEXT() REPRESENTATION_CONTEXT('2D SPACE',''
  ) );
#1950 = PCURVE('',#1951,#1956);
#1951 = CYLINDRICAL_SURFACE('',#1952,3.785);
#1952 = AXIS2_PLACEMENT_3D('',#1953,#1954,#1955);
#1953 = CARTESIAN_POINT('',(375.93510074552,-0.900346091175,
    72.83721667726));
#1954 = DIRECTION('',(0.601037808128,-0.256989406831,-0.756776055367));
#1955 = DIRECTION('',(0.103112622276,-0.914044683668,0.392288291167));
#1956 = DEFINITIONAL_REPRESENTATION('',(#1957),#1960);
#1957 = B_SPLINE_CURVE_WITH_KNOTS('',1,(#1958,#1959),.UNSPECIFIED.,.F.,
  .F.,(2,2),(0.,3.14159265359),.PIECEWISE_BEZIER_KNOTS.);
#1958 = CARTESIAN_POINT('',(0.,-1.));
#1959 = CARTESIAN_POINT('',(3.14159265359,-1.));
#1960 = ( GEOMETRIC_REPRESENTATION_CONTEXT(2) 
PARAMETRIC_REPRESENTATION_CONTEXT() REPRESENTATION_CONTEXT('2D SPACE',''
  ) );
#1961 = ORIENTED_EDGE('',*,*,#1962,.F.);
#1962 = EDGE_CURVE('',#1963,#1931,#1965,.T.);
#1963 = VERTEX_POINT('',#1964);
#1964 = CARTESIAN_POINT('',(393.07712123817,9.996349791458,
    84.072597279221));
#1965 = SURFACE_CURVE('',#1966,(#1970,#1977),.PCURVE_S1.);
#1966 = LINE('',#1967,#1968);
#1967 = CARTESIAN_POINT('',(367.52692224794,-0.120465025467,
    67.215931071245));
#1968 = VECTOR('',#1969,1.);
#1969 = DIRECTION('',(-0.792541065389,-0.313813258222,-0.522876561567));
#1970 = PCURVE('',#1061,#1971);
#1971 = DEFINITIONAL_REPRESENTATION('',(#1972),#1976);
#1972 = LINE('',#1973,#1974);
#1973 = CARTESIAN_POINT('',(-9.358328215457,-0.991595888709));
#1974 = VECTOR('',#1975,1.);
#1975 = DIRECTION('',(1.,2.775557561563E-17));
#1976 = ( GEOMETRIC_REPRESENTATION_CONTEXT(2) 
PARAMETRIC_REPRESENTATION_CONTEXT() REPRESENTATION_CONTEXT('2D SPACE',''
  ) );
#1977 = PCURVE('',#1978,#1983);
#1978 = PLANE('',#1979);
#1979 = AXIS2_PLACEMENT_3D('',#1980,#1981,#1982);
#1980 = CARTESIAN_POINT('',(375.54481947021,2.559313036506,
    71.352405495194));
#1981 = DIRECTION('',(-0.103112622276,0.914044683668,-0.392288291167));
#1982 = DIRECTION('',(0.792541065389,0.313813258222,0.522876561567));
#1983 = DEFINITIONAL_REPRESENTATION('',(#1984),#1988);
#1984 = LINE('',#1985,#1986);
#1985 = CARTESIAN_POINT('',(-9.358328215457,-1.));
#1986 = VECTOR('',#1987,1.);
#1987 = DIRECTION('',(-1.,5.551115123126E-17));
#1988 = ( GEOMETRIC_REPRESENTATION_CONTEXT(2) 
PARAMETRIC_REPRESENTATION_CONTEXT() REPRESENTATION_CONTEXT('2D SPACE',''
  ) );
#1989 = ORIENTED_EDGE('',*,*,#1990,.T.);
#1990 = EDGE_CURVE('',#1963,#1903,#1991,.T.);
#1991 = SURFACE_CURVE('',#1992,(#1997,#2008),.PCURVE_S1.);
#1992 = CIRCLE('',#1993,3.785);
#1993 = AXIS2_PLACEMENT_3D('',#1994,#1995,#1996);
#1994 = CARTESIAN_POINT('',(393.46740251349,6.536690663776,
    85.557408461287));
#1995 = DIRECTION('',(0.601037808128,-0.256989406831,-0.756776055367));
#1996 = DIRECTION('',(-0.103112622276,0.914044683668,-0.392288291167));
#1997 = PCURVE('',#1061,#1998);
#1998 = DEFINITIONAL_REPRESENTATION('',(#1999),#2007);
#1999 = ( BOUNDED_CURVE() B_SPLINE_CURVE(2,(#2000,#2001,#2002,#2003,
#2004,#2005,#2006),.UNSPECIFIED.,.T.,.F.) B_SPLINE_CURVE_WITH_KNOTS((1,2
    ,2,2,2,1),(-2.094395102393,0.,2.094395102393,4.188790204786,
6.28318530718,8.377580409573),.UNSPECIFIED.) CURVE() 
GEOMETRIC_REPRESENTATION_ITEM() RATIONAL_B_SPLINE_CURVE((1.,0.5,1.,0.5,
1.,0.5,1.)) REPRESENTATION_ITEM('') );
#2000 = CARTESIAN_POINT('',(-41.59665643091,-0.991595888709));
#2001 = CARTESIAN_POINT('',(-48.15246873756,-0.991595888709));
#2002 = CARTESIAN_POINT('',(-44.87456258423,4.685904111291));
#2003 = CARTESIAN_POINT('',(-41.59665643091,10.363404111291));
#2004 = CARTESIAN_POINT('',(-38.31875027758,4.685904111291));
#2005 = CARTESIAN_POINT('',(-35.04084412426,-0.991595888709));
#2006 = CARTESIAN_POINT('',(-41.59665643091,-0.991595888709));
#2007 = ( GEOMETRIC_REPRESENTATION_CONTEXT(2) 
PARAMETRIC_REPRESENTATION_CONTEXT() REPRESENTATION_CONTEXT('2D SPACE',''
  ) );
#2008 = PCURVE('',#2009,#2014);
#2009 = CYLINDRICAL_SURFACE('',#2010,3.785);
#2010 = AXIS2_PLACEMENT_3D('',#2011,#2012,#2013);
#2011 = CARTESIAN_POINT('',(394.06844032162,6.279701256945,
    84.80063240592));
#2012 = DIRECTION('',(0.601037808128,-0.256989406831,-0.756776055367));
#2013 = DIRECTION('',(-0.103112622276,0.914044683668,-0.392288291167));
#2014 = DEFINITIONAL_REPRESENTATION('',(#2015),#2018);
#2015 = B_SPLINE_CURVE_WITH_KNOTS('',1,(#2016,#2017),.UNSPECIFIED.,.F.,
  .F.,(2,2),(0.,3.14159265359),.PIECEWISE_BEZIER_KNOTS.);
#2016 = CARTESIAN_POINT('',(0.,-1.));
#2017 = CARTESIAN_POINT('',(3.14159265359,-1.));
#2018 = ( GEOMETRIC_REPRESENTATION_CONTEXT(2) 
PARAMETRIC_REPRESENTATION_CONTEXT() REPRESENTATION_CONTEXT('2D SPACE',''
  ) );
#2019 = FACE_BOUND('',#2020,.F.);
#2020 = EDGE_LOOP('',(#2021));
#2021 = ORIENTED_EDGE('',*,*,#2022,.T.);
#2022 = EDGE_CURVE('',#2023,#2023,#2025,.T.);
#2023 = VERTEX_POINT('',#2024);
#2024 = CARTESIAN_POINT('',(334.97084225659,-19.33927362555,
    47.886032043156));
#2025 = SURFACE_CURVE('',#2026,(#2031,#2042),.PCURVE_S1.);
#2026 = CIRCLE('',#2027,4.115);
#2027 = AXIS2_PLACEMENT_3D('',#2028,#2029,#2030);
#2028 = CARTESIAN_POINT('',(338.23214874066,-18.04793206797,
    50.037669094006));
#2029 = DIRECTION('',(0.601037808128,-0.256989406831,-0.756776055367));
#2030 = DIRECTION('',(-0.792541065389,-0.313813258222,-0.522876561567));
#2031 = PCURVE('',#1061,#2032);
#2032 = DEFINITIONAL_REPRESENTATION('',(#2033),#2041);
#2033 = ( BOUNDED_CURVE() B_SPLINE_CURVE(2,(#2034,#2035,#2036,#2037,
#2038,#2039,#2040),.UNSPECIFIED.,.T.,.F.) B_SPLINE_CURVE_WITH_KNOTS((1,2
    ,2,2,2,1),(-2.094395102393,0.,2.094395102393,4.188790204786,
6.28318530718,8.377580409573),.UNSPECIFIED.) CURVE() 
GEOMETRIC_REPRESENTATION_ITEM() RATIONAL_B_SPLINE_CURVE((1.,0.5,1.,0.5,
1.,0.5,1.)) REPRESENTATION_ITEM('') );
#2034 = CARTESIAN_POINT('',(32.581970190965,5.63541810153));
#2035 = CARTESIAN_POINT('',(32.581970190965,-1.491970971616));
#2036 = CARTESIAN_POINT('',(26.409470190965,2.071723564957));
#2037 = CARTESIAN_POINT('',(20.236970190965,5.63541810153));
#2038 = CARTESIAN_POINT('',(26.409470190965,9.199112638103));
#2039 = CARTESIAN_POINT('',(32.581970190965,12.762807174676));
#2040 = CARTESIAN_POINT('',(32.581970190965,5.63541810153));
#2041 = ( GEOMETRIC_REPRESENTATION_CONTEXT(2) 
PARAMETRIC_REPRESENTATION_CONTEXT() REPRESENTATION_CONTEXT('2D SPACE',''
  ) );
#2042 = PCURVE('',#2043,#2048);
#2043 = CYLINDRICAL_SURFACE('',#2044,4.115);
#2044 = AXIS2_PLACEMENT_3D('',#2045,#2046,#2047);
#2045 = CARTESIAN_POINT('',(338.83318654879,-18.3049214748,
    49.280893038639));
#2046 = DIRECTION('',(0.601037808128,-0.256989406831,-0.756776055367));
#2047 = DIRECTION('',(-0.792541065389,-0.313813258222,-0.522876561567));
#2048 = DEFINITIONAL_REPRESENTATION('',(#2049),#2052);
#2049 = B_SPLINE_CURVE_WITH_KNOTS('',1,(#2050,#2051),.UNSPECIFIED.,.F.,
  .F.,(2,2),(0.,6.28318530718),.PIECEWISE_BEZIER_KNOTS.);
#2050 = CARTESIAN_POINT('',(-6.28318530718,-1.));
#2051 = CARTESIAN_POINT('',(0.,-1.));
#2052 = ( GEOMETRIC_REPRESENTATION_CONTEXT(2) 
PARAMETRIC_REPRESENTATION_CONTEXT() REPRESENTATION_CONTEXT('2D SPACE',''
  ) );
#2053 = ADVANCED_FACE('',(#2054),#1087,.F.);
#2054 = FACE_BOUND('',#2055,.F.);
#2055 = EDGE_LOOP('',(#2056,#2057,#2058,#2081,#2102,#2103));
#2056 = ORIENTED_EDGE('',*,*,#1073,.T.);
#2057 = ORIENTED_EDGE('',*,*,#1842,.F.);
#2058 = ORIENTED_EDGE('',*,*,#2059,.T.);
#2059 = EDGE_CURVE('',#1815,#2060,#2062,.T.);
#2060 = VERTEX_POINT('',#2061);
#2061 = CARTESIAN_POINT('',(405.40396305418,-8.235978390838,
    104.28255646395));
#2062 = SURFACE_CURVE('',#2063,(#2067,#2074),.PCURVE_S1.);
#2063 = LINE('',#2064,#2065);
#2064 = CARTESIAN_POINT('',(407.3272840402,-9.058344492696,
    101.86087308677));
#2065 = VECTOR('',#2066,1.);
#2066 = DIRECTION('',(-0.601037808128,0.256989406831,0.756776055367));
#2067 = PCURVE('',#1087,#2068);
#2068 = DEFINITIONAL_REPRESENTATION('',(#2069),#2073);
#2069 = LINE('',#2070,#2071);
#2070 = CARTESIAN_POINT('',(52.787337633558,-3.358162555161));
#2071 = VECTOR('',#2072,1.);
#2072 = DIRECTION('',(-5.551115123126E-17,1.));
#2073 = ( GEOMETRIC_REPRESENTATION_CONTEXT(2) 
PARAMETRIC_REPRESENTATION_CONTEXT() REPRESENTATION_CONTEXT('2D SPACE',''
  ) );
#2074 = PCURVE('',#1830,#2075);
#2075 = DEFINITIONAL_REPRESENTATION('',(#2076),#2080);
#2076 = LINE('',#2077,#2078);
#2077 = CARTESIAN_POINT('',(112.42390486544,0.));
#2078 = VECTOR('',#2079,1.);
#2079 = DIRECTION('',(5.551115123126E-17,-1.));
#2080 = ( GEOMETRIC_REPRESENTATION_CONTEXT(2) 
PARAMETRIC_REPRESENTATION_CONTEXT() REPRESENTATION_CONTEXT('2D SPACE',''
  ) );
#2081 = ORIENTED_EDGE('',*,*,#2082,.T.);
#2082 = EDGE_CURVE('',#2060,#1313,#2083,.T.);
#2083 = SURFACE_CURVE('',#2084,(#2088,#2095),.PCURVE_S1.);
#2084 = LINE('',#2085,#2086);
#2085 = CARTESIAN_POINT('',(405.40396305418,-8.235978390838,
    104.28255646395));
#2086 = VECTOR('',#2087,1.);
#2087 = DIRECTION('',(-0.103112622276,0.914044683668,-0.392288291167));
#2088 = PCURVE('',#1087,#2089);
#2089 = DEFINITIONAL_REPRESENTATION('',(#2090),#2094);
#2090 = LINE('',#2091,#2092);
#2091 = CARTESIAN_POINT('',(52.787337633558,-0.158162555161));
#2092 = VECTOR('',#2093,1.);
#2093 = DIRECTION('',(-1.,5.551115123126E-17));
#2094 = ( GEOMETRIC_REPRESENTATION_CONTEXT(2) 
PARAMETRIC_REPRESENTATION_CONTEXT() REPRESENTATION_CONTEXT('2D SPACE',''
  ) );
#2095 = PCURVE('',#1329,#2096);
#2096 = DEFINITIONAL_REPRESENTATION('',(#2097),#2101);
#2097 = LINE('',#2098,#2099);
#2098 = CARTESIAN_POINT('',(-56.21195243272,24.87275009436));
#2099 = VECTOR('',#2100,1.);
#2100 = DIRECTION('',(0.,-1.));
#2101 = ( GEOMETRIC_REPRESENTATION_CONTEXT(2) 
PARAMETRIC_REPRESENTATION_CONTEXT() REPRESENTATION_CONTEXT('2D SPACE',''
  ) );
#2102 = ORIENTED_EDGE('',*,*,#1367,.T.);
#2103 = ORIENTED_EDGE('',*,*,#1103,.T.);
#2104 = ADVANCED_FACE('',(#2105),#521,.F.);
#2105 = FACE_BOUND('',#2106,.F.);
#2106 = EDGE_LOOP('',(#2107,#2108,#2129,#2130));
#2107 = ORIENTED_EDGE('',*,*,#505,.T.);
#2108 = ORIENTED_EDGE('',*,*,#2109,.T.);
#2109 = EDGE_CURVE('',#506,#1637,#2110,.T.);
#2110 = SURFACE_CURVE('',#2111,(#2115,#2122),.PCURVE_S1.);
#2111 = LINE('',#2112,#2113);
#2112 = CARTESIAN_POINT('',(223.32508127204,10.529008999419,
    133.72044942936));
#2113 = VECTOR('',#2114,1.);
#2114 = DIRECTION('',(0.601037808128,-0.256989406831,-0.756776055367));
#2115 = PCURVE('',#521,#2116);
#2116 = DEFINITIONAL_REPRESENTATION('',(#2117),#2121);
#2117 = LINE('',#2118,#2119);
#2118 = CARTESIAN_POINT('',(1.42108547152E-14,-3.2));
#2119 = VECTOR('',#2120,1.);
#2120 = DIRECTION('',(1.,5.551115123126E-17));
#2121 = ( GEOMETRIC_REPRESENTATION_CONTEXT(2) 
PARAMETRIC_REPRESENTATION_CONTEXT() REPRESENTATION_CONTEXT('2D SPACE',''
  ) );
#2122 = PCURVE('',#549,#2123);
#2123 = DEFINITIONAL_REPRESENTATION('',(#2124),#2128);
#2124 = LINE('',#2125,#2126);
#2125 = CARTESIAN_POINT('',(62.968293754045,12.683486495406));
#2126 = VECTOR('',#2127,1.);
#2127 = DIRECTION('',(-1.,5.551115123126E-17));
#2128 = ( GEOMETRIC_REPRESENTATION_CONTEXT(2) 
PARAMETRIC_REPRESENTATION_CONTEXT() REPRESENTATION_CONTEXT('2D SPACE',''
  ) );
#2129 = ORIENTED_EDGE('',*,*,#1636,.F.);
#2130 = ORIENTED_EDGE('',*,*,#1396,.F.);
#2131 = ADVANCED_FACE('',(#2132,#2138,#2167,#2269),#549,.T.);
#2132 = FACE_BOUND('',#2133,.T.);
#2133 = EDGE_LOOP('',(#2134,#2135,#2136,#2137));
#2134 = ORIENTED_EDGE('',*,*,#533,.T.);
#2135 = ORIENTED_EDGE('',*,*,#2109,.T.);
#2136 = ORIENTED_EDGE('',*,*,#1659,.T.);
#2137 = ORIENTED_EDGE('',*,*,#1260,.T.);
#2138 = FACE_BOUND('',#2139,.T.);
#2139 = EDGE_LOOP('',(#2140));
#2140 = ORIENTED_EDGE('',*,*,#2141,.T.);
#2141 = EDGE_CURVE('',#2142,#2142,#2144,.T.);
#2142 = VERTEX_POINT('',#2143);
#2143 = CARTESIAN_POINT('',(241.11851865294,14.85237097088,
    104.15561661455));
#2144 = SURFACE_CURVE('',#2145,(#2150,#2161),.PCURVE_S1.);
#2145 = CIRCLE('',#2146,3.48);
#2146 = AXIS2_PLACEMENT_3D('',#2147,#2148,#2149);
#2147 = CARTESIAN_POINT('',(243.21013022523,13.958047835109,
    101.52203594187));
#2148 = DIRECTION('',(-0.792541065389,-0.313813258222,-0.522876561567));
#2149 = DIRECTION('',(-0.601037808128,0.256989406831,0.756776055367));
#2150 = PCURVE('',#549,#2151);
#2151 = DEFINITIONAL_REPRESENTATION('',(#2152),#2160);
#2152 = ( BOUNDED_CURVE() B_SPLINE_CURVE(2,(#2153,#2154,#2155,#2156,
#2157,#2158,#2159),.UNSPECIFIED.,.T.,.F.) B_SPLINE_CURVE_WITH_KNOTS((1,2
    ,2,2,2,1),(-2.094395102393,0.,2.094395102393,4.188790204786,
6.28318530718,8.377580409573),.UNSPECIFIED.) CURVE() 
GEOMETRIC_REPRESENTATION_ITEM() RATIONAL_B_SPLINE_CURVE((1.,0.5,1.,0.5,
1.,0.5,1.)) REPRESENTATION_ITEM('') );
#2153 = CARTESIAN_POINT('',(31.010865824938,-1.031469286074));
#2154 = CARTESIAN_POINT('',(31.010865824938,-7.059006096413));
#2155 = CARTESIAN_POINT('',(25.790865824938,-4.045237691244));
#2156 = CARTESIAN_POINT('',(20.570865824938,-1.031469286074));
#2157 = CARTESIAN_POINT('',(25.790865824938,1.982299119096));
#2158 = CARTESIAN_POINT('',(31.010865824938,4.996067524266));
#2159 = CARTESIAN_POINT('',(31.010865824938,-1.031469286074));
#2160 = ( GEOMETRIC_REPRESENTATION_CONTEXT(2) 
PARAMETRIC_REPRESENTATION_CONTEXT() REPRESENTATION_CONTEXT('2D SPACE',''
  ) );
#2161 = PCURVE('',#1464,#2162);
#2162 = DEFINITIONAL_REPRESENTATION('',(#2163),#2166);
#2163 = B_SPLINE_CURVE_WITH_KNOTS('',1,(#2164,#2165),.UNSPECIFIED.,.F.,
  .F.,(2,2),(0.,6.28318530718),.PIECEWISE_BEZIER_KNOTS.);
#2164 = CARTESIAN_POINT('',(-6.28318530718,-4.2));
#2165 = CARTESIAN_POINT('',(0.,-4.2));
#2166 = ( GEOMETRIC_REPRESENTATION_CONTEXT(2) 
PARAMETRIC_REPRESENTATION_CONTEXT() REPRESENTATION_CONTEXT('2D SPACE',''
  ) );
#2167 = FACE_BOUND('',#2168,.T.);
#2168 = EDGE_LOOP('',(#2169,#2194,#2221,#2244));
#2169 = ORIENTED_EDGE('',*,*,#2170,.F.);
#2170 = EDGE_CURVE('',#2171,#2173,#2175,.T.);
#2171 = VERTEX_POINT('',#2172);
#2172 = CARTESIAN_POINT('',(231.08889272166,16.842951321611,
    118.16316725605));
#2173 = VERTEX_POINT('',#2174);
#2174 = CARTESIAN_POINT('',(233.75750058975,15.701918355283,
    114.80308157022));
#2175 = SURFACE_CURVE('',#2176,(#2180,#2187),.PCURVE_S1.);
#2176 = LINE('',#2177,#2178);
#2177 = CARTESIAN_POINT('',(246.89353866077,10.085262320801,
    98.263291660016));
#2178 = VECTOR('',#2179,1.);
#2179 = DIRECTION('',(0.601037808128,-0.256989406831,-0.756776055367));
#2180 = PCURVE('',#549,#2181);
#2181 = DEFINITIONAL_REPRESENTATION('',(#2182),#2186);
#2182 = LINE('',#2183,#2184);
#2183 = CARTESIAN_POINT('',(21.855593597217,1.609868401288));
#2184 = VECTOR('',#2185,1.);
#2185 = DIRECTION('',(-1.,5.551115123126E-17));
#2186 = ( GEOMETRIC_REPRESENTATION_CONTEXT(2) 
PARAMETRIC_REPRESENTATION_CONTEXT() REPRESENTATION_CONTEXT('2D SPACE',''
  ) );
#2187 = PCURVE('',#1495,#2188);
#2188 = DEFINITIONAL_REPRESENTATION('',(#2189),#2193);
#2189 = LINE('',#2190,#2191);
#2190 = CARTESIAN_POINT('',(-21.85559359721,-4.2));
#2191 = VECTOR('',#2192,1.);
#2192 = DIRECTION('',(-1.,5.551115123126E-17));
#2193 = ( GEOMETRIC_REPRESENTATION_CONTEXT(2) 
PARAMETRIC_REPRESENTATION_CONTEXT() REPRESENTATION_CONTEXT('2D SPACE',''
  ) );
#2194 = ORIENTED_EDGE('',*,*,#2195,.T.);
#2195 = EDGE_CURVE('',#2171,#2196,#2198,.T.);
#2196 = VERTEX_POINT('',#2197);
#2197 = CARTESIAN_POINT('',(230.46712360934,22.354640764126,
    115.79766886032));
#2198 = SURFACE_CURVE('',#2199,(#2204,#2215),.PCURVE_S1.);
#2199 = CIRCLE('',#2200,3.015);
#2200 = AXIS2_PLACEMENT_3D('',#2201,#2202,#2203);
#2201 = CARTESIAN_POINT('',(230.7780081655,19.598796042868,
    116.98041805818));
#2202 = DIRECTION('',(-0.792541065389,-0.313813258222,-0.522876561567));
#2203 = DIRECTION('',(0.103112622276,-0.914044683668,0.392288291167));
#2204 = PCURVE('',#549,#2205);
#2205 = DEFINITIONAL_REPRESENTATION('',(#2206),#2214);
#2206 = ( BOUNDED_CURVE() B_SPLINE_CURVE(2,(#2207,#2208,#2209,#2210,
#2211,#2212,#2213),.UNSPECIFIED.,.T.,.F.) B_SPLINE_CURVE_WITH_KNOTS((1,2
    ,2,2,2,1),(-2.094395102393,0.,2.094395102393,4.188790204786,
6.28318530718,8.377580409573),.UNSPECIFIED.) CURVE() 
GEOMETRIC_REPRESENTATION_ITEM() RATIONAL_B_SPLINE_CURVE((1.,0.5,1.,0.5,
1.,0.5,1.)) REPRESENTATION_ITEM('') );
#2207 = CARTESIAN_POINT('',(48.151187194434,1.609868401288));
#2208 = CARTESIAN_POINT('',(53.373320379254,1.609868401288));
#2209 = CARTESIAN_POINT('',(50.762253786844,-2.912631598712));
#2210 = CARTESIAN_POINT('',(48.151187194434,-7.435131598712));
#2211 = CARTESIAN_POINT('',(45.540120602024,-2.912631598712));
#2212 = CARTESIAN_POINT('',(42.929054009614,1.609868401288));
#2213 = CARTESIAN_POINT('',(48.151187194434,1.609868401288));
#2214 = ( GEOMETRIC_REPRESENTATION_CONTEXT(2) 
PARAMETRIC_REPRESENTATION_CONTEXT() REPRESENTATION_CONTEXT('2D SPACE',''
  ) );
#2215 = PCURVE('',#1528,#2216);
#2216 = DEFINITIONAL_REPRESENTATION('',(#2217),#2220);
#2217 = B_SPLINE_CURVE_WITH_KNOTS('',1,(#2218,#2219),.UNSPECIFIED.,.F.,
  .F.,(2,2),(0.,3.14159265359),.PIECEWISE_BEZIER_KNOTS.);
#2218 = CARTESIAN_POINT('',(0.,-4.2));
#2219 = CARTESIAN_POINT('',(3.14159265359,-4.2));
#2220 = ( GEOMETRIC_REPRESENTATION_CONTEXT(2) 
PARAMETRIC_REPRESENTATION_CONTEXT() REPRESENTATION_CONTEXT('2D SPACE',''
  ) );
#2221 = ORIENTED_EDGE('',*,*,#2222,.F.);
#2222 = EDGE_CURVE('',#2223,#2196,#2225,.T.);
#2223 = VERTEX_POINT('',#2224);
#2224 = CARTESIAN_POINT('',(233.13573147743,21.213607797798,
    112.43758317449));
#2225 = SURFACE_CURVE('',#2226,(#2230,#2237),.PCURVE_S1.);
#2226 = LINE('',#2227,#2228);
#2227 = CARTESIAN_POINT('',(244.9374656144,16.16746824648,
    97.577836107196));
#2228 = VECTOR('',#2229,1.);
#2229 = DIRECTION('',(-0.601037808128,0.256989406831,0.756776055367));
#2230 = PCURVE('',#549,#2231);
#2231 = DEFINITIONAL_REPRESENTATION('',(#2232),#2236);
#2232 = LINE('',#2233,#2234);
#2233 = CARTESIAN_POINT('',(24.075593597217,-4.420131598712));
#2234 = VECTOR('',#2235,1.);
#2235 = DIRECTION('',(1.,-5.551115123126E-17));
#2236 = ( GEOMETRIC_REPRESENTATION_CONTEXT(2) 
PARAMETRIC_REPRESENTATION_CONTEXT() REPRESENTATION_CONTEXT('2D SPACE',''
  ) );
#2237 = PCURVE('',#1555,#2238);
#2238 = DEFINITIONAL_REPRESENTATION('',(#2239),#2243);
#2239 = LINE('',#2240,#2241);
#2240 = CARTESIAN_POINT('',(24.075593597217,-4.2));
#2241 = VECTOR('',#2242,1.);
#2242 = DIRECTION('',(-1.,-5.551115123126E-17));
#2243 = ( GEOMETRIC_REPRESENTATION_CONTEXT(2) 
PARAMETRIC_REPRESENTATION_CONTEXT() REPRESENTATION_CONTEXT('2D SPACE',''
  ) );
#2244 = ORIENTED_EDGE('',*,*,#2245,.T.);
#2245 = EDGE_CURVE('',#2223,#2173,#2246,.T.);
#2246 = SURFACE_CURVE('',#2247,(#2252,#2263),.PCURVE_S1.);
#2247 = CIRCLE('',#2248,3.015);
#2248 = AXIS2_PLACEMENT_3D('',#2249,#2250,#2251);
#2249 = CARTESIAN_POINT('',(233.44661603359,18.45776307654,
    113.62033237235));
#2250 = DIRECTION('',(-0.792541065389,-0.313813258222,-0.522876561567));
#2251 = DIRECTION('',(-0.103112622276,0.914044683668,-0.392288291167));
#2252 = PCURVE('',#549,#2253);
#2253 = DEFINITIONAL_REPRESENTATION('',(#2254),#2262);
#2254 = ( BOUNDED_CURVE() B_SPLINE_CURVE(2,(#2255,#2256,#2257,#2258,
#2259,#2260,#2261),.UNSPECIFIED.,.T.,.F.) B_SPLINE_CURVE_WITH_KNOTS((1,2
    ,2,2,2,1),(-2.094395102393,0.,2.094395102393,4.188790204786,
6.28318530718,8.377580409573),.UNSPECIFIED.) CURVE() 
GEOMETRIC_REPRESENTATION_ITEM() RATIONAL_B_SPLINE_CURVE((1.,0.5,1.,0.5,
1.,0.5,1.)) REPRESENTATION_ITEM('') );
#2255 = CARTESIAN_POINT('',(43.711187194434,-4.420131598712));
#2256 = CARTESIAN_POINT('',(38.489054009614,-4.420131598712));
#2257 = CARTESIAN_POINT('',(41.100120602024,0.102368401288));
#2258 = CARTESIAN_POINT('',(43.711187194434,4.624868401288));
#2259 = CARTESIAN_POINT('',(46.322253786844,0.102368401288));
#2260 = CARTESIAN_POINT('',(48.933320379254,-4.420131598712));
#2261 = CARTESIAN_POINT('',(43.711187194434,-4.420131598712));
#2262 = ( GEOMETRIC_REPRESENTATION_CONTEXT(2) 
PARAMETRIC_REPRESENTATION_CONTEXT() REPRESENTATION_CONTEXT('2D SPACE',''
  ) );
#2263 = PCURVE('',#1586,#2264);
#2264 = DEFINITIONAL_REPRESENTATION('',(#2265),#2268);
#2265 = B_SPLINE_CURVE_WITH_KNOTS('',1,(#2266,#2267),.UNSPECIFIED.,.F.,
  .F.,(2,2),(0.,3.14159265359),.PIECEWISE_BEZIER_KNOTS.);
#2266 = CARTESIAN_POINT('',(0.,-4.2));
#2267 = CARTESIAN_POINT('',(3.14159265359,-4.2));
#2268 = ( GEOMETRIC_REPRESENTATION_CONTEXT(2) 
PARAMETRIC_REPRESENTATION_CONTEXT() REPRESENTATION_CONTEXT('2D SPACE',''
  ) );
#2269 = FACE_BOUND('',#2270,.T.);
#2270 = EDGE_LOOP('',(#2271));
#2271 = ORIENTED_EDGE('',*,*,#2272,.T.);
#2272 = EDGE_CURVE('',#2273,#2273,#2275,.T.);
#2273 = VERTEX_POINT('',#2274);
#2274 = CARTESIAN_POINT('',(270.84606112787,1.64200918957,
    67.025033722502));
#2275 = SURFACE_CURVE('',#2276,(#2281,#2292),.PCURVE_S1.);
#2276 = CIRCLE('',#2277,4.065);
#2277 = AXIS2_PLACEMENT_3D('',#2278,#2279,#2280);
#2278 = CARTESIAN_POINT('',(273.28927981791,0.597347250803,
    63.948739057435));
#2279 = DIRECTION('',(-0.792541065389,-0.313813258222,-0.522876561567));
#2280 = DIRECTION('',(-0.601037808128,0.256989406831,0.756776055367));
#2281 = PCURVE('',#549,#2282);
#2282 = DEFINITIONAL_REPRESENTATION('',(#2283),#2291);
#2283 = ( BOUNDED_CURVE() B_SPLINE_CURVE(2,(#2284,#2285,#2286,#2287,
#2288,#2289,#2290),.UNSPECIFIED.,.T.,.F.) B_SPLINE_CURVE_WITH_KNOTS((1,2
    ,2,2,2,1),(-2.094395102393,0.,2.094395102393,4.188790204786,
6.28318530718,8.377580409573),.UNSPECIFIED.) CURVE() 
GEOMETRIC_REPRESENTATION_ITEM() RATIONAL_B_SPLINE_CURVE((1.,0.5,1.,0.5,
1.,0.5,1.)) REPRESENTATION_ITEM('') );
#2284 = CARTESIAN_POINT('',(-18.35097023796,-0.457216384864));
#2285 = CARTESIAN_POINT('',(-18.35097023796,-7.498002917632));
#2286 = CARTESIAN_POINT('',(-24.44847023796,-3.977609651248));
#2287 = CARTESIAN_POINT('',(-30.54597023796,-0.457216384864));
#2288 = CARTESIAN_POINT('',(-24.44847023796,3.06317688152));
#2289 = CARTESIAN_POINT('',(-18.35097023796,6.583570147903));
#2290 = CARTESIAN_POINT('',(-18.35097023796,-0.457216384864));
#2291 = ( GEOMETRIC_REPRESENTATION_CONTEXT(2) 
PARAMETRIC_REPRESENTATION_CONTEXT() REPRESENTATION_CONTEXT('2D SPACE',''
  ) );
#2292 = PCURVE('',#1620,#2293);
#2293 = DEFINITIONAL_REPRESENTATION('',(#2294),#2297);
#2294 = B_SPLINE_CURVE_WITH_KNOTS('',1,(#2295,#2296),.UNSPECIFIED.,.F.,
  .F.,(2,2),(0.,6.28318530718),.PIECEWISE_BEZIER_KNOTS.);
#2295 = CARTESIAN_POINT('',(-6.28318530718,-4.2));
#2296 = CARTESIAN_POINT('',(0.,-4.2));
#2297 = ( GEOMETRIC_REPRESENTATION_CONTEXT(2) 
PARAMETRIC_REPRESENTATION_CONTEXT() REPRESENTATION_CONTEXT('2D SPACE',''
  ) );
#2298 = ADVANCED_FACE('',(#2299,#2375,#2404,#2506),#1329,.T.);
#2299 = FACE_BOUND('',#2300,.T.);
#2300 = EDGE_LOOP('',(#2301,#2302,#2325,#2352,#2373,#2374));
#2301 = ORIENTED_EDGE('',*,*,#1737,.T.);
#2302 = ORIENTED_EDGE('',*,*,#2303,.T.);
#2303 = EDGE_CURVE('',#1710,#2304,#2306,.T.);
#2304 = VERTEX_POINT('',#2305);
#2305 = CARTESIAN_POINT('',(320.86913576159,-41.70824972723,
    48.510960823346));
#2306 = SURFACE_CURVE('',#2307,(#2311,#2318),.PCURVE_S1.);
#2307 = LINE('',#2308,#2309);
#2308 = CARTESIAN_POINT('',(316.30340171696,-43.5160902787,
    45.498731649937));
#2309 = VECTOR('',#2310,1.);
#2310 = DIRECTION('',(0.792541065389,0.313813258222,0.522876561567));
#2311 = PCURVE('',#1329,#2312);
#2312 = DEFINITIONAL_REPRESENTATION('',(#2313),#2317);
#2313 = LINE('',#2314,#2315);
#2314 = CARTESIAN_POINT('',(56.211952432721,24.87275009436));
#2315 = VECTOR('',#2316,1.);
#2316 = DIRECTION('',(-1.,-2.775557561563E-17));
#2317 = ( GEOMETRIC_REPRESENTATION_CONTEXT(2) 
PARAMETRIC_REPRESENTATION_CONTEXT() REPRESENTATION_CONTEXT('2D SPACE',''
  ) );
#2318 = PCURVE('',#1725,#2319);
#2319 = DEFINITIONAL_REPRESENTATION('',(#2320),#2324);
#2320 = LINE('',#2321,#2322);
#2321 = CARTESIAN_POINT('',(4.440892098501E-16,-3.2));
#2322 = VECTOR('',#2323,1.);
#2323 = DIRECTION('',(1.,-5.551115123126E-17));
#2324 = ( GEOMETRIC_REPRESENTATION_CONTEXT(2) 
PARAMETRIC_REPRESENTATION_CONTEXT() REPRESENTATION_CONTEXT('2D SPACE',''
  ) );
#2325 = ORIENTED_EDGE('',*,*,#2326,.F.);
#2326 = EDGE_CURVE('',#2327,#2304,#2329,.T.);
#2327 = VERTEX_POINT('',#2328);
#2328 = CARTESIAN_POINT('',(396.80184318539,-11.64205964205,
    98.607333998378));
#2329 = SURFACE_CURVE('',#2330,(#2334,#2341),.PCURVE_S1.);
#2330 = LINE('',#2331,#2332);
#2331 = CARTESIAN_POINT('',(396.80184318539,-11.64205964205,
    98.607333998378));
#2332 = VECTOR('',#2333,1.);
#2333 = DIRECTION('',(-0.792541065389,-0.313813258222,-0.522876561567));
#2334 = PCURVE('',#1329,#2335);
#2335 = DEFINITIONAL_REPRESENTATION('',(#2336),#2340);
#2336 = LINE('',#2337,#2338);
#2337 = CARTESIAN_POINT('',(-45.35810492316,24.87275009436));
#2338 = VECTOR('',#2339,1.);
#2339 = DIRECTION('',(1.,2.775557561563E-17));
#2340 = ( GEOMETRIC_REPRESENTATION_CONTEXT(2) 
PARAMETRIC_REPRESENTATION_CONTEXT() REPRESENTATION_CONTEXT('2D SPACE',''
  ) );
#2341 = PCURVE('',#2342,#2347);
#2342 = CYLINDRICAL_SURFACE('',#2343,8.);
#2343 = AXIS2_PLACEMENT_3D('',#2344,#2345,#2346);
#2344 = CARTESIAN_POINT('',(401.61014565042,-13.6979748967,
    92.55312555544));
#2345 = DIRECTION('',(0.792541065389,0.313813258222,0.522876561567));
#2346 = DIRECTION('',(0.103112622276,-0.914044683668,0.392288291167));
#2347 = DEFINITIONAL_REPRESENTATION('',(#2348),#2351);
#2348 = B_SPLINE_CURVE_WITH_KNOTS('',1,(#2349,#2350),.UNSPECIFIED.,.F.,
  .F.,(2,2),(0.,95.809177265223),.PIECEWISE_BEZIER_KNOTS.);
#2349 = CARTESIAN_POINT('',(-1.570796326795,0.));
#2350 = CARTESIAN_POINT('',(-1.570796326795,-95.80917726522));
#2351 = ( GEOMETRIC_REPRESENTATION_CONTEXT(2) 
PARAMETRIC_REPRESENTATION_CONTEXT() REPRESENTATION_CONTEXT('2D SPACE',''
  ) );
#2352 = ORIENTED_EDGE('',*,*,#2353,.T.);
#2353 = EDGE_CURVE('',#2327,#2060,#2354,.T.);
#2354 = SURFACE_CURVE('',#2355,(#2359,#2366),.PCURVE_S1.);
#2355 = LINE('',#2356,#2357);
#2356 = CARTESIAN_POINT('',(316.30340171696,-43.5160902787,
    45.498731649937));
#2357 = VECTOR('',#2358,1.);
#2358 = DIRECTION('',(0.792541065389,0.313813258222,0.522876561567));
#2359 = PCURVE('',#1329,#2360);
#2360 = DEFINITIONAL_REPRESENTATION('',(#2361),#2365);
#2361 = LINE('',#2362,#2363);
#2362 = CARTESIAN_POINT('',(56.211952432721,24.87275009436));
#2363 = VECTOR('',#2364,1.);
#2364 = DIRECTION('',(-1.,-2.775557561563E-17));
#2365 = ( GEOMETRIC_REPRESENTATION_CONTEXT(2) 
PARAMETRIC_REPRESENTATION_CONTEXT() REPRESENTATION_CONTEXT('2D SPACE',''
  ) );
#2366 = PCURVE('',#1830,#2367);
#2367 = DEFINITIONAL_REPRESENTATION('',(#2368),#2372);
#2368 = LINE('',#2369,#2370);
#2369 = CARTESIAN_POINT('',(4.440892098501E-16,-3.2));
#2370 = VECTOR('',#2371,1.);
#2371 = DIRECTION('',(1.,-5.551115123126E-17));
#2372 = ( GEOMETRIC_REPRESENTATION_CONTEXT(2) 
PARAMETRIC_REPRESENTATION_CONTEXT() REPRESENTATION_CONTEXT('2D SPACE',''
  ) );
#2373 = ORIENTED_EDGE('',*,*,#2082,.T.);
#2374 = ORIENTED_EDGE('',*,*,#1312,.T.);
#2375 = FACE_BOUND('',#2376,.T.);
#2376 = EDGE_LOOP('',(#2377));
#2377 = ORIENTED_EDGE('',*,*,#2378,.T.);
#2378 = EDGE_CURVE('',#2379,#2379,#2381,.T.);
#2379 = VERTEX_POINT('',#2380);
#2380 = CARTESIAN_POINT('',(330.51968309504,-2.247610419268,
    42.77528454026));
#2381 = SURFACE_CURVE('',#2382,(#2387,#2398),.PCURVE_S1.);
#2382 = CIRCLE('',#2383,4.45);
#2383 = AXIS2_PLACEMENT_3D('',#2384,#2385,#2386);
#2384 = CARTESIAN_POINT('',(334.04649083602,-0.85114142018,
    45.102085239235));
#2385 = DIRECTION('',(0.601037808128,-0.256989406831,-0.756776055367));
#2386 = DIRECTION('',(-0.792541065389,-0.313813258222,-0.522876561567));
#2387 = PCURVE('',#1329,#2388);
#2388 = DEFINITIONAL_REPRESENTATION('',(#2389),#2397);
#2389 = ( BOUNDED_CURVE() B_SPLINE_CURVE(2,(#2390,#2391,#2392,#2393,
#2394,#2395,#2396),.UNSPECIFIED.,.T.,.F.) B_SPLINE_CURVE_WITH_KNOTS((1,2
    ,2,2,2,1),(-2.094395102393,0.,2.094395102393,4.188790204786,
6.28318530718,8.377580409573),.UNSPECIFIED.) CURVE() 
GEOMETRIC_REPRESENTATION_ITEM() RATIONAL_B_SPLINE_CURVE((1.,0.5,1.,0.5,
1.,0.5,1.)) REPRESENTATION_ITEM('') );
#2390 = CARTESIAN_POINT('',(33.418396177223,-12.45098288502));
#2391 = CARTESIAN_POINT('',(33.418396177223,-20.1586089787));
#2392 = CARTESIAN_POINT('',(26.743396177223,-16.30479593186));
#2393 = CARTESIAN_POINT('',(20.068396177223,-12.45098288502));
#2394 = CARTESIAN_POINT('',(26.743396177223,-8.597169838187));
#2395 = CARTESIAN_POINT('',(33.418396177223,-4.743356791346));
#2396 = CARTESIAN_POINT('',(33.418396177223,-12.45098288502));
#2397 = ( GEOMETRIC_REPRESENTATION_CONTEXT(2) 
PARAMETRIC_REPRESENTATION_CONTEXT() REPRESENTATION_CONTEXT('2D SPACE',''
  ) );
#2398 = PCURVE('',#1887,#2399);
#2399 = DEFINITIONAL_REPRESENTATION('',(#2400),#2403);
#2400 = B_SPLINE_CURVE_WITH_KNOTS('',1,(#2401,#2402),.UNSPECIFIED.,.F.,
  .F.,(2,2),(0.,6.28318530718),.PIECEWISE_BEZIER_KNOTS.);
#2401 = CARTESIAN_POINT('',(-6.28318530718,-4.2));
#2402 = CARTESIAN_POINT('',(0.,-4.2));
#2403 = ( GEOMETRIC_REPRESENTATION_CONTEXT(2) 
PARAMETRIC_REPRESENTATION_CONTEXT() REPRESENTATION_CONTEXT('2D SPACE',''
  ) );
#2404 = FACE_BOUND('',#2405,.T.);
#2405 = EDGE_LOOP('',(#2406,#2431,#2458,#2481));
#2406 = ORIENTED_EDGE('',*,*,#2407,.F.);
#2407 = EDGE_CURVE('',#2408,#2410,#2412,.T.);
#2408 = VERTEX_POINT('',#2409);
#2409 = CARTESIAN_POINT('',(373.8010232267,-3.280649710168,
    77.500487291868));
#2410 = VERTEX_POINT('',#2411);
#2411 = CARTESIAN_POINT('',(391.93436280279,3.899397637953,
    89.463903020528));
#2412 = SURFACE_CURVE('',#2413,(#2417,#2424),.PCURVE_S1.);
#2413 = LINE('',#2414,#2415);
#2414 = CARTESIAN_POINT('',(375.45083360061,-2.627393504911,
    78.588944676881));
#2415 = VECTOR('',#2416,1.);
#2416 = DIRECTION('',(0.792541065389,0.313813258222,0.522876561567));
#2417 = PCURVE('',#1329,#2418);
#2418 = DEFINITIONAL_REPRESENTATION('',(#2419),#2423);
#2419 = LINE('',#2420,#2421);
#2420 = CARTESIAN_POINT('',(-20.79832821545,6.578404111291));
#2421 = VECTOR('',#2422,1.);
#2422 = DIRECTION('',(-1.,-2.775557561563E-17));
#2423 = ( GEOMETRIC_REPRESENTATION_CONTEXT(2) 
PARAMETRIC_REPRESENTATION_CONTEXT() REPRESENTATION_CONTEXT('2D SPACE',''
  ) );
#2424 = PCURVE('',#1918,#2425);
#2425 = DEFINITIONAL_REPRESENTATION('',(#2426),#2430);
#2426 = LINE('',#2427,#2428);
#2427 = CARTESIAN_POINT('',(20.798328215457,-4.2));
#2428 = VECTOR('',#2429,1.);
#2429 = DIRECTION('',(-1.,-5.551115123126E-17));
#2430 = ( GEOMETRIC_REPRESENTATION_CONTEXT(2) 
PARAMETRIC_REPRESENTATION_CONTEXT() REPRESENTATION_CONTEXT('2D SPACE',''
  ) );
#2431 = ORIENTED_EDGE('',*,*,#2432,.T.);
#2432 = EDGE_CURVE('',#2408,#2433,#2435,.T.);
#2433 = VERTEX_POINT('',#2434);
#2434 = CARTESIAN_POINT('',(373.02046067607,3.638668545195,
    74.530864927736));
#2435 = SURFACE_CURVE('',#2436,(#2441,#2452),.PCURVE_S1.);
#2436 = CIRCLE('',#2437,3.785);
#2437 = AXIS2_PLACEMENT_3D('',#2438,#2439,#2440);
#2438 = CARTESIAN_POINT('',(373.41074195138,0.179009417514,
    76.015676109802));
#2439 = DIRECTION('',(0.601037808128,-0.256989406831,-0.756776055367));
#2440 = DIRECTION('',(0.103112622276,-0.914044683668,0.392288291167));
#2441 = PCURVE('',#1329,#2442);
#2442 = DEFINITIONAL_REPRESENTATION('',(#2443),#2451);
#2443 = ( BOUNDED_CURVE() B_SPLINE_CURVE(2,(#2444,#2445,#2446,#2447,
#2448,#2449,#2450),.UNSPECIFIED.,.T.,.F.) B_SPLINE_CURVE_WITH_KNOTS((1,2
    ,2,2,2,1),(-2.094395102393,0.,2.094395102393,4.188790204786,
6.28318530718,8.377580409573),.UNSPECIFIED.) CURVE() 
GEOMETRIC_REPRESENTATION_ITEM() RATIONAL_B_SPLINE_CURVE((1.,0.5,1.,0.5,
1.,0.5,1.)) REPRESENTATION_ITEM('') );
#2444 = CARTESIAN_POINT('',(-18.71665643091,6.578404111291));
#2445 = CARTESIAN_POINT('',(-12.16084412426,6.578404111291));
#2446 = CARTESIAN_POINT('',(-15.43875027758,0.900904111291));
#2447 = CARTESIAN_POINT('',(-18.71665643091,-4.776595888709));
#2448 = CARTESIAN_POINT('',(-21.99456258423,0.900904111291));
#2449 = CARTESIAN_POINT('',(-25.27246873756,6.578404111291));
#2450 = CARTESIAN_POINT('',(-18.71665643091,6.578404111291));
#2451 = ( GEOMETRIC_REPRESENTATION_CONTEXT(2) 
PARAMETRIC_REPRESENTATION_CONTEXT() REPRESENTATION_CONTEXT('2D SPACE',''
  ) );
#2452 = PCURVE('',#1951,#2453);
#2453 = DEFINITIONAL_REPRESENTATION('',(#2454),#2457);
#2454 = B_SPLINE_CURVE_WITH_KNOTS('',1,(#2455,#2456),.UNSPECIFIED.,.F.,
  .F.,(2,2),(0.,3.14159265359),.PIECEWISE_BEZIER_KNOTS.);
#2455 = CARTESIAN_POINT('',(0.,-4.2));
#2456 = CARTESIAN_POINT('',(3.14159265359,-4.2));
#2457 = ( GEOMETRIC_REPRESENTATION_CONTEXT(2) 
PARAMETRIC_REPRESENTATION_CONTEXT() REPRESENTATION_CONTEXT('2D SPACE',''
  ) );
#2458 = ORIENTED_EDGE('',*,*,#2459,.F.);
#2459 = EDGE_CURVE('',#2460,#2433,#2462,.T.);
#2460 = VERTEX_POINT('',#2461);
#2461 = CARTESIAN_POINT('',(391.15380025216,10.818715893316,
    86.494280656396));
#2462 = SURFACE_CURVE('',#2463,(#2467,#2474),.PCURVE_S1.);
#2463 = LINE('',#2464,#2465);
#2464 = CARTESIAN_POINT('',(365.60360126193,0.701901076391,
    69.63761444842));
#2465 = VECTOR('',#2466,1.);
#2466 = DIRECTION('',(-0.792541065389,-0.313813258222,-0.522876561567));
#2467 = PCURVE('',#1329,#2468);
#2468 = DEFINITIONAL_REPRESENTATION('',(#2469),#2473);
#2469 = LINE('',#2470,#2471);
#2470 = CARTESIAN_POINT('',(-9.358328215457,-0.991595888709));
#2471 = VECTOR('',#2472,1.);
#2472 = DIRECTION('',(1.,2.775557561563E-17));
#2473 = ( GEOMETRIC_REPRESENTATION_CONTEXT(2) 
PARAMETRIC_REPRESENTATION_CONTEXT() REPRESENTATION_CONTEXT('2D SPACE',''
  ) );
#2474 = PCURVE('',#1978,#2475);
#2475 = DEFINITIONAL_REPRESENTATION('',(#2476),#2480);
#2476 = LINE('',#2477,#2478);
#2477 = CARTESIAN_POINT('',(-9.358328215457,-4.2));
#2478 = VECTOR('',#2479,1.);
#2479 = DIRECTION('',(-1.,5.551115123126E-17));
#2480 = ( GEOMETRIC_REPRESENTATION_CONTEXT(2) 
PARAMETRIC_REPRESENTATION_CONTEXT() REPRESENTATION_CONTEXT('2D SPACE',''
  ) );
#2481 = ORIENTED_EDGE('',*,*,#2482,.T.);
#2482 = EDGE_CURVE('',#2460,#2410,#2483,.T.);
#2483 = SURFACE_CURVE('',#2484,(#2489,#2500),.PCURVE_S1.);
#2484 = CIRCLE('',#2485,3.785);
#2485 = AXIS2_PLACEMENT_3D('',#2486,#2487,#2488);
#2486 = CARTESIAN_POINT('',(391.54408152748,7.359056765634,
    87.979091838462));
#2487 = DIRECTION('',(0.601037808128,-0.256989406831,-0.756776055367));
#2488 = DIRECTION('',(-0.103112622276,0.914044683668,-0.392288291167));
#2489 = PCURVE('',#1329,#2490);
#2490 = DEFINITIONAL_REPRESENTATION('',(#2491),#2499);
#2491 = ( BOUNDED_CURVE() B_SPLINE_CURVE(2,(#2492,#2493,#2494,#2495,
#2496,#2497,#2498),.UNSPECIFIED.,.T.,.F.) B_SPLINE_CURVE_WITH_KNOTS((1,2
    ,2,2,2,1),(-2.094395102393,0.,2.094395102393,4.188790204786,
6.28318530718,8.377580409573),.UNSPECIFIED.) CURVE() 
GEOMETRIC_REPRESENTATION_ITEM() RATIONAL_B_SPLINE_CURVE((1.,0.5,1.,0.5,
1.,0.5,1.)) REPRESENTATION_ITEM('') );
#2492 = CARTESIAN_POINT('',(-41.59665643091,-0.991595888709));
#2493 = CARTESIAN_POINT('',(-48.15246873756,-0.991595888709));
#2494 = CARTESIAN_POINT('',(-44.87456258423,4.685904111291));
#2495 = CARTESIAN_POINT('',(-41.59665643091,10.363404111291));
#2496 = CARTESIAN_POINT('',(-38.31875027758,4.685904111291));
#2497 = CARTESIAN_POINT('',(-35.04084412426,-0.991595888709));
#2498 = CARTESIAN_POINT('',(-41.59665643091,-0.991595888709));
#2499 = ( GEOMETRIC_REPRESENTATION_CONTEXT(2) 
PARAMETRIC_REPRESENTATION_CONTEXT() REPRESENTATION_CONTEXT('2D SPACE',''
  ) );
#2500 = PCURVE('',#2009,#2501);
#2501 = DEFINITIONAL_REPRESENTATION('',(#2502),#2505);
#2502 = B_SPLINE_CURVE_WITH_KNOTS('',1,(#2503,#2504),.UNSPECIFIED.,.F.,
  .F.,(2,2),(0.,3.14159265359),.PIECEWISE_BEZIER_KNOTS.);
#2503 = CARTESIAN_POINT('',(0.,-4.2));
#2504 = CARTESIAN_POINT('',(3.14159265359,-4.2));
#2505 = ( GEOMETRIC_REPRESENTATION_CONTEXT(2) 
PARAMETRIC_REPRESENTATION_CONTEXT() REPRESENTATION_CONTEXT('2D SPACE',''
  ) );
#2506 = FACE_BOUND('',#2507,.T.);
#2507 = EDGE_LOOP('',(#2508));
#2508 = ORIENTED_EDGE('',*,*,#2509,.T.);
#2509 = EDGE_CURVE('',#2510,#2510,#2512,.T.);
#2510 = VERTEX_POINT('',#2511);
#2511 = CARTESIAN_POINT('',(333.04752127058,-18.5169075237,
    50.307715420331));
#2512 = SURFACE_CURVE('',#2513,(#2518,#2529),.PCURVE_S1.);
#2513 = CIRCLE('',#2514,4.115);
#2514 = AXIS2_PLACEMENT_3D('',#2515,#2516,#2517);
#2515 = CARTESIAN_POINT('',(336.30882775465,-17.22556596611,
    52.459352471181));
#2516 = DIRECTION('',(0.601037808128,-0.256989406831,-0.756776055367));
#2517 = DIRECTION('',(-0.792541065389,-0.313813258222,-0.522876561567));
#2518 = PCURVE('',#1329,#2519);
#2519 = DEFINITIONAL_REPRESENTATION('',(#2520),#2528);
#2520 = ( BOUNDED_CURVE() B_SPLINE_CURVE(2,(#2521,#2522,#2523,#2524,
#2525,#2526,#2527),.UNSPECIFIED.,.T.,.F.) B_SPLINE_CURVE_WITH_KNOTS((1,2
    ,2,2,2,1),(-2.094395102393,0.,2.094395102393,4.188790204786,
6.28318530718,8.377580409573),.UNSPECIFIED.) CURVE() 
GEOMETRIC_REPRESENTATION_ITEM() RATIONAL_B_SPLINE_CURVE((1.,0.5,1.,0.5,
1.,0.5,1.)) REPRESENTATION_ITEM('') );
#2521 = CARTESIAN_POINT('',(32.581970190965,5.63541810153));
#2522 = CARTESIAN_POINT('',(32.581970190965,-1.491970971616));
#2523 = CARTESIAN_POINT('',(26.409470190965,2.071723564957));
#2524 = CARTESIAN_POINT('',(20.236970190965,5.63541810153));
#2525 = CARTESIAN_POINT('',(26.409470190965,9.199112638103));
#2526 = CARTESIAN_POINT('',(32.581970190965,12.762807174676));
#2527 = CARTESIAN_POINT('',(32.581970190965,5.63541810153));
#2528 = ( GEOMETRIC_REPRESENTATION_CONTEXT(2) 
PARAMETRIC_REPRESENTATION_CONTEXT() REPRESENTATION_CONTEXT('2D SPACE',''
  ) );
#2529 = PCURVE('',#2043,#2530);
#2530 = DEFINITIONAL_REPRESENTATION('',(#2531),#2534);
#2531 = B_SPLINE_CURVE_WITH_KNOTS('',1,(#2532,#2533),.UNSPECIFIED.,.F.,
  .F.,(2,2),(0.,6.28318530718),.PIECEWISE_BEZIER_KNOTS.);
#2532 = CARTESIAN_POINT('',(-6.28318530718,-4.2));
#2533 = CARTESIAN_POINT('',(0.,-4.2));
#2534 = ( GEOMETRIC_REPRESENTATION_CONTEXT(2) 
PARAMETRIC_REPRESENTATION_CONTEXT() REPRESENTATION_CONTEXT('2D SPACE',''
  ) );
#2535 = ADVANCED_FACE('',(#2536),#1464,.F.);
#2536 = FACE_BOUND('',#2537,.T.);
#2537 = EDGE_LOOP('',(#2538,#2539,#2558,#2559));
#2538 = ORIENTED_EDGE('',*,*,#1443,.T.);
#2539 = ORIENTED_EDGE('',*,*,#2540,.T.);
#2540 = EDGE_CURVE('',#1444,#2142,#2541,.T.);
#2541 = SEAM_CURVE('',#2542,(#2546,#2552),.PCURVE_S1.);
#2542 = LINE('',#2543,#2544);
#2543 = CARTESIAN_POINT('',(237.78984617831,13.534355286347,
    101.95953505597));
#2544 = VECTOR('',#2545,1.);
#2545 = DIRECTION('',(0.792541065389,0.313813258222,0.522876561567));
#2546 = PCURVE('',#1464,#2547);
#2547 = DEFINITIONAL_REPRESENTATION('',(#2548),#2551);
#2548 = B_SPLINE_CURVE_WITH_KNOTS('',1,(#2549,#2550),.UNSPECIFIED.,.F.,
  .F.,(2,2),(1.,4.2),.PIECEWISE_BEZIER_KNOTS.);
#2549 = CARTESIAN_POINT('',(-6.28318530718,-1.));
#2550 = CARTESIAN_POINT('',(-6.28318530718,-4.2));
#2551 = ( GEOMETRIC_REPRESENTATION_CONTEXT(2) 
PARAMETRIC_REPRESENTATION_CONTEXT() REPRESENTATION_CONTEXT('2D SPACE',''
  ) );
#2552 = PCURVE('',#1464,#2553);
#2553 = DEFINITIONAL_REPRESENTATION('',(#2554),#2557);
#2554 = B_SPLINE_CURVE_WITH_KNOTS('',1,(#2555,#2556),.UNSPECIFIED.,.F.,
  .F.,(2,2),(1.,4.2),.PIECEWISE_BEZIER_KNOTS.);
#2555 = CARTESIAN_POINT('',(0.,-1.));
#2556 = CARTESIAN_POINT('',(0.,-4.2));
#2557 = ( GEOMETRIC_REPRESENTATION_CONTEXT(2) 
PARAMETRIC_REPRESENTATION_CONTEXT() REPRESENTATION_CONTEXT('2D SPACE',''
  ) );
#2558 = ORIENTED_EDGE('',*,*,#2141,.F.);
#2559 = ORIENTED_EDGE('',*,*,#2540,.F.);
#2560 = ADVANCED_FACE('',(#2561),#1495,.F.);
#2561 = FACE_BOUND('',#2562,.F.);
#2562 = EDGE_LOOP('',(#2563,#2564,#2584,#2585));
#2563 = ORIENTED_EDGE('',*,*,#1477,.T.);
#2564 = ORIENTED_EDGE('',*,*,#2565,.T.);
#2565 = EDGE_CURVE('',#1480,#2173,#2566,.T.);
#2566 = SURFACE_CURVE('',#2567,(#2571,#2578),.PCURVE_S1.);
#2567 = LINE('',#2568,#2569);
#2568 = CARTESIAN_POINT('',(230.42882811512,14.38390267075,
    112.60700001164));
#2569 = VECTOR('',#2570,1.);
#2570 = DIRECTION('',(0.792541065389,0.313813258222,0.522876561567));
#2571 = PCURVE('',#1495,#2572);
#2572 = DEFINITIONAL_REPRESENTATION('',(#2573),#2577);
#2573 = LINE('',#2574,#2575);
#2574 = CARTESIAN_POINT('',(0.,-0.));
#2575 = VECTOR('',#2576,1.);
#2576 = DIRECTION('',(5.551115123126E-17,-1.));
#2577 = ( GEOMETRIC_REPRESENTATION_CONTEXT(2) 
PARAMETRIC_REPRESENTATION_CONTEXT() REPRESENTATION_CONTEXT('2D SPACE',''
  ) );
#2578 = PCURVE('',#1586,#2579);
#2579 = DEFINITIONAL_REPRESENTATION('',(#2580),#2583);
#2580 = B_SPLINE_CURVE_WITH_KNOTS('',1,(#2581,#2582),.UNSPECIFIED.,.F.,
  .F.,(2,2),(1.,4.2),.PIECEWISE_BEZIER_KNOTS.);
#2581 = CARTESIAN_POINT('',(3.14159265359,-1.));
#2582 = CARTESIAN_POINT('',(3.14159265359,-4.2));
#2583 = ( GEOMETRIC_REPRESENTATION_CONTEXT(2) 
PARAMETRIC_REPRESENTATION_CONTEXT() REPRESENTATION_CONTEXT('2D SPACE',''
  ) );
#2584 = ORIENTED_EDGE('',*,*,#2170,.F.);
#2585 = ORIENTED_EDGE('',*,*,#2586,.F.);
#2586 = EDGE_CURVE('',#1478,#2171,#2587,.T.);
#2587 = SURFACE_CURVE('',#2588,(#2592,#2599),.PCURVE_S1.);
#2588 = LINE('',#2589,#2590);
#2589 = CARTESIAN_POINT('',(227.76022024703,15.524935637078,
    115.96708569747));
#2590 = VECTOR('',#2591,1.);
#2591 = DIRECTION('',(0.792541065389,0.313813258222,0.522876561567));
#2592 = PCURVE('',#1495,#2593);
#2593 = DEFINITIONAL_REPRESENTATION('',(#2594),#2598);
#2594 = LINE('',#2595,#2596);
#2595 = CARTESIAN_POINT('',(4.44,-6.661338147751E-15));
#2596 = VECTOR('',#2597,1.);
#2597 = DIRECTION('',(5.551115123126E-17,-1.));
#2598 = ( GEOMETRIC_REPRESENTATION_CONTEXT(2) 
PARAMETRIC_REPRESENTATION_CONTEXT() REPRESENTATION_CONTEXT('2D SPACE',''
  ) );
#2599 = PCURVE('',#1528,#2600);
#2600 = DEFINITIONAL_REPRESENTATION('',(#2601),#2604);
#2601 = B_SPLINE_CURVE_WITH_KNOTS('',1,(#2602,#2603),.UNSPECIFIED.,.F.,
  .F.,(2,2),(1.,4.2),.PIECEWISE_BEZIER_KNOTS.);
#2602 = CARTESIAN_POINT('',(0.,-1.));
#2603 = CARTESIAN_POINT('',(0.,-4.2));
#2604 = ( GEOMETRIC_REPRESENTATION_CONTEXT(2) 
PARAMETRIC_REPRESENTATION_CONTEXT() REPRESENTATION_CONTEXT('2D SPACE',''
  ) );
#2605 = ADVANCED_FACE('',(#2606),#1528,.F.);
#2606 = FACE_BOUND('',#2607,.F.);
#2607 = EDGE_LOOP('',(#2608,#2609,#2610,#2611));
#2608 = ORIENTED_EDGE('',*,*,#1507,.F.);
#2609 = ORIENTED_EDGE('',*,*,#2586,.T.);
#2610 = ORIENTED_EDGE('',*,*,#2195,.T.);
#2611 = ORIENTED_EDGE('',*,*,#2612,.F.);
#2612 = EDGE_CURVE('',#1508,#2196,#2613,.T.);
#2613 = SURFACE_CURVE('',#2614,(#2618,#2624),.PCURVE_S1.);
#2614 = LINE('',#2615,#2616);
#2615 = CARTESIAN_POINT('',(227.1384511347,21.036625079593,
    113.60158730173));
#2616 = VECTOR('',#2617,1.);
#2617 = DIRECTION('',(0.792541065389,0.313813258222,0.522876561567));
#2618 = PCURVE('',#1528,#2619);
#2619 = DEFINITIONAL_REPRESENTATION('',(#2620),#2623);
#2620 = B_SPLINE_CURVE_WITH_KNOTS('',1,(#2621,#2622),.UNSPECIFIED.,.F.,
  .F.,(2,2),(1.,4.2),.PIECEWISE_BEZIER_KNOTS.);
#2621 = CARTESIAN_POINT('',(3.14159265359,-1.));
#2622 = CARTESIAN_POINT('',(3.14159265359,-4.2));
#2623 = ( GEOMETRIC_REPRESENTATION_CONTEXT(2) 
PARAMETRIC_REPRESENTATION_CONTEXT() REPRESENTATION_CONTEXT('2D SPACE',''
  ) );
#2624 = PCURVE('',#1555,#2625);
#2625 = DEFINITIONAL_REPRESENTATION('',(#2626),#2630);
#2626 = LINE('',#2627,#2628);
#2627 = CARTESIAN_POINT('',(0.,-0.));
#2628 = VECTOR('',#2629,1.);
#2629 = DIRECTION('',(-5.551115123126E-17,-1.));
#2630 = ( GEOMETRIC_REPRESENTATION_CONTEXT(2) 
PARAMETRIC_REPRESENTATION_CONTEXT() REPRESENTATION_CONTEXT('2D SPACE',''
  ) );
#2631 = ADVANCED_FACE('',(#2632),#1586,.F.);
#2632 = FACE_BOUND('',#2633,.F.);
#2633 = EDGE_LOOP('',(#2634,#2635,#2655,#2656));
#2634 = ORIENTED_EDGE('',*,*,#1567,.F.);
#2635 = ORIENTED_EDGE('',*,*,#2636,.T.);
#2636 = EDGE_CURVE('',#1540,#2223,#2637,.T.);
#2637 = SURFACE_CURVE('',#2638,(#2642,#2648),.PCURVE_S1.);
#2638 = LINE('',#2639,#2640);
#2639 = CARTESIAN_POINT('',(229.80705900279,19.895592113265,
    110.2415016159));
#2640 = VECTOR('',#2641,1.);
#2641 = DIRECTION('',(0.792541065389,0.313813258222,0.522876561567));
#2642 = PCURVE('',#1586,#2643);
#2643 = DEFINITIONAL_REPRESENTATION('',(#2644),#2647);
#2644 = B_SPLINE_CURVE_WITH_KNOTS('',1,(#2645,#2646),.UNSPECIFIED.,.F.,
  .F.,(2,2),(1.,4.2),.PIECEWISE_BEZIER_KNOTS.);
#2645 = CARTESIAN_POINT('',(0.,-1.));
#2646 = CARTESIAN_POINT('',(0.,-4.2));
#2647 = ( GEOMETRIC_REPRESENTATION_CONTEXT(2) 
PARAMETRIC_REPRESENTATION_CONTEXT() REPRESENTATION_CONTEXT('2D SPACE',''
  ) );
#2648 = PCURVE('',#1555,#2649);
#2649 = DEFINITIONAL_REPRESENTATION('',(#2650),#2654);
#2650 = LINE('',#2651,#2652);
#2651 = CARTESIAN_POINT('',(4.44,2.997602166488E-14));
#2652 = VECTOR('',#2653,1.);
#2653 = DIRECTION('',(-5.551115123126E-17,-1.));
#2654 = ( GEOMETRIC_REPRESENTATION_CONTEXT(2) 
PARAMETRIC_REPRESENTATION_CONTEXT() REPRESENTATION_CONTEXT('2D SPACE',''
  ) );
#2655 = ORIENTED_EDGE('',*,*,#2245,.T.);
#2656 = ORIENTED_EDGE('',*,*,#2565,.F.);
#2657 = ADVANCED_FACE('',(#2658),#1555,.F.);
#2658 = FACE_BOUND('',#2659,.F.);
#2659 = EDGE_LOOP('',(#2660,#2661,#2662,#2663));
#2660 = ORIENTED_EDGE('',*,*,#1539,.T.);
#2661 = ORIENTED_EDGE('',*,*,#2612,.T.);
#2662 = ORIENTED_EDGE('',*,*,#2222,.F.);
#2663 = ORIENTED_EDGE('',*,*,#2636,.F.);
#2664 = ADVANCED_FACE('',(#2665),#1620,.F.);
#2665 = FACE_BOUND('',#2666,.T.);
#2666 = EDGE_LOOP('',(#2667,#2668,#2687,#2688));
#2667 = ORIENTED_EDGE('',*,*,#1599,.T.);
#2668 = ORIENTED_EDGE('',*,*,#2669,.T.);
#2669 = EDGE_CURVE('',#1600,#2273,#2670,.T.);
#2670 = SEAM_CURVE('',#2671,(#2675,#2681),.PCURVE_S1.);
#2671 = LINE('',#2672,#2673);
#2672 = CARTESIAN_POINT('',(267.51738865324,0.323993505037,
    64.82895216392));
#2673 = VECTOR('',#2674,1.);
#2674 = DIRECTION('',(0.792541065389,0.313813258222,0.522876561567));
#2675 = PCURVE('',#1620,#2676);
#2676 = DEFINITIONAL_REPRESENTATION('',(#2677),#2680);
#2677 = B_SPLINE_CURVE_WITH_KNOTS('',1,(#2678,#2679),.UNSPECIFIED.,.F.,
  .F.,(2,2),(1.,4.2),.PIECEWISE_BEZIER_KNOTS.);
#2678 = CARTESIAN_POINT('',(-6.28318530718,-1.));
#2679 = CARTESIAN_POINT('',(-6.28318530718,-4.2));
#2680 = ( GEOMETRIC_REPRESENTATION_CONTEXT(2) 
PARAMETRIC_REPRESENTATION_CONTEXT() REPRESENTATION_CONTEXT('2D SPACE',''
  ) );
#2681 = PCURVE('',#1620,#2682);
#2682 = DEFINITIONAL_REPRESENTATION('',(#2683),#2686);
#2683 = B_SPLINE_CURVE_WITH_KNOTS('',1,(#2684,#2685),.UNSPECIFIED.,.F.,
  .F.,(2,2),(1.,4.2),.PIECEWISE_BEZIER_KNOTS.);
#2684 = CARTESIAN_POINT('',(0.,-1.));
#2685 = CARTESIAN_POINT('',(0.,-4.2));
#2686 = ( GEOMETRIC_REPRESENTATION_CONTEXT(2) 
PARAMETRIC_REPRESENTATION_CONTEXT() REPRESENTATION_CONTEXT('2D SPACE',''
  ) );
#2687 = ORIENTED_EDGE('',*,*,#2272,.F.);
#2688 = ORIENTED_EDGE('',*,*,#2669,.F.);
#2689 = ADVANCED_FACE('',(#2690),#1725,.F.);
#2690 = FACE_BOUND('',#2691,.F.);
#2691 = EDGE_LOOP('',(#2692,#2693,#2694,#2695));
#2692 = ORIENTED_EDGE('',*,*,#1764,.F.);
#2693 = ORIENTED_EDGE('',*,*,#1709,.T.);
#2694 = ORIENTED_EDGE('',*,*,#2303,.T.);
#2695 = ORIENTED_EDGE('',*,*,#2696,.T.);
#2696 = EDGE_CURVE('',#2304,#1765,#2697,.T.);
#2697 = SURFACE_CURVE('',#2698,(#2702,#2709),.PCURVE_S1.);
#2698 = LINE('',#2699,#2700);
#2699 = CARTESIAN_POINT('',(320.86913576159,-41.70824972723,
    48.510960823346));
#2700 = VECTOR('',#2701,1.);
#2701 = DIRECTION('',(0.601037808128,-0.256989406831,-0.756776055367));
#2702 = PCURVE('',#1725,#2703);
#2703 = DEFINITIONAL_REPRESENTATION('',(#2704),#2708);
#2704 = LINE('',#2705,#2706);
#2705 = CARTESIAN_POINT('',(5.760880090665,-3.2));
#2706 = VECTOR('',#2707,1.);
#2707 = DIRECTION('',(-1.110223024625E-16,1.));
#2708 = ( GEOMETRIC_REPRESENTATION_CONTEXT(2) 
PARAMETRIC_REPRESENTATION_CONTEXT() REPRESENTATION_CONTEXT('2D SPACE',''
  ) );
#2709 = PCURVE('',#2710,#2715);
#2710 = PLANE('',#2711);
#2711 = AXIS2_PLACEMENT_3D('',#2712,#2713,#2714);
#2712 = CARTESIAN_POINT('',(323.69625461253,-46.37850782896,
    47.028739336619));
#2713 = DIRECTION('',(-0.792541065389,-0.313813258222,-0.522876561567));
#2714 = DIRECTION('',(-0.601037808128,0.256989406831,0.756776055367));
#2715 = DEFINITIONAL_REPRESENTATION('',(#2716),#2720);
#2716 = LINE('',#2717,#2718);
#2717 = CARTESIAN_POINT('',(4.021121906704,3.978878093296));
#2718 = VECTOR('',#2719,1.);
#2719 = DIRECTION('',(-1.,-1.665334536938E-16));
#2720 = ( GEOMETRIC_REPRESENTATION_CONTEXT(2) 
PARAMETRIC_REPRESENTATION_CONTEXT() REPRESENTATION_CONTEXT('2D SPACE',''
  ) );
#2721 = ADVANCED_FACE('',(#2722),#1803,.F.);
#2722 = FACE_BOUND('',#2723,.F.);
#2723 = EDGE_LOOP('',(#2724,#2725,#2752,#2779));
#2724 = ORIENTED_EDGE('',*,*,#1787,.T.);
#2725 = ORIENTED_EDGE('',*,*,#2726,.T.);
#2726 = EDGE_CURVE('',#1765,#2727,#2729,.T.);
#2727 = VERTEX_POINT('',#2728);
#2728 = CARTESIAN_POINT('',(326.17237881354,-48.15157946348,
    44.339736178008));
#2729 = SURFACE_CURVE('',#2730,(#2735,#2741),.PCURVE_S1.);
#2730 = CIRCLE('',#2731,4.8);
#2731 = AXIS2_PLACEMENT_3D('',#2732,#2733,#2734);
#2732 = CARTESIAN_POINT('',(325.67743822662,-43.76416498187,
    42.456752380408));
#2733 = DIRECTION('',(0.792541065389,0.313813258222,0.522876561567));
#2734 = DIRECTION('',(-0.601037808128,0.256989406831,0.756776055367));
#2735 = PCURVE('',#1803,#2736);
#2736 = DEFINITIONAL_REPRESENTATION('',(#2737),#2740);
#2737 = B_SPLINE_CURVE_WITH_KNOTS('',1,(#2738,#2739),.UNSPECIFIED.,.F.,
  .F.,(2,2),(0.,1.570796326795),.PIECEWISE_BEZIER_KNOTS.);
#2738 = CARTESIAN_POINT('',(0.,-95.80917726522));
#2739 = CARTESIAN_POINT('',(1.570796326795,-95.80917726522));
#2740 = ( GEOMETRIC_REPRESENTATION_CONTEXT(2) 
PARAMETRIC_REPRESENTATION_CONTEXT() REPRESENTATION_CONTEXT('2D SPACE',''
  ) );
#2741 = PCURVE('',#2710,#2742);
#2742 = DEFINITIONAL_REPRESENTATION('',(#2743),#2751);
#2743 = ( BOUNDED_CURVE() B_SPLINE_CURVE(2,(#2744,#2745,#2746,#2747,
#2748,#2749,#2750),.UNSPECIFIED.,.T.,.F.) B_SPLINE_CURVE_WITH_KNOTS((1,2
    ,2,2,2,1),(-2.094395102393,0.,2.094395102393,4.188790204786,
6.28318530718,8.377580409573),.UNSPECIFIED.) CURVE() 
GEOMETRIC_REPRESENTATION_ITEM() RATIONAL_B_SPLINE_CURVE((1.,0.5,1.,0.5,
1.,0.5,1.)) REPRESENTATION_ITEM('') );
#2744 = CARTESIAN_POINT('',(0.821121906704,3.978878093296));
#2745 = CARTESIAN_POINT('',(0.821121906704,-4.334965783034));
#2746 = CARTESIAN_POINT('',(-6.378878093296,-0.178043844869));
#2747 = CARTESIAN_POINT('',(-13.57887809329,3.978878093296));
#2748 = CARTESIAN_POINT('',(-6.378878093296,8.135800031461));
#2749 = CARTESIAN_POINT('',(0.821121906704,12.292721969627));
#2750 = CARTESIAN_POINT('',(0.821121906704,3.978878093296));
#2751 = ( GEOMETRIC_REPRESENTATION_CONTEXT(2) 
PARAMETRIC_REPRESENTATION_CONTEXT() REPRESENTATION_CONTEXT('2D SPACE',''
  ) );
#2752 = ORIENTED_EDGE('',*,*,#2753,.F.);
#2753 = EDGE_CURVE('',#2754,#2727,#2756,.T.);
#2754 = VERTEX_POINT('',#2755);
#2755 = CARTESIAN_POINT('',(402.10508623735,-18.0853893783,
    94.43610935304));
#2756 = SURFACE_CURVE('',#2757,(#2761,#2767),.PCURVE_S1.);
#2757 = LINE('',#2758,#2759);
#2758 = CARTESIAN_POINT('',(402.10508623735,-18.0853893783,
    94.43610935304));
#2759 = VECTOR('',#2760,1.);
#2760 = DIRECTION('',(-0.792541065389,-0.313813258222,-0.522876561567));
#2761 = PCURVE('',#1803,#2762);
#2762 = DEFINITIONAL_REPRESENTATION('',(#2763),#2766);
#2763 = B_SPLINE_CURVE_WITH_KNOTS('',1,(#2764,#2765),.UNSPECIFIED.,.F.,
  .F.,(2,2),(0.,95.809177265223),.PIECEWISE_BEZIER_KNOTS.);
#2764 = CARTESIAN_POINT('',(1.570796326795,0.));
#2765 = CARTESIAN_POINT('',(1.570796326795,-95.80917726522));
#2766 = ( GEOMETRIC_REPRESENTATION_CONTEXT(2) 
PARAMETRIC_REPRESENTATION_CONTEXT() REPRESENTATION_CONTEXT('2D SPACE',''
  ) );
#2767 = PCURVE('',#2768,#2773);
#2768 = PLANE('',#2769);
#2769 = AXIS2_PLACEMENT_3D('',#2770,#2771,#2772);
#2770 = CARTESIAN_POINT('',(375.12651299569,-37.8165968312,
    55.55303742377));
#2771 = DIRECTION('',(0.103112622276,-0.914044683668,0.392288291167));
#2772 = DIRECTION('',(-0.792541065389,-0.313813258222,-0.522876561567));
#2773 = DEFINITIONAL_REPRESENTATION('',(#2774),#2778);
#2774 = LINE('',#2775,#2776);
#2775 = CARTESIAN_POINT('',(-47.90458863261,-18.28134656697));
#2776 = VECTOR('',#2777,1.);
#2777 = DIRECTION('',(1.,5.551115123126E-17));
#2778 = ( GEOMETRIC_REPRESENTATION_CONTEXT(2) 
PARAMETRIC_REPRESENTATION_CONTEXT() REPRESENTATION_CONTEXT('2D SPACE',''
  ) );
#2779 = ORIENTED_EDGE('',*,*,#2780,.F.);
#2780 = EDGE_CURVE('',#1788,#2754,#2781,.T.);
#2781 = SURFACE_CURVE('',#2782,(#2787,#2793),.PCURVE_S1.);
#2782 = CIRCLE('',#2783,4.8);
#2783 = AXIS2_PLACEMENT_3D('',#2784,#2785,#2786);
#2784 = CARTESIAN_POINT('',(401.61014565042,-13.6979748967,
    92.55312555544));
#2785 = DIRECTION('',(0.792541065389,0.313813258222,0.522876561567));
#2786 = DIRECTION('',(-0.601037808128,0.256989406831,0.756776055367));
#2787 = PCURVE('',#1803,#2788);
#2788 = DEFINITIONAL_REPRESENTATION('',(#2789),#2792);
#2789 = B_SPLINE_CURVE_WITH_KNOTS('',1,(#2790,#2791),.UNSPECIFIED.,.F.,
  .F.,(2,2),(0.,1.570796326795),.PIECEWISE_BEZIER_KNOTS.);
#2790 = CARTESIAN_POINT('',(0.,0.));
#2791 = CARTESIAN_POINT('',(1.570796326795,0.));
#2792 = ( GEOMETRIC_REPRESENTATION_CONTEXT(2) 
PARAMETRIC_REPRESENTATION_CONTEXT() REPRESENTATION_CONTEXT('2D SPACE',''
  ) );
#2793 = PCURVE('',#2794,#2799);
#2794 = PLANE('',#2795);
#2795 = AXIS2_PLACEMENT_3D('',#2796,#2797,#2798);
#2796 = CARTESIAN_POINT('',(399.62896203633,-16.31231774379,
    97.125112511652));
#2797 = DIRECTION('',(-0.792541065389,-0.313813258222,-0.522876561567));
#2798 = DIRECTION('',(-0.601037808128,0.256989406831,0.756776055367));
#2799 = DEFINITIONAL_REPRESENTATION('',(#2800),#2808);
#2800 = ( BOUNDED_CURVE() B_SPLINE_CURVE(2,(#2801,#2802,#2803,#2804,
#2805,#2806,#2807),.UNSPECIFIED.,.T.,.F.) B_SPLINE_CURVE_WITH_KNOTS((1,2
    ,2,2,2,1),(-2.094395102393,0.,2.094395102393,4.188790204786,
6.28318530718,8.377580409573),.UNSPECIFIED.) CURVE() 
GEOMETRIC_REPRESENTATION_ITEM() RATIONAL_B_SPLINE_CURVE((1.,0.5,1.,0.5,
1.,0.5,1.)) REPRESENTATION_ITEM('') );
#2801 = CARTESIAN_POINT('',(0.821121906704,3.978878093296));
#2802 = CARTESIAN_POINT('',(0.821121906704,-4.334965783034));
#2803 = CARTESIAN_POINT('',(-6.378878093296,-0.178043844869));
#2804 = CARTESIAN_POINT('',(-13.57887809329,3.978878093296));
#2805 = CARTESIAN_POINT('',(-6.378878093296,8.135800031461));
#2806 = CARTESIAN_POINT('',(0.821121906704,12.292721969627));
#2807 = CARTESIAN_POINT('',(0.821121906704,3.978878093296));
#2808 = ( GEOMETRIC_REPRESENTATION_CONTEXT(2) 
PARAMETRIC_REPRESENTATION_CONTEXT() REPRESENTATION_CONTEXT('2D SPACE',''
  ) );
#2809 = ADVANCED_FACE('',(#2810),#1830,.F.);
#2810 = FACE_BOUND('',#2811,.F.);
#2811 = EDGE_LOOP('',(#2812,#2813,#2834,#2835));
#2812 = ORIENTED_EDGE('',*,*,#1814,.F.);
#2813 = ORIENTED_EDGE('',*,*,#2814,.F.);
#2814 = EDGE_CURVE('',#2327,#1788,#2815,.T.);
#2815 = SURFACE_CURVE('',#2816,(#2820,#2827),.PCURVE_S1.);
#2816 = LINE('',#2817,#2818);
#2817 = CARTESIAN_POINT('',(396.80184318539,-11.64205964205,
    98.607333998378));
#2818 = VECTOR('',#2819,1.);
#2819 = DIRECTION('',(0.601037808128,-0.256989406831,-0.756776055367));
#2820 = PCURVE('',#1830,#2821);
#2821 = DEFINITIONAL_REPRESENTATION('',(#2822),#2826);
#2822 = LINE('',#2823,#2824);
#2823 = CARTESIAN_POINT('',(101.57005735588,-3.2));
#2824 = VECTOR('',#2825,1.);
#2825 = DIRECTION('',(-1.110223024625E-16,1.));
#2826 = ( GEOMETRIC_REPRESENTATION_CONTEXT(2) 
PARAMETRIC_REPRESENTATION_CONTEXT() REPRESENTATION_CONTEXT('2D SPACE',''
  ) );
#2827 = PCURVE('',#2794,#2828);
#2828 = DEFINITIONAL_REPRESENTATION('',(#2829),#2833);
#2829 = LINE('',#2830,#2831);
#2830 = CARTESIAN_POINT('',(4.021121906704,3.978878093296));
#2831 = VECTOR('',#2832,1.);
#2832 = DIRECTION('',(-1.,-1.665334536938E-16));
#2833 = ( GEOMETRIC_REPRESENTATION_CONTEXT(2) 
PARAMETRIC_REPRESENTATION_CONTEXT() REPRESENTATION_CONTEXT('2D SPACE',''
  ) );
#2834 = ORIENTED_EDGE('',*,*,#2353,.T.);
#2835 = ORIENTED_EDGE('',*,*,#2059,.F.);
#2836 = ADVANCED_FACE('',(#2837),#1887,.F.);
#2837 = FACE_BOUND('',#2838,.T.);
#2838 = EDGE_LOOP('',(#2839,#2840,#2859,#2860));
#2839 = ORIENTED_EDGE('',*,*,#1866,.T.);
#2840 = ORIENTED_EDGE('',*,*,#2841,.T.);
#2841 = EDGE_CURVE('',#1867,#2379,#2842,.T.);
#2842 = SEAM_CURVE('',#2843,(#2847,#2853),.PCURVE_S1.);
#2843 = LINE('',#2844,#2845);
#2844 = CARTESIAN_POINT('',(333.04404188918,-3.326965927957,
    39.596825107718));
#2845 = VECTOR('',#2846,1.);
#2846 = DIRECTION('',(-0.601037808128,0.256989406831,0.756776055367));
#2847 = PCURVE('',#1887,#2848);
#2848 = DEFINITIONAL_REPRESENTATION('',(#2849),#2852);
#2849 = B_SPLINE_CURVE_WITH_KNOTS('',1,(#2850,#2851),.UNSPECIFIED.,.F.,
  .F.,(2,2),(1.,4.2),.PIECEWISE_BEZIER_KNOTS.);
#2850 = CARTESIAN_POINT('',(-6.28318530718,-1.));
#2851 = CARTESIAN_POINT('',(-6.28318530718,-4.2));
#2852 = ( GEOMETRIC_REPRESENTATION_CONTEXT(2) 
PARAMETRIC_REPRESENTATION_CONTEXT() REPRESENTATION_CONTEXT('2D SPACE',''
  ) );
#2853 = PCURVE('',#1887,#2854);
#2854 = DEFINITIONAL_REPRESENTATION('',(#2855),#2858);
#2855 = B_SPLINE_CURVE_WITH_KNOTS('',1,(#2856,#2857),.UNSPECIFIED.,.F.,
  .F.,(2,2),(1.,4.2),.PIECEWISE_BEZIER_KNOTS.);
#2856 = CARTESIAN_POINT('',(0.,-1.));
#2857 = CARTESIAN_POINT('',(0.,-4.2));
#2858 = ( GEOMETRIC_REPRESENTATION_CONTEXT(2) 
PARAMETRIC_REPRESENTATION_CONTEXT() REPRESENTATION_CONTEXT('2D SPACE',''
  ) );
#2859 = ORIENTED_EDGE('',*,*,#2378,.F.);
#2860 = ORIENTED_EDGE('',*,*,#2841,.F.);
#2861 = ADVANCED_FACE('',(#2862),#1918,.F.);
#2862 = FACE_BOUND('',#2863,.F.);
#2863 = EDGE_LOOP('',(#2864,#2865,#2885,#2886));
#2864 = ORIENTED_EDGE('',*,*,#1900,.T.);
#2865 = ORIENTED_EDGE('',*,*,#2866,.T.);
#2866 = EDGE_CURVE('',#1903,#2410,#2867,.T.);
#2867 = SURFACE_CURVE('',#2868,(#2872,#2879),.PCURVE_S1.);
#2868 = LINE('',#2869,#2870);
#2869 = CARTESIAN_POINT('',(394.45872159693,2.820042129264,
    86.285443587986));
#2870 = VECTOR('',#2871,1.);
#2871 = DIRECTION('',(-0.601037808128,0.256989406831,0.756776055367));
#2872 = PCURVE('',#1918,#2873);
#2873 = DEFINITIONAL_REPRESENTATION('',(#2874),#2878);
#2874 = LINE('',#2875,#2876);
#2875 = CARTESIAN_POINT('',(-0.,0.));
#2876 = VECTOR('',#2877,1.);
#2877 = DIRECTION('',(-5.551115123126E-17,-1.));
#2878 = ( GEOMETRIC_REPRESENTATION_CONTEXT(2) 
PARAMETRIC_REPRESENTATION_CONTEXT() REPRESENTATION_CONTEXT('2D SPACE',''
  ) );
#2879 = PCURVE('',#2009,#2880);
#2880 = DEFINITIONAL_REPRESENTATION('',(#2881),#2884);
#2881 = B_SPLINE_CURVE_WITH_KNOTS('',1,(#2882,#2883),.UNSPECIFIED.,.F.,
  .F.,(2,2),(1.,4.2),.PIECEWISE_BEZIER_KNOTS.);
#2882 = CARTESIAN_POINT('',(3.14159265359,-1.));
#2883 = CARTESIAN_POINT('',(3.14159265359,-4.2));
#2884 = ( GEOMETRIC_REPRESENTATION_CONTEXT(2) 
PARAMETRIC_REPRESENTATION_CONTEXT() REPRESENTATION_CONTEXT('2D SPACE',''
  ) );
#2885 = ORIENTED_EDGE('',*,*,#2407,.F.);
#2886 = ORIENTED_EDGE('',*,*,#2887,.F.);
#2887 = EDGE_CURVE('',#1901,#2408,#2888,.T.);
#2888 = SURFACE_CURVE('',#2889,(#2893,#2900),.PCURVE_S1.);
#2889 = LINE('',#2890,#2891);
#2890 = CARTESIAN_POINT('',(376.32538202084,-4.360005218857,
    74.322027859326));
#2891 = VECTOR('',#2892,1.);
#2892 = DIRECTION('',(-0.601037808128,0.256989406831,0.756776055367));
#2893 = PCURVE('',#1918,#2894);
#2894 = DEFINITIONAL_REPRESENTATION('',(#2895),#2899);
#2895 = LINE('',#2896,#2897);
#2896 = CARTESIAN_POINT('',(22.88,-5.329070518201E-15));
#2897 = VECTOR('',#2898,1.);
#2898 = DIRECTION('',(-5.551115123126E-17,-1.));
#2899 = ( GEOMETRIC_REPRESENTATION_CONTEXT(2) 
PARAMETRIC_REPRESENTATION_CONTEXT() REPRESENTATION_CONTEXT('2D SPACE',''
  ) );
#2900 = PCURVE('',#1951,#2901);
#2901 = DEFINITIONAL_REPRESENTATION('',(#2902),#2905);
#2902 = B_SPLINE_CURVE_WITH_KNOTS('',1,(#2903,#2904),.UNSPECIFIED.,.F.,
  .F.,(2,2),(1.,4.2),.PIECEWISE_BEZIER_KNOTS.);
#2903 = CARTESIAN_POINT('',(0.,-1.));
#2904 = CARTESIAN_POINT('',(0.,-4.2));
#2905 = ( GEOMETRIC_REPRESENTATION_CONTEXT(2) 
PARAMETRIC_REPRESENTATION_CONTEXT() REPRESENTATION_CONTEXT('2D SPACE',''
  ) );
#2906 = ADVANCED_FACE('',(#2907),#1951,.F.);
#2907 = FACE_BOUND('',#2908,.F.);
#2908 = EDGE_LOOP('',(#2909,#2910,#2911,#2912));
#2909 = ORIENTED_EDGE('',*,*,#1930,.F.);
#2910 = ORIENTED_EDGE('',*,*,#2887,.T.);
#2911 = ORIENTED_EDGE('',*,*,#2432,.T.);
#2912 = ORIENTED_EDGE('',*,*,#2913,.F.);
#2913 = EDGE_CURVE('',#1931,#2433,#2914,.T.);
#2914 = SURFACE_CURVE('',#2915,(#2919,#2925),.PCURVE_S1.);
#2915 = LINE('',#2916,#2917);
#2916 = CARTESIAN_POINT('',(375.54481947021,2.559313036506,
    71.352405495194));
#2917 = VECTOR('',#2918,1.);
#2918 = DIRECTION('',(-0.601037808128,0.256989406831,0.756776055367));
#2919 = PCURVE('',#1951,#2920);
#2920 = DEFINITIONAL_REPRESENTATION('',(#2921),#2924);
#2921 = B_SPLINE_CURVE_WITH_KNOTS('',1,(#2922,#2923),.UNSPECIFIED.,.F.,
  .F.,(2,2),(1.,4.2),.PIECEWISE_BEZIER_KNOTS.);
#2922 = CARTESIAN_POINT('',(3.14159265359,-1.));
#2923 = CARTESIAN_POINT('',(3.14159265359,-4.2));
#2924 = ( GEOMETRIC_REPRESENTATION_CONTEXT(2) 
PARAMETRIC_REPRESENTATION_CONTEXT() REPRESENTATION_CONTEXT('2D SPACE',''
  ) );
#2925 = PCURVE('',#1978,#2926);
#2926 = DEFINITIONAL_REPRESENTATION('',(#2927),#2931);
#2927 = LINE('',#2928,#2929);
#2928 = CARTESIAN_POINT('',(0.,0.));
#2929 = VECTOR('',#2930,1.);
#2930 = DIRECTION('',(5.551115123126E-17,-1.));
#2931 = ( GEOMETRIC_REPRESENTATION_CONTEXT(2) 
PARAMETRIC_REPRESENTATION_CONTEXT() REPRESENTATION_CONTEXT('2D SPACE',''
  ) );
#2932 = ADVANCED_FACE('',(#2933),#2009,.F.);
#2933 = FACE_BOUND('',#2934,.F.);
#2934 = EDGE_LOOP('',(#2935,#2936,#2956,#2957));
#2935 = ORIENTED_EDGE('',*,*,#1990,.F.);
#2936 = ORIENTED_EDGE('',*,*,#2937,.T.);
#2937 = EDGE_CURVE('',#1963,#2460,#2938,.T.);
#2938 = SURFACE_CURVE('',#2939,(#2943,#2949),.PCURVE_S1.);
#2939 = LINE('',#2940,#2941);
#2940 = CARTESIAN_POINT('',(393.6781590463,9.739360384627,
    83.315821223854));
#2941 = VECTOR('',#2942,1.);
#2942 = DIRECTION('',(-0.601037808128,0.256989406831,0.756776055367));
#2943 = PCURVE('',#2009,#2944);
#2944 = DEFINITIONAL_REPRESENTATION('',(#2945),#2948);
#2945 = B_SPLINE_CURVE_WITH_KNOTS('',1,(#2946,#2947),.UNSPECIFIED.,.F.,
  .F.,(2,2),(1.,4.2),.PIECEWISE_BEZIER_KNOTS.);
#2946 = CARTESIAN_POINT('',(0.,-1.));
#2947 = CARTESIAN_POINT('',(0.,-4.2));
#2948 = ( GEOMETRIC_REPRESENTATION_CONTEXT(2) 
PARAMETRIC_REPRESENTATION_CONTEXT() REPRESENTATION_CONTEXT('2D SPACE',''
  ) );
#2949 = PCURVE('',#1978,#2950);
#2950 = DEFINITIONAL_REPRESENTATION('',(#2951),#2955);
#2951 = LINE('',#2952,#2953);
#2952 = CARTESIAN_POINT('',(22.88,5.329070518201E-15));
#2953 = VECTOR('',#2954,1.);
#2954 = DIRECTION('',(5.551115123126E-17,-1.));
#2955 = ( GEOMETRIC_REPRESENTATION_CONTEXT(2) 
PARAMETRIC_REPRESENTATION_CONTEXT() REPRESENTATION_CONTEXT('2D SPACE',''
  ) );
#2956 = ORIENTED_EDGE('',*,*,#2482,.T.);
#2957 = ORIENTED_EDGE('',*,*,#2866,.F.);
#2958 = ADVANCED_FACE('',(#2959),#1978,.F.);
#2959 = FACE_BOUND('',#2960,.F.);
#2960 = EDGE_LOOP('',(#2961,#2962,#2963,#2964));
#2961 = ORIENTED_EDGE('',*,*,#1962,.T.);
#2962 = ORIENTED_EDGE('',*,*,#2913,.T.);
#2963 = ORIENTED_EDGE('',*,*,#2459,.F.);
#2964 = ORIENTED_EDGE('',*,*,#2937,.F.);
#2965 = ADVANCED_FACE('',(#2966),#2043,.F.);
#2966 = FACE_BOUND('',#2967,.T.);
#2967 = EDGE_LOOP('',(#2968,#2969,#2988,#2989));
#2968 = ORIENTED_EDGE('',*,*,#2022,.T.);
#2969 = ORIENTED_EDGE('',*,*,#2970,.T.);
#2970 = EDGE_CURVE('',#2023,#2510,#2971,.T.);
#2971 = SEAM_CURVE('',#2972,(#2976,#2982),.PCURVE_S1.);
#2972 = LINE('',#2973,#2974);
#2973 = CARTESIAN_POINT('',(335.57188006472,-19.59626303239,
    47.129255987789));
#2974 = VECTOR('',#2975,1.);
#2975 = DIRECTION('',(-0.601037808128,0.256989406831,0.756776055367));
#2976 = PCURVE('',#2043,#2977);
#2977 = DEFINITIONAL_REPRESENTATION('',(#2978),#2981);
#2978 = B_SPLINE_CURVE_WITH_KNOTS('',1,(#2979,#2980),.UNSPECIFIED.,.F.,
  .F.,(2,2),(1.,4.2),.PIECEWISE_BEZIER_KNOTS.);
#2979 = CARTESIAN_POINT('',(-6.28318530718,-1.));
#2980 = CARTESIAN_POINT('',(-6.28318530718,-4.2));
#2981 = ( GEOMETRIC_REPRESENTATION_CONTEXT(2) 
PARAMETRIC_REPRESENTATION_CONTEXT() REPRESENTATION_CONTEXT('2D SPACE',''
  ) );
#2982 = PCURVE('',#2043,#2983);
#2983 = DEFINITIONAL_REPRESENTATION('',(#2984),#2987);
#2984 = B_SPLINE_CURVE_WITH_KNOTS('',1,(#2985,#2986),.UNSPECIFIED.,.F.,
  .F.,(2,2),(1.,4.2),.PIECEWISE_BEZIER_KNOTS.);
#2985 = CARTESIAN_POINT('',(0.,-1.));
#2986 = CARTESIAN_POINT('',(0.,-4.2));
#2987 = ( GEOMETRIC_REPRESENTATION_CONTEXT(2) 
PARAMETRIC_REPRESENTATION_CONTEXT() REPRESENTATION_CONTEXT('2D SPACE',''
  ) );
#2988 = ORIENTED_EDGE('',*,*,#2509,.F.);
#2989 = ORIENTED_EDGE('',*,*,#2970,.F.);
#2990 = ADVANCED_FACE('',(#2991),#2342,.T.);
#2991 = FACE_BOUND('',#2992,.F.);
#2992 = EDGE_LOOP('',(#2993,#3022,#3043,#3044));
#2993 = ORIENTED_EDGE('',*,*,#2994,.T.);
#2994 = EDGE_CURVE('',#2995,#2997,#2999,.T.);
#2995 = VERTEX_POINT('',#2996);
#2996 = CARTESIAN_POINT('',(402.43504662863,-21.01033236604,
    95.691431884773));
#2997 = VERTEX_POINT('',#2998);
#2998 = CARTESIAN_POINT('',(326.50233920483,-51.07652245121,
    45.595058709741));
#2999 = SURFACE_CURVE('',#3000,(#3004,#3010),.PCURVE_S1.);
#3000 = LINE('',#3001,#3002);
#3001 = CARTESIAN_POINT('',(402.43504662863,-21.01033236604,
    95.691431884773));
#3002 = VECTOR('',#3003,1.);
#3003 = DIRECTION('',(-0.792541065389,-0.313813258222,-0.522876561567));
#3004 = PCURVE('',#2342,#3005);
#3005 = DEFINITIONAL_REPRESENTATION('',(#3006),#3009);
#3006 = B_SPLINE_CURVE_WITH_KNOTS('',1,(#3007,#3008),.UNSPECIFIED.,.F.,
  .F.,(2,2),(0.,95.809177265223),.PIECEWISE_BEZIER_KNOTS.);
#3007 = CARTESIAN_POINT('',(0.,0.));
#3008 = CARTESIAN_POINT('',(0.,-95.80917726522));
#3009 = ( GEOMETRIC_REPRESENTATION_CONTEXT(2) 
PARAMETRIC_REPRESENTATION_CONTEXT() REPRESENTATION_CONTEXT('2D SPACE',''
  ) );
#3010 = PCURVE('',#3011,#3016);
#3011 = PLANE('',#3012);
#3012 = AXIS2_PLACEMENT_3D('',#3013,#3014,#3015);
#3013 = CARTESIAN_POINT('',(375.45647338698,-40.74153981894,
    56.808359955503));
#3014 = DIRECTION('',(0.103112622276,-0.914044683668,0.392288291167));
#3015 = DIRECTION('',(-0.792541065389,-0.313813258222,-0.522876561567));
#3016 = DEFINITIONAL_REPRESENTATION('',(#3017),#3021);
#3017 = LINE('',#3018,#3019);
#3018 = CARTESIAN_POINT('',(-47.90458863261,-18.28134656697));
#3019 = VECTOR('',#3020,1.);
#3020 = DIRECTION('',(1.,5.551115123126E-17));
#3021 = ( GEOMETRIC_REPRESENTATION_CONTEXT(2) 
PARAMETRIC_REPRESENTATION_CONTEXT() REPRESENTATION_CONTEXT('2D SPACE',''
  ) );
#3022 = ORIENTED_EDGE('',*,*,#3023,.T.);
#3023 = EDGE_CURVE('',#2997,#2304,#3024,.T.);
#3024 = SURFACE_CURVE('',#3025,(#3030,#3036),.PCURVE_S1.);
#3025 = CIRCLE('',#3026,8.);
#3026 = AXIS2_PLACEMENT_3D('',#3027,#3028,#3029);
#3027 = CARTESIAN_POINT('',(325.67743822662,-43.76416498187,
    42.456752380408));
#3028 = DIRECTION('',(-0.792541065389,-0.313813258222,-0.522876561567));
#3029 = DIRECTION('',(0.103112622276,-0.914044683668,0.392288291167));
#3030 = PCURVE('',#2342,#3031);
#3031 = DEFINITIONAL_REPRESENTATION('',(#3032),#3035);
#3032 = B_SPLINE_CURVE_WITH_KNOTS('',1,(#3033,#3034),.UNSPECIFIED.,.F.,
  .F.,(2,2),(0.,1.570796326795),.PIECEWISE_BEZIER_KNOTS.);
#3033 = CARTESIAN_POINT('',(0.,-95.80917726522));
#3034 = CARTESIAN_POINT('',(-1.570796326795,-95.80917726522));
#3035 = ( GEOMETRIC_REPRESENTATION_CONTEXT(2) 
PARAMETRIC_REPRESENTATION_CONTEXT() REPRESENTATION_CONTEXT('2D SPACE',''
  ) );
#3036 = PCURVE('',#2710,#3037);
#3037 = DEFINITIONAL_REPRESENTATION('',(#3038),#3042);
#3038 = CIRCLE('',#3039,8.);
#3039 = AXIS2_PLACEMENT_2D('',#3040,#3041);
#3040 = CARTESIAN_POINT('',(-3.978878093296,3.978878093296));
#3041 = DIRECTION('',(4.440892098501E-16,-1.));
#3042 = ( GEOMETRIC_REPRESENTATION_CONTEXT(2) 
PARAMETRIC_REPRESENTATION_CONTEXT() REPRESENTATION_CONTEXT('2D SPACE',''
  ) );
#3043 = ORIENTED_EDGE('',*,*,#2326,.F.);
#3044 = ORIENTED_EDGE('',*,*,#3045,.F.);
#3045 = EDGE_CURVE('',#2995,#2327,#3046,.T.);
#3046 = SURFACE_CURVE('',#3047,(#3052,#3058),.PCURVE_S1.);
#3047 = CIRCLE('',#3048,8.);
#3048 = AXIS2_PLACEMENT_3D('',#3049,#3050,#3051);
#3049 = CARTESIAN_POINT('',(401.61014565042,-13.6979748967,
    92.55312555544));
#3050 = DIRECTION('',(-0.792541065389,-0.313813258222,-0.522876561567));
#3051 = DIRECTION('',(0.103112622276,-0.914044683668,0.392288291167));
#3052 = PCURVE('',#2342,#3053);
#3053 = DEFINITIONAL_REPRESENTATION('',(#3054),#3057);
#3054 = B_SPLINE_CURVE_WITH_KNOTS('',1,(#3055,#3056),.UNSPECIFIED.,.F.,
  .F.,(2,2),(0.,1.570796326795),.PIECEWISE_BEZIER_KNOTS.);
#3055 = CARTESIAN_POINT('',(0.,0.));
#3056 = CARTESIAN_POINT('',(-1.570796326795,0.));
#3057 = ( GEOMETRIC_REPRESENTATION_CONTEXT(2) 
PARAMETRIC_REPRESENTATION_CONTEXT() REPRESENTATION_CONTEXT('2D SPACE',''
  ) );
#3058 = PCURVE('',#2794,#3059);
#3059 = DEFINITIONAL_REPRESENTATION('',(#3060),#3064);
#3060 = CIRCLE('',#3061,8.);
#3061 = AXIS2_PLACEMENT_2D('',#3062,#3063);
#3062 = CARTESIAN_POINT('',(-3.978878093296,3.978878093296));
#3063 = DIRECTION('',(4.440892098501E-16,-1.));
#3064 = ( GEOMETRIC_REPRESENTATION_CONTEXT(2) 
PARAMETRIC_REPRESENTATION_CONTEXT() REPRESENTATION_CONTEXT('2D SPACE',''
  ) );
#3065 = ADVANCED_FACE('',(#3066),#2710,.T.);
#3066 = FACE_BOUND('',#3067,.T.);
#3067 = EDGE_LOOP('',(#3068,#3069,#3092,#3120,#3141,#3142));
#3068 = ORIENTED_EDGE('',*,*,#2726,.T.);
#3069 = ORIENTED_EDGE('',*,*,#3070,.T.);
#3070 = EDGE_CURVE('',#2727,#3071,#3073,.T.);
#3071 = VERTEX_POINT('',#3072);
#3072 = CARTESIAN_POINT('',(348.14793975404,-57.5478042841,16.6699654945
    ));
#3073 = SURFACE_CURVE('',#3074,(#3078,#3085),.PCURVE_S1.);
#3074 = LINE('',#3075,#3076);
#3075 = CARTESIAN_POINT('',(326.17237881354,-48.15157946348,
    44.339736178008));
#3076 = VECTOR('',#3077,1.);
#3077 = DIRECTION('',(0.601037808128,-0.256989406831,-0.756776055367));
#3078 = PCURVE('',#2710,#3079);
#3079 = DEFINITIONAL_REPRESENTATION('',(#3080),#3084);
#3080 = LINE('',#3081,#3082);
#3081 = CARTESIAN_POINT('',(-3.978878093296,-0.821121906704));
#3082 = VECTOR('',#3083,1.);
#3083 = DIRECTION('',(-1.,-5.551115123126E-17));
#3084 = ( GEOMETRIC_REPRESENTATION_CONTEXT(2) 
PARAMETRIC_REPRESENTATION_CONTEXT() REPRESENTATION_CONTEXT('2D SPACE',''
  ) );
#3085 = PCURVE('',#2768,#3086);
#3086 = DEFINITIONAL_REPRESENTATION('',(#3087),#3091);
#3087 = LINE('',#3088,#3089);
#3088 = CARTESIAN_POINT('',(47.904588632611,-18.28134656697));
#3089 = VECTOR('',#3090,1.);
#3090 = DIRECTION('',(5.551115123126E-17,1.));
#3091 = ( GEOMETRIC_REPRESENTATION_CONTEXT(2) 
PARAMETRIC_REPRESENTATION_CONTEXT() REPRESENTATION_CONTEXT('2D SPACE',''
  ) );
#3092 = ORIENTED_EDGE('',*,*,#3093,.T.);
#3093 = EDGE_CURVE('',#3071,#3094,#3096,.T.);
#3094 = VERTEX_POINT('',#3095);
#3095 = CARTESIAN_POINT('',(348.47790014532,-60.47274727184,
    17.925288026233));
#3096 = SURFACE_CURVE('',#3097,(#3101,#3108),.PCURVE_S1.);
#3097 = LINE('',#3098,#3099);
#3098 = CARTESIAN_POINT('',(348.14793975404,-57.5478042841,16.6699654945
    ));
#3099 = VECTOR('',#3100,1.);
#3100 = DIRECTION('',(0.103112622276,-0.914044683668,0.392288291167));
#3101 = PCURVE('',#2710,#3102);
#3102 = DEFINITIONAL_REPRESENTATION('',(#3103),#3107);
#3103 = LINE('',#3104,#3105);
#3104 = CARTESIAN_POINT('',(-40.54157122724,-0.821121906704));
#3105 = VECTOR('',#3106,1.);
#3106 = DIRECTION('',(-5.551115123126E-17,-1.));
#3107 = ( GEOMETRIC_REPRESENTATION_CONTEXT(2) 
PARAMETRIC_REPRESENTATION_CONTEXT() REPRESENTATION_CONTEXT('2D SPACE',''
  ) );
#3108 = PCURVE('',#3109,#3114);
#3109 = PLANE('',#3110);
#3110 = AXIS2_PLACEMENT_3D('',#3111,#3112,#3113);
#3111 = CARTESIAN_POINT('',(348.14793975404,-57.5478042841,16.6699654945
    ));
#3112 = DIRECTION('',(-0.601037808128,0.256989406831,0.756776055367));
#3113 = DIRECTION('',(0.792541065389,0.313813258222,0.522876561567));
#3114 = DEFINITIONAL_REPRESENTATION('',(#3115),#3119);
#3115 = LINE('',#3116,#3117);
#3116 = CARTESIAN_POINT('',(0.,0.));
#3117 = VECTOR('',#3118,1.);
#3118 = DIRECTION('',(0.,-1.));
#3119 = ( GEOMETRIC_REPRESENTATION_CONTEXT(2) 
PARAMETRIC_REPRESENTATION_CONTEXT() REPRESENTATION_CONTEXT('2D SPACE',''
  ) );
#3120 = ORIENTED_EDGE('',*,*,#3121,.F.);
#3121 = EDGE_CURVE('',#2997,#3094,#3122,.T.);
#3122 = SURFACE_CURVE('',#3123,(#3127,#3134),.PCURVE_S1.);
#3123 = LINE('',#3124,#3125);
#3124 = CARTESIAN_POINT('',(326.50233920483,-51.07652245121,
    45.595058709741));
#3125 = VECTOR('',#3126,1.);
#3126 = DIRECTION('',(0.601037808128,-0.256989406831,-0.756776055367));
#3127 = PCURVE('',#2710,#3128);
#3128 = DEFINITIONAL_REPRESENTATION('',(#3129),#3133);
#3129 = LINE('',#3130,#3131);
#3130 = CARTESIAN_POINT('',(-3.978878093296,-4.021121906704));
#3131 = VECTOR('',#3132,1.);
#3132 = DIRECTION('',(-1.,-5.551115123126E-17));
#3133 = ( GEOMETRIC_REPRESENTATION_CONTEXT(2) 
PARAMETRIC_REPRESENTATION_CONTEXT() REPRESENTATION_CONTEXT('2D SPACE',''
  ) );
#3134 = PCURVE('',#3011,#3135);
#3135 = DEFINITIONAL_REPRESENTATION('',(#3136),#3140);
#3136 = LINE('',#3137,#3138);
#3137 = CARTESIAN_POINT('',(47.904588632611,-18.28134656697));
#3138 = VECTOR('',#3139,1.);
#3139 = DIRECTION('',(5.551115123126E-17,1.));
#3140 = ( GEOMETRIC_REPRESENTATION_CONTEXT(2) 
PARAMETRIC_REPRESENTATION_CONTEXT() REPRESENTATION_CONTEXT('2D SPACE',''
  ) );
#3141 = ORIENTED_EDGE('',*,*,#3023,.T.);
#3142 = ORIENTED_EDGE('',*,*,#2696,.T.);
#3143 = ADVANCED_FACE('',(#3144),#2768,.F.);
#3144 = FACE_BOUND('',#3145,.F.);
#3145 = EDGE_LOOP('',(#3146,#3147,#3170,#3191));
#3146 = ORIENTED_EDGE('',*,*,#3070,.T.);
#3147 = ORIENTED_EDGE('',*,*,#3148,.T.);
#3148 = EDGE_CURVE('',#3071,#3149,#3151,.T.);
#3149 = VERTEX_POINT('',#3150);
#3150 = CARTESIAN_POINT('',(424.08064717784,-27.48161419893,
    66.766338669532));
#3151 = SURFACE_CURVE('',#3152,(#3156,#3163),.PCURVE_S1.);
#3152 = LINE('',#3153,#3154);
#3153 = CARTESIAN_POINT('',(348.14793975404,-57.5478042841,16.6699654945
    ));
#3154 = VECTOR('',#3155,1.);
#3155 = DIRECTION('',(0.792541065389,0.313813258222,0.522876561567));
#3156 = PCURVE('',#2768,#3157);
#3157 = DEFINITIONAL_REPRESENTATION('',(#3158),#3162);
#3158 = LINE('',#3159,#3160);
#3159 = CARTESIAN_POINT('',(47.904588632611,18.281346566973));
#3160 = VECTOR('',#3161,1.);
#3161 = DIRECTION('',(-1.,-5.551115123126E-17));
#3162 = ( GEOMETRIC_REPRESENTATION_CONTEXT(2) 
PARAMETRIC_REPRESENTATION_CONTEXT() REPRESENTATION_CONTEXT('2D SPACE',''
  ) );
#3163 = PCURVE('',#3109,#3164);
#3164 = DEFINITIONAL_REPRESENTATION('',(#3165),#3169);
#3165 = LINE('',#3166,#3167);
#3166 = CARTESIAN_POINT('',(0.,0.));
#3167 = VECTOR('',#3168,1.);
#3168 = DIRECTION('',(1.,2.775557561563E-17));
#3169 = ( GEOMETRIC_REPRESENTATION_CONTEXT(2) 
PARAMETRIC_REPRESENTATION_CONTEXT() REPRESENTATION_CONTEXT('2D SPACE',''
  ) );
#3170 = ORIENTED_EDGE('',*,*,#3171,.T.);
#3171 = EDGE_CURVE('',#3149,#2754,#3172,.T.);
#3172 = SURFACE_CURVE('',#3173,(#3177,#3184),.PCURVE_S1.);
#3173 = LINE('',#3174,#3175);
#3174 = CARTESIAN_POINT('',(424.08064717784,-27.48161419893,
    66.766338669532));
#3175 = VECTOR('',#3176,1.);
#3176 = DIRECTION('',(-0.601037808128,0.256989406831,0.756776055367));
#3177 = PCURVE('',#2768,#3178);
#3178 = DEFINITIONAL_REPRESENTATION('',(#3179),#3183);
#3179 = LINE('',#3180,#3181);
#3180 = CARTESIAN_POINT('',(-47.90458863261,18.281346566973));
#3181 = VECTOR('',#3182,1.);
#3182 = DIRECTION('',(-5.551115123126E-17,-1.));
#3183 = ( GEOMETRIC_REPRESENTATION_CONTEXT(2) 
PARAMETRIC_REPRESENTATION_CONTEXT() REPRESENTATION_CONTEXT('2D SPACE',''
  ) );
#3184 = PCURVE('',#2794,#3185);
#3185 = DEFINITIONAL_REPRESENTATION('',(#3186),#3190);
#3186 = LINE('',#3187,#3188);
#3187 = CARTESIAN_POINT('',(-40.54157122724,-0.821121906704));
#3188 = VECTOR('',#3189,1.);
#3189 = DIRECTION('',(1.,5.551115123126E-17));
#3190 = ( GEOMETRIC_REPRESENTATION_CONTEXT(2) 
PARAMETRIC_REPRESENTATION_CONTEXT() REPRESENTATION_CONTEXT('2D SPACE',''
  ) );
#3191 = ORIENTED_EDGE('',*,*,#2753,.T.);
#3192 = ADVANCED_FACE('',(#3193),#2794,.F.);
#3193 = FACE_BOUND('',#3194,.F.);
#3194 = EDGE_LOOP('',(#3195,#3196,#3197,#3220,#3241,#3242));
#3195 = ORIENTED_EDGE('',*,*,#2780,.T.);
#3196 = ORIENTED_EDGE('',*,*,#3171,.F.);
#3197 = ORIENTED_EDGE('',*,*,#3198,.T.);
#3198 = EDGE_CURVE('',#3149,#3199,#3201,.T.);
#3199 = VERTEX_POINT('',#3200);
#3200 = CARTESIAN_POINT('',(424.41060756913,-30.40655718666,
    68.021661201266));
#3201 = SURFACE_CURVE('',#3202,(#3206,#3213),.PCURVE_S1.);
#3202 = LINE('',#3203,#3204);
#3203 = CARTESIAN_POINT('',(424.08064717784,-27.48161419893,
    66.766338669532));
#3204 = VECTOR('',#3205,1.);
#3205 = DIRECTION('',(0.103112622276,-0.914044683668,0.392288291167));
#3206 = PCURVE('',#2794,#3207);
#3207 = DEFINITIONAL_REPRESENTATION('',(#3208),#3212);
#3208 = LINE('',#3209,#3210);
#3209 = CARTESIAN_POINT('',(-40.54157122724,-0.821121906704));
#3210 = VECTOR('',#3211,1.);
#3211 = DIRECTION('',(-5.551115123126E-17,-1.));
#3212 = ( GEOMETRIC_REPRESENTATION_CONTEXT(2) 
PARAMETRIC_REPRESENTATION_CONTEXT() REPRESENTATION_CONTEXT('2D SPACE',''
  ) );
#3213 = PCURVE('',#3109,#3214);
#3214 = DEFINITIONAL_REPRESENTATION('',(#3215),#3219);
#3215 = LINE('',#3216,#3217);
#3216 = CARTESIAN_POINT('',(95.809177265223,1.42108547152E-14));
#3217 = VECTOR('',#3218,1.);
#3218 = DIRECTION('',(0.,-1.));
#3219 = ( GEOMETRIC_REPRESENTATION_CONTEXT(2) 
PARAMETRIC_REPRESENTATION_CONTEXT() REPRESENTATION_CONTEXT('2D SPACE',''
  ) );
#3220 = ORIENTED_EDGE('',*,*,#3221,.T.);
#3221 = EDGE_CURVE('',#3199,#2995,#3222,.T.);
#3222 = SURFACE_CURVE('',#3223,(#3227,#3234),.PCURVE_S1.);
#3223 = LINE('',#3224,#3225);
#3224 = CARTESIAN_POINT('',(424.41060756913,-30.40655718666,
    68.021661201266));
#3225 = VECTOR('',#3226,1.);
#3226 = DIRECTION('',(-0.601037808128,0.256989406831,0.756776055367));
#3227 = PCURVE('',#2794,#3228);
#3228 = DEFINITIONAL_REPRESENTATION('',(#3229),#3233);
#3229 = LINE('',#3230,#3231);
#3230 = CARTESIAN_POINT('',(-40.54157122724,-4.021121906704));
#3231 = VECTOR('',#3232,1.);
#3232 = DIRECTION('',(1.,5.551115123126E-17));
#3233 = ( GEOMETRIC_REPRESENTATION_CONTEXT(2) 
PARAMETRIC_REPRESENTATION_CONTEXT() REPRESENTATION_CONTEXT('2D SPACE',''
  ) );
#3234 = PCURVE('',#3011,#3235);
#3235 = DEFINITIONAL_REPRESENTATION('',(#3236),#3240);
#3236 = LINE('',#3237,#3238);
#3237 = CARTESIAN_POINT('',(-47.90458863261,18.281346566973));
#3238 = VECTOR('',#3239,1.);
#3239 = DIRECTION('',(-5.551115123126E-17,-1.));
#3240 = ( GEOMETRIC_REPRESENTATION_CONTEXT(2) 
PARAMETRIC_REPRESENTATION_CONTEXT() REPRESENTATION_CONTEXT('2D SPACE',''
  ) );
#3241 = ORIENTED_EDGE('',*,*,#3045,.T.);
#3242 = ORIENTED_EDGE('',*,*,#2814,.T.);
#3243 = ADVANCED_FACE('',(#3244),#3011,.T.);
#3244 = FACE_BOUND('',#3245,.T.);
#3245 = EDGE_LOOP('',(#3246,#3247,#3268,#3269));
#3246 = ORIENTED_EDGE('',*,*,#3121,.T.);
#3247 = ORIENTED_EDGE('',*,*,#3248,.T.);
#3248 = EDGE_CURVE('',#3094,#3199,#3249,.T.);
#3249 = SURFACE_CURVE('',#3250,(#3254,#3261),.PCURVE_S1.);
#3250 = LINE('',#3251,#3252);
#3251 = CARTESIAN_POINT('',(348.47790014532,-60.47274727184,
    17.925288026233));
#3252 = VECTOR('',#3253,1.);
#3253 = DIRECTION('',(0.792541065389,0.313813258222,0.522876561567));
#3254 = PCURVE('',#3011,#3255);
#3255 = DEFINITIONAL_REPRESENTATION('',(#3256),#3260);
#3256 = LINE('',#3257,#3258);
#3257 = CARTESIAN_POINT('',(47.904588632611,18.281346566973));
#3258 = VECTOR('',#3259,1.);
#3259 = DIRECTION('',(-1.,-5.551115123126E-17));
#3260 = ( GEOMETRIC_REPRESENTATION_CONTEXT(2) 
PARAMETRIC_REPRESENTATION_CONTEXT() REPRESENTATION_CONTEXT('2D SPACE',''
  ) );
#3261 = PCURVE('',#3109,#3262);
#3262 = DEFINITIONAL_REPRESENTATION('',(#3263),#3267);
#3263 = LINE('',#3264,#3265);
#3264 = CARTESIAN_POINT('',(-2.353672812205E-14,-3.2));
#3265 = VECTOR('',#3266,1.);
#3266 = DIRECTION('',(1.,2.775557561563E-17));
#3267 = ( GEOMETRIC_REPRESENTATION_CONTEXT(2) 
PARAMETRIC_REPRESENTATION_CONTEXT() REPRESENTATION_CONTEXT('2D SPACE',''
  ) );
#3268 = ORIENTED_EDGE('',*,*,#3221,.T.);
#3269 = ORIENTED_EDGE('',*,*,#2994,.T.);
#3270 = ADVANCED_FACE('',(#3271),#3109,.F.);
#3271 = FACE_BOUND('',#3272,.F.);
#3272 = EDGE_LOOP('',(#3273,#3274,#3275,#3276));
#3273 = ORIENTED_EDGE('',*,*,#3093,.T.);
#3274 = ORIENTED_EDGE('',*,*,#3248,.T.);
#3275 = ORIENTED_EDGE('',*,*,#3198,.F.);
#3276 = ORIENTED_EDGE('',*,*,#3148,.F.);
#3277 = ( GEOMETRIC_REPRESENTATION_CONTEXT(3) 
GLOBAL_UNCERTAINTY_ASSIGNED_CONTEXT((#3281)) 
GLOBAL_UNIT_ASSIGNED_CONTEXT((#3278,#3279,#3280)) REPRESENTATION_CONTEXT
('Context #1','3D Context with UNIT and UNCERTAINTY') );
#3278 = ( LENGTH_UNIT() NAMED_UNIT(*) SI_UNIT(.MILLI.,.METRE.) );
#3279 = ( NAMED_UNIT(*) PLANE_ANGLE_UNIT() SI_UNIT($,.RADIAN.) );
#3280 = ( NAMED_UNIT(*) SI_UNIT($,.STERADIAN.) SOLID_ANGLE_UNIT() );
#3281 = UNCERTAINTY_MEASURE_WITH_UNIT(LENGTH_MEASURE(1.E-07),#3278,
  'distance_accuracy_value','confusion accuracy');
#3282 = PRODUCT_RELATED_PRODUCT_CATEGORY('part',$,(#7));
ENDSEC;
END-ISO-10303-21;
