ISO-10303-21;
HEADER;
FILE_DESCRIPTION(('Open CASCADE Model'),'2;1');
FILE_NAME('Open CASCADE Shape Model','2026-01-01T00:00:00',('Author'),(
    'Open CASCADE'),'Open CASCADE STEP processor 7.9','Open CASCADE 7.9'
  ,'Unknown');
FILE_SCHEMA(('AUTOMOTIVE_DESIGN { 1 0 10303 214 1 1 1 1 }'));
ENDSEC;
DATA;
#1 = APPLICATION_PROTOCOL_DEFINITION('international standard',
  'automotive_design',2000,#2);
#2 = APPLICATION_CONTEXT(
  'core data for automotive mechanical design processes');
#3 = SHAPE_DEFINITION_REPRESENTATION(#4,#10);
#4 = PRODUCT_DEFINITION_SHAPE('','',#5);
#5 = PRODUCT_DEFINITION('design','',#6,#9);
#6 = PRODUCT_DEFINITION_FORMATION('','',#7);
#7 = PRODUCT('A_Lv3_0031',
  'A_Lv3_0031','',(#8));
#8 = PRODUCT_CONTEXT('',#2,'mechanical');
#9 = PRODUCT_DEFINITION_CONTEXT('part definition',#2,'design');
#10 = ADVANCED_BREP_SHAPE_REPRESENTATION('',(#11,#15),#5833);
#11 = AXIS2_PLACEMENT_3D('',#12,#13,#14);
#12 = CARTESIAN_POINT('',(0.,0.,0.));
#13 = DIRECTION('',(0.,0.,1.));
#14 = DIRECTION('',(1.,0.,-0.));
#15 = MANIFOLD_SOLID_BREP('',#16);
#16 = CLOSED_SHELL('',(#17,#137,#661,#1040,#1494,#1526,#1581,#1628,#1680
    ,#1758,#1790,#1873,#1920,#1952,#2035,#2062,#2089,#2116,#2163,#2190,
    #2217,#2224,#2251,#2305,#2391,#2477,#2563,#2759,#2808,#3055,#3226,
    #3253,#3331,#3506,#3557,#3635,#3789,#3840,#3867,#3894,#4032,#4149,
    #4176,#4203,#4235,#4326,#4353,#4380,#4407,#4414,#4441,#4468,#4495,
    #4522,#4549,#4627,#4654,#4840,#4918,#5091,#5142,#5169,#5330,#5461,
    #5488,#5495,#5522,#5569,#5596,#5623,#5630,#5637,#5684,#5711,#5738,
    #5745,#5772,#5799,#5826));
#17 = ADVANCED_FACE('',(#18),#32,.F.);
#18 = FACE_BOUND('',#19,.F.);
#19 = EDGE_LOOP('',(#20,#55,#83,#111));
#20 = ORIENTED_EDGE('',*,*,#21,.F.);
#21 = EDGE_CURVE('',#22,#24,#26,.T.);
#22 = VERTEX_POINT('',#23);
#23 = CARTESIAN_POINT('',(-513.606986829,-34.1745564284,53.591753226558)
  );
#24 = VERTEX_POINT('',#25);
#25 = CARTESIAN_POINT('',(-520.6752499099,-39.66046386291,
    59.275455949143));
#26 = SURFACE_CURVE('',#27,(#31,#43),.PCURVE_S1.);
#27 = LINE('',#28,#29);
#28 = CARTESIAN_POINT('',(-513.606986829,-34.1745564284,53.591753226558)
  );
#29 = VECTOR('',#30,1.);
#30 = DIRECTION('',(-0.666817271786,-0.517538437218,0.536198370055));
#31 = PCURVE('',#32,#37);
#32 = PLANE('',#33);
#33 = AXIS2_PLACEMENT_3D('',#34,#35,#36);
#34 = CARTESIAN_POINT('',(-513.606986829,-34.1745564284,53.591753226558)
  );
#35 = DIRECTION('',(0.686433851315,-0.14645547757,0.712291626273));
#36 = DIRECTION('',(-0.666817271786,-0.517538437218,0.536198370055));
#37 = DEFINITIONAL_REPRESENTATION('',(#38),#42);
#38 = LINE('',#39,#40);
#39 = CARTESIAN_POINT('',(0.,0.));
#40 = VECTOR('',#41,1.);
#41 = DIRECTION('',(1.,2.775557561563E-17));
#42 = ( GEOMETRIC_REPRESENTATION_CONTEXT(2) 
PARAMETRIC_REPRESENTATION_CONTEXT() REPRESENTATION_CONTEXT('2D SPACE',''
  ) );
#43 = PCURVE('',#44,#49);
#44 = PLANE('',#45);
#45 = AXIS2_PLACEMENT_3D('',#46,#47,#48);
#46 = CARTESIAN_POINT('',(-501.3845160127,-92.57839303383,170.1306673328
    ));
#47 = DIRECTION('',(-0.290109106746,0.843033071173,0.452914944654));
#48 = DIRECTION('',(-0.686433851315,0.14645547757,-0.712291626273));
#49 = DEFINITIONAL_REPRESENTATION('',(#50),#54);
#50 = LINE('',#51,#52);
#51 = CARTESIAN_POINT('',(99.953172149825,-84.56405147188));
#52 = VECTOR('',#53,1.);
#53 = DIRECTION('',(0.,1.));
#54 = ( GEOMETRIC_REPRESENTATION_CONTEXT(2) 
PARAMETRIC_REPRESENTATION_CONTEXT() REPRESENTATION_CONTEXT('2D SPACE',''
  ) );
#55 = ORIENTED_EDGE('',*,*,#56,.T.);
#56 = EDGE_CURVE('',#22,#57,#59,.T.);
#57 = VERTEX_POINT('',#58);
#58 = CARTESIAN_POINT('',(-514.5353359706,-31.47685060065,
    55.041081049452));
#59 = SURFACE_CURVE('',#60,(#64,#71),.PCURVE_S1.);
#60 = LINE('',#61,#62);
#61 = CARTESIAN_POINT('',(-513.606986829,-34.1745564284,53.591753226558)
  );
#62 = VECTOR('',#63,1.);
#63 = DIRECTION('',(-0.290109106746,0.843033071173,0.452914944654));
#64 = PCURVE('',#32,#65);
#65 = DEFINITIONAL_REPRESENTATION('',(#66),#70);
#66 = LINE('',#67,#68);
#67 = CARTESIAN_POINT('',(0.,0.));
#68 = VECTOR('',#69,1.);
#69 = DIRECTION('',(-5.551115123126E-17,-1.));
#70 = ( GEOMETRIC_REPRESENTATION_CONTEXT(2) 
PARAMETRIC_REPRESENTATION_CONTEXT() REPRESENTATION_CONTEXT('2D SPACE',''
  ) );
#71 = PCURVE('',#72,#77);
#72 = PLANE('',#73);
#73 = AXIS2_PLACEMENT_3D('',#74,#75,#76);
#74 = CARTESIAN_POINT('',(-376.3845050091,-63.45193555211,
    195.98336831007));
#75 = DIRECTION('',(-0.666817271786,-0.517538437218,0.536198370055));
#76 = DIRECTION('',(-0.686433851315,0.14645547757,-0.712291626273));
#77 = DEFINITIONAL_REPRESENTATION('',(#78),#82);
#78 = LINE('',#79,#80);
#79 = CARTESIAN_POINT('',(199.90634429965,-4.263256414561E-14));
#80 = VECTOR('',#81,1.);
#81 = DIRECTION('',(5.551115123126E-17,-1.));
#82 = ( GEOMETRIC_REPRESENTATION_CONTEXT(2) 
PARAMETRIC_REPRESENTATION_CONTEXT() REPRESENTATION_CONTEXT('2D SPACE',''
  ) );
#83 = ORIENTED_EDGE('',*,*,#84,.T.);
#84 = EDGE_CURVE('',#57,#85,#87,.T.);
#85 = VERTEX_POINT('',#86);
#86 = CARTESIAN_POINT('',(-521.6035990515,-36.96275803516,
    60.724783772037));
#87 = SURFACE_CURVE('',#88,(#92,#99),.PCURVE_S1.);
#88 = LINE('',#89,#90);
#89 = CARTESIAN_POINT('',(-514.5353359706,-31.47685060065,
    55.041081049452));
#90 = VECTOR('',#91,1.);
#91 = DIRECTION('',(-0.666817271786,-0.517538437218,0.536198370055));
#92 = PCURVE('',#32,#93);
#93 = DEFINITIONAL_REPRESENTATION('',(#94),#98);
#94 = LINE('',#95,#96);
#95 = CARTESIAN_POINT('',(-8.326672684689E-15,-3.2));
#96 = VECTOR('',#97,1.);
#97 = DIRECTION('',(1.,2.775557561563E-17));
#98 = ( GEOMETRIC_REPRESENTATION_CONTEXT(2) 
PARAMETRIC_REPRESENTATION_CONTEXT() REPRESENTATION_CONTEXT('2D SPACE',''
  ) );
#99 = PCURVE('',#100,#105);
#100 = PLANE('',#101);
#101 = AXIS2_PLACEMENT_3D('',#102,#103,#104);
#102 = CARTESIAN_POINT('',(-502.3128651543,-89.88068720607,
    171.5799951557));
#103 = DIRECTION('',(-0.290109106746,0.843033071173,0.452914944654));
#104 = DIRECTION('',(-0.686433851315,0.14645547757,-0.712291626273));
#105 = DEFINITIONAL_REPRESENTATION('',(#106),#110);
#106 = LINE('',#107,#108);
#107 = CARTESIAN_POINT('',(99.953172149825,-84.56405147188));
#108 = VECTOR('',#109,1.);
#109 = DIRECTION('',(0.,1.));
#110 = ( GEOMETRIC_REPRESENTATION_CONTEXT(2) 
PARAMETRIC_REPRESENTATION_CONTEXT() REPRESENTATION_CONTEXT('2D SPACE',''
  ) );
#111 = ORIENTED_EDGE('',*,*,#112,.T.);
#112 = EDGE_CURVE('',#85,#24,#113,.T.);
#113 = SURFACE_CURVE('',#114,(#118,#125),.PCURVE_S1.);
#114 = LINE('',#115,#116);
#115 = CARTESIAN_POINT('',(-521.6035990515,-36.96275803516,
    60.724783772037));
#116 = VECTOR('',#117,1.);
#117 = DIRECTION('',(0.290109106746,-0.843033071173,-0.452914944654));
#118 = PCURVE('',#32,#119);
#119 = DEFINITIONAL_REPRESENTATION('',(#120),#124);
#120 = LINE('',#121,#122);
#121 = CARTESIAN_POINT('',(10.6,-3.2));
#122 = VECTOR('',#123,1.);
#123 = DIRECTION('',(0.,1.));
#124 = ( GEOMETRIC_REPRESENTATION_CONTEXT(2) 
PARAMETRIC_REPRESENTATION_CONTEXT() REPRESENTATION_CONTEXT('2D SPACE',''
  ) );
#125 = PCURVE('',#126,#131);
#126 = PLANE('',#127);
#127 = AXIS2_PLACEMENT_3D('',#128,#129,#130);
#128 = CARTESIAN_POINT('',(-525.4159308194,-35.00455408724,
    57.873818638591));
#129 = DIRECTION('',(0.666817271786,0.517538437218,-0.536198370055));
#130 = DIRECTION('',(-0.290109106746,0.843033071173,0.452914944654));
#131 = DEFINITIONAL_REPRESENTATION('',(#132),#136);
#132 = LINE('',#133,#134);
#133 = CARTESIAN_POINT('',(-1.465578136367,4.934421863633));
#134 = VECTOR('',#135,1.);
#135 = DIRECTION('',(-1.,2.775557561563E-16));
#136 = ( GEOMETRIC_REPRESENTATION_CONTEXT(2) 
PARAMETRIC_REPRESENTATION_CONTEXT() REPRESENTATION_CONTEXT('2D SPACE',''
  ) );
#137 = ADVANCED_FACE('',(#138,#442,#477,#512,#626),#44,.F.);
#138 = FACE_BOUND('',#139,.F.);
#139 = EDGE_LOOP('',(#140,#141,#169,#197,#225,#253,#281,#309,#337,#365,
    #393,#421));
#140 = ORIENTED_EDGE('',*,*,#21,.T.);
#141 = ORIENTED_EDGE('',*,*,#142,.F.);
#142 = EDGE_CURVE('',#143,#24,#145,.T.);
#143 = VERTEX_POINT('',#144);
#144 = CARTESIAN_POINT('',(-619.3162639354,-116.218943081,
    138.59426363295));
#145 = SURFACE_CURVE('',#146,(#150,#157),.PCURVE_S1.);
#146 = LINE('',#147,#148);
#147 = CARTESIAN_POINT('',(-619.3162639354,-116.218943081,
    138.59426363295));
#148 = VECTOR('',#149,1.);
#149 = DIRECTION('',(0.666817271786,0.517538437218,-0.536198370055));
#150 = PCURVE('',#44,#151);
#151 = DEFINITIONAL_REPRESENTATION('',(#152),#156);
#152 = LINE('',#153,#154);
#153 = CARTESIAN_POINT('',(99.953172149825,73.964051471883));
#154 = VECTOR('',#155,1.);
#155 = DIRECTION('',(0.,-1.));
#156 = ( GEOMETRIC_REPRESENTATION_CONTEXT(2) 
PARAMETRIC_REPRESENTATION_CONTEXT() REPRESENTATION_CONTEXT('2D SPACE',''
  ) );
#157 = PCURVE('',#158,#163);
#158 = CYLINDRICAL_SURFACE('',#159,9.6);
#159 = AXIS2_PLACEMENT_3D('',#160,#161,#162);
#160 = CARTESIAN_POINT('',(-622.1013113602,-108.1258255977,
    142.94224710163));
#161 = DIRECTION('',(-0.666817271786,-0.517538437218,0.536198370055));
#162 = DIRECTION('',(0.290109106746,-0.843033071173,-0.452914944654));
#163 = DEFINITIONAL_REPRESENTATION('',(#164),#168);
#164 = LINE('',#165,#166);
#165 = CARTESIAN_POINT('',(-0.,0.));
#166 = VECTOR('',#167,1.);
#167 = DIRECTION('',(-0.,-1.));
#168 = ( GEOMETRIC_REPRESENTATION_CONTEXT(2) 
PARAMETRIC_REPRESENTATION_CONTEXT() REPRESENTATION_CONTEXT('2D SPACE',''
  ) );
#169 = ORIENTED_EDGE('',*,*,#170,.T.);
#170 = EDGE_CURVE('',#143,#171,#173,.T.);
#171 = VERTEX_POINT('',#172);
#172 = CARTESIAN_POINT('',(-626.3845270163,-121.7048505155,
    144.27796635554));
#173 = SURFACE_CURVE('',#174,(#178,#185),.PCURVE_S1.);
#174 = LINE('',#175,#176);
#175 = CARTESIAN_POINT('',(-513.606986829,-34.1745564284,53.591753226558
    ));
#176 = VECTOR('',#177,1.);
#177 = DIRECTION('',(-0.666817271786,-0.517538437218,0.536198370055));
#178 = PCURVE('',#44,#179);
#179 = DEFINITIONAL_REPRESENTATION('',(#180),#184);
#180 = LINE('',#181,#182);
#181 = CARTESIAN_POINT('',(99.953172149825,-84.56405147188));
#182 = VECTOR('',#183,1.);
#183 = DIRECTION('',(0.,1.));
#184 = ( GEOMETRIC_REPRESENTATION_CONTEXT(2) 
PARAMETRIC_REPRESENTATION_CONTEXT() REPRESENTATION_CONTEXT('2D SPACE',''
  ) );
#185 = PCURVE('',#186,#191);
#186 = PLANE('',#187);
#187 = AXIS2_PLACEMENT_3D('',#188,#189,#190);
#188 = CARTESIAN_POINT('',(-513.606986829,-34.1745564284,53.591753226558
    ));
#189 = DIRECTION('',(0.686433851315,-0.14645547757,0.712291626273));
#190 = DIRECTION('',(-0.666817271786,-0.517538437218,0.536198370055));
#191 = DEFINITIONAL_REPRESENTATION('',(#192),#196);
#192 = LINE('',#193,#194);
#193 = CARTESIAN_POINT('',(0.,0.));
#194 = VECTOR('',#195,1.);
#195 = DIRECTION('',(1.,2.775557561563E-17));
#196 = ( GEOMETRIC_REPRESENTATION_CONTEXT(2) 
PARAMETRIC_REPRESENTATION_CONTEXT() REPRESENTATION_CONTEXT('2D SPACE',''
  ) );
#197 = ORIENTED_EDGE('',*,*,#198,.T.);
#198 = EDGE_CURVE('',#171,#199,#201,.T.);
#199 = VERTEX_POINT('',#200);
#200 = CARTESIAN_POINT('',(-622.4032106787,-122.5542922854,
    148.40925778792));
#201 = SURFACE_CURVE('',#202,(#206,#213),.PCURVE_S1.);
#202 = LINE('',#203,#204);
#203 = CARTESIAN_POINT('',(-626.3845270163,-121.7048505155,
    144.27796635554));
#204 = VECTOR('',#205,1.);
#205 = DIRECTION('',(0.686433851315,-0.14645547757,0.712291626273));
#206 = PCURVE('',#44,#207);
#207 = DEFINITIONAL_REPRESENTATION('',(#208),#212);
#208 = LINE('',#209,#210);
#209 = CARTESIAN_POINT('',(99.953172149825,84.564051471883));
#210 = VECTOR('',#211,1.);
#211 = DIRECTION('',(-1.,-5.551115123126E-17));
#212 = ( GEOMETRIC_REPRESENTATION_CONTEXT(2) 
PARAMETRIC_REPRESENTATION_CONTEXT() REPRESENTATION_CONTEXT('2D SPACE',''
  ) );
#213 = PCURVE('',#214,#219);
#214 = PLANE('',#215);
#215 = AXIS2_PLACEMENT_3D('',#216,#217,#218);
#216 = CARTESIAN_POINT('',(-626.3845270163,-121.7048505155,
    144.27796635554));
#217 = DIRECTION('',(0.666817271786,0.517538437218,-0.536198370055));
#218 = DIRECTION('',(0.686433851315,-0.14645547757,0.712291626273));
#219 = DEFINITIONAL_REPRESENTATION('',(#220),#224);
#220 = LINE('',#221,#222);
#221 = CARTESIAN_POINT('',(0.,0.));
#222 = VECTOR('',#223,1.);
#223 = DIRECTION('',(1.,5.551115123126E-17));
#224 = ( GEOMETRIC_REPRESENTATION_CONTEXT(2) 
PARAMETRIC_REPRESENTATION_CONTEXT() REPRESENTATION_CONTEXT('2D SPACE',''
  ) );
#225 = ORIENTED_EDGE('',*,*,#226,.F.);
#226 = EDGE_CURVE('',#227,#199,#229,.T.);
#227 = VERTEX_POINT('',#228);
#228 = CARTESIAN_POINT('',(-493.1433615341,-150.1327878693,
    282.53829000667));
#229 = SURFACE_CURVE('',#230,(#234,#241),.PCURVE_S1.);
#230 = LINE('',#231,#232);
#231 = CARTESIAN_POINT('',(-493.1433615341,-150.1327878693,
    282.53829000667));
#232 = VECTOR('',#233,1.);
#233 = DIRECTION('',(-0.686433851315,0.14645547757,-0.712291626273));
#234 = PCURVE('',#44,#235);
#235 = DEFINITIONAL_REPRESENTATION('',(#236),#240);
#236 = LINE('',#237,#238);
#237 = CARTESIAN_POINT('',(-94.15317214982,84.564051471883));
#238 = VECTOR('',#239,1.);
#239 = DIRECTION('',(1.,5.551115123126E-17));
#240 = ( GEOMETRIC_REPRESENTATION_CONTEXT(2) 
PARAMETRIC_REPRESENTATION_CONTEXT() REPRESENTATION_CONTEXT('2D SPACE',''
  ) );
#241 = PCURVE('',#242,#247);
#242 = CYLINDRICAL_SURFACE('',#243,4.8);
#243 = AXIS2_PLACEMENT_3D('',#244,#245,#246);
#244 = CARTESIAN_POINT('',(-494.5358852465,-146.0862291277,
    284.71228174101));
#245 = DIRECTION('',(0.686433851315,-0.14645547757,0.712291626273));
#246 = DIRECTION('',(0.290109106746,-0.843033071173,-0.452914944654));
#247 = DEFINITIONAL_REPRESENTATION('',(#248),#252);
#248 = LINE('',#249,#250);
#249 = CARTESIAN_POINT('',(-0.,0.));
#250 = VECTOR('',#251,1.);
#251 = DIRECTION('',(-0.,-1.));
#252 = ( GEOMETRIC_REPRESENTATION_CONTEXT(2) 
PARAMETRIC_REPRESENTATION_CONTEXT() REPRESENTATION_CONTEXT('2D SPACE',''
  ) );
#253 = ORIENTED_EDGE('',*,*,#254,.T.);
#254 = EDGE_CURVE('',#227,#255,#257,.T.);
#255 = VERTEX_POINT('',#256);
#256 = CARTESIAN_POINT('',(-489.1620451965,-150.9822296392,
    286.66958143905));
#257 = SURFACE_CURVE('',#258,(#262,#269),.PCURVE_S1.);
#258 = LINE('',#259,#260);
#259 = CARTESIAN_POINT('',(-626.3845270163,-121.7048505155,
    144.27796635554));
#260 = VECTOR('',#261,1.);
#261 = DIRECTION('',(0.686433851315,-0.14645547757,0.712291626273));
#262 = PCURVE('',#44,#263);
#263 = DEFINITIONAL_REPRESENTATION('',(#264),#268);
#264 = LINE('',#265,#266);
#265 = CARTESIAN_POINT('',(99.953172149825,84.564051471883));
#266 = VECTOR('',#267,1.);
#267 = DIRECTION('',(-1.,-5.551115123126E-17));
#268 = ( GEOMETRIC_REPRESENTATION_CONTEXT(2) 
PARAMETRIC_REPRESENTATION_CONTEXT() REPRESENTATION_CONTEXT('2D SPACE',''
  ) );
#269 = PCURVE('',#270,#275);
#270 = PLANE('',#271);
#271 = AXIS2_PLACEMENT_3D('',#272,#273,#274);
#272 = CARTESIAN_POINT('',(-626.3845270163,-121.7048505155,
    144.27796635554));
#273 = DIRECTION('',(0.666817271786,0.517538437218,-0.536198370055));
#274 = DIRECTION('',(0.686433851315,-0.14645547757,0.712291626273));
#275 = DEFINITIONAL_REPRESENTATION('',(#276),#280);
#276 = LINE('',#277,#278);
#277 = CARTESIAN_POINT('',(0.,0.));
#278 = VECTOR('',#279,1.);
#279 = DIRECTION('',(1.,5.551115123126E-17));
#280 = ( GEOMETRIC_REPRESENTATION_CONTEXT(2) 
PARAMETRIC_REPRESENTATION_CONTEXT() REPRESENTATION_CONTEXT('2D SPACE',''
  ) );
#281 = ORIENTED_EDGE('',*,*,#282,.T.);
#282 = EDGE_CURVE('',#255,#283,#285,.T.);
#283 = VERTEX_POINT('',#284);
#284 = CARTESIAN_POINT('',(-484.2275973852,-147.1524452038,
    282.70171350065));
#285 = SURFACE_CURVE('',#286,(#290,#297),.PCURVE_S1.);
#286 = LINE('',#287,#288);
#287 = CARTESIAN_POINT('',(-489.1620451965,-150.9822296392,
    286.66958143905));
#288 = VECTOR('',#289,1.);
#289 = DIRECTION('',(0.666817271786,0.517538437218,-0.536198370055));
#290 = PCURVE('',#44,#291);
#291 = DEFINITIONAL_REPRESENTATION('',(#292),#296);
#292 = LINE('',#293,#294);
#293 = CARTESIAN_POINT('',(-99.95317214982,84.564051471883));
#294 = VECTOR('',#295,1.);
#295 = DIRECTION('',(0.,-1.));
#296 = ( GEOMETRIC_REPRESENTATION_CONTEXT(2) 
PARAMETRIC_REPRESENTATION_CONTEXT() REPRESENTATION_CONTEXT('2D SPACE',''
  ) );
#297 = PCURVE('',#298,#303);
#298 = PLANE('',#299);
#299 = AXIS2_PLACEMENT_3D('',#300,#301,#302);
#300 = CARTESIAN_POINT('',(-489.1620451965,-150.9822296392,
    286.66958143905));
#301 = DIRECTION('',(-0.686433851315,0.14645547757,-0.712291626273));
#302 = DIRECTION('',(0.666817271786,0.517538437218,-0.536198370055));
#303 = DEFINITIONAL_REPRESENTATION('',(#304),#308);
#304 = LINE('',#305,#306);
#305 = CARTESIAN_POINT('',(0.,0.));
#306 = VECTOR('',#307,1.);
#307 = DIRECTION('',(1.,-2.775557561563E-17));
#308 = ( GEOMETRIC_REPRESENTATION_CONTEXT(2) 
PARAMETRIC_REPRESENTATION_CONTEXT() REPRESENTATION_CONTEXT('2D SPACE',''
  ) );
#309 = ORIENTED_EDGE('',*,*,#310,.F.);
#310 = EDGE_CURVE('',#311,#283,#313,.T.);
#311 = VERTEX_POINT('',#312);
#312 = CARTESIAN_POINT('',(-381.3189528204,-67.28171998752,
    199.95123624848));
#313 = SURFACE_CURVE('',#314,(#318,#325),.PCURVE_S1.);
#314 = LINE('',#315,#316);
#315 = CARTESIAN_POINT('',(-381.3189528204,-67.28171998752,
    199.95123624848));
#316 = VECTOR('',#317,1.);
#317 = DIRECTION('',(-0.666817271786,-0.517538437218,0.536198370055));
#318 = PCURVE('',#44,#319);
#319 = DEFINITIONAL_REPRESENTATION('',(#320),#324);
#320 = LINE('',#321,#322);
#321 = CARTESIAN_POINT('',(-99.95317214982,-77.16405147188));
#322 = VECTOR('',#323,1.);
#323 = DIRECTION('',(0.,1.));
#324 = ( GEOMETRIC_REPRESENTATION_CONTEXT(2) 
PARAMETRIC_REPRESENTATION_CONTEXT() REPRESENTATION_CONTEXT('2D SPACE',''
  ) );
#325 = PCURVE('',#326,#331);
#326 = CYLINDRICAL_SURFACE('',#327,6.4);
#327 = AXIS2_PLACEMENT_3D('',#328,#329,#330);
#328 = CARTESIAN_POINT('',(-383.1756511035,-61.88630833201,
    202.84989189427));
#329 = DIRECTION('',(0.666817271786,0.517538437218,-0.536198370055));
#330 = DIRECTION('',(0.290109106746,-0.843033071173,-0.452914944654));
#331 = DEFINITIONAL_REPRESENTATION('',(#332),#336);
#332 = LINE('',#333,#334);
#333 = CARTESIAN_POINT('',(-0.,0.));
#334 = VECTOR('',#335,1.);
#335 = DIRECTION('',(-0.,-1.));
#336 = ( GEOMETRIC_REPRESENTATION_CONTEXT(2) 
PARAMETRIC_REPRESENTATION_CONTEXT() REPRESENTATION_CONTEXT('2D SPACE',''
  ) );
#337 = ORIENTED_EDGE('',*,*,#338,.T.);
#338 = EDGE_CURVE('',#311,#339,#341,.T.);
#339 = VERTEX_POINT('',#340);
#340 = CARTESIAN_POINT('',(-376.3845050091,-63.45193555211,
    195.98336831007));
#341 = SURFACE_CURVE('',#342,(#346,#353),.PCURVE_S1.);
#342 = LINE('',#343,#344);
#343 = CARTESIAN_POINT('',(-489.1620451965,-150.9822296392,
    286.66958143905));
#344 = VECTOR('',#345,1.);
#345 = DIRECTION('',(0.666817271786,0.517538437218,-0.536198370055));
#346 = PCURVE('',#44,#347);
#347 = DEFINITIONAL_REPRESENTATION('',(#348),#352);
#348 = LINE('',#349,#350);
#349 = CARTESIAN_POINT('',(-99.95317214982,84.564051471883));
#350 = VECTOR('',#351,1.);
#351 = DIRECTION('',(0.,-1.));
#352 = ( GEOMETRIC_REPRESENTATION_CONTEXT(2) 
PARAMETRIC_REPRESENTATION_CONTEXT() REPRESENTATION_CONTEXT('2D SPACE',''
  ) );
#353 = PCURVE('',#354,#359);
#354 = PLANE('',#355);
#355 = AXIS2_PLACEMENT_3D('',#356,#357,#358);
#356 = CARTESIAN_POINT('',(-489.1620451965,-150.9822296392,
    286.66958143905));
#357 = DIRECTION('',(-0.686433851315,0.14645547757,-0.712291626273));
#358 = DIRECTION('',(0.666817271786,0.517538437218,-0.536198370055));
#359 = DEFINITIONAL_REPRESENTATION('',(#360),#364);
#360 = LINE('',#361,#362);
#361 = CARTESIAN_POINT('',(0.,0.));
#362 = VECTOR('',#363,1.);
#363 = DIRECTION('',(1.,-2.775557561563E-17));
#364 = ( GEOMETRIC_REPRESENTATION_CONTEXT(2) 
PARAMETRIC_REPRESENTATION_CONTEXT() REPRESENTATION_CONTEXT('2D SPACE',''
  ) );
#365 = ORIENTED_EDGE('',*,*,#366,.T.);
#366 = EDGE_CURVE('',#339,#367,#369,.T.);
#367 = VERTEX_POINT('',#368);
#368 = CARTESIAN_POINT('',(-381.4641155089,-62.36816501809,
    190.71241027565));
#369 = SURFACE_CURVE('',#370,(#374,#381),.PCURVE_S1.);
#370 = LINE('',#371,#372);
#371 = CARTESIAN_POINT('',(-376.3845050091,-63.45193555211,
    195.98336831007));
#372 = VECTOR('',#373,1.);
#373 = DIRECTION('',(-0.686433851315,0.14645547757,-0.712291626273));
#374 = PCURVE('',#44,#375);
#375 = DEFINITIONAL_REPRESENTATION('',(#376),#380);
#376 = LINE('',#377,#378);
#377 = CARTESIAN_POINT('',(-99.95317214982,-84.56405147188));
#378 = VECTOR('',#379,1.);
#379 = DIRECTION('',(1.,5.551115123126E-17));
#380 = ( GEOMETRIC_REPRESENTATION_CONTEXT(2) 
PARAMETRIC_REPRESENTATION_CONTEXT() REPRESENTATION_CONTEXT('2D SPACE',''
  ) );
#381 = PCURVE('',#382,#387);
#382 = PLANE('',#383);
#383 = AXIS2_PLACEMENT_3D('',#384,#385,#386);
#384 = CARTESIAN_POINT('',(-376.3845050091,-63.45193555211,
    195.98336831007));
#385 = DIRECTION('',(-0.666817271786,-0.517538437218,0.536198370055));
#386 = DIRECTION('',(-0.686433851315,0.14645547757,-0.712291626273));
#387 = DEFINITIONAL_REPRESENTATION('',(#388),#392);
#388 = LINE('',#389,#390);
#389 = CARTESIAN_POINT('',(0.,0.));
#390 = VECTOR('',#391,1.);
#391 = DIRECTION('',(1.,-5.551115123126E-17));
#392 = ( GEOMETRIC_REPRESENTATION_CONTEXT(2) 
PARAMETRIC_REPRESENTATION_CONTEXT() REPRESENTATION_CONTEXT('2D SPACE',''
  ) );
#393 = ORIENTED_EDGE('',*,*,#394,.F.);
#394 = EDGE_CURVE('',#395,#367,#397,.T.);
#395 = VERTEX_POINT('',#396);
#396 = CARTESIAN_POINT('',(-508.5273763293,-35.25832696242,
    58.862711260979));
#397 = SURFACE_CURVE('',#398,(#402,#409),.PCURVE_S1.);
#398 = LINE('',#399,#400);
#399 = CARTESIAN_POINT('',(-508.5273763293,-35.25832696242,
    58.862711260979));
#400 = VECTOR('',#401,1.);
#401 = DIRECTION('',(0.686433851315,-0.14645547757,0.712291626273));
#402 = PCURVE('',#44,#403);
#403 = DEFINITIONAL_REPRESENTATION('',(#404),#408);
#404 = LINE('',#405,#406);
#405 = CARTESIAN_POINT('',(92.553172149825,-84.56405147188));
#406 = VECTOR('',#407,1.);
#407 = DIRECTION('',(-1.,-5.551115123126E-17));
#408 = ( GEOMETRIC_REPRESENTATION_CONTEXT(2) 
PARAMETRIC_REPRESENTATION_CONTEXT() REPRESENTATION_CONTEXT('2D SPACE',''
  ) );
#409 = PCURVE('',#410,#415);
#410 = CYLINDRICAL_SURFACE('',#411,6.4);
#411 = AXIS2_PLACEMENT_3D('',#412,#413,#414);
#412 = CARTESIAN_POINT('',(-510.3840746125,-29.86291530691,
    61.761366906767));
#413 = DIRECTION('',(-0.686433851315,0.14645547757,-0.712291626273));
#414 = DIRECTION('',(0.290109106746,-0.843033071173,-0.452914944654));
#415 = DEFINITIONAL_REPRESENTATION('',(#416),#420);
#416 = LINE('',#417,#418);
#417 = CARTESIAN_POINT('',(-0.,0.));
#418 = VECTOR('',#419,1.);
#419 = DIRECTION('',(-0.,-1.));
#420 = ( GEOMETRIC_REPRESENTATION_CONTEXT(2) 
PARAMETRIC_REPRESENTATION_CONTEXT() REPRESENTATION_CONTEXT('2D SPACE',''
  ) );
#421 = ORIENTED_EDGE('',*,*,#422,.T.);
#422 = EDGE_CURVE('',#395,#22,#423,.T.);
#423 = SURFACE_CURVE('',#424,(#428,#435),.PCURVE_S1.);
#424 = LINE('',#425,#426);
#425 = CARTESIAN_POINT('',(-376.3845050091,-63.45193555211,
    195.98336831007));
#426 = VECTOR('',#427,1.);
#427 = DIRECTION('',(-0.686433851315,0.14645547757,-0.712291626273));
#428 = PCURVE('',#44,#429);
#429 = DEFINITIONAL_REPRESENTATION('',(#430),#434);
#430 = LINE('',#431,#432);
#431 = CARTESIAN_POINT('',(-99.95317214982,-84.56405147188));
#432 = VECTOR('',#433,1.);
#433 = DIRECTION('',(1.,5.551115123126E-17));
#434 = ( GEOMETRIC_REPRESENTATION_CONTEXT(2) 
PARAMETRIC_REPRESENTATION_CONTEXT() REPRESENTATION_CONTEXT('2D SPACE',''
  ) );
#435 = PCURVE('',#72,#436);
#436 = DEFINITIONAL_REPRESENTATION('',(#437),#441);
#437 = LINE('',#438,#439);
#438 = CARTESIAN_POINT('',(0.,0.));
#439 = VECTOR('',#440,1.);
#440 = DIRECTION('',(1.,-5.551115123126E-17));
#441 = ( GEOMETRIC_REPRESENTATION_CONTEXT(2) 
PARAMETRIC_REPRESENTATION_CONTEXT() REPRESENTATION_CONTEXT('2D SPACE',''
  ) );
#442 = FACE_BOUND('',#443,.F.);
#443 = EDGE_LOOP('',(#444));
#444 = ORIENTED_EDGE('',*,*,#445,.T.);
#445 = EDGE_CURVE('',#446,#446,#448,.T.);
#446 = VERTEX_POINT('',#447);
#447 = CARTESIAN_POINT('',(-472.5395499931,-99.56315275733,
    201.60803617538));
#448 = SURFACE_CURVE('',#449,(#454,#465),.PCURVE_S1.);
#449 = CIRCLE('',#450,4.17);
#450 = AXIS2_PLACEMENT_3D('',#451,#452,#453);
#451 = CARTESIAN_POINT('',(-469.6771208331,-100.1738720988,
    204.57829225694));
#452 = DIRECTION('',(0.290109106746,-0.843033071173,-0.452914944654));
#453 = DIRECTION('',(-0.686433851315,0.14645547757,-0.712291626273));
#454 = PCURVE('',#44,#455);
#455 = DEFINITIONAL_REPRESENTATION('',(#456),#464);
#456 = ( BOUNDED_CURVE() B_SPLINE_CURVE(2,(#457,#458,#459,#460,#461,#462
,#463),.UNSPECIFIED.,.T.,.F.) B_SPLINE_CURVE_WITH_KNOTS((1,2,2,2,2,1),(
    -2.094395102393,0.,2.094395102393,4.188790204786,6.28318530718,
8.377580409573),.UNSPECIFIED.) CURVE() GEOMETRIC_REPRESENTATION_ITEM() 
RATIONAL_B_SPLINE_CURVE((1.,0.5,1.,0.5,1.,0.5,1.)) REPRESENTATION_ITEM(
  '') );
#457 = CARTESIAN_POINT('',(-43.24418368062,1.258673952667));
#458 = CARTESIAN_POINT('',(-43.24418368062,-5.963977914896));
#459 = CARTESIAN_POINT('',(-49.49918368062,-2.352651981115));
#460 = CARTESIAN_POINT('',(-55.75418368062,1.258673952667));
#461 = CARTESIAN_POINT('',(-49.49918368062,4.869999886448));
#462 = CARTESIAN_POINT('',(-43.24418368062,8.481325820229));
#463 = CARTESIAN_POINT('',(-43.24418368062,1.258673952667));
#464 = ( GEOMETRIC_REPRESENTATION_CONTEXT(2) 
PARAMETRIC_REPRESENTATION_CONTEXT() REPRESENTATION_CONTEXT('2D SPACE',''
  ) );
#465 = PCURVE('',#466,#471);
#466 = CYLINDRICAL_SURFACE('',#467,4.17);
#467 = AXIS2_PLACEMENT_3D('',#468,#469,#470);
#468 = CARTESIAN_POINT('',(-469.3870117263,-101.0169051699,
    204.12537731229));
#469 = DIRECTION('',(0.290109106746,-0.843033071173,-0.452914944654));
#470 = DIRECTION('',(-0.686433851315,0.14645547757,-0.712291626273));
#471 = DEFINITIONAL_REPRESENTATION('',(#472),#476);
#472 = LINE('',#473,#474);
#473 = CARTESIAN_POINT('',(-6.28318530718,-1.));
#474 = VECTOR('',#475,1.);
#475 = DIRECTION('',(1.,-0.));
#476 = ( GEOMETRIC_REPRESENTATION_CONTEXT(2) 
PARAMETRIC_REPRESENTATION_CONTEXT() REPRESENTATION_CONTEXT('2D SPACE',''
  ) );
#477 = FACE_BOUND('',#478,.F.);
#478 = EDGE_LOOP('',(#479));
#479 = ORIENTED_EDGE('',*,*,#480,.T.);
#480 = EDGE_CURVE('',#481,#481,#483,.T.);
#481 = VERTEX_POINT('',#482);
#482 = CARTESIAN_POINT('',(-497.7655446967,-55.82744686883,
    104.04239439891));
#483 = SURFACE_CURVE('',#484,(#489,#500),.PCURVE_S1.);
#484 = CIRCLE('',#485,4.585);
#485 = AXIS2_PLACEMENT_3D('',#486,#487,#488);
#486 = CARTESIAN_POINT('',(-494.6182454884,-56.49894523349,
    107.30825150537));
#487 = DIRECTION('',(0.290109106746,-0.843033071173,-0.452914944654));
#488 = DIRECTION('',(-0.686433851315,0.14645547757,-0.712291626273));
#489 = PCURVE('',#44,#490);
#490 = DEFINITIONAL_REPRESENTATION('',(#491),#499);
#491 = ( BOUNDED_CURVE() B_SPLINE_CURVE(2,(#492,#493,#494,#495,#496,#497
,#498),.UNSPECIFIED.,.T.,.F.) B_SPLINE_CURVE_WITH_KNOTS((1,2,2,2,2,1),(
    -2.094395102393,0.,2.094395102393,4.188790204786,6.28318530718,
8.377580409573),.UNSPECIFIED.) CURVE() GEOMETRIC_REPRESENTATION_ITEM() 
RATIONAL_B_SPLINE_CURVE((1.,0.5,1.,0.5,1.,0.5,1.)) REPRESENTATION_ITEM(
  '') );
#492 = CARTESIAN_POINT('',(49.972316359144,-56.86964405107));
#493 = CARTESIAN_POINT('',(49.972316359144,-64.81109700377));
#494 = CARTESIAN_POINT('',(43.094816359145,-60.84037052742));
#495 = CARTESIAN_POINT('',(36.217316359145,-56.86964405107));
#496 = CARTESIAN_POINT('',(43.094816359145,-52.89891757472));
#497 = CARTESIAN_POINT('',(49.972316359144,-48.92819109836));
#498 = CARTESIAN_POINT('',(49.972316359144,-56.86964405107));
#499 = ( GEOMETRIC_REPRESENTATION_CONTEXT(2) 
PARAMETRIC_REPRESENTATION_CONTEXT() REPRESENTATION_CONTEXT('2D SPACE',''
  ) );
#500 = PCURVE('',#501,#506);
#501 = CYLINDRICAL_SURFACE('',#502,4.585);
#502 = AXIS2_PLACEMENT_3D('',#503,#504,#505);
#503 = CARTESIAN_POINT('',(-494.3281363817,-57.34197830467,
    106.85533656071));
#504 = DIRECTION('',(0.290109106746,-0.843033071173,-0.452914944654));
#505 = DIRECTION('',(-0.686433851315,0.14645547757,-0.712291626273));
#506 = DEFINITIONAL_REPRESENTATION('',(#507),#511);
#507 = LINE('',#508,#509);
#508 = CARTESIAN_POINT('',(-6.28318530718,-1.));
#509 = VECTOR('',#510,1.);
#510 = DIRECTION('',(1.,-0.));
#511 = ( GEOMETRIC_REPRESENTATION_CONTEXT(2) 
PARAMETRIC_REPRESENTATION_CONTEXT() REPRESENTATION_CONTEXT('2D SPACE',''
  ) );
#512 = FACE_BOUND('',#513,.F.);
#513 = EDGE_LOOP('',(#514,#544,#572,#600));
#514 = ORIENTED_EDGE('',*,*,#515,.T.);
#515 = EDGE_CURVE('',#516,#518,#520,.T.);
#516 = VERTEX_POINT('',#517);
#517 = CARTESIAN_POINT('',(-560.7020927516,-78.68930476721,
    106.28307236923));
#518 = VERTEX_POINT('',#519);
#519 = CARTESIAN_POINT('',(-551.166605765,-71.28850511499,
    98.615435677439));
#520 = SURFACE_CURVE('',#521,(#525,#532),.PCURVE_S1.);
#521 = LINE('',#522,#523);
#522 = CARTESIAN_POINT('',(-556.5575329076,-75.4725779136,102.9503659038
    ));
#523 = VECTOR('',#524,1.);
#524 = DIRECTION('',(0.666817271786,0.517538437218,-0.536198370055));
#525 = PCURVE('',#44,#526);
#526 = DEFINITIONAL_REPRESENTATION('',(#527),#531);
#527 = LINE('',#528,#529);
#528 = CARTESIAN_POINT('',(88.229832956832,-8.084564348681));
#529 = VECTOR('',#530,1.);
#530 = DIRECTION('',(0.,-1.));
#531 = ( GEOMETRIC_REPRESENTATION_CONTEXT(2) 
PARAMETRIC_REPRESENTATION_CONTEXT() REPRESENTATION_CONTEXT('2D SPACE',''
  ) );
#532 = PCURVE('',#533,#538);
#533 = PLANE('',#534);
#534 = AXIS2_PLACEMENT_3D('',#535,#536,#537);
#535 = CARTESIAN_POINT('',(-550.8764966583,-72.13153818617,
    98.162520732785));
#536 = DIRECTION('',(0.686433851315,-0.14645547757,0.712291626273));
#537 = DIRECTION('',(-0.666817271786,-0.517538437218,0.536198370055));
#538 = DEFINITIONAL_REPRESENTATION('',(#539),#543);
#539 = LINE('',#540,#541);
#540 = CARTESIAN_POINT('',(8.084564348681,-1.));
#541 = VECTOR('',#542,1.);
#542 = DIRECTION('',(-1.,-2.775557561563E-17));
#543 = ( GEOMETRIC_REPRESENTATION_CONTEXT(2) 
PARAMETRIC_REPRESENTATION_CONTEXT() REPRESENTATION_CONTEXT('2D SPACE',''
  ) );
#544 = ORIENTED_EDGE('',*,*,#545,.T.);
#545 = EDGE_CURVE('',#518,#546,#548,.T.);
#546 = VERTEX_POINT('',#547);
#547 = CARTESIAN_POINT('',(-530.3264740391,-75.73489341402,
    120.24060945109));
#548 = SURFACE_CURVE('',#549,(#553,#560),.PCURVE_S1.);
#549 = LINE('',#550,#551);
#550 = CARTESIAN_POINT('',(-510.4645678834,-79.97257042532,
    140.85070816558));
#551 = VECTOR('',#552,1.);
#552 = DIRECTION('',(0.686433851315,-0.14645547757,0.712291626273));
#553 = PCURVE('',#44,#554);
#554 = DEFINITIONAL_REPRESENTATION('',(#555),#559);
#555 = LINE('',#556,#557);
#556 = CARTESIAN_POINT('',(28.934916478416,-16.16912869736));
#557 = VECTOR('',#558,1.);
#558 = DIRECTION('',(-1.,-5.551115123126E-17));
#559 = ( GEOMETRIC_REPRESENTATION_CONTEXT(2) 
PARAMETRIC_REPRESENTATION_CONTEXT() REPRESENTATION_CONTEXT('2D SPACE',''
  ) );
#560 = PCURVE('',#561,#566);
#561 = PLANE('',#562);
#562 = AXIS2_PLACEMENT_3D('',#563,#564,#565);
#563 = CARTESIAN_POINT('',(-530.0363649324,-76.5779264852,
    119.78769450643));
#564 = DIRECTION('',(-0.666817271786,-0.517538437218,0.536198370055));
#565 = DIRECTION('',(-0.686433851315,0.14645547757,-0.712291626273));
#566 = DEFINITIONAL_REPRESENTATION('',(#567),#571);
#567 = LINE('',#568,#569);
#568 = CARTESIAN_POINT('',(-28.93491647841,-1.));
#569 = VECTOR('',#570,1.);
#570 = DIRECTION('',(-1.,5.551115123126E-17));
#571 = ( GEOMETRIC_REPRESENTATION_CONTEXT(2) 
PARAMETRIC_REPRESENTATION_CONTEXT() REPRESENTATION_CONTEXT('2D SPACE',''
  ) );
#572 = ORIENTED_EDGE('',*,*,#573,.T.);
#573 = EDGE_CURVE('',#546,#574,#576,.T.);
#574 = VERTEX_POINT('',#575);
#575 = CARTESIAN_POINT('',(-539.8619610256,-83.13569306624,
    127.90824614288));
#576 = SURFACE_CURVE('',#577,(#581,#588),.PCURVE_S1.);
#577 = LINE('',#578,#579);
#578 = CARTESIAN_POINT('',(-540.4851446749,-83.61936603874,
    128.40935802335));
#579 = VECTOR('',#580,1.);
#580 = DIRECTION('',(-0.666817271786,-0.517538437218,0.536198370055));
#581 = PCURVE('',#44,#582);
#582 = DEFINITIONAL_REPRESENTATION('',(#583),#587);
#583 = LINE('',#584,#585);
#584 = CARTESIAN_POINT('',(57.869832956832,-0.934564348681));
#585 = VECTOR('',#586,1.);
#586 = DIRECTION('',(0.,1.));
#587 = ( GEOMETRIC_REPRESENTATION_CONTEXT(2) 
PARAMETRIC_REPRESENTATION_CONTEXT() REPRESENTATION_CONTEXT('2D SPACE',''
  ) );
#588 = PCURVE('',#589,#594);
#589 = PLANE('',#590);
#590 = AXIS2_PLACEMENT_3D('',#591,#592,#593);
#591 = CARTESIAN_POINT('',(-539.5718519189,-83.97872613741,
    127.45533119822));
#592 = DIRECTION('',(-0.686433851315,0.14645547757,-0.712291626273));
#593 = DIRECTION('',(0.666817271786,0.517538437218,-0.536198370055));
#594 = DEFINITIONAL_REPRESENTATION('',(#595),#599);
#595 = LINE('',#596,#597);
#596 = CARTESIAN_POINT('',(-0.934564348681,-1.));
#597 = VECTOR('',#598,1.);
#598 = DIRECTION('',(-1.,2.775557561563E-17));
#599 = ( GEOMETRIC_REPRESENTATION_CONTEXT(2) 
PARAMETRIC_REPRESENTATION_CONTEXT() REPRESENTATION_CONTEXT('2D SPACE',''
  ) );
#600 = ORIENTED_EDGE('',*,*,#601,.T.);
#601 = EDGE_CURVE('',#574,#516,#602,.T.);
#602 = SURFACE_CURVE('',#603,(#607,#614),.PCURVE_S1.);
#603 = LINE('',#604,#605);
#604 = CARTESIAN_POINT('',(-530.4201207329,-85.15017592802,
    137.70575797054));
#605 = VECTOR('',#606,1.);
#606 = DIRECTION('',(-0.686433851315,0.14645547757,-0.712291626273));
#607 = PCURVE('',#44,#608);
#608 = DEFINITIONAL_REPRESENTATION('',(#609),#613);
#609 = LINE('',#610,#611);
#610 = CARTESIAN_POINT('',(44.114916478416,-1.869128697362));
#611 = VECTOR('',#612,1.);
#612 = DIRECTION('',(1.,5.551115123126E-17));
#613 = ( GEOMETRIC_REPRESENTATION_CONTEXT(2) 
PARAMETRIC_REPRESENTATION_CONTEXT() REPRESENTATION_CONTEXT('2D SPACE',''
  ) );
#614 = PCURVE('',#615,#620);
#615 = PLANE('',#616);
#616 = AXIS2_PLACEMENT_3D('',#617,#618,#619);
#617 = CARTESIAN_POINT('',(-560.4119836448,-79.53233783838,
    105.83015742457));
#618 = DIRECTION('',(0.666817271786,0.517538437218,-0.536198370055));
#619 = DIRECTION('',(0.686433851315,-0.14645547757,0.712291626273));
#620 = DEFINITIONAL_REPRESENTATION('',(#621),#625);
#621 = LINE('',#622,#623);
#622 = CARTESIAN_POINT('',(44.114916478416,-1.));
#623 = VECTOR('',#624,1.);
#624 = DIRECTION('',(-1.,-5.551115123126E-17));
#625 = ( GEOMETRIC_REPRESENTATION_CONTEXT(2) 
PARAMETRIC_REPRESENTATION_CONTEXT() REPRESENTATION_CONTEXT('2D SPACE',''
  ) );
#626 = FACE_BOUND('',#627,.F.);
#627 = EDGE_LOOP('',(#628));
#628 = ORIENTED_EDGE('',*,*,#629,.T.);
#629 = EDGE_CURVE('',#630,#630,#632,.T.);
#630 = VERTEX_POINT('',#631);
#631 = CARTESIAN_POINT('',(-519.0786566794,-133.9404632522,
    235.78617747632));
#632 = SURFACE_CURVE('',#633,(#638,#649),.PCURVE_S1.);
#633 = CIRCLE('',#634,6.275);
#634 = AXIS2_PLACEMENT_3D('',#635,#636,#637);
#635 = CARTESIAN_POINT('',(-514.7712842624,-134.859471374,
    240.25580743119));
#636 = DIRECTION('',(0.290109106746,-0.843033071173,-0.452914944654));
#637 = DIRECTION('',(-0.686433851315,0.14645547757,-0.712291626273));
#638 = PCURVE('',#44,#639);
#639 = DEFINITIONAL_REPRESENTATION('',(#640),#648);
#640 = ( BOUNDED_CURVE() B_SPLINE_CURVE(2,(#641,#642,#643,#644,#645,#646
,#647),.UNSPECIFIED.,.T.,.F.) B_SPLINE_CURVE_WITH_KNOTS((1,2,2,2,2,1),(
    -2.094395102393,0.,2.094395102393,4.188790204786,6.28318530718,
8.377580409573),.UNSPECIFIED.) CURVE() GEOMETRIC_REPRESENTATION_ITEM() 
RATIONAL_B_SPLINE_CURVE((1.,0.5,1.,0.5,1.,0.5,1.)) REPRESENTATION_ITEM(
  '') );
#641 = CARTESIAN_POINT('',(-40.67771471752,68.409597311017));
#642 = CARTESIAN_POINT('',(-40.67771471752,57.540978493523));
#643 = CARTESIAN_POINT('',(-50.09021471752,62.97528790227));
#644 = CARTESIAN_POINT('',(-59.50271471752,68.409597311017));
#645 = CARTESIAN_POINT('',(-50.09021471752,73.843906719765));
#646 = CARTESIAN_POINT('',(-40.67771471752,79.278216128512));
#647 = CARTESIAN_POINT('',(-40.67771471752,68.409597311017));
#648 = ( GEOMETRIC_REPRESENTATION_CONTEXT(2) 
PARAMETRIC_REPRESENTATION_CONTEXT() REPRESENTATION_CONTEXT('2D SPACE',''
  ) );
#649 = PCURVE('',#650,#655);
#650 = CYLINDRICAL_SURFACE('',#651,6.275);
#651 = AXIS2_PLACEMENT_3D('',#652,#653,#654);
#652 = CARTESIAN_POINT('',(-514.4811751557,-135.7025044452,
    239.80289248653));
#653 = DIRECTION('',(0.290109106746,-0.843033071173,-0.452914944654));
#654 = DIRECTION('',(-0.686433851315,0.14645547757,-0.712291626273));
#655 = DEFINITIONAL_REPRESENTATION('',(#656),#660);
#656 = LINE('',#657,#658);
#657 = CARTESIAN_POINT('',(-6.28318530718,-1.));
#658 = VECTOR('',#659,1.);
#659 = DIRECTION('',(1.,-0.));
#660 = ( GEOMETRIC_REPRESENTATION_CONTEXT(2) 
PARAMETRIC_REPRESENTATION_CONTEXT() REPRESENTATION_CONTEXT('2D SPACE',''
  ) );
#661 = ADVANCED_FACE('',(#662),#126,.T.);
#662 = FACE_BOUND('',#663,.T.);
#663 = EDGE_LOOP('',(#664,#688,#716,#749,#777,#806,#834,#862,#890,#923,
    #951,#980,#1008,#1039));
#664 = ORIENTED_EDGE('',*,*,#665,.T.);
#665 = EDGE_CURVE('',#24,#666,#668,.T.);
#666 = VERTEX_POINT('',#667);
#667 = CARTESIAN_POINT('',(-530.0500623073,-30.16137379498,
    56.785439805603));
#668 = SURFACE_CURVE('',#669,(#674,#681),.PCURVE_S1.);
#669 = CIRCLE('',#670,9.6);
#670 = AXIS2_PLACEMENT_3D('',#671,#672,#673);
#671 = CARTESIAN_POINT('',(-523.4602973347,-31.56734637965,
    63.623439417825));
#672 = DIRECTION('',(0.666817271786,0.517538437218,-0.536198370055));
#673 = DIRECTION('',(0.290109106746,-0.843033071173,-0.452914944654));
#674 = PCURVE('',#126,#675);
#675 = DEFINITIONAL_REPRESENTATION('',(#676),#680);
#676 = CIRCLE('',#677,9.6);
#677 = AXIS2_PLACEMENT_2D('',#678,#679);
#678 = CARTESIAN_POINT('',(4.934421863633,4.934421863633));
#679 = DIRECTION('',(-1.,3.330669073875E-16));
#680 = ( GEOMETRIC_REPRESENTATION_CONTEXT(2) 
PARAMETRIC_REPRESENTATION_CONTEXT() REPRESENTATION_CONTEXT('2D SPACE',''
  ) );
#681 = PCURVE('',#158,#682);
#682 = DEFINITIONAL_REPRESENTATION('',(#683),#687);
#683 = LINE('',#684,#685);
#684 = CARTESIAN_POINT('',(-0.,-147.9281029437));
#685 = VECTOR('',#686,1.);
#686 = DIRECTION('',(-1.,0.));
#687 = ( GEOMETRIC_REPRESENTATION_CONTEXT(2) 
PARAMETRIC_REPRESENTATION_CONTEXT() REPRESENTATION_CONTEXT('2D SPACE',''
  ) );
#688 = ORIENTED_EDGE('',*,*,#689,.T.);
#689 = EDGE_CURVE('',#666,#690,#692,.T.);
#690 = VERTEX_POINT('',#691);
#691 = CARTESIAN_POINT('',(-536.7727945591,-10.62566986457,
    67.280890775408));
#692 = SURFACE_CURVE('',#693,(#697,#704),.PCURVE_S1.);
#693 = LINE('',#694,#695);
#694 = CARTESIAN_POINT('',(-530.0500623073,-30.16137379498,
    56.785439805603));
#695 = VECTOR('',#696,1.);
#696 = DIRECTION('',(-0.290109106746,0.843033071173,0.452914944654));
#697 = PCURVE('',#126,#698);
#698 = DEFINITIONAL_REPRESENTATION('',(#699),#703);
#699 = LINE('',#700,#701);
#700 = CARTESIAN_POINT('',(4.934421863633,-4.665578136366));
#701 = VECTOR('',#702,1.);
#702 = DIRECTION('',(1.,-5.551115123126E-17));
#703 = ( GEOMETRIC_REPRESENTATION_CONTEXT(2) 
PARAMETRIC_REPRESENTATION_CONTEXT() REPRESENTATION_CONTEXT('2D SPACE',''
  ) );
#704 = PCURVE('',#705,#710);
#705 = PLANE('',#706);
#706 = AXIS2_PLACEMENT_3D('',#707,#708,#709);
#707 = CARTESIAN_POINT('',(-582.731935446,-58.67276143884,
    101.69256913241));
#708 = DIRECTION('',(0.686433851315,-0.14645547757,0.712291626273));
#709 = DIRECTION('',(0.666817271786,0.517538437218,-0.536198370055));
#710 = DEFINITIONAL_REPRESENTATION('',(#711),#715);
#711 = LINE('',#712,#713);
#712 = CARTESIAN_POINT('',(73.964051471883,-11.58655846277));
#713 = VECTOR('',#714,1.);
#714 = DIRECTION('',(5.551115123126E-17,1.));
#715 = ( GEOMETRIC_REPRESENTATION_CONTEXT(2) 
PARAMETRIC_REPRESENTATION_CONTEXT() REPRESENTATION_CONTEXT('2D SPACE',''
  ) );
#716 = ORIENTED_EDGE('',*,*,#717,.T.);
#717 = EDGE_CURVE('',#690,#718,#720,.T.);
#718 = VERTEX_POINT('',#719);
#719 = CARTESIAN_POINT('',(-541.4602007578,-5.87612483061,
    66.035882703637));
#720 = SURFACE_CURVE('',#721,(#726,#737),.PCURVE_S1.);
#721 = CIRCLE('',#722,4.8);
#722 = AXIS2_PLACEMENT_3D('',#723,#724,#725);
#723 = CARTESIAN_POINT('',(-540.0676770454,-9.922683572242,
    63.861890969296));
#724 = DIRECTION('',(-0.666817271786,-0.517538437218,0.536198370055));
#725 = DIRECTION('',(0.686433851315,-0.14645547757,0.712291626273));
#726 = PCURVE('',#126,#727);
#727 = DEFINITIONAL_REPRESENTATION('',(#728),#736);
#728 = ( BOUNDED_CURVE() B_SPLINE_CURVE(2,(#729,#730,#731,#732,#733,#734
,#735),.UNSPECIFIED.,.T.,.F.) B_SPLINE_CURVE_WITH_KNOTS((1,2,2,2,2,1),(
    -2.094395102393,0.,2.094395102393,4.188790204786,6.28318530718,
8.377580409573),.UNSPECIFIED.) CURVE() GEOMETRIC_REPRESENTATION_ITEM() 
RATIONAL_B_SPLINE_CURVE((1.,0.5,1.,0.5,1.,0.5,1.)) REPRESENTATION_ITEM(
  '') );
#729 = CARTESIAN_POINT('',(28.107538789184,-4.665578136367));
#730 = CARTESIAN_POINT('',(36.421382665514,-4.665578136367));
#731 = CARTESIAN_POINT('',(32.264460727349,-11.86557813636));
#732 = CARTESIAN_POINT('',(28.107538789184,-19.06557813636));
#733 = CARTESIAN_POINT('',(23.950616851019,-11.86557813636));
#734 = CARTESIAN_POINT('',(19.793694912853,-4.665578136367));
#735 = CARTESIAN_POINT('',(28.107538789184,-4.665578136367));
#736 = ( GEOMETRIC_REPRESENTATION_CONTEXT(2) 
PARAMETRIC_REPRESENTATION_CONTEXT() REPRESENTATION_CONTEXT('2D SPACE',''
  ) );
#737 = PCURVE('',#738,#743);
#738 = CYLINDRICAL_SURFACE('',#739,4.8);
#739 = AXIS2_PLACEMENT_3D('',#740,#741,#742);
#740 = CARTESIAN_POINT('',(-638.7086910709,-86.48116279036,
    143.1806986531));
#741 = DIRECTION('',(-0.666817271786,-0.517538437218,0.536198370055));
#742 = DIRECTION('',(0.686433851315,-0.14645547757,0.712291626273));
#743 = DEFINITIONAL_REPRESENTATION('',(#744),#748);
#744 = LINE('',#745,#746);
#745 = CARTESIAN_POINT('',(0.,-147.9281029437));
#746 = VECTOR('',#747,1.);
#747 = DIRECTION('',(1.,0.));
#748 = ( GEOMETRIC_REPRESENTATION_CONTEXT(2) 
PARAMETRIC_REPRESENTATION_CONTEXT() REPRESENTATION_CONTEXT('2D SPACE',''
  ) );
#749 = ORIENTED_EDGE('',*,*,#750,.T.);
#750 = EDGE_CURVE('',#718,#751,#753,.T.);
#751 = VERTEX_POINT('',#752);
#752 = CARTESIAN_POINT('',(-559.8704537699,-1.948168200987,
    46.932120508704));
#753 = SURFACE_CURVE('',#754,(#758,#765),.PCURVE_S1.);
#754 = LINE('',#755,#756);
#755 = CARTESIAN_POINT('',(-541.4602007578,-5.87612483061,
    66.035882703637));
#756 = VECTOR('',#757,1.);
#757 = DIRECTION('',(-0.686433851315,0.14645547757,-0.712291626273));
#758 = PCURVE('',#126,#759);
#759 = DEFINITIONAL_REPRESENTATION('',(#760),#764);
#760 = LINE('',#761,#762);
#761 = CARTESIAN_POINT('',(32.907538789184,-9.465578136367));
#762 = VECTOR('',#763,1.);
#763 = DIRECTION('',(5.551115123126E-17,-1.));
#764 = ( GEOMETRIC_REPRESENTATION_CONTEXT(2) 
PARAMETRIC_REPRESENTATION_CONTEXT() REPRESENTATION_CONTEXT('2D SPACE',''
  ) );
#765 = PCURVE('',#766,#771);
#766 = PLANE('',#767);
#767 = AXIS2_PLACEMENT_3D('',#768,#769,#770);
#768 = CARTESIAN_POINT('',(-599.9858342766,-42.19138612486,
    96.143405448077));
#769 = DIRECTION('',(-0.290109106746,0.843033071173,0.452914944654));
#770 = DIRECTION('',(0.666817271786,0.517538437218,-0.536198370055));
#771 = DEFINITIONAL_REPRESENTATION('',(#772),#776);
#772 = LINE('',#773,#774);
#773 = CARTESIAN_POINT('',(73.964051471883,-13.41007074229));
#774 = VECTOR('',#775,1.);
#775 = DIRECTION('',(-5.551115123126E-17,1.));
#776 = ( GEOMETRIC_REPRESENTATION_CONTEXT(2) 
PARAMETRIC_REPRESENTATION_CONTEXT() REPRESENTATION_CONTEXT('2D SPACE',''
  ) );
#777 = ORIENTED_EDGE('',*,*,#778,.T.);
#778 = EDGE_CURVE('',#751,#779,#781,.T.);
#779 = VERTEX_POINT('',#780);
#780 = CARTESIAN_POINT('',(-562.9271271786,-0.458786168252,
    44.568386778252));
#781 = SURFACE_CURVE('',#782,(#787,#794),.PCURVE_S1.);
#782 = CIRCLE('',#783,8.);
#783 = AXIS2_PLACEMENT_3D('',#784,#785,#786);
#784 = CARTESIAN_POINT('',(-562.1913266239,4.796096368399,
    50.555440065939));
#785 = DIRECTION('',(0.666817271786,0.517538437218,-0.536198370055));
#786 = DIRECTION('',(0.290109106746,-0.843033071173,-0.452914944654));
#787 = PCURVE('',#126,#788);
#788 = DEFINITIONAL_REPRESENTATION('',(#789),#793);
#789 = CIRCLE('',#790,8.);
#790 = AXIS2_PLACEMENT_2D('',#791,#792);
#791 = CARTESIAN_POINT('',(40.907538789184,-36.28571962095));
#792 = DIRECTION('',(-1.,-2.22044604925E-16));
#793 = ( GEOMETRIC_REPRESENTATION_CONTEXT(2) 
PARAMETRIC_REPRESENTATION_CONTEXT() REPRESENTATION_CONTEXT('2D SPACE',''
  ) );
#794 = PCURVE('',#795,#800);
#795 = CYLINDRICAL_SURFACE('',#796,8.);
#796 = AXIS2_PLACEMENT_3D('',#797,#798,#799);
#797 = CARTESIAN_POINT('',(-660.8323406493,-71.76238284972,
    129.87424774975));
#798 = DIRECTION('',(-0.666817271786,-0.517538437218,0.536198370055));
#799 = DIRECTION('',(0.290109106746,-0.843033071173,-0.452914944654));
#800 = DEFINITIONAL_REPRESENTATION('',(#801),#805);
#801 = LINE('',#802,#803);
#802 = CARTESIAN_POINT('',(-0.,-147.9281029437));
#803 = VECTOR('',#804,1.);
#804 = DIRECTION('',(-1.,0.));
#805 = ( GEOMETRIC_REPRESENTATION_CONTEXT(2) 
PARAMETRIC_REPRESENTATION_CONTEXT() REPRESENTATION_CONTEXT('2D SPACE',''
  ) );
#806 = ORIENTED_EDGE('',*,*,#807,.T.);
#807 = EDGE_CURVE('',#779,#808,#810,.T.);
#808 = VERTEX_POINT('',#809);
#809 = CARTESIAN_POINT('',(-588.2140757333,18.291276620211,
    31.219043972559));
#810 = SURFACE_CURVE('',#811,(#815,#822),.PCURVE_S1.);
#811 = LINE('',#812,#813);
#812 = CARTESIAN_POINT('',(-562.9271271786,-0.458786168252,
    44.568386778252));
#813 = VECTOR('',#814,1.);
#814 = DIRECTION('',(-0.739523706629,0.548350699686,-0.390405170928));
#815 = PCURVE('',#126,#816);
#816 = DEFINITIONAL_REPRESENTATION('',(#817),#821);
#817 = LINE('',#818,#819);
#818 = CARTESIAN_POINT('',(33.979335558908,-40.28571962095));
#819 = VECTOR('',#820,1.);
#820 = DIRECTION('',(0.5,-0.866025403784));
#821 = ( GEOMETRIC_REPRESENTATION_CONTEXT(2) 
PARAMETRIC_REPRESENTATION_CONTEXT() REPRESENTATION_CONTEXT('2D SPACE',''
  ) );
#822 = PCURVE('',#823,#828);
#823 = PLANE('',#824);
#824 = AXIS2_PLACEMENT_3D('',#825,#826,#827);
#825 = CARTESIAN_POINT('',(-624.8911084687,-29.36299438308,
    77.553119217312));
#826 = DIRECTION('',(9.197506934612E-02,0.656860317081,0.748381660961));
#827 = DIRECTION('',(0.666817271786,0.517538437218,-0.536198370055));
#828 = DEFINITIONAL_REPRESENTATION('',(#829),#833);
#829 = LINE('',#830,#831);
#830 = CARTESIAN_POINT('',(73.964051471883,-17.09678021675));
#831 = VECTOR('',#832,1.);
#832 = DIRECTION('',(5.551115123126E-17,1.));
#833 = ( GEOMETRIC_REPRESENTATION_CONTEXT(2) 
PARAMETRIC_REPRESENTATION_CONTEXT() REPRESENTATION_CONTEXT('2D SPACE',''
  ) );
#834 = ORIENTED_EDGE('',*,*,#835,.T.);
#835 = EDGE_CURVE('',#808,#836,#838,.T.);
#836 = VERTEX_POINT('',#837);
#837 = CARTESIAN_POINT('',(-587.9197555114,20.393229634871,
    33.613865287634));
#838 = SURFACE_CURVE('',#839,(#843,#850),.PCURVE_S1.);
#839 = LINE('',#840,#841);
#840 = CARTESIAN_POINT('',(-588.2140757333,18.291276620211,
    31.219043972559));
#841 = VECTOR('',#842,1.);
#842 = DIRECTION('',(9.197506934612E-02,0.656860317081,0.748381660961));
#843 = PCURVE('',#126,#844);
#844 = DEFINITIONAL_REPRESENTATION('',(#845),#849);
#845 = LINE('',#846,#847);
#846 = CARTESIAN_POINT('',(51.076115775665,-69.89821160221));
#847 = VECTOR('',#848,1.);
#848 = DIRECTION('',(0.866025403784,0.5));
#849 = ( GEOMETRIC_REPRESENTATION_CONTEXT(2) 
PARAMETRIC_REPRESENTATION_CONTEXT() REPRESENTATION_CONTEXT('2D SPACE',''
  ) );
#850 = PCURVE('',#851,#856);
#851 = PLANE('',#852);
#852 = AXIS2_PLACEMENT_3D('',#853,#854,#855);
#853 = CARTESIAN_POINT('',(-588.2140757333,18.291276620211,
    31.219043972559));
#854 = DIRECTION('',(0.739523706629,-0.548350699686,0.390405170928));
#855 = DIRECTION('',(-0.666817271786,-0.517538437218,0.536198370055));
#856 = DEFINITIONAL_REPRESENTATION('',(#857),#861);
#857 = LINE('',#858,#859);
#858 = CARTESIAN_POINT('',(0.,-0.));
#859 = VECTOR('',#860,1.);
#860 = DIRECTION('',(-5.551115123126E-17,-1.));
#861 = ( GEOMETRIC_REPRESENTATION_CONTEXT(2) 
PARAMETRIC_REPRESENTATION_CONTEXT() REPRESENTATION_CONTEXT('2D SPACE',''
  ) );
#862 = ORIENTED_EDGE('',*,*,#863,.F.);
#863 = EDGE_CURVE('',#864,#836,#866,.T.);
#864 = VERTEX_POINT('',#865);
#865 = CARTESIAN_POINT('',(-562.6328069567,1.643166846409,
    46.963208093327));
#866 = SURFACE_CURVE('',#867,(#871,#878),.PCURVE_S1.);
#867 = LINE('',#868,#869);
#868 = CARTESIAN_POINT('',(-562.6328069567,1.643166846409,
    46.963208093327));
#869 = VECTOR('',#870,1.);
#870 = DIRECTION('',(-0.739523706629,0.548350699686,-0.390405170928));
#871 = PCURVE('',#126,#872);
#872 = DEFINITIONAL_REPRESENTATION('',(#873),#877);
#873 = LINE('',#874,#875);
#874 = CARTESIAN_POINT('',(36.750616851019,-38.68571962095));
#875 = VECTOR('',#876,1.);
#876 = DIRECTION('',(0.5,-0.866025403784));
#877 = ( GEOMETRIC_REPRESENTATION_CONTEXT(2) 
PARAMETRIC_REPRESENTATION_CONTEXT() REPRESENTATION_CONTEXT('2D SPACE',''
  ) );
#878 = PCURVE('',#879,#884);
#879 = PLANE('',#880);
#880 = AXIS2_PLACEMENT_3D('',#881,#882,#883);
#881 = CARTESIAN_POINT('',(-624.5967882468,-27.26104136842,
    79.947940532387));
#882 = DIRECTION('',(9.197506934612E-02,0.656860317081,0.748381660961));
#883 = DIRECTION('',(0.666817271786,0.517538437218,-0.536198370055));
#884 = DEFINITIONAL_REPRESENTATION('',(#885),#889);
#885 = LINE('',#886,#887);
#886 = CARTESIAN_POINT('',(73.964051471883,-17.09678021675));
#887 = VECTOR('',#888,1.);
#888 = DIRECTION('',(5.551115123126E-17,1.));
#889 = ( GEOMETRIC_REPRESENTATION_CONTEXT(2) 
PARAMETRIC_REPRESENTATION_CONTEXT() REPRESENTATION_CONTEXT('2D SPACE',''
  ) );
#890 = ORIENTED_EDGE('',*,*,#891,.T.);
#891 = EDGE_CURVE('',#864,#892,#894,.T.);
#892 = VERTEX_POINT('',#893);
#893 = CARTESIAN_POINT('',(-560.7988029115,0.749537626768,
    48.381448331598));
#894 = SURFACE_CURVE('',#895,(#900,#911),.PCURVE_S1.);
#895 = CIRCLE('',#896,4.8);
#896 = AXIS2_PLACEMENT_3D('',#897,#898,#899);
#897 = CARTESIAN_POINT('',(-562.1913266239,4.796096368399,
    50.555440065939));
#898 = DIRECTION('',(-0.666817271786,-0.517538437218,0.536198370055));
#899 = DIRECTION('',(-9.197506934612E-02,-0.656860317081,-0.748381660961
    ));
#900 = PCURVE('',#126,#901);
#901 = DEFINITIONAL_REPRESENTATION('',(#902),#910);
#902 = ( BOUNDED_CURVE() B_SPLINE_CURVE(2,(#903,#904,#905,#906,#907,#908
,#909),.UNSPECIFIED.,.T.,.F.) B_SPLINE_CURVE_WITH_KNOTS((1,2,2,2,2,1),(
    -2.094395102393,0.,2.094395102393,4.188790204786,6.28318530718,
8.377580409573),.UNSPECIFIED.) CURVE() GEOMETRIC_REPRESENTATION_ITEM() 
RATIONAL_B_SPLINE_CURVE((1.,0.5,1.,0.5,1.,0.5,1.)) REPRESENTATION_ITEM(
  '') );
#903 = CARTESIAN_POINT('',(36.750616851019,-38.68571962095));
#904 = CARTESIAN_POINT('',(32.593694912853,-31.48571962095));
#905 = CARTESIAN_POINT('',(40.907538789184,-31.48571962095));
#906 = CARTESIAN_POINT('',(49.221382665514,-31.48571962095));
#907 = CARTESIAN_POINT('',(45.064460727349,-38.68571962095));
#908 = CARTESIAN_POINT('',(40.907538789184,-45.88571962095));
#909 = CARTESIAN_POINT('',(36.750616851019,-38.68571962095));
#910 = ( GEOMETRIC_REPRESENTATION_CONTEXT(2) 
PARAMETRIC_REPRESENTATION_CONTEXT() REPRESENTATION_CONTEXT('2D SPACE',''
  ) );
#911 = PCURVE('',#912,#917);
#912 = CYLINDRICAL_SURFACE('',#913,4.8);
#913 = AXIS2_PLACEMENT_3D('',#914,#915,#916);
#914 = CARTESIAN_POINT('',(-660.8323406493,-71.76238284972,
    129.87424774975));
#915 = DIRECTION('',(-0.666817271786,-0.517538437218,0.536198370055));
#916 = DIRECTION('',(-9.197506934612E-02,-0.656860317081,-0.748381660961
    ));
#917 = DEFINITIONAL_REPRESENTATION('',(#918),#922);
#918 = LINE('',#919,#920);
#919 = CARTESIAN_POINT('',(0.,-147.9281029437));
#920 = VECTOR('',#921,1.);
#921 = DIRECTION('',(1.,0.));
#922 = ( GEOMETRIC_REPRESENTATION_CONTEXT(2) 
PARAMETRIC_REPRESENTATION_CONTEXT() REPRESENTATION_CONTEXT('2D SPACE',''
  ) );
#923 = ORIENTED_EDGE('',*,*,#924,.F.);
#924 = EDGE_CURVE('',#925,#892,#927,.T.);
#925 = VERTEX_POINT('',#926);
#926 = CARTESIAN_POINT('',(-542.3885498994,-3.178419002856,
    67.485210526531));
#927 = SURFACE_CURVE('',#928,(#932,#939),.PCURVE_S1.);
#928 = LINE('',#929,#930);
#929 = CARTESIAN_POINT('',(-542.3885498994,-3.178419002856,
    67.485210526531));
#930 = VECTOR('',#931,1.);
#931 = DIRECTION('',(-0.686433851315,0.14645547757,-0.712291626273));
#932 = PCURVE('',#126,#933);
#933 = DEFINITIONAL_REPRESENTATION('',(#934),#938);
#934 = LINE('',#935,#936);
#935 = CARTESIAN_POINT('',(36.107538789184,-9.465578136366));
#936 = VECTOR('',#937,1.);
#937 = DIRECTION('',(5.551115123126E-17,-1.));
#938 = ( GEOMETRIC_REPRESENTATION_CONTEXT(2) 
PARAMETRIC_REPRESENTATION_CONTEXT() REPRESENTATION_CONTEXT('2D SPACE',''
  ) );
#939 = PCURVE('',#940,#945);
#940 = PLANE('',#941);
#941 = AXIS2_PLACEMENT_3D('',#942,#943,#944);
#942 = CARTESIAN_POINT('',(-600.9141834182,-39.4936802971,
    97.592733270971));
#943 = DIRECTION('',(-0.290109106746,0.843033071173,0.452914944654));
#944 = DIRECTION('',(0.666817271786,0.517538437218,-0.536198370055));
#945 = DEFINITIONAL_REPRESENTATION('',(#946),#950);
#946 = LINE('',#947,#948);
#947 = CARTESIAN_POINT('',(73.964051471883,-13.41007074229));
#948 = VECTOR('',#949,1.);
#949 = DIRECTION('',(-5.551115123126E-17,1.));
#950 = ( GEOMETRIC_REPRESENTATION_CONTEXT(2) 
PARAMETRIC_REPRESENTATION_CONTEXT() REPRESENTATION_CONTEXT('2D SPACE',''
  ) );
#951 = ORIENTED_EDGE('',*,*,#952,.T.);
#952 = EDGE_CURVE('',#925,#953,#955,.T.);
#953 = VERTEX_POINT('',#954);
#954 = CARTESIAN_POINT('',(-534.5762062349,-11.0943273928,
    69.560223979482));
#955 = SURFACE_CURVE('',#956,(#961,#968),.PCURVE_S1.);
#956 = CIRCLE('',#957,8.);
#957 = AXIS2_PLACEMENT_3D('',#958,#959,#960);
#958 = CARTESIAN_POINT('',(-540.0676770454,-9.922683572242,
    63.861890969296));
#959 = DIRECTION('',(0.666817271786,0.517538437218,-0.536198370055));
#960 = DIRECTION('',(-0.290109106746,0.843033071173,0.452914944654));
#961 = PCURVE('',#126,#962);
#962 = DEFINITIONAL_REPRESENTATION('',(#963),#967);
#963 = CIRCLE('',#964,8.);
#964 = AXIS2_PLACEMENT_2D('',#965,#966);
#965 = CARTESIAN_POINT('',(28.107538789184,-9.465578136367));
#966 = DIRECTION('',(1.,3.885780586188E-16));
#967 = ( GEOMETRIC_REPRESENTATION_CONTEXT(2) 
PARAMETRIC_REPRESENTATION_CONTEXT() REPRESENTATION_CONTEXT('2D SPACE',''
  ) );
#968 = PCURVE('',#969,#974);
#969 = CYLINDRICAL_SURFACE('',#970,8.);
#970 = AXIS2_PLACEMENT_3D('',#971,#972,#973);
#971 = CARTESIAN_POINT('',(-638.7086910709,-86.48116279036,
    143.1806986531));
#972 = DIRECTION('',(-0.666817271786,-0.517538437218,0.536198370055));
#973 = DIRECTION('',(-0.290109106746,0.843033071173,0.452914944654));
#974 = DEFINITIONAL_REPRESENTATION('',(#975),#979);
#975 = LINE('',#976,#977);
#976 = CARTESIAN_POINT('',(-0.,-147.9281029437));
#977 = VECTOR('',#978,1.);
#978 = DIRECTION('',(-1.,0.));
#979 = ( GEOMETRIC_REPRESENTATION_CONTEXT(2) 
PARAMETRIC_REPRESENTATION_CONTEXT() REPRESENTATION_CONTEXT('2D SPACE',''
  ) );
#980 = ORIENTED_EDGE('',*,*,#981,.F.);
#981 = EDGE_CURVE('',#982,#953,#984,.T.);
#982 = VERTEX_POINT('',#983);
#983 = CARTESIAN_POINT('',(-527.8534739831,-30.6300313232,
    59.064773009677));
#984 = SURFACE_CURVE('',#985,(#989,#996),.PCURVE_S1.);
#985 = LINE('',#986,#987);
#986 = CARTESIAN_POINT('',(-527.8534739831,-30.6300313232,
    59.064773009677));
#987 = VECTOR('',#988,1.);
#988 = DIRECTION('',(-0.290109106746,0.843033071173,0.452914944654));
#989 = PCURVE('',#126,#990);
#990 = DEFINITIONAL_REPRESENTATION('',(#991),#995);
#991 = LINE('',#992,#993);
#992 = CARTESIAN_POINT('',(4.934421863633,-1.465578136367));
#993 = VECTOR('',#994,1.);
#994 = DIRECTION('',(1.,-5.551115123126E-17));
#995 = ( GEOMETRIC_REPRESENTATION_CONTEXT(2) 
PARAMETRIC_REPRESENTATION_CONTEXT() REPRESENTATION_CONTEXT('2D SPACE',''
  ) );
#996 = PCURVE('',#997,#1002);
#997 = PLANE('',#998);
#998 = AXIS2_PLACEMENT_3D('',#999,#1000,#1001);
#999 = CARTESIAN_POINT('',(-580.5353471217,-59.14141896706,
    103.97190233648));
#1000 = DIRECTION('',(0.686433851315,-0.14645547757,0.712291626273));
#1001 = DIRECTION('',(0.666817271786,0.517538437218,-0.536198370055));
#1002 = DEFINITIONAL_REPRESENTATION('',(#1003),#1007);
#1003 = LINE('',#1004,#1005);
#1004 = CARTESIAN_POINT('',(73.964051471883,-11.58655846277));
#1005 = VECTOR('',#1006,1.);
#1006 = DIRECTION('',(5.551115123126E-17,1.));
#1007 = ( GEOMETRIC_REPRESENTATION_CONTEXT(2) 
PARAMETRIC_REPRESENTATION_CONTEXT() REPRESENTATION_CONTEXT('2D SPACE',''
  ) );
#1008 = ORIENTED_EDGE('',*,*,#1009,.T.);
#1009 = EDGE_CURVE('',#982,#85,#1010,.T.);
#1010 = SURFACE_CURVE('',#1011,(#1016,#1027),.PCURVE_S1.);
#1011 = CIRCLE('',#1012,6.4);
#1012 = AXIS2_PLACEMENT_3D('',#1013,#1014,#1015);
#1013 = CARTESIAN_POINT('',(-523.4602973347,-31.56734637965,
    63.623439417825));
#1014 = DIRECTION('',(-0.666817271786,-0.517538437218,0.536198370055));
#1015 = DIRECTION('',(-0.686433851315,0.14645547757,-0.712291626273));
#1016 = PCURVE('',#126,#1017);
#1017 = DEFINITIONAL_REPRESENTATION('',(#1018),#1026);
#1018 = ( BOUNDED_CURVE() B_SPLINE_CURVE(2,(#1019,#1020,#1021,#1022,
#1023,#1024,#1025),.UNSPECIFIED.,.T.,.F.) B_SPLINE_CURVE_WITH_KNOTS((1,2
    ,2,2,2,1),(-2.094395102393,0.,2.094395102393,4.188790204786,
6.28318530718,8.377580409573),.UNSPECIFIED.) CURVE() 
GEOMETRIC_REPRESENTATION_ITEM() RATIONAL_B_SPLINE_CURVE((1.,0.5,1.,0.5,
1.,0.5,1.)) REPRESENTATION_ITEM('') );
#1019 = CARTESIAN_POINT('',(4.934421863633,-1.465578136367));
#1020 = CARTESIAN_POINT('',(-6.150703304807,-1.465578136367));
#1021 = CARTESIAN_POINT('',(-0.608140720587,8.134421863633));
#1022 = CARTESIAN_POINT('',(4.934421863633,17.734421863633));
#1023 = CARTESIAN_POINT('',(10.476984447854,8.134421863633));
#1024 = CARTESIAN_POINT('',(16.019547032074,-1.465578136366));
#1025 = CARTESIAN_POINT('',(4.934421863633,-1.465578136367));
#1026 = ( GEOMETRIC_REPRESENTATION_CONTEXT(2) 
PARAMETRIC_REPRESENTATION_CONTEXT() REPRESENTATION_CONTEXT('2D SPACE',''
  ) );
#1027 = PCURVE('',#1028,#1033);
#1028 = CYLINDRICAL_SURFACE('',#1029,6.4);
#1029 = AXIS2_PLACEMENT_3D('',#1030,#1031,#1032);
#1030 = CARTESIAN_POINT('',(-622.1013113602,-108.1258255977,
    142.94224710163));
#1031 = DIRECTION('',(-0.666817271786,-0.517538437218,0.536198370055));
#1032 = DIRECTION('',(-0.686433851315,0.14645547757,-0.712291626273));
#1033 = DEFINITIONAL_REPRESENTATION('',(#1034),#1038);
#1034 = LINE('',#1035,#1036);
#1035 = CARTESIAN_POINT('',(0.,-147.9281029437));
#1036 = VECTOR('',#1037,1.);
#1037 = DIRECTION('',(1.,0.));
#1038 = ( GEOMETRIC_REPRESENTATION_CONTEXT(2) 
PARAMETRIC_REPRESENTATION_CONTEXT() REPRESENTATION_CONTEXT('2D SPACE',''
  ) );
#1039 = ORIENTED_EDGE('',*,*,#112,.T.);
#1040 = ADVANCED_FACE('',(#1041,#1310,#1340,#1370,#1464),#100,.T.);
#1041 = FACE_BOUND('',#1042,.T.);
#1042 = EDGE_LOOP('',(#1043,#1044,#1067,#1090,#1113,#1141,#1164,#1187,
    #1215,#1238,#1261,#1289));
#1043 = ORIENTED_EDGE('',*,*,#84,.T.);
#1044 = ORIENTED_EDGE('',*,*,#1045,.F.);
#1045 = EDGE_CURVE('',#1046,#85,#1048,.T.);
#1046 = VERTEX_POINT('',#1047);
#1047 = CARTESIAN_POINT('',(-620.244613077,-113.5212372532,
    140.04359145585));
#1048 = SURFACE_CURVE('',#1049,(#1053,#1060),.PCURVE_S1.);
#1049 = LINE('',#1050,#1051);
#1050 = CARTESIAN_POINT('',(-620.244613077,-113.5212372532,
    140.04359145585));
#1051 = VECTOR('',#1052,1.);
#1052 = DIRECTION('',(0.666817271786,0.517538437218,-0.536198370055));
#1053 = PCURVE('',#100,#1054);
#1054 = DEFINITIONAL_REPRESENTATION('',(#1055),#1059);
#1055 = LINE('',#1056,#1057);
#1056 = CARTESIAN_POINT('',(99.953172149825,73.964051471883));
#1057 = VECTOR('',#1058,1.);
#1058 = DIRECTION('',(0.,-1.));
#1059 = ( GEOMETRIC_REPRESENTATION_CONTEXT(2) 
PARAMETRIC_REPRESENTATION_CONTEXT() REPRESENTATION_CONTEXT('2D SPACE',''
  ) );
#1060 = PCURVE('',#1028,#1061);
#1061 = DEFINITIONAL_REPRESENTATION('',(#1062),#1066);
#1062 = LINE('',#1063,#1064);
#1063 = CARTESIAN_POINT('',(1.570796326795,0.));
#1064 = VECTOR('',#1065,1.);
#1065 = DIRECTION('',(0.,-1.));
#1066 = ( GEOMETRIC_REPRESENTATION_CONTEXT(2) 
PARAMETRIC_REPRESENTATION_CONTEXT() REPRESENTATION_CONTEXT('2D SPACE',''
  ) );
#1067 = ORIENTED_EDGE('',*,*,#1068,.T.);
#1068 = EDGE_CURVE('',#1046,#1069,#1071,.T.);
#1069 = VERTEX_POINT('',#1070);
#1070 = CARTESIAN_POINT('',(-627.3128761579,-119.0071446877,
    145.72729417843));
#1071 = SURFACE_CURVE('',#1072,(#1076,#1083),.PCURVE_S1.);
#1072 = LINE('',#1073,#1074);
#1073 = CARTESIAN_POINT('',(-514.5353359706,-31.47685060065,
    55.041081049452));
#1074 = VECTOR('',#1075,1.);
#1075 = DIRECTION('',(-0.666817271786,-0.517538437218,0.536198370055));
#1076 = PCURVE('',#100,#1077);
#1077 = DEFINITIONAL_REPRESENTATION('',(#1078),#1082);
#1078 = LINE('',#1079,#1080);
#1079 = CARTESIAN_POINT('',(99.953172149825,-84.56405147188));
#1080 = VECTOR('',#1081,1.);
#1081 = DIRECTION('',(0.,1.));
#1082 = ( GEOMETRIC_REPRESENTATION_CONTEXT(2) 
PARAMETRIC_REPRESENTATION_CONTEXT() REPRESENTATION_CONTEXT('2D SPACE',''
  ) );
#1083 = PCURVE('',#186,#1084);
#1084 = DEFINITIONAL_REPRESENTATION('',(#1085),#1089);
#1085 = LINE('',#1086,#1087);
#1086 = CARTESIAN_POINT('',(-8.326672684689E-15,-3.2));
#1087 = VECTOR('',#1088,1.);
#1088 = DIRECTION('',(1.,2.775557561563E-17));
#1089 = ( GEOMETRIC_REPRESENTATION_CONTEXT(2) 
PARAMETRIC_REPRESENTATION_CONTEXT() REPRESENTATION_CONTEXT('2D SPACE',''
  ) );
#1090 = ORIENTED_EDGE('',*,*,#1091,.T.);
#1091 = EDGE_CURVE('',#1069,#1092,#1094,.T.);
#1092 = VERTEX_POINT('',#1093);
#1093 = CARTESIAN_POINT('',(-623.3315598203,-119.8565864577,
    149.85858561082));
#1094 = SURFACE_CURVE('',#1095,(#1099,#1106),.PCURVE_S1.);
#1095 = LINE('',#1096,#1097);
#1096 = CARTESIAN_POINT('',(-627.3128761579,-119.0071446877,
    145.72729417843));
#1097 = VECTOR('',#1098,1.);
#1098 = DIRECTION('',(0.686433851315,-0.14645547757,0.712291626273));
#1099 = PCURVE('',#100,#1100);
#1100 = DEFINITIONAL_REPRESENTATION('',(#1101),#1105);
#1101 = LINE('',#1102,#1103);
#1102 = CARTESIAN_POINT('',(99.953172149825,84.564051471883));
#1103 = VECTOR('',#1104,1.);
#1104 = DIRECTION('',(-1.,-5.551115123126E-17));
#1105 = ( GEOMETRIC_REPRESENTATION_CONTEXT(2) 
PARAMETRIC_REPRESENTATION_CONTEXT() REPRESENTATION_CONTEXT('2D SPACE',''
  ) );
#1106 = PCURVE('',#214,#1107);
#1107 = DEFINITIONAL_REPRESENTATION('',(#1108),#1112);
#1108 = LINE('',#1109,#1110);
#1109 = CARTESIAN_POINT('',(2.109423746788E-14,-3.2));
#1110 = VECTOR('',#1111,1.);
#1111 = DIRECTION('',(1.,5.551115123126E-17));
#1112 = ( GEOMETRIC_REPRESENTATION_CONTEXT(2) 
PARAMETRIC_REPRESENTATION_CONTEXT() REPRESENTATION_CONTEXT('2D SPACE',''
  ) );
#1113 = ORIENTED_EDGE('',*,*,#1114,.F.);
#1114 = EDGE_CURVE('',#1115,#1092,#1117,.T.);
#1115 = VERTEX_POINT('',#1116);
#1116 = CARTESIAN_POINT('',(-494.0717106757,-147.4350820415,
    283.98761782956));
#1117 = SURFACE_CURVE('',#1118,(#1122,#1129),.PCURVE_S1.);
#1118 = LINE('',#1119,#1120);
#1119 = CARTESIAN_POINT('',(-494.0717106757,-147.4350820415,
    283.98761782956));
#1120 = VECTOR('',#1121,1.);
#1121 = DIRECTION('',(-0.686433851315,0.14645547757,-0.712291626273));
#1122 = PCURVE('',#100,#1123);
#1123 = DEFINITIONAL_REPRESENTATION('',(#1124),#1128);
#1124 = LINE('',#1125,#1126);
#1125 = CARTESIAN_POINT('',(-94.15317214982,84.564051471883));
#1126 = VECTOR('',#1127,1.);
#1127 = DIRECTION('',(1.,5.551115123126E-17));
#1128 = ( GEOMETRIC_REPRESENTATION_CONTEXT(2) 
PARAMETRIC_REPRESENTATION_CONTEXT() REPRESENTATION_CONTEXT('2D SPACE',''
  ) );
#1129 = PCURVE('',#1130,#1135);
#1130 = CYLINDRICAL_SURFACE('',#1131,1.6);
#1131 = AXIS2_PLACEMENT_3D('',#1132,#1133,#1134);
#1132 = CARTESIAN_POINT('',(-494.5358852465,-146.0862291277,
    284.71228174101));
#1133 = DIRECTION('',(0.686433851315,-0.14645547757,0.712291626273));
#1134 = DIRECTION('',(-0.666817271786,-0.517538437218,0.536198370055));
#1135 = DEFINITIONAL_REPRESENTATION('',(#1136),#1140);
#1136 = LINE('',#1137,#1138);
#1137 = CARTESIAN_POINT('',(1.570796326795,0.));
#1138 = VECTOR('',#1139,1.);
#1139 = DIRECTION('',(0.,-1.));
#1140 = ( GEOMETRIC_REPRESENTATION_CONTEXT(2) 
PARAMETRIC_REPRESENTATION_CONTEXT() REPRESENTATION_CONTEXT('2D SPACE',''
  ) );
#1141 = ORIENTED_EDGE('',*,*,#1142,.T.);
#1142 = EDGE_CURVE('',#1115,#1143,#1145,.T.);
#1143 = VERTEX_POINT('',#1144);
#1144 = CARTESIAN_POINT('',(-490.090394338,-148.2845238115,
    288.11890926195));
#1145 = SURFACE_CURVE('',#1146,(#1150,#1157),.PCURVE_S1.);
#1146 = LINE('',#1147,#1148);
#1147 = CARTESIAN_POINT('',(-627.3128761579,-119.0071446877,
    145.72729417843));
#1148 = VECTOR('',#1149,1.);
#1149 = DIRECTION('',(0.686433851315,-0.14645547757,0.712291626273));
#1150 = PCURVE('',#100,#1151);
#1151 = DEFINITIONAL_REPRESENTATION('',(#1152),#1156);
#1152 = LINE('',#1153,#1154);
#1153 = CARTESIAN_POINT('',(99.953172149825,84.564051471883));
#1154 = VECTOR('',#1155,1.);
#1155 = DIRECTION('',(-1.,-5.551115123126E-17));
#1156 = ( GEOMETRIC_REPRESENTATION_CONTEXT(2) 
PARAMETRIC_REPRESENTATION_CONTEXT() REPRESENTATION_CONTEXT('2D SPACE',''
  ) );
#1157 = PCURVE('',#270,#1158);
#1158 = DEFINITIONAL_REPRESENTATION('',(#1159),#1163);
#1159 = LINE('',#1160,#1161);
#1160 = CARTESIAN_POINT('',(2.109423746788E-14,-3.2));
#1161 = VECTOR('',#1162,1.);
#1162 = DIRECTION('',(1.,5.551115123126E-17));
#1163 = ( GEOMETRIC_REPRESENTATION_CONTEXT(2) 
PARAMETRIC_REPRESENTATION_CONTEXT() REPRESENTATION_CONTEXT('2D SPACE',''
  ) );
#1164 = ORIENTED_EDGE('',*,*,#1165,.T.);
#1165 = EDGE_CURVE('',#1143,#1166,#1168,.T.);
#1166 = VERTEX_POINT('',#1167);
#1167 = CARTESIAN_POINT('',(-485.1559465268,-144.454739376,
    284.15104132354));
#1168 = SURFACE_CURVE('',#1169,(#1173,#1180),.PCURVE_S1.);
#1169 = LINE('',#1170,#1171);
#1170 = CARTESIAN_POINT('',(-490.090394338,-148.2845238115,
    288.11890926195));
#1171 = VECTOR('',#1172,1.);
#1172 = DIRECTION('',(0.666817271786,0.517538437218,-0.536198370055));
#1173 = PCURVE('',#100,#1174);
#1174 = DEFINITIONAL_REPRESENTATION('',(#1175),#1179);
#1175 = LINE('',#1176,#1177);
#1176 = CARTESIAN_POINT('',(-99.95317214982,84.564051471883));
#1177 = VECTOR('',#1178,1.);
#1178 = DIRECTION('',(0.,-1.));
#1179 = ( GEOMETRIC_REPRESENTATION_CONTEXT(2) 
PARAMETRIC_REPRESENTATION_CONTEXT() REPRESENTATION_CONTEXT('2D SPACE',''
  ) );
#1180 = PCURVE('',#298,#1181);
#1181 = DEFINITIONAL_REPRESENTATION('',(#1182),#1186);
#1182 = LINE('',#1183,#1184);
#1183 = CARTESIAN_POINT('',(-1.42108547152E-14,-3.2));
#1184 = VECTOR('',#1185,1.);
#1185 = DIRECTION('',(1.,-2.775557561563E-17));
#1186 = ( GEOMETRIC_REPRESENTATION_CONTEXT(2) 
PARAMETRIC_REPRESENTATION_CONTEXT() REPRESENTATION_CONTEXT('2D SPACE',''
  ) );
#1187 = ORIENTED_EDGE('',*,*,#1188,.F.);
#1188 = EDGE_CURVE('',#1189,#1166,#1191,.T.);
#1189 = VERTEX_POINT('',#1190);
#1190 = CARTESIAN_POINT('',(-382.2473019619,-64.58401415976,
    201.40056407137));
#1191 = SURFACE_CURVE('',#1192,(#1196,#1203),.PCURVE_S1.);
#1192 = LINE('',#1193,#1194);
#1193 = CARTESIAN_POINT('',(-382.2473019619,-64.58401415976,
    201.40056407137));
#1194 = VECTOR('',#1195,1.);
#1195 = DIRECTION('',(-0.666817271786,-0.517538437218,0.536198370055));
#1196 = PCURVE('',#100,#1197);
#1197 = DEFINITIONAL_REPRESENTATION('',(#1198),#1202);
#1198 = LINE('',#1199,#1200);
#1199 = CARTESIAN_POINT('',(-99.95317214982,-77.16405147188));
#1200 = VECTOR('',#1201,1.);
#1201 = DIRECTION('',(0.,1.));
#1202 = ( GEOMETRIC_REPRESENTATION_CONTEXT(2) 
PARAMETRIC_REPRESENTATION_CONTEXT() REPRESENTATION_CONTEXT('2D SPACE',''
  ) );
#1203 = PCURVE('',#1204,#1209);
#1204 = CYLINDRICAL_SURFACE('',#1205,3.2);
#1205 = AXIS2_PLACEMENT_3D('',#1206,#1207,#1208);
#1206 = CARTESIAN_POINT('',(-383.1756511035,-61.88630833201,
    202.84989189427));
#1207 = DIRECTION('',(0.666817271786,0.517538437218,-0.536198370055));
#1208 = DIRECTION('',(0.686433851315,-0.14645547757,0.712291626273));
#1209 = DEFINITIONAL_REPRESENTATION('',(#1210),#1214);
#1210 = LINE('',#1211,#1212);
#1211 = CARTESIAN_POINT('',(1.570796326795,0.));
#1212 = VECTOR('',#1213,1.);
#1213 = DIRECTION('',(0.,-1.));
#1214 = ( GEOMETRIC_REPRESENTATION_CONTEXT(2) 
PARAMETRIC_REPRESENTATION_CONTEXT() REPRESENTATION_CONTEXT('2D SPACE',''
  ) );
#1215 = ORIENTED_EDGE('',*,*,#1216,.T.);
#1216 = EDGE_CURVE('',#1189,#1217,#1219,.T.);
#1217 = VERTEX_POINT('',#1218);
#1218 = CARTESIAN_POINT('',(-377.3128541507,-60.75422972435,
    197.43269613296));
#1219 = SURFACE_CURVE('',#1220,(#1224,#1231),.PCURVE_S1.);
#1220 = LINE('',#1221,#1222);
#1221 = CARTESIAN_POINT('',(-490.090394338,-148.2845238115,
    288.11890926195));
#1222 = VECTOR('',#1223,1.);
#1223 = DIRECTION('',(0.666817271786,0.517538437218,-0.536198370055));
#1224 = PCURVE('',#100,#1225);
#1225 = DEFINITIONAL_REPRESENTATION('',(#1226),#1230);
#1226 = LINE('',#1227,#1228);
#1227 = CARTESIAN_POINT('',(-99.95317214982,84.564051471883));
#1228 = VECTOR('',#1229,1.);
#1229 = DIRECTION('',(0.,-1.));
#1230 = ( GEOMETRIC_REPRESENTATION_CONTEXT(2) 
PARAMETRIC_REPRESENTATION_CONTEXT() REPRESENTATION_CONTEXT('2D SPACE',''
  ) );
#1231 = PCURVE('',#354,#1232);
#1232 = DEFINITIONAL_REPRESENTATION('',(#1233),#1237);
#1233 = LINE('',#1234,#1235);
#1234 = CARTESIAN_POINT('',(-1.42108547152E-14,-3.2));
#1235 = VECTOR('',#1236,1.);
#1236 = DIRECTION('',(1.,-2.775557561563E-17));
#1237 = ( GEOMETRIC_REPRESENTATION_CONTEXT(2) 
PARAMETRIC_REPRESENTATION_CONTEXT() REPRESENTATION_CONTEXT('2D SPACE',''
  ) );
#1238 = ORIENTED_EDGE('',*,*,#1239,.T.);
#1239 = EDGE_CURVE('',#1217,#1240,#1242,.T.);
#1240 = VERTEX_POINT('',#1241);
#1241 = CARTESIAN_POINT('',(-382.3924646505,-59.67045919033,
    192.16173809854));
#1242 = SURFACE_CURVE('',#1243,(#1247,#1254),.PCURVE_S1.);
#1243 = LINE('',#1244,#1245);
#1244 = CARTESIAN_POINT('',(-377.3128541507,-60.75422972435,
    197.43269613296));
#1245 = VECTOR('',#1246,1.);
#1246 = DIRECTION('',(-0.686433851315,0.14645547757,-0.712291626273));
#1247 = PCURVE('',#100,#1248);
#1248 = DEFINITIONAL_REPRESENTATION('',(#1249),#1253);
#1249 = LINE('',#1250,#1251);
#1250 = CARTESIAN_POINT('',(-99.95317214982,-84.56405147188));
#1251 = VECTOR('',#1252,1.);
#1252 = DIRECTION('',(1.,5.551115123126E-17));
#1253 = ( GEOMETRIC_REPRESENTATION_CONTEXT(2) 
PARAMETRIC_REPRESENTATION_CONTEXT() REPRESENTATION_CONTEXT('2D SPACE',''
  ) );
#1254 = PCURVE('',#382,#1255);
#1255 = DEFINITIONAL_REPRESENTATION('',(#1256),#1260);
#1256 = LINE('',#1257,#1258);
#1257 = CARTESIAN_POINT('',(-1.998401444325E-15,-3.2));
#1258 = VECTOR('',#1259,1.);
#1259 = DIRECTION('',(1.,-5.551115123126E-17));
#1260 = ( GEOMETRIC_REPRESENTATION_CONTEXT(2) 
PARAMETRIC_REPRESENTATION_CONTEXT() REPRESENTATION_CONTEXT('2D SPACE',''
  ) );
#1261 = ORIENTED_EDGE('',*,*,#1262,.F.);
#1262 = EDGE_CURVE('',#1263,#1240,#1265,.T.);
#1263 = VERTEX_POINT('',#1264);
#1264 = CARTESIAN_POINT('',(-509.4557254709,-32.56062113467,
    60.312039083873));
#1265 = SURFACE_CURVE('',#1266,(#1270,#1277),.PCURVE_S1.);
#1266 = LINE('',#1267,#1268);
#1267 = CARTESIAN_POINT('',(-509.4557254709,-32.56062113467,
    60.312039083873));
#1268 = VECTOR('',#1269,1.);
#1269 = DIRECTION('',(0.686433851315,-0.14645547757,0.712291626273));
#1270 = PCURVE('',#100,#1271);
#1271 = DEFINITIONAL_REPRESENTATION('',(#1272),#1276);
#1272 = LINE('',#1273,#1274);
#1273 = CARTESIAN_POINT('',(92.553172149825,-84.56405147188));
#1274 = VECTOR('',#1275,1.);
#1275 = DIRECTION('',(-1.,-5.551115123126E-17));
#1276 = ( GEOMETRIC_REPRESENTATION_CONTEXT(2) 
PARAMETRIC_REPRESENTATION_CONTEXT() REPRESENTATION_CONTEXT('2D SPACE',''
  ) );
#1277 = PCURVE('',#1278,#1283);
#1278 = CYLINDRICAL_SURFACE('',#1279,3.2);
#1279 = AXIS2_PLACEMENT_3D('',#1280,#1281,#1282);
#1280 = CARTESIAN_POINT('',(-510.3840746125,-29.86291530691,
    61.761366906767));
#1281 = DIRECTION('',(-0.686433851315,0.14645547757,-0.712291626273));
#1282 = DIRECTION('',(0.666817271786,0.517538437218,-0.536198370055));
#1283 = DEFINITIONAL_REPRESENTATION('',(#1284),#1288);
#1284 = LINE('',#1285,#1286);
#1285 = CARTESIAN_POINT('',(1.570796326795,0.));
#1286 = VECTOR('',#1287,1.);
#1287 = DIRECTION('',(0.,-1.));
#1288 = ( GEOMETRIC_REPRESENTATION_CONTEXT(2) 
PARAMETRIC_REPRESENTATION_CONTEXT() REPRESENTATION_CONTEXT('2D SPACE',''
  ) );
#1289 = ORIENTED_EDGE('',*,*,#1290,.T.);
#1290 = EDGE_CURVE('',#1263,#57,#1291,.T.);
#1291 = SURFACE_CURVE('',#1292,(#1296,#1303),.PCURVE_S1.);
#1292 = LINE('',#1293,#1294);
#1293 = CARTESIAN_POINT('',(-377.3128541507,-60.75422972435,
    197.43269613296));
#1294 = VECTOR('',#1295,1.);
#1295 = DIRECTION('',(-0.686433851315,0.14645547757,-0.712291626273));
#1296 = PCURVE('',#100,#1297);
#1297 = DEFINITIONAL_REPRESENTATION('',(#1298),#1302);
#1298 = LINE('',#1299,#1300);
#1299 = CARTESIAN_POINT('',(-99.95317214982,-84.56405147188));
#1300 = VECTOR('',#1301,1.);
#1301 = DIRECTION('',(1.,5.551115123126E-17));
#1302 = ( GEOMETRIC_REPRESENTATION_CONTEXT(2) 
PARAMETRIC_REPRESENTATION_CONTEXT() REPRESENTATION_CONTEXT('2D SPACE',''
  ) );
#1303 = PCURVE('',#72,#1304);
#1304 = DEFINITIONAL_REPRESENTATION('',(#1305),#1309);
#1305 = LINE('',#1306,#1307);
#1306 = CARTESIAN_POINT('',(-1.998401444325E-15,-3.2));
#1307 = VECTOR('',#1308,1.);
#1308 = DIRECTION('',(1.,-5.551115123126E-17));
#1309 = ( GEOMETRIC_REPRESENTATION_CONTEXT(2) 
PARAMETRIC_REPRESENTATION_CONTEXT() REPRESENTATION_CONTEXT('2D SPACE',''
  ) );
#1310 = FACE_BOUND('',#1311,.T.);
#1311 = EDGE_LOOP('',(#1312));
#1312 = ORIENTED_EDGE('',*,*,#1313,.T.);
#1313 = EDGE_CURVE('',#1314,#1314,#1316,.T.);
#1314 = VERTEX_POINT('',#1315);
#1315 = CARTESIAN_POINT('',(-473.4678991346,-96.86544692958,
    203.05736399828));
#1316 = SURFACE_CURVE('',#1317,(#1322,#1333),.PCURVE_S1.);
#1317 = CIRCLE('',#1318,4.17);
#1318 = AXIS2_PLACEMENT_3D('',#1319,#1320,#1321);
#1319 = CARTESIAN_POINT('',(-470.6054699747,-97.47616627105,
    206.02762007984));
#1320 = DIRECTION('',(0.290109106746,-0.843033071173,-0.452914944654));
#1321 = DIRECTION('',(-0.686433851315,0.14645547757,-0.712291626273));
#1322 = PCURVE('',#100,#1323);
#1323 = DEFINITIONAL_REPRESENTATION('',(#1324),#1332);
#1324 = ( BOUNDED_CURVE() B_SPLINE_CURVE(2,(#1325,#1326,#1327,#1328,
#1329,#1330,#1331),.UNSPECIFIED.,.T.,.F.) B_SPLINE_CURVE_WITH_KNOTS((1,2
    ,2,2,2,1),(-2.094395102393,0.,2.094395102393,4.188790204786,
6.28318530718,8.377580409573),.UNSPECIFIED.) CURVE() 
GEOMETRIC_REPRESENTATION_ITEM() RATIONAL_B_SPLINE_CURVE((1.,0.5,1.,0.5,
1.,0.5,1.)) REPRESENTATION_ITEM('') );
#1325 = CARTESIAN_POINT('',(-43.24418368062,1.258673952667));
#1326 = CARTESIAN_POINT('',(-43.24418368062,-5.963977914896));
#1327 = CARTESIAN_POINT('',(-49.49918368062,-2.352651981115));
#1328 = CARTESIAN_POINT('',(-55.75418368062,1.258673952667));
#1329 = CARTESIAN_POINT('',(-49.49918368062,4.869999886448));
#1330 = CARTESIAN_POINT('',(-43.24418368062,8.481325820229));
#1331 = CARTESIAN_POINT('',(-43.24418368062,1.258673952667));
#1332 = ( GEOMETRIC_REPRESENTATION_CONTEXT(2) 
PARAMETRIC_REPRESENTATION_CONTEXT() REPRESENTATION_CONTEXT('2D SPACE',''
  ) );
#1333 = PCURVE('',#466,#1334);
#1334 = DEFINITIONAL_REPRESENTATION('',(#1335),#1339);
#1335 = LINE('',#1336,#1337);
#1336 = CARTESIAN_POINT('',(-6.28318530718,-4.2));
#1337 = VECTOR('',#1338,1.);
#1338 = DIRECTION('',(1.,-0.));
#1339 = ( GEOMETRIC_REPRESENTATION_CONTEXT(2) 
PARAMETRIC_REPRESENTATION_CONTEXT() REPRESENTATION_CONTEXT('2D SPACE',''
  ) );
#1340 = FACE_BOUND('',#1341,.T.);
#1341 = EDGE_LOOP('',(#1342));
#1342 = ORIENTED_EDGE('',*,*,#1343,.T.);
#1343 = EDGE_CURVE('',#1344,#1344,#1346,.T.);
#1344 = VERTEX_POINT('',#1345);
#1345 = CARTESIAN_POINT('',(-498.6938938383,-53.12974104108,
    105.4917222218));
#1346 = SURFACE_CURVE('',#1347,(#1352,#1363),.PCURVE_S1.);
#1347 = CIRCLE('',#1348,4.585);
#1348 = AXIS2_PLACEMENT_3D('',#1349,#1350,#1351);
#1349 = CARTESIAN_POINT('',(-495.54659463,-53.80123940574,
    108.75757932826));
#1350 = DIRECTION('',(0.290109106746,-0.843033071173,-0.452914944654));
#1351 = DIRECTION('',(-0.686433851315,0.14645547757,-0.712291626273));
#1352 = PCURVE('',#100,#1353);
#1353 = DEFINITIONAL_REPRESENTATION('',(#1354),#1362);
#1354 = ( BOUNDED_CURVE() B_SPLINE_CURVE(2,(#1355,#1356,#1357,#1358,
#1359,#1360,#1361),.UNSPECIFIED.,.T.,.F.) B_SPLINE_CURVE_WITH_KNOTS((1,2
    ,2,2,2,1),(-2.094395102393,0.,2.094395102393,4.188790204786,
6.28318530718,8.377580409573),.UNSPECIFIED.) CURVE() 
GEOMETRIC_REPRESENTATION_ITEM() RATIONAL_B_SPLINE_CURVE((1.,0.5,1.,0.5,
1.,0.5,1.)) REPRESENTATION_ITEM('') );
#1355 = CARTESIAN_POINT('',(49.972316359144,-56.86964405107));
#1356 = CARTESIAN_POINT('',(49.972316359144,-64.81109700377));
#1357 = CARTESIAN_POINT('',(43.094816359145,-60.84037052742));
#1358 = CARTESIAN_POINT('',(36.217316359145,-56.86964405107));
#1359 = CARTESIAN_POINT('',(43.094816359145,-52.89891757472));
#1360 = CARTESIAN_POINT('',(49.972316359144,-48.92819109836));
#1361 = CARTESIAN_POINT('',(49.972316359144,-56.86964405107));
#1362 = ( GEOMETRIC_REPRESENTATION_CONTEXT(2) 
PARAMETRIC_REPRESENTATION_CONTEXT() REPRESENTATION_CONTEXT('2D SPACE',''
  ) );
#1363 = PCURVE('',#501,#1364);
#1364 = DEFINITIONAL_REPRESENTATION('',(#1365),#1369);
#1365 = LINE('',#1366,#1367);
#1366 = CARTESIAN_POINT('',(-6.28318530718,-4.2));
#1367 = VECTOR('',#1368,1.);
#1368 = DIRECTION('',(1.,-0.));
#1369 = ( GEOMETRIC_REPRESENTATION_CONTEXT(2) 
PARAMETRIC_REPRESENTATION_CONTEXT() REPRESENTATION_CONTEXT('2D SPACE',''
  ) );
#1370 = FACE_BOUND('',#1371,.T.);
#1371 = EDGE_LOOP('',(#1372,#1397,#1420,#1443));
#1372 = ORIENTED_EDGE('',*,*,#1373,.T.);
#1373 = EDGE_CURVE('',#1374,#1376,#1378,.T.);
#1374 = VERTEX_POINT('',#1375);
#1375 = CARTESIAN_POINT('',(-561.6304418932,-75.99159893946,
    107.73240019212));
#1376 = VERTEX_POINT('',#1377);
#1377 = CARTESIAN_POINT('',(-552.0949549066,-68.59079928724,
    100.06476350033));
#1378 = SURFACE_CURVE('',#1379,(#1383,#1390),.PCURVE_S1.);
#1379 = LINE('',#1380,#1381);
#1380 = CARTESIAN_POINT('',(-557.4858820492,-72.77487208584,
    104.3996937267));
#1381 = VECTOR('',#1382,1.);
#1382 = DIRECTION('',(0.666817271786,0.517538437218,-0.536198370055));
#1383 = PCURVE('',#100,#1384);
#1384 = DEFINITIONAL_REPRESENTATION('',(#1385),#1389);
#1385 = LINE('',#1386,#1387);
#1386 = CARTESIAN_POINT('',(88.229832956832,-8.084564348681));
#1387 = VECTOR('',#1388,1.);
#1388 = DIRECTION('',(0.,-1.));
#1389 = ( GEOMETRIC_REPRESENTATION_CONTEXT(2) 
PARAMETRIC_REPRESENTATION_CONTEXT() REPRESENTATION_CONTEXT('2D SPACE',''
  ) );
#1390 = PCURVE('',#533,#1391);
#1391 = DEFINITIONAL_REPRESENTATION('',(#1392),#1396);
#1392 = LINE('',#1393,#1394);
#1393 = CARTESIAN_POINT('',(8.084564348681,-4.2));
#1394 = VECTOR('',#1395,1.);
#1395 = DIRECTION('',(-1.,-2.775557561563E-17));
#1396 = ( GEOMETRIC_REPRESENTATION_CONTEXT(2) 
PARAMETRIC_REPRESENTATION_CONTEXT() REPRESENTATION_CONTEXT('2D SPACE',''
  ) );
#1397 = ORIENTED_EDGE('',*,*,#1398,.T.);
#1398 = EDGE_CURVE('',#1376,#1399,#1401,.T.);
#1399 = VERTEX_POINT('',#1400);
#1400 = CARTESIAN_POINT('',(-531.2548231807,-73.03718758627,
    121.68993727398));
#1401 = SURFACE_CURVE('',#1402,(#1406,#1413),.PCURVE_S1.);
#1402 = LINE('',#1403,#1404);
#1403 = CARTESIAN_POINT('',(-511.3929170249,-77.27486459757,
    142.30003598847));
#1404 = VECTOR('',#1405,1.);
#1405 = DIRECTION('',(0.686433851315,-0.14645547757,0.712291626273));
#1406 = PCURVE('',#100,#1407);
#1407 = DEFINITIONAL_REPRESENTATION('',(#1408),#1412);
#1408 = LINE('',#1409,#1410);
#1409 = CARTESIAN_POINT('',(28.934916478416,-16.16912869736));
#1410 = VECTOR('',#1411,1.);
#1411 = DIRECTION('',(-1.,-5.551115123126E-17));
#1412 = ( GEOMETRIC_REPRESENTATION_CONTEXT(2) 
PARAMETRIC_REPRESENTATION_CONTEXT() REPRESENTATION_CONTEXT('2D SPACE',''
  ) );
#1413 = PCURVE('',#561,#1414);
#1414 = DEFINITIONAL_REPRESENTATION('',(#1415),#1419);
#1415 = LINE('',#1416,#1417);
#1416 = CARTESIAN_POINT('',(-28.93491647841,-4.2));
#1417 = VECTOR('',#1418,1.);
#1418 = DIRECTION('',(-1.,5.551115123126E-17));
#1419 = ( GEOMETRIC_REPRESENTATION_CONTEXT(2) 
PARAMETRIC_REPRESENTATION_CONTEXT() REPRESENTATION_CONTEXT('2D SPACE',''
  ) );
#1420 = ORIENTED_EDGE('',*,*,#1421,.T.);
#1421 = EDGE_CURVE('',#1399,#1422,#1424,.T.);
#1422 = VERTEX_POINT('',#1423);
#1423 = CARTESIAN_POINT('',(-540.7903101672,-80.43798723849,
    129.35757396577));
#1424 = SURFACE_CURVE('',#1425,(#1429,#1436),.PCURVE_S1.);
#1425 = LINE('',#1426,#1427);
#1426 = CARTESIAN_POINT('',(-541.4134938165,-80.92166021098,
    129.85868584625));
#1427 = VECTOR('',#1428,1.);
#1428 = DIRECTION('',(-0.666817271786,-0.517538437218,0.536198370055));
#1429 = PCURVE('',#100,#1430);
#1430 = DEFINITIONAL_REPRESENTATION('',(#1431),#1435);
#1431 = LINE('',#1432,#1433);
#1432 = CARTESIAN_POINT('',(57.869832956832,-0.934564348681));
#1433 = VECTOR('',#1434,1.);
#1434 = DIRECTION('',(0.,1.));
#1435 = ( GEOMETRIC_REPRESENTATION_CONTEXT(2) 
PARAMETRIC_REPRESENTATION_CONTEXT() REPRESENTATION_CONTEXT('2D SPACE',''
  ) );
#1436 = PCURVE('',#589,#1437);
#1437 = DEFINITIONAL_REPRESENTATION('',(#1438),#1442);
#1438 = LINE('',#1439,#1440);
#1439 = CARTESIAN_POINT('',(-0.934564348681,-4.2));
#1440 = VECTOR('',#1441,1.);
#1441 = DIRECTION('',(-1.,2.775557561563E-17));
#1442 = ( GEOMETRIC_REPRESENTATION_CONTEXT(2) 
PARAMETRIC_REPRESENTATION_CONTEXT() REPRESENTATION_CONTEXT('2D SPACE',''
  ) );
#1443 = ORIENTED_EDGE('',*,*,#1444,.T.);
#1444 = EDGE_CURVE('',#1422,#1374,#1445,.T.);
#1445 = SURFACE_CURVE('',#1446,(#1450,#1457),.PCURVE_S1.);
#1446 = LINE('',#1447,#1448);
#1447 = CARTESIAN_POINT('',(-531.3484698744,-82.45247010027,
    139.15508579343));
#1448 = VECTOR('',#1449,1.);
#1449 = DIRECTION('',(-0.686433851315,0.14645547757,-0.712291626273));
#1450 = PCURVE('',#100,#1451);
#1451 = DEFINITIONAL_REPRESENTATION('',(#1452),#1456);
#1452 = LINE('',#1453,#1454);
#1453 = CARTESIAN_POINT('',(44.114916478416,-1.869128697362));
#1454 = VECTOR('',#1455,1.);
#1455 = DIRECTION('',(1.,5.551115123126E-17));
#1456 = ( GEOMETRIC_REPRESENTATION_CONTEXT(2) 
PARAMETRIC_REPRESENTATION_CONTEXT() REPRESENTATION_CONTEXT('2D SPACE',''
  ) );
#1457 = PCURVE('',#615,#1458);
#1458 = DEFINITIONAL_REPRESENTATION('',(#1459),#1463);
#1459 = LINE('',#1460,#1461);
#1460 = CARTESIAN_POINT('',(44.114916478416,-4.2));
#1461 = VECTOR('',#1462,1.);
#1462 = DIRECTION('',(-1.,-5.551115123126E-17));
#1463 = ( GEOMETRIC_REPRESENTATION_CONTEXT(2) 
PARAMETRIC_REPRESENTATION_CONTEXT() REPRESENTATION_CONTEXT('2D SPACE',''
  ) );
#1464 = FACE_BOUND('',#1465,.T.);
#1465 = EDGE_LOOP('',(#1466));
#1466 = ORIENTED_EDGE('',*,*,#1467,.T.);
#1467 = EDGE_CURVE('',#1468,#1468,#1470,.T.);
#1468 = VERTEX_POINT('',#1469);
#1469 = CARTESIAN_POINT('',(-520.007005821,-131.2427574245,
    237.23550529922));
#1470 = SURFACE_CURVE('',#1471,(#1476,#1487),.PCURVE_S1.);
#1471 = CIRCLE('',#1472,6.275);
#1472 = AXIS2_PLACEMENT_3D('',#1473,#1474,#1475);
#1473 = CARTESIAN_POINT('',(-515.699633404,-132.1617655462,
    241.70513525408));
#1474 = DIRECTION('',(0.290109106746,-0.843033071173,-0.452914944654));
#1475 = DIRECTION('',(-0.686433851315,0.14645547757,-0.712291626273));
#1476 = PCURVE('',#100,#1477);
#1477 = DEFINITIONAL_REPRESENTATION('',(#1478),#1486);
#1478 = ( BOUNDED_CURVE() B_SPLINE_CURVE(2,(#1479,#1480,#1481,#1482,
#1483,#1484,#1485),.UNSPECIFIED.,.T.,.F.) B_SPLINE_CURVE_WITH_KNOTS((1,2
    ,2,2,2,1),(-2.094395102393,0.,2.094395102393,4.188790204786,
6.28318530718,8.377580409573),.UNSPECIFIED.) CURVE() 
GEOMETRIC_REPRESENTATION_ITEM() RATIONAL_B_SPLINE_CURVE((1.,0.5,1.,0.5,
1.,0.5,1.)) REPRESENTATION_ITEM('') );
#1479 = CARTESIAN_POINT('',(-40.67771471752,68.409597311017));
#1480 = CARTESIAN_POINT('',(-40.67771471752,57.540978493523));
#1481 = CARTESIAN_POINT('',(-50.09021471752,62.97528790227));
#1482 = CARTESIAN_POINT('',(-59.50271471752,68.409597311017));
#1483 = CARTESIAN_POINT('',(-50.09021471752,73.843906719765));
#1484 = CARTESIAN_POINT('',(-40.67771471752,79.278216128512));
#1485 = CARTESIAN_POINT('',(-40.67771471752,68.409597311017));
#1486 = ( GEOMETRIC_REPRESENTATION_CONTEXT(2) 
PARAMETRIC_REPRESENTATION_CONTEXT() REPRESENTATION_CONTEXT('2D SPACE',''
  ) );
#1487 = PCURVE('',#650,#1488);
#1488 = DEFINITIONAL_REPRESENTATION('',(#1489),#1493);
#1489 = LINE('',#1490,#1491);
#1490 = CARTESIAN_POINT('',(-6.28318530718,-4.2));
#1491 = VECTOR('',#1492,1.);
#1492 = DIRECTION('',(1.,-0.));
#1493 = ( GEOMETRIC_REPRESENTATION_CONTEXT(2) 
PARAMETRIC_REPRESENTATION_CONTEXT() REPRESENTATION_CONTEXT('2D SPACE',''
  ) );
#1494 = ADVANCED_FACE('',(#1495),#72,.F.);
#1495 = FACE_BOUND('',#1496,.F.);
#1496 = EDGE_LOOP('',(#1497,#1498,#1524,#1525));
#1497 = ORIENTED_EDGE('',*,*,#422,.F.);
#1498 = ORIENTED_EDGE('',*,*,#1499,.F.);
#1499 = EDGE_CURVE('',#1263,#395,#1500,.T.);
#1500 = SURFACE_CURVE('',#1501,(#1505,#1512),.PCURVE_S1.);
#1501 = LINE('',#1502,#1503);
#1502 = CARTESIAN_POINT('',(-509.4557254709,-32.56062113467,
    60.312039083873));
#1503 = VECTOR('',#1504,1.);
#1504 = DIRECTION('',(0.290109106746,-0.843033071173,-0.452914944654));
#1505 = PCURVE('',#72,#1506);
#1506 = DEFINITIONAL_REPRESENTATION('',(#1507),#1511);
#1507 = LINE('',#1508,#1509);
#1508 = CARTESIAN_POINT('',(192.50634429965,-3.2));
#1509 = VECTOR('',#1510,1.);
#1510 = DIRECTION('',(-5.551115123126E-17,1.));
#1511 = ( GEOMETRIC_REPRESENTATION_CONTEXT(2) 
PARAMETRIC_REPRESENTATION_CONTEXT() REPRESENTATION_CONTEXT('2D SPACE',''
  ) );
#1512 = PCURVE('',#1513,#1518);
#1513 = PLANE('',#1514);
#1514 = AXIS2_PLACEMENT_3D('',#1515,#1516,#1517);
#1515 = CARTESIAN_POINT('',(-507.4732601223,-30.85301707257,
    58.752644988894));
#1516 = DIRECTION('',(0.686433851315,-0.14645547757,0.712291626273));
#1517 = DIRECTION('',(-0.290109106746,0.843033071173,0.452914944654));
#1518 = DEFINITIONAL_REPRESENTATION('',(#1519),#1523);
#1519 = LINE('',#1520,#1521);
#1520 = CARTESIAN_POINT('',(-0.158162555161,3.041837444839));
#1521 = VECTOR('',#1522,1.);
#1522 = DIRECTION('',(-1.,5.551115123126E-17));
#1523 = ( GEOMETRIC_REPRESENTATION_CONTEXT(2) 
PARAMETRIC_REPRESENTATION_CONTEXT() REPRESENTATION_CONTEXT('2D SPACE',''
  ) );
#1524 = ORIENTED_EDGE('',*,*,#1290,.T.);
#1525 = ORIENTED_EDGE('',*,*,#56,.F.);
#1526 = ADVANCED_FACE('',(#1527),#158,.T.);
#1527 = FACE_BOUND('',#1528,.F.);
#1528 = EDGE_LOOP('',(#1529,#1530,#1531,#1554));
#1529 = ORIENTED_EDGE('',*,*,#142,.T.);
#1530 = ORIENTED_EDGE('',*,*,#665,.T.);
#1531 = ORIENTED_EDGE('',*,*,#1532,.F.);
#1532 = EDGE_CURVE('',#1533,#666,#1535,.T.);
#1533 = VERTEX_POINT('',#1534);
#1534 = CARTESIAN_POINT('',(-628.6910763328,-106.7198530131,
    136.10424748941));
#1535 = SURFACE_CURVE('',#1536,(#1540,#1547),.PCURVE_S1.);
#1536 = LINE('',#1537,#1538);
#1537 = CARTESIAN_POINT('',(-628.6910763328,-106.7198530131,
    136.10424748941));
#1538 = VECTOR('',#1539,1.);
#1539 = DIRECTION('',(0.666817271786,0.517538437218,-0.536198370055));
#1540 = PCURVE('',#158,#1541);
#1541 = DEFINITIONAL_REPRESENTATION('',(#1542),#1546);
#1542 = LINE('',#1543,#1544);
#1543 = CARTESIAN_POINT('',(-1.570796326795,0.));
#1544 = VECTOR('',#1545,1.);
#1545 = DIRECTION('',(-0.,-1.));
#1546 = ( GEOMETRIC_REPRESENTATION_CONTEXT(2) 
PARAMETRIC_REPRESENTATION_CONTEXT() REPRESENTATION_CONTEXT('2D SPACE',''
  ) );
#1547 = PCURVE('',#705,#1548);
#1548 = DEFINITIONAL_REPRESENTATION('',(#1549),#1553);
#1549 = LINE('',#1550,#1551);
#1550 = CARTESIAN_POINT('',(-73.96405147188,-11.58655846277));
#1551 = VECTOR('',#1552,1.);
#1552 = DIRECTION('',(1.,2.775557561563E-17));
#1553 = ( GEOMETRIC_REPRESENTATION_CONTEXT(2) 
PARAMETRIC_REPRESENTATION_CONTEXT() REPRESENTATION_CONTEXT('2D SPACE',''
  ) );
#1554 = ORIENTED_EDGE('',*,*,#1555,.F.);
#1555 = EDGE_CURVE('',#143,#1533,#1556,.T.);
#1556 = SURFACE_CURVE('',#1557,(#1562,#1569),.PCURVE_S1.);
#1557 = CIRCLE('',#1558,9.6);
#1558 = AXIS2_PLACEMENT_3D('',#1559,#1560,#1561);
#1559 = CARTESIAN_POINT('',(-622.1013113602,-108.1258255977,
    142.94224710163));
#1560 = DIRECTION('',(0.666817271786,0.517538437218,-0.536198370055));
#1561 = DIRECTION('',(0.290109106746,-0.843033071173,-0.452914944654));
#1562 = PCURVE('',#158,#1563);
#1563 = DEFINITIONAL_REPRESENTATION('',(#1564),#1568);
#1564 = LINE('',#1565,#1566);
#1565 = CARTESIAN_POINT('',(-0.,0.));
#1566 = VECTOR('',#1567,1.);
#1567 = DIRECTION('',(-1.,0.));
#1568 = ( GEOMETRIC_REPRESENTATION_CONTEXT(2) 
PARAMETRIC_REPRESENTATION_CONTEXT() REPRESENTATION_CONTEXT('2D SPACE',''
  ) );
#1569 = PCURVE('',#1570,#1575);
#1570 = PLANE('',#1571);
#1571 = AXIS2_PLACEMENT_3D('',#1572,#1573,#1574);
#1572 = CARTESIAN_POINT('',(-624.0569448449,-111.5630333053,
    137.1926263224));
#1573 = DIRECTION('',(0.666817271786,0.517538437218,-0.536198370055));
#1574 = DIRECTION('',(-0.290109106746,0.843033071173,0.452914944654));
#1575 = DEFINITIONAL_REPRESENTATION('',(#1576),#1580);
#1576 = CIRCLE('',#1577,9.6);
#1577 = AXIS2_PLACEMENT_2D('',#1578,#1579);
#1578 = CARTESIAN_POINT('',(4.934421863633,4.934421863633));
#1579 = DIRECTION('',(-1.,3.330669073875E-16));
#1580 = ( GEOMETRIC_REPRESENTATION_CONTEXT(2) 
PARAMETRIC_REPRESENTATION_CONTEXT() REPRESENTATION_CONTEXT('2D SPACE',''
  ) );
#1581 = ADVANCED_FACE('',(#1582),#186,.F.);
#1582 = FACE_BOUND('',#1583,.F.);
#1583 = EDGE_LOOP('',(#1584,#1585,#1606,#1607));
#1584 = ORIENTED_EDGE('',*,*,#170,.F.);
#1585 = ORIENTED_EDGE('',*,*,#1586,.F.);
#1586 = EDGE_CURVE('',#1046,#143,#1587,.T.);
#1587 = SURFACE_CURVE('',#1588,(#1592,#1599),.PCURVE_S1.);
#1588 = LINE('',#1589,#1590);
#1589 = CARTESIAN_POINT('',(-620.244613077,-113.5212372532,
    140.04359145585));
#1590 = VECTOR('',#1591,1.);
#1591 = DIRECTION('',(0.290109106746,-0.843033071173,-0.452914944654));
#1592 = PCURVE('',#186,#1593);
#1593 = DEFINITIONAL_REPRESENTATION('',(#1594),#1598);
#1594 = LINE('',#1595,#1596);
#1595 = CARTESIAN_POINT('',(158.52810294376,-3.2));
#1596 = VECTOR('',#1597,1.);
#1597 = DIRECTION('',(0.,1.));
#1598 = ( GEOMETRIC_REPRESENTATION_CONTEXT(2) 
PARAMETRIC_REPRESENTATION_CONTEXT() REPRESENTATION_CONTEXT('2D SPACE',''
  ) );
#1599 = PCURVE('',#1570,#1600);
#1600 = DEFINITIONAL_REPRESENTATION('',(#1601),#1605);
#1601 = LINE('',#1602,#1603);
#1602 = CARTESIAN_POINT('',(-1.465578136367,4.934421863633));
#1603 = VECTOR('',#1604,1.);
#1604 = DIRECTION('',(-1.,2.775557561563E-16));
#1605 = ( GEOMETRIC_REPRESENTATION_CONTEXT(2) 
PARAMETRIC_REPRESENTATION_CONTEXT() REPRESENTATION_CONTEXT('2D SPACE',''
  ) );
#1606 = ORIENTED_EDGE('',*,*,#1068,.T.);
#1607 = ORIENTED_EDGE('',*,*,#1608,.F.);
#1608 = EDGE_CURVE('',#171,#1069,#1609,.T.);
#1609 = SURFACE_CURVE('',#1610,(#1614,#1621),.PCURVE_S1.);
#1610 = LINE('',#1611,#1612);
#1611 = CARTESIAN_POINT('',(-626.3845270163,-121.7048505155,
    144.27796635554));
#1612 = VECTOR('',#1613,1.);
#1613 = DIRECTION('',(-0.290109106746,0.843033071173,0.452914944654));
#1614 = PCURVE('',#186,#1615);
#1615 = DEFINITIONAL_REPRESENTATION('',(#1616),#1620);
#1616 = LINE('',#1617,#1618);
#1617 = CARTESIAN_POINT('',(169.12810294376,2.13162820728E-14));
#1618 = VECTOR('',#1619,1.);
#1619 = DIRECTION('',(-5.551115123126E-17,-1.));
#1620 = ( GEOMETRIC_REPRESENTATION_CONTEXT(2) 
PARAMETRIC_REPRESENTATION_CONTEXT() REPRESENTATION_CONTEXT('2D SPACE',''
  ) );
#1621 = PCURVE('',#214,#1622);
#1622 = DEFINITIONAL_REPRESENTATION('',(#1623),#1627);
#1623 = LINE('',#1624,#1625);
#1624 = CARTESIAN_POINT('',(0.,0.));
#1625 = VECTOR('',#1626,1.);
#1626 = DIRECTION('',(-5.551115123126E-17,-1.));
#1627 = ( GEOMETRIC_REPRESENTATION_CONTEXT(2) 
PARAMETRIC_REPRESENTATION_CONTEXT() REPRESENTATION_CONTEXT('2D SPACE',''
  ) );
#1628 = ADVANCED_FACE('',(#1629),#382,.F.);
#1629 = FACE_BOUND('',#1630,.F.);
#1630 = EDGE_LOOP('',(#1631,#1632,#1653,#1654));
#1631 = ORIENTED_EDGE('',*,*,#366,.F.);
#1632 = ORIENTED_EDGE('',*,*,#1633,.T.);
#1633 = EDGE_CURVE('',#339,#1217,#1634,.T.);
#1634 = SURFACE_CURVE('',#1635,(#1639,#1646),.PCURVE_S1.);
#1635 = LINE('',#1636,#1637);
#1636 = CARTESIAN_POINT('',(-376.3845050091,-63.45193555211,
    195.98336831007));
#1637 = VECTOR('',#1638,1.);
#1638 = DIRECTION('',(-0.290109106746,0.843033071173,0.452914944654));
#1639 = PCURVE('',#382,#1640);
#1640 = DEFINITIONAL_REPRESENTATION('',(#1641),#1645);
#1641 = LINE('',#1642,#1643);
#1642 = CARTESIAN_POINT('',(0.,0.));
#1643 = VECTOR('',#1644,1.);
#1644 = DIRECTION('',(5.551115123126E-17,-1.));
#1645 = ( GEOMETRIC_REPRESENTATION_CONTEXT(2) 
PARAMETRIC_REPRESENTATION_CONTEXT() REPRESENTATION_CONTEXT('2D SPACE',''
  ) );
#1646 = PCURVE('',#354,#1647);
#1647 = DEFINITIONAL_REPRESENTATION('',(#1648),#1652);
#1648 = LINE('',#1649,#1650);
#1649 = CARTESIAN_POINT('',(169.12810294376,7.105427357601E-15));
#1650 = VECTOR('',#1651,1.);
#1651 = DIRECTION('',(5.551115123126E-17,-1.));
#1652 = ( GEOMETRIC_REPRESENTATION_CONTEXT(2) 
PARAMETRIC_REPRESENTATION_CONTEXT() REPRESENTATION_CONTEXT('2D SPACE',''
  ) );
#1653 = ORIENTED_EDGE('',*,*,#1239,.T.);
#1654 = ORIENTED_EDGE('',*,*,#1655,.T.);
#1655 = EDGE_CURVE('',#1240,#367,#1656,.T.);
#1656 = SURFACE_CURVE('',#1657,(#1661,#1668),.PCURVE_S1.);
#1657 = LINE('',#1658,#1659);
#1658 = CARTESIAN_POINT('',(-382.3924646505,-59.67045919033,
    192.16173809854));
#1659 = VECTOR('',#1660,1.);
#1660 = DIRECTION('',(0.290109106746,-0.843033071173,-0.452914944654));
#1661 = PCURVE('',#382,#1662);
#1662 = DEFINITIONAL_REPRESENTATION('',(#1663),#1667);
#1663 = LINE('',#1664,#1665);
#1664 = CARTESIAN_POINT('',(7.4,-3.2));
#1665 = VECTOR('',#1666,1.);
#1666 = DIRECTION('',(-5.551115123126E-17,1.));
#1667 = ( GEOMETRIC_REPRESENTATION_CONTEXT(2) 
PARAMETRIC_REPRESENTATION_CONTEXT() REPRESENTATION_CONTEXT('2D SPACE',''
  ) );
#1668 = PCURVE('',#1669,#1674);
#1669 = PLANE('',#1670);
#1670 = AXIS2_PLACEMENT_3D('',#1671,#1672,#1673);
#1671 = CARTESIAN_POINT('',(-380.4099993019,-57.96285512824,
    190.60234400356));
#1672 = DIRECTION('',(0.686433851315,-0.14645547757,0.712291626273));
#1673 = DIRECTION('',(-0.290109106746,0.843033071173,0.452914944654));
#1674 = DEFINITIONAL_REPRESENTATION('',(#1675),#1679);
#1675 = LINE('',#1676,#1677);
#1676 = CARTESIAN_POINT('',(-0.158162555161,3.041837444839));
#1677 = VECTOR('',#1678,1.);
#1678 = DIRECTION('',(-1.,5.551115123126E-17));
#1679 = ( GEOMETRIC_REPRESENTATION_CONTEXT(2) 
PARAMETRIC_REPRESENTATION_CONTEXT() REPRESENTATION_CONTEXT('2D SPACE',''
  ) );
#1680 = ADVANCED_FACE('',(#1681),#410,.T.);
#1681 = FACE_BOUND('',#1682,.F.);
#1682 = EDGE_LOOP('',(#1683,#1684,#1708,#1736));
#1683 = ORIENTED_EDGE('',*,*,#394,.T.);
#1684 = ORIENTED_EDGE('',*,*,#1685,.T.);
#1685 = EDGE_CURVE('',#367,#1686,#1688,.T.);
#1686 = VERTEX_POINT('',#1687);
#1687 = CARTESIAN_POINT('',(-379.0531832526,-53.66050736438,
    190.17939635308));
#1688 = SURFACE_CURVE('',#1689,(#1694,#1701),.PCURVE_S1.);
#1689 = CIRCLE('',#1690,6.4);
#1690 = AXIS2_PLACEMENT_3D('',#1691,#1692,#1693);
#1691 = CARTESIAN_POINT('',(-383.320813792,-56.97275336258,
    193.61106592144));
#1692 = DIRECTION('',(0.686433851315,-0.14645547757,0.712291626273));
#1693 = DIRECTION('',(0.290109106746,-0.843033071173,-0.452914944654));
#1694 = PCURVE('',#410,#1695);
#1695 = DEFINITIONAL_REPRESENTATION('',(#1696),#1700);
#1696 = LINE('',#1697,#1698);
#1697 = CARTESIAN_POINT('',(-0.,-185.1063442996));
#1698 = VECTOR('',#1699,1.);
#1699 = DIRECTION('',(-1.,0.));
#1700 = ( GEOMETRIC_REPRESENTATION_CONTEXT(2) 
PARAMETRIC_REPRESENTATION_CONTEXT() REPRESENTATION_CONTEXT('2D SPACE',''
  ) );
#1701 = PCURVE('',#1669,#1702);
#1702 = DEFINITIONAL_REPRESENTATION('',(#1703),#1707);
#1703 = CIRCLE('',#1704,6.4);
#1704 = AXIS2_PLACEMENT_2D('',#1705,#1706);
#1705 = CARTESIAN_POINT('',(3.041837444839,3.041837444839));
#1706 = DIRECTION('',(-1.,-2.775557561563E-17));
#1707 = ( GEOMETRIC_REPRESENTATION_CONTEXT(2) 
PARAMETRIC_REPRESENTATION_CONTEXT() REPRESENTATION_CONTEXT('2D SPACE',''
  ) );
#1708 = ORIENTED_EDGE('',*,*,#1709,.F.);
#1709 = EDGE_CURVE('',#1710,#1686,#1712,.T.);
#1710 = VERTEX_POINT('',#1711);
#1711 = CARTESIAN_POINT('',(-506.116444073,-26.55066930872,
    58.329697338413));
#1712 = SURFACE_CURVE('',#1713,(#1717,#1724),.PCURVE_S1.);
#1713 = LINE('',#1714,#1715);
#1714 = CARTESIAN_POINT('',(-506.116444073,-26.55066930872,
    58.329697338413));
#1715 = VECTOR('',#1716,1.);
#1716 = DIRECTION('',(0.686433851315,-0.14645547757,0.712291626273));
#1717 = PCURVE('',#410,#1718);
#1718 = DEFINITIONAL_REPRESENTATION('',(#1719),#1723);
#1719 = LINE('',#1720,#1721);
#1720 = CARTESIAN_POINT('',(-1.570796326795,0.));
#1721 = VECTOR('',#1722,1.);
#1722 = DIRECTION('',(-0.,-1.));
#1723 = ( GEOMETRIC_REPRESENTATION_CONTEXT(2) 
PARAMETRIC_REPRESENTATION_CONTEXT() REPRESENTATION_CONTEXT('2D SPACE',''
  ) );
#1724 = PCURVE('',#1725,#1730);
#1725 = PLANE('',#1726);
#1726 = AXIS2_PLACEMENT_3D('',#1727,#1728,#1729);
#1727 = CARTESIAN_POINT('',(-445.4352500381,-31.82245597091,
    128.70461477929));
#1728 = DIRECTION('',(-0.666817271786,-0.517538437218,0.536198370055));
#1729 = DIRECTION('',(0.686433851315,-0.14645547757,0.712291626273));
#1730 = DEFINITIONAL_REPRESENTATION('',(#1731),#1735);
#1731 = LINE('',#1732,#1733);
#1732 = CARTESIAN_POINT('',(-92.55317214982,-9.825394339642));
#1733 = VECTOR('',#1734,1.);
#1734 = DIRECTION('',(1.,-5.551115123126E-17));
#1735 = ( GEOMETRIC_REPRESENTATION_CONTEXT(2) 
PARAMETRIC_REPRESENTATION_CONTEXT() REPRESENTATION_CONTEXT('2D SPACE',''
  ) );
#1736 = ORIENTED_EDGE('',*,*,#1737,.F.);
#1737 = EDGE_CURVE('',#395,#1710,#1738,.T.);
#1738 = SURFACE_CURVE('',#1739,(#1744,#1751),.PCURVE_S1.);
#1739 = CIRCLE('',#1740,6.4);
#1740 = AXIS2_PLACEMENT_3D('',#1741,#1742,#1743);
#1741 = CARTESIAN_POINT('',(-510.3840746125,-29.86291530691,
    61.761366906767));
#1742 = DIRECTION('',(0.686433851315,-0.14645547757,0.712291626273));
#1743 = DIRECTION('',(0.290109106746,-0.843033071173,-0.452914944654));
#1744 = PCURVE('',#410,#1745);
#1745 = DEFINITIONAL_REPRESENTATION('',(#1746),#1750);
#1746 = LINE('',#1747,#1748);
#1747 = CARTESIAN_POINT('',(-0.,0.));
#1748 = VECTOR('',#1749,1.);
#1749 = DIRECTION('',(-1.,0.));
#1750 = ( GEOMETRIC_REPRESENTATION_CONTEXT(2) 
PARAMETRIC_REPRESENTATION_CONTEXT() REPRESENTATION_CONTEXT('2D SPACE',''
  ) );
#1751 = PCURVE('',#1513,#1752);
#1752 = DEFINITIONAL_REPRESENTATION('',(#1753),#1757);
#1753 = CIRCLE('',#1754,6.4);
#1754 = AXIS2_PLACEMENT_2D('',#1755,#1756);
#1755 = CARTESIAN_POINT('',(3.041837444839,3.041837444839));
#1756 = DIRECTION('',(-1.,-2.775557561563E-17));
#1757 = ( GEOMETRIC_REPRESENTATION_CONTEXT(2) 
PARAMETRIC_REPRESENTATION_CONTEXT() REPRESENTATION_CONTEXT('2D SPACE',''
  ) );
#1758 = ADVANCED_FACE('',(#1759),#214,.F.);
#1759 = FACE_BOUND('',#1760,.F.);
#1760 = EDGE_LOOP('',(#1761,#1762,#1763,#1764));
#1761 = ORIENTED_EDGE('',*,*,#198,.F.);
#1762 = ORIENTED_EDGE('',*,*,#1608,.T.);
#1763 = ORIENTED_EDGE('',*,*,#1091,.T.);
#1764 = ORIENTED_EDGE('',*,*,#1765,.T.);
#1765 = EDGE_CURVE('',#1092,#199,#1766,.T.);
#1766 = SURFACE_CURVE('',#1767,(#1771,#1778),.PCURVE_S1.);
#1767 = LINE('',#1768,#1769);
#1768 = CARTESIAN_POINT('',(-623.3315598203,-119.8565864577,
    149.85858561082));
#1769 = VECTOR('',#1770,1.);
#1770 = DIRECTION('',(0.290109106746,-0.843033071173,-0.452914944654));
#1771 = PCURVE('',#214,#1772);
#1772 = DEFINITIONAL_REPRESENTATION('',(#1773),#1777);
#1773 = LINE('',#1774,#1775);
#1774 = CARTESIAN_POINT('',(5.8,-3.2));
#1775 = VECTOR('',#1776,1.);
#1776 = DIRECTION('',(5.551115123126E-17,1.));
#1777 = ( GEOMETRIC_REPRESENTATION_CONTEXT(2) 
PARAMETRIC_REPRESENTATION_CONTEXT() REPRESENTATION_CONTEXT('2D SPACE',''
  ) );
#1778 = PCURVE('',#1779,#1784);
#1779 = PLANE('',#1780);
#1780 = AXIS2_PLACEMENT_3D('',#1781,#1782,#1783);
#1781 = CARTESIAN_POINT('',(-624.6019587403,-121.4196053339,
    150.76149127987));
#1782 = DIRECTION('',(-0.686433851315,0.14645547757,-0.712291626273));
#1783 = DIRECTION('',(-0.290109106746,0.843033071173,0.452914944654));
#1784 = DEFINITIONAL_REPRESENTATION('',(#1785),#1789);
#1785 = LINE('',#1786,#1787);
#1786 = CARTESIAN_POINT('',(0.540182836551,2.140182836551));
#1787 = VECTOR('',#1788,1.);
#1788 = DIRECTION('',(-1.,-8.326672684689E-17));
#1789 = ( GEOMETRIC_REPRESENTATION_CONTEXT(2) 
PARAMETRIC_REPRESENTATION_CONTEXT() REPRESENTATION_CONTEXT('2D SPACE',''
  ) );
#1790 = ADVANCED_FACE('',(#1791),#242,.T.);
#1791 = FACE_BOUND('',#1792,.F.);
#1792 = EDGE_LOOP('',(#1793,#1794,#1818,#1846));
#1793 = ORIENTED_EDGE('',*,*,#226,.T.);
#1794 = ORIENTED_EDGE('',*,*,#1795,.T.);
#1795 = EDGE_CURVE('',#199,#1796,#1798,.T.);
#1796 = VERTEX_POINT('',#1797);
#1797 = CARTESIAN_POINT('',(-626.9964572957,-120.9919180424,
    153.15700169853));
#1798 = SURFACE_CURVE('',#1799,(#1804,#1811),.PCURVE_S1.);
#1799 = CIRCLE('',#1800,4.8);
#1800 = AXIS2_PLACEMENT_3D('',#1801,#1802,#1803);
#1801 = CARTESIAN_POINT('',(-623.7957343911,-118.5077335438,
    150.58324952226));
#1802 = DIRECTION('',(-0.686433851315,0.14645547757,-0.712291626273));
#1803 = DIRECTION('',(0.290109106746,-0.843033071173,-0.452914944654));
#1804 = PCURVE('',#242,#1805);
#1805 = DEFINITIONAL_REPRESENTATION('',(#1806),#1810);
#1806 = LINE('',#1807,#1808);
#1807 = CARTESIAN_POINT('',(-0.,-188.3063442996));
#1808 = VECTOR('',#1809,1.);
#1809 = DIRECTION('',(-1.,0.));
#1810 = ( GEOMETRIC_REPRESENTATION_CONTEXT(2) 
PARAMETRIC_REPRESENTATION_CONTEXT() REPRESENTATION_CONTEXT('2D SPACE',''
  ) );
#1811 = PCURVE('',#1779,#1812);
#1812 = DEFINITIONAL_REPRESENTATION('',(#1813),#1817);
#1813 = CIRCLE('',#1814,4.8);
#1814 = AXIS2_PLACEMENT_2D('',#1815,#1816);
#1815 = CARTESIAN_POINT('',(2.140182836551,2.140182836551));
#1816 = DIRECTION('',(-1.,1.110223024625E-16));
#1817 = ( GEOMETRIC_REPRESENTATION_CONTEXT(2) 
PARAMETRIC_REPRESENTATION_CONTEXT() REPRESENTATION_CONTEXT('2D SPACE',''
  ) );
#1818 = ORIENTED_EDGE('',*,*,#1819,.F.);
#1819 = EDGE_CURVE('',#1820,#1796,#1822,.T.);
#1820 = VERTEX_POINT('',#1821);
#1821 = CARTESIAN_POINT('',(-497.736608151,-148.5704136263,
    287.28603391728));
#1822 = SURFACE_CURVE('',#1823,(#1827,#1834),.PCURVE_S1.);
#1823 = LINE('',#1824,#1825);
#1824 = CARTESIAN_POINT('',(-497.736608151,-148.5704136263,
    287.28603391728));
#1825 = VECTOR('',#1826,1.);
#1826 = DIRECTION('',(-0.686433851315,0.14645547757,-0.712291626273));
#1827 = PCURVE('',#242,#1828);
#1828 = DEFINITIONAL_REPRESENTATION('',(#1829),#1833);
#1829 = LINE('',#1830,#1831);
#1830 = CARTESIAN_POINT('',(-1.570796326795,0.));
#1831 = VECTOR('',#1832,1.);
#1832 = DIRECTION('',(-0.,-1.));
#1833 = ( GEOMETRIC_REPRESENTATION_CONTEXT(2) 
PARAMETRIC_REPRESENTATION_CONTEXT() REPRESENTATION_CONTEXT('2D SPACE',''
  ) );
#1834 = PCURVE('',#1835,#1840);
#1835 = PLANE('',#1836);
#1836 = AXIS2_PLACEMENT_3D('',#1837,#1838,#1839);
#1837 = CARTESIAN_POINT('',(-566.0618748109,-124.0428073456,
    225.99064265831));
#1838 = DIRECTION('',(0.666817271786,0.517538437218,-0.536198370055));
#1839 = DIRECTION('',(-0.686433851315,0.14645547757,-0.712291626273));
#1840 = DEFINITIONAL_REPRESENTATION('',(#1841),#1845);
#1841 = LINE('',#1842,#1843);
#1842 = CARTESIAN_POINT('',(-94.15317214982,-12.7377665906));
#1843 = VECTOR('',#1844,1.);
#1844 = DIRECTION('',(1.,5.551115123126E-17));
#1845 = ( GEOMETRIC_REPRESENTATION_CONTEXT(2) 
PARAMETRIC_REPRESENTATION_CONTEXT() REPRESENTATION_CONTEXT('2D SPACE',''
  ) );
#1846 = ORIENTED_EDGE('',*,*,#1847,.F.);
#1847 = EDGE_CURVE('',#227,#1820,#1848,.T.);
#1848 = SURFACE_CURVE('',#1849,(#1854,#1861),.PCURVE_S1.);
#1849 = CIRCLE('',#1850,4.8);
#1850 = AXIS2_PLACEMENT_3D('',#1851,#1852,#1853);
#1851 = CARTESIAN_POINT('',(-494.5358852465,-146.0862291277,
    284.71228174101));
#1852 = DIRECTION('',(-0.686433851315,0.14645547757,-0.712291626273));
#1853 = DIRECTION('',(0.290109106746,-0.843033071173,-0.452914944654));
#1854 = PCURVE('',#242,#1855);
#1855 = DEFINITIONAL_REPRESENTATION('',(#1856),#1860);
#1856 = LINE('',#1857,#1858);
#1857 = CARTESIAN_POINT('',(-0.,0.));
#1858 = VECTOR('',#1859,1.);
#1859 = DIRECTION('',(-1.,0.));
#1860 = ( GEOMETRIC_REPRESENTATION_CONTEXT(2) 
PARAMETRIC_REPRESENTATION_CONTEXT() REPRESENTATION_CONTEXT('2D SPACE',''
  ) );
#1861 = PCURVE('',#1862,#1867);
#1862 = PLANE('',#1863);
#1863 = AXIS2_PLACEMENT_3D('',#1864,#1865,#1866);
#1864 = CARTESIAN_POINT('',(-495.3421095957,-148.9981009178,
    284.89052349862));
#1865 = DIRECTION('',(-0.686433851315,0.14645547757,-0.712291626273));
#1866 = DIRECTION('',(-0.290109106746,0.843033071173,0.452914944654));
#1867 = DEFINITIONAL_REPRESENTATION('',(#1868),#1872);
#1868 = CIRCLE('',#1869,4.8);
#1869 = AXIS2_PLACEMENT_2D('',#1870,#1871);
#1870 = CARTESIAN_POINT('',(2.140182836551,2.140182836551));
#1871 = DIRECTION('',(-1.,1.110223024625E-16));
#1872 = ( GEOMETRIC_REPRESENTATION_CONTEXT(2) 
PARAMETRIC_REPRESENTATION_CONTEXT() REPRESENTATION_CONTEXT('2D SPACE',''
  ) );
#1873 = ADVANCED_FACE('',(#1874),#270,.F.);
#1874 = FACE_BOUND('',#1875,.F.);
#1875 = EDGE_LOOP('',(#1876,#1877,#1898,#1899));
#1876 = ORIENTED_EDGE('',*,*,#254,.F.);
#1877 = ORIENTED_EDGE('',*,*,#1878,.F.);
#1878 = EDGE_CURVE('',#1115,#227,#1879,.T.);
#1879 = SURFACE_CURVE('',#1880,(#1884,#1891),.PCURVE_S1.);
#1880 = LINE('',#1881,#1882);
#1881 = CARTESIAN_POINT('',(-494.0717106757,-147.4350820415,
    283.98761782956));
#1882 = VECTOR('',#1883,1.);
#1883 = DIRECTION('',(0.290109106746,-0.843033071173,-0.452914944654));
#1884 = PCURVE('',#270,#1885);
#1885 = DEFINITIONAL_REPRESENTATION('',(#1886),#1890);
#1886 = LINE('',#1887,#1888);
#1887 = CARTESIAN_POINT('',(194.10634429965,-3.2));
#1888 = VECTOR('',#1889,1.);
#1889 = DIRECTION('',(5.551115123126E-17,1.));
#1890 = ( GEOMETRIC_REPRESENTATION_CONTEXT(2) 
PARAMETRIC_REPRESENTATION_CONTEXT() REPRESENTATION_CONTEXT('2D SPACE',''
  ) );
#1891 = PCURVE('',#1862,#1892);
#1892 = DEFINITIONAL_REPRESENTATION('',(#1893),#1897);
#1893 = LINE('',#1894,#1895);
#1894 = CARTESIAN_POINT('',(0.540182836551,2.140182836551));
#1895 = VECTOR('',#1896,1.);
#1896 = DIRECTION('',(-1.,-8.326672684689E-17));
#1897 = ( GEOMETRIC_REPRESENTATION_CONTEXT(2) 
PARAMETRIC_REPRESENTATION_CONTEXT() REPRESENTATION_CONTEXT('2D SPACE',''
  ) );
#1898 = ORIENTED_EDGE('',*,*,#1142,.T.);
#1899 = ORIENTED_EDGE('',*,*,#1900,.F.);
#1900 = EDGE_CURVE('',#255,#1143,#1901,.T.);
#1901 = SURFACE_CURVE('',#1902,(#1906,#1913),.PCURVE_S1.);
#1902 = LINE('',#1903,#1904);
#1903 = CARTESIAN_POINT('',(-489.1620451965,-150.9822296392,
    286.66958143905));
#1904 = VECTOR('',#1905,1.);
#1905 = DIRECTION('',(-0.290109106746,0.843033071173,0.452914944654));
#1906 = PCURVE('',#270,#1907);
#1907 = DEFINITIONAL_REPRESENTATION('',(#1908),#1912);
#1908 = LINE('',#1909,#1910);
#1909 = CARTESIAN_POINT('',(199.90634429965,1.42108547152E-14));
#1910 = VECTOR('',#1911,1.);
#1911 = DIRECTION('',(-5.551115123126E-17,-1.));
#1912 = ( GEOMETRIC_REPRESENTATION_CONTEXT(2) 
PARAMETRIC_REPRESENTATION_CONTEXT() REPRESENTATION_CONTEXT('2D SPACE',''
  ) );
#1913 = PCURVE('',#298,#1914);
#1914 = DEFINITIONAL_REPRESENTATION('',(#1915),#1919);
#1915 = LINE('',#1916,#1917);
#1916 = CARTESIAN_POINT('',(0.,0.));
#1917 = VECTOR('',#1918,1.);
#1918 = DIRECTION('',(5.551115123126E-17,-1.));
#1919 = ( GEOMETRIC_REPRESENTATION_CONTEXT(2) 
PARAMETRIC_REPRESENTATION_CONTEXT() REPRESENTATION_CONTEXT('2D SPACE',''
  ) );
#1920 = ADVANCED_FACE('',(#1921),#298,.F.);
#1921 = FACE_BOUND('',#1922,.F.);
#1922 = EDGE_LOOP('',(#1923,#1924,#1925,#1926));
#1923 = ORIENTED_EDGE('',*,*,#282,.F.);
#1924 = ORIENTED_EDGE('',*,*,#1900,.T.);
#1925 = ORIENTED_EDGE('',*,*,#1165,.T.);
#1926 = ORIENTED_EDGE('',*,*,#1927,.T.);
#1927 = EDGE_CURVE('',#1166,#283,#1928,.T.);
#1928 = SURFACE_CURVE('',#1929,(#1933,#1940),.PCURVE_S1.);
#1929 = LINE('',#1930,#1931);
#1930 = CARTESIAN_POINT('',(-485.1559465268,-144.454739376,
    284.15104132354));
#1931 = VECTOR('',#1932,1.);
#1932 = DIRECTION('',(0.290109106746,-0.843033071173,-0.452914944654));
#1933 = PCURVE('',#298,#1934);
#1934 = DEFINITIONAL_REPRESENTATION('',(#1935),#1939);
#1935 = LINE('',#1936,#1937);
#1936 = CARTESIAN_POINT('',(7.4,-3.2));
#1937 = VECTOR('',#1938,1.);
#1938 = DIRECTION('',(-5.551115123126E-17,1.));
#1939 = ( GEOMETRIC_REPRESENTATION_CONTEXT(2) 
PARAMETRIC_REPRESENTATION_CONTEXT() REPRESENTATION_CONTEXT('2D SPACE',''
  ) );
#1940 = PCURVE('',#1941,#1946);
#1941 = PLANE('',#1942);
#1942 = AXIS2_PLACEMENT_3D('',#1943,#1944,#1945);
#1943 = CARTESIAN_POINT('',(-483.1138107321,-144.7668968671,
    286.3893508489));
#1944 = DIRECTION('',(-0.666817271786,-0.517538437218,0.536198370055));
#1945 = DIRECTION('',(-0.290109106746,0.843033071173,0.452914944654));
#1946 = DEFINITIONAL_REPRESENTATION('',(#1947),#1951);
#1947 = LINE('',#1948,#1949);
#1948 = CARTESIAN_POINT('',(-0.158162555161,3.041837444839));
#1949 = VECTOR('',#1950,1.);
#1950 = DIRECTION('',(-1.,-5.551115123126E-17));
#1951 = ( GEOMETRIC_REPRESENTATION_CONTEXT(2) 
PARAMETRIC_REPRESENTATION_CONTEXT() REPRESENTATION_CONTEXT('2D SPACE',''
  ) );
#1952 = ADVANCED_FACE('',(#1953),#326,.T.);
#1953 = FACE_BOUND('',#1954,.F.);
#1954 = EDGE_LOOP('',(#1955,#1956,#1980,#2008));
#1955 = ORIENTED_EDGE('',*,*,#310,.T.);
#1956 = ORIENTED_EDGE('',*,*,#1957,.T.);
#1957 = EDGE_CURVE('',#283,#1958,#1960,.T.);
#1958 = VERTEX_POINT('',#1959);
#1959 = CARTESIAN_POINT('',(-481.69111902,-142.6943486047,
    290.15903555458));
#1960 = SURFACE_CURVE('',#1961,(#1966,#1973),.PCURVE_S1.);
#1961 = CIRCLE('',#1962,6.4);
#1962 = AXIS2_PLACEMENT_3D('',#1963,#1964,#1965);
#1963 = CARTESIAN_POINT('',(-486.0842956684,-141.7570335483,
    285.60036914643));
#1964 = DIRECTION('',(-0.666817271786,-0.517538437218,0.536198370055));
#1965 = DIRECTION('',(0.290109106746,-0.843033071173,-0.452914944654));
#1966 = PCURVE('',#326,#1967);
#1967 = DEFINITIONAL_REPRESENTATION('',(#1968),#1972);
#1968 = LINE('',#1969,#1970);
#1969 = CARTESIAN_POINT('',(-0.,-154.3281029437));
#1970 = VECTOR('',#1971,1.);
#1971 = DIRECTION('',(-1.,0.));
#1972 = ( GEOMETRIC_REPRESENTATION_CONTEXT(2) 
PARAMETRIC_REPRESENTATION_CONTEXT() REPRESENTATION_CONTEXT('2D SPACE',''
  ) );
#1973 = PCURVE('',#1941,#1974);
#1974 = DEFINITIONAL_REPRESENTATION('',(#1975),#1979);
#1975 = CIRCLE('',#1976,6.4);
#1976 = AXIS2_PLACEMENT_2D('',#1977,#1978);
#1977 = CARTESIAN_POINT('',(3.041837444839,3.041837444839));
#1978 = DIRECTION('',(-1.,-2.22044604925E-16));
#1979 = ( GEOMETRIC_REPRESENTATION_CONTEXT(2) 
PARAMETRIC_REPRESENTATION_CONTEXT() REPRESENTATION_CONTEXT('2D SPACE',''
  ) );
#1980 = ORIENTED_EDGE('',*,*,#1981,.F.);
#1981 = EDGE_CURVE('',#1982,#1958,#1984,.T.);
#1982 = VERTEX_POINT('',#1983);
#1983 = CARTESIAN_POINT('',(-378.7824744551,-62.82362338846,
    207.40855830241));
#1984 = SURFACE_CURVE('',#1985,(#1989,#1996),.PCURVE_S1.);
#1985 = LINE('',#1986,#1987);
#1986 = CARTESIAN_POINT('',(-378.7824744551,-62.82362338846,
    207.40855830241));
#1987 = VECTOR('',#1988,1.);
#1988 = DIRECTION('',(-0.666817271786,-0.517538437218,0.536198370055));
#1989 = PCURVE('',#326,#1990);
#1990 = DEFINITIONAL_REPRESENTATION('',(#1991),#1995);
#1991 = LINE('',#1992,#1993);
#1992 = CARTESIAN_POINT('',(-1.570796326795,0.));
#1993 = VECTOR('',#1994,1.);
#1994 = DIRECTION('',(-0.,-1.));
#1995 = ( GEOMETRIC_REPRESENTATION_CONTEXT(2) 
PARAMETRIC_REPRESENTATION_CONTEXT() REPRESENTATION_CONTEXT('2D SPACE',''
  ) );
#1996 = PCURVE('',#1997,#2002);
#1997 = PLANE('',#1998);
#1998 = AXIS2_PLACEMENT_3D('',#1999,#2000,#2001);
#1999 = CARTESIAN_POINT('',(-435.5416438153,-87.34353911802,
    257.06566214658));
#2000 = DIRECTION('',(-0.686433851315,0.14645547757,-0.712291626273));
#2001 = DIRECTION('',(-0.666817271786,-0.517538437218,0.536198370055));
#2002 = DEFINITIONAL_REPRESENTATION('',(#2003),#2007);
#2003 = LINE('',#2004,#2005);
#2004 = CARTESIAN_POINT('',(-77.16405147188,-18.28569649959));
#2005 = VECTOR('',#2006,1.);
#2006 = DIRECTION('',(1.,-2.775557561563E-17));
#2007 = ( GEOMETRIC_REPRESENTATION_CONTEXT(2) 
PARAMETRIC_REPRESENTATION_CONTEXT() REPRESENTATION_CONTEXT('2D SPACE',''
  ) );
#2008 = ORIENTED_EDGE('',*,*,#2009,.F.);
#2009 = EDGE_CURVE('',#311,#1982,#2010,.T.);
#2010 = SURFACE_CURVE('',#2011,(#2016,#2023),.PCURVE_S1.);
#2011 = CIRCLE('',#2012,6.4);
#2012 = AXIS2_PLACEMENT_3D('',#2013,#2014,#2015);
#2013 = CARTESIAN_POINT('',(-383.1756511035,-61.88630833201,
    202.84989189427));
#2014 = DIRECTION('',(-0.666817271786,-0.517538437218,0.536198370055));
#2015 = DIRECTION('',(0.290109106746,-0.843033071173,-0.452914944654));
#2016 = PCURVE('',#326,#2017);
#2017 = DEFINITIONAL_REPRESENTATION('',(#2018),#2022);
#2018 = LINE('',#2019,#2020);
#2019 = CARTESIAN_POINT('',(-0.,0.));
#2020 = VECTOR('',#2021,1.);
#2021 = DIRECTION('',(-1.,0.));
#2022 = ( GEOMETRIC_REPRESENTATION_CONTEXT(2) 
PARAMETRIC_REPRESENTATION_CONTEXT() REPRESENTATION_CONTEXT('2D SPACE',''
  ) );
#2023 = PCURVE('',#2024,#2029);
#2024 = PLANE('',#2025);
#2025 = AXIS2_PLACEMENT_3D('',#2026,#2027,#2028);
#2026 = CARTESIAN_POINT('',(-380.2051661672,-64.89617165082,
    203.63887359673));
#2027 = DIRECTION('',(-0.666817271786,-0.517538437218,0.536198370055));
#2028 = DIRECTION('',(-0.290109106746,0.843033071173,0.452914944654));
#2029 = DEFINITIONAL_REPRESENTATION('',(#2030),#2034);
#2030 = CIRCLE('',#2031,6.4);
#2031 = AXIS2_PLACEMENT_2D('',#2032,#2033);
#2032 = CARTESIAN_POINT('',(3.041837444839,3.041837444839));
#2033 = DIRECTION('',(-1.,-2.22044604925E-16));
#2034 = ( GEOMETRIC_REPRESENTATION_CONTEXT(2) 
PARAMETRIC_REPRESENTATION_CONTEXT() REPRESENTATION_CONTEXT('2D SPACE',''
  ) );
#2035 = ADVANCED_FACE('',(#2036),#354,.F.);
#2036 = FACE_BOUND('',#2037,.F.);
#2037 = EDGE_LOOP('',(#2038,#2039,#2060,#2061));
#2038 = ORIENTED_EDGE('',*,*,#338,.F.);
#2039 = ORIENTED_EDGE('',*,*,#2040,.F.);
#2040 = EDGE_CURVE('',#1189,#311,#2041,.T.);
#2041 = SURFACE_CURVE('',#2042,(#2046,#2053),.PCURVE_S1.);
#2042 = LINE('',#2043,#2044);
#2043 = CARTESIAN_POINT('',(-382.2473019619,-64.58401415976,
    201.40056407137));
#2044 = VECTOR('',#2045,1.);
#2045 = DIRECTION('',(0.290109106746,-0.843033071173,-0.452914944654));
#2046 = PCURVE('',#354,#2047);
#2047 = DEFINITIONAL_REPRESENTATION('',(#2048),#2052);
#2048 = LINE('',#2049,#2050);
#2049 = CARTESIAN_POINT('',(161.72810294376,-3.2));
#2050 = VECTOR('',#2051,1.);
#2051 = DIRECTION('',(-5.551115123126E-17,1.));
#2052 = ( GEOMETRIC_REPRESENTATION_CONTEXT(2) 
PARAMETRIC_REPRESENTATION_CONTEXT() REPRESENTATION_CONTEXT('2D SPACE',''
  ) );
#2053 = PCURVE('',#2024,#2054);
#2054 = DEFINITIONAL_REPRESENTATION('',(#2055),#2059);
#2055 = LINE('',#2056,#2057);
#2056 = CARTESIAN_POINT('',(-0.158162555161,3.041837444839));
#2057 = VECTOR('',#2058,1.);
#2058 = DIRECTION('',(-1.,-5.551115123126E-17));
#2059 = ( GEOMETRIC_REPRESENTATION_CONTEXT(2) 
PARAMETRIC_REPRESENTATION_CONTEXT() REPRESENTATION_CONTEXT('2D SPACE',''
  ) );
#2060 = ORIENTED_EDGE('',*,*,#1216,.T.);
#2061 = ORIENTED_EDGE('',*,*,#1633,.F.);
#2062 = ADVANCED_FACE('',(#2063),#466,.F.);
#2063 = FACE_BOUND('',#2064,.T.);
#2064 = EDGE_LOOP('',(#2065,#2066,#2087,#2088));
#2065 = ORIENTED_EDGE('',*,*,#445,.T.);
#2066 = ORIENTED_EDGE('',*,*,#2067,.T.);
#2067 = EDGE_CURVE('',#446,#1314,#2068,.T.);
#2068 = SEAM_CURVE('',#2069,(#2073,#2080),.PCURVE_S1.);
#2069 = LINE('',#2070,#2071);
#2070 = CARTESIAN_POINT('',(-472.2494408863,-100.4061858285,
    201.15512123073));
#2071 = VECTOR('',#2072,1.);
#2072 = DIRECTION('',(-0.290109106746,0.843033071173,0.452914944654));
#2073 = PCURVE('',#466,#2074);
#2074 = DEFINITIONAL_REPRESENTATION('',(#2075),#2079);
#2075 = LINE('',#2076,#2077);
#2076 = CARTESIAN_POINT('',(-6.28318530718,0.));
#2077 = VECTOR('',#2078,1.);
#2078 = DIRECTION('',(-0.,-1.));
#2079 = ( GEOMETRIC_REPRESENTATION_CONTEXT(2) 
PARAMETRIC_REPRESENTATION_CONTEXT() REPRESENTATION_CONTEXT('2D SPACE',''
  ) );
#2080 = PCURVE('',#466,#2081);
#2081 = DEFINITIONAL_REPRESENTATION('',(#2082),#2086);
#2082 = LINE('',#2083,#2084);
#2083 = CARTESIAN_POINT('',(-0.,0.));
#2084 = VECTOR('',#2085,1.);
#2085 = DIRECTION('',(-0.,-1.));
#2086 = ( GEOMETRIC_REPRESENTATION_CONTEXT(2) 
PARAMETRIC_REPRESENTATION_CONTEXT() REPRESENTATION_CONTEXT('2D SPACE',''
  ) );
#2087 = ORIENTED_EDGE('',*,*,#1313,.F.);
#2088 = ORIENTED_EDGE('',*,*,#2067,.F.);
#2089 = ADVANCED_FACE('',(#2090),#501,.F.);
#2090 = FACE_BOUND('',#2091,.T.);
#2091 = EDGE_LOOP('',(#2092,#2093,#2114,#2115));
#2092 = ORIENTED_EDGE('',*,*,#480,.T.);
#2093 = ORIENTED_EDGE('',*,*,#2094,.T.);
#2094 = EDGE_CURVE('',#481,#1344,#2095,.T.);
#2095 = SEAM_CURVE('',#2096,(#2100,#2107),.PCURVE_S1.);
#2096 = LINE('',#2097,#2098);
#2097 = CARTESIAN_POINT('',(-497.4754355899,-56.67047994001,
    103.58947945425));
#2098 = VECTOR('',#2099,1.);
#2099 = DIRECTION('',(-0.290109106746,0.843033071173,0.452914944654));
#2100 = PCURVE('',#501,#2101);
#2101 = DEFINITIONAL_REPRESENTATION('',(#2102),#2106);
#2102 = LINE('',#2103,#2104);
#2103 = CARTESIAN_POINT('',(-6.28318530718,0.));
#2104 = VECTOR('',#2105,1.);
#2105 = DIRECTION('',(-0.,-1.));
#2106 = ( GEOMETRIC_REPRESENTATION_CONTEXT(2) 
PARAMETRIC_REPRESENTATION_CONTEXT() REPRESENTATION_CONTEXT('2D SPACE',''
  ) );
#2107 = PCURVE('',#501,#2108);
#2108 = DEFINITIONAL_REPRESENTATION('',(#2109),#2113);
#2109 = LINE('',#2110,#2111);
#2110 = CARTESIAN_POINT('',(-0.,0.));
#2111 = VECTOR('',#2112,1.);
#2112 = DIRECTION('',(-0.,-1.));
#2113 = ( GEOMETRIC_REPRESENTATION_CONTEXT(2) 
PARAMETRIC_REPRESENTATION_CONTEXT() REPRESENTATION_CONTEXT('2D SPACE',''
  ) );
#2114 = ORIENTED_EDGE('',*,*,#1343,.F.);
#2115 = ORIENTED_EDGE('',*,*,#2094,.F.);
#2116 = ADVANCED_FACE('',(#2117),#533,.T.);
#2117 = FACE_BOUND('',#2118,.T.);
#2118 = EDGE_LOOP('',(#2119,#2120,#2141,#2142));
#2119 = ORIENTED_EDGE('',*,*,#515,.T.);
#2120 = ORIENTED_EDGE('',*,*,#2121,.T.);
#2121 = EDGE_CURVE('',#518,#1376,#2122,.T.);
#2122 = SURFACE_CURVE('',#2123,(#2127,#2134),.PCURVE_S1.);
#2123 = LINE('',#2124,#2125);
#2124 = CARTESIAN_POINT('',(-550.8764966583,-72.13153818617,
    98.162520732785));
#2125 = VECTOR('',#2126,1.);
#2126 = DIRECTION('',(-0.290109106746,0.843033071173,0.452914944654));
#2127 = PCURVE('',#533,#2128);
#2128 = DEFINITIONAL_REPRESENTATION('',(#2129),#2133);
#2129 = LINE('',#2130,#2131);
#2130 = CARTESIAN_POINT('',(0.,0.));
#2131 = VECTOR('',#2132,1.);
#2132 = DIRECTION('',(-5.551115123126E-17,-1.));
#2133 = ( GEOMETRIC_REPRESENTATION_CONTEXT(2) 
PARAMETRIC_REPRESENTATION_CONTEXT() REPRESENTATION_CONTEXT('2D SPACE',''
  ) );
#2134 = PCURVE('',#561,#2135);
#2135 = DEFINITIONAL_REPRESENTATION('',(#2136),#2140);
#2136 = LINE('',#2137,#2138);
#2137 = CARTESIAN_POINT('',(30.36,5.329070518201E-15));
#2138 = VECTOR('',#2139,1.);
#2139 = DIRECTION('',(5.551115123126E-17,-1.));
#2140 = ( GEOMETRIC_REPRESENTATION_CONTEXT(2) 
PARAMETRIC_REPRESENTATION_CONTEXT() REPRESENTATION_CONTEXT('2D SPACE',''
  ) );
#2141 = ORIENTED_EDGE('',*,*,#1373,.F.);
#2142 = ORIENTED_EDGE('',*,*,#2143,.F.);
#2143 = EDGE_CURVE('',#516,#1374,#2144,.T.);
#2144 = SURFACE_CURVE('',#2145,(#2149,#2156),.PCURVE_S1.);
#2145 = LINE('',#2146,#2147);
#2146 = CARTESIAN_POINT('',(-560.4119836448,-79.53233783838,
    105.83015742457));
#2147 = VECTOR('',#2148,1.);
#2148 = DIRECTION('',(-0.290109106746,0.843033071173,0.452914944654));
#2149 = PCURVE('',#533,#2150);
#2150 = DEFINITIONAL_REPRESENTATION('',(#2151),#2155);
#2151 = LINE('',#2152,#2153);
#2152 = CARTESIAN_POINT('',(14.3,-3.01980662698E-14));
#2153 = VECTOR('',#2154,1.);
#2154 = DIRECTION('',(-5.551115123126E-17,-1.));
#2155 = ( GEOMETRIC_REPRESENTATION_CONTEXT(2) 
PARAMETRIC_REPRESENTATION_CONTEXT() REPRESENTATION_CONTEXT('2D SPACE',''
  ) );
#2156 = PCURVE('',#615,#2157);
#2157 = DEFINITIONAL_REPRESENTATION('',(#2158),#2162);
#2158 = LINE('',#2159,#2160);
#2159 = CARTESIAN_POINT('',(0.,0.));
#2160 = VECTOR('',#2161,1.);
#2161 = DIRECTION('',(-5.551115123126E-17,-1.));
#2162 = ( GEOMETRIC_REPRESENTATION_CONTEXT(2) 
PARAMETRIC_REPRESENTATION_CONTEXT() REPRESENTATION_CONTEXT('2D SPACE',''
  ) );
#2163 = ADVANCED_FACE('',(#2164),#615,.T.);
#2164 = FACE_BOUND('',#2165,.T.);
#2165 = EDGE_LOOP('',(#2166,#2167,#2168,#2169));
#2166 = ORIENTED_EDGE('',*,*,#601,.T.);
#2167 = ORIENTED_EDGE('',*,*,#2143,.T.);
#2168 = ORIENTED_EDGE('',*,*,#1444,.F.);
#2169 = ORIENTED_EDGE('',*,*,#2170,.F.);
#2170 = EDGE_CURVE('',#574,#1422,#2171,.T.);
#2171 = SURFACE_CURVE('',#2172,(#2176,#2183),.PCURVE_S1.);
#2172 = LINE('',#2173,#2174);
#2173 = CARTESIAN_POINT('',(-539.5718519189,-83.97872613741,
    127.45533119822));
#2174 = VECTOR('',#2175,1.);
#2175 = DIRECTION('',(-0.290109106746,0.843033071173,0.452914944654));
#2176 = PCURVE('',#615,#2177);
#2177 = DEFINITIONAL_REPRESENTATION('',(#2178),#2182);
#2178 = LINE('',#2179,#2180);
#2179 = CARTESIAN_POINT('',(30.36,7.105427357601E-15));
#2180 = VECTOR('',#2181,1.);
#2181 = DIRECTION('',(-5.551115123126E-17,-1.));
#2182 = ( GEOMETRIC_REPRESENTATION_CONTEXT(2) 
PARAMETRIC_REPRESENTATION_CONTEXT() REPRESENTATION_CONTEXT('2D SPACE',''
  ) );
#2183 = PCURVE('',#589,#2184);
#2184 = DEFINITIONAL_REPRESENTATION('',(#2185),#2189);
#2185 = LINE('',#2186,#2187);
#2186 = CARTESIAN_POINT('',(0.,0.));
#2187 = VECTOR('',#2188,1.);
#2188 = DIRECTION('',(5.551115123126E-17,-1.));
#2189 = ( GEOMETRIC_REPRESENTATION_CONTEXT(2) 
PARAMETRIC_REPRESENTATION_CONTEXT() REPRESENTATION_CONTEXT('2D SPACE',''
  ) );
#2190 = ADVANCED_FACE('',(#2191),#589,.T.);
#2191 = FACE_BOUND('',#2192,.T.);
#2192 = EDGE_LOOP('',(#2193,#2194,#2195,#2196));
#2193 = ORIENTED_EDGE('',*,*,#573,.T.);
#2194 = ORIENTED_EDGE('',*,*,#2170,.T.);
#2195 = ORIENTED_EDGE('',*,*,#1421,.F.);
#2196 = ORIENTED_EDGE('',*,*,#2197,.F.);
#2197 = EDGE_CURVE('',#546,#1399,#2198,.T.);
#2198 = SURFACE_CURVE('',#2199,(#2203,#2210),.PCURVE_S1.);
#2199 = LINE('',#2200,#2201);
#2200 = CARTESIAN_POINT('',(-530.0363649324,-76.5779264852,
    119.78769450643));
#2201 = VECTOR('',#2202,1.);
#2202 = DIRECTION('',(-0.290109106746,0.843033071173,0.452914944654));
#2203 = PCURVE('',#589,#2204);
#2204 = DEFINITIONAL_REPRESENTATION('',(#2205),#2209);
#2205 = LINE('',#2206,#2207);
#2206 = CARTESIAN_POINT('',(14.3,1.110223024625E-14));
#2207 = VECTOR('',#2208,1.);
#2208 = DIRECTION('',(5.551115123126E-17,-1.));
#2209 = ( GEOMETRIC_REPRESENTATION_CONTEXT(2) 
PARAMETRIC_REPRESENTATION_CONTEXT() REPRESENTATION_CONTEXT('2D SPACE',''
  ) );
#2210 = PCURVE('',#561,#2211);
#2211 = DEFINITIONAL_REPRESENTATION('',(#2212),#2216);
#2212 = LINE('',#2213,#2214);
#2213 = CARTESIAN_POINT('',(0.,0.));
#2214 = VECTOR('',#2215,1.);
#2215 = DIRECTION('',(5.551115123126E-17,-1.));
#2216 = ( GEOMETRIC_REPRESENTATION_CONTEXT(2) 
PARAMETRIC_REPRESENTATION_CONTEXT() REPRESENTATION_CONTEXT('2D SPACE',''
  ) );
#2217 = ADVANCED_FACE('',(#2218),#561,.T.);
#2218 = FACE_BOUND('',#2219,.T.);
#2219 = EDGE_LOOP('',(#2220,#2221,#2222,#2223));
#2220 = ORIENTED_EDGE('',*,*,#545,.T.);
#2221 = ORIENTED_EDGE('',*,*,#2197,.T.);
#2222 = ORIENTED_EDGE('',*,*,#1398,.F.);
#2223 = ORIENTED_EDGE('',*,*,#2121,.F.);
#2224 = ADVANCED_FACE('',(#2225),#650,.F.);
#2225 = FACE_BOUND('',#2226,.T.);
#2226 = EDGE_LOOP('',(#2227,#2228,#2249,#2250));
#2227 = ORIENTED_EDGE('',*,*,#629,.T.);
#2228 = ORIENTED_EDGE('',*,*,#2229,.T.);
#2229 = EDGE_CURVE('',#630,#1468,#2230,.T.);
#2230 = SEAM_CURVE('',#2231,(#2235,#2242),.PCURVE_S1.);
#2231 = LINE('',#2232,#2233);
#2232 = CARTESIAN_POINT('',(-518.7885475727,-134.7834963234,
    235.33326253167));
#2233 = VECTOR('',#2234,1.);
#2234 = DIRECTION('',(-0.290109106746,0.843033071173,0.452914944654));
#2235 = PCURVE('',#650,#2236);
#2236 = DEFINITIONAL_REPRESENTATION('',(#2237),#2241);
#2237 = LINE('',#2238,#2239);
#2238 = CARTESIAN_POINT('',(-6.28318530718,0.));
#2239 = VECTOR('',#2240,1.);
#2240 = DIRECTION('',(-0.,-1.));
#2241 = ( GEOMETRIC_REPRESENTATION_CONTEXT(2) 
PARAMETRIC_REPRESENTATION_CONTEXT() REPRESENTATION_CONTEXT('2D SPACE',''
  ) );
#2242 = PCURVE('',#650,#2243);
#2243 = DEFINITIONAL_REPRESENTATION('',(#2244),#2248);
#2244 = LINE('',#2245,#2246);
#2245 = CARTESIAN_POINT('',(-0.,0.));
#2246 = VECTOR('',#2247,1.);
#2247 = DIRECTION('',(-0.,-1.));
#2248 = ( GEOMETRIC_REPRESENTATION_CONTEXT(2) 
PARAMETRIC_REPRESENTATION_CONTEXT() REPRESENTATION_CONTEXT('2D SPACE',''
  ) );
#2249 = ORIENTED_EDGE('',*,*,#1467,.F.);
#2250 = ORIENTED_EDGE('',*,*,#2229,.F.);
#2251 = ADVANCED_FACE('',(#2252),#1028,.F.);
#2252 = FACE_BOUND('',#2253,.F.);
#2253 = EDGE_LOOP('',(#2254,#2277,#2278,#2279));
#2254 = ORIENTED_EDGE('',*,*,#2255,.T.);
#2255 = EDGE_CURVE('',#2256,#982,#2258,.T.);
#2256 = VERTEX_POINT('',#2257);
#2257 = CARTESIAN_POINT('',(-626.4944880086,-107.1885105413,
    138.38358069349));
#2258 = SURFACE_CURVE('',#2259,(#2263,#2270),.PCURVE_S1.);
#2259 = LINE('',#2260,#2261);
#2260 = CARTESIAN_POINT('',(-626.4944880086,-107.1885105413,
    138.38358069349));
#2261 = VECTOR('',#2262,1.);
#2262 = DIRECTION('',(0.666817271786,0.517538437218,-0.536198370055));
#2263 = PCURVE('',#1028,#2264);
#2264 = DEFINITIONAL_REPRESENTATION('',(#2265),#2269);
#2265 = LINE('',#2266,#2267);
#2266 = CARTESIAN_POINT('',(0.,0.));
#2267 = VECTOR('',#2268,1.);
#2268 = DIRECTION('',(0.,-1.));
#2269 = ( GEOMETRIC_REPRESENTATION_CONTEXT(2) 
PARAMETRIC_REPRESENTATION_CONTEXT() REPRESENTATION_CONTEXT('2D SPACE',''
  ) );
#2270 = PCURVE('',#997,#2271);
#2271 = DEFINITIONAL_REPRESENTATION('',(#2272),#2276);
#2272 = LINE('',#2273,#2274);
#2273 = CARTESIAN_POINT('',(-73.96405147188,-11.58655846277));
#2274 = VECTOR('',#2275,1.);
#2275 = DIRECTION('',(1.,2.775557561563E-17));
#2276 = ( GEOMETRIC_REPRESENTATION_CONTEXT(2) 
PARAMETRIC_REPRESENTATION_CONTEXT() REPRESENTATION_CONTEXT('2D SPACE',''
  ) );
#2277 = ORIENTED_EDGE('',*,*,#1009,.T.);
#2278 = ORIENTED_EDGE('',*,*,#1045,.F.);
#2279 = ORIENTED_EDGE('',*,*,#2280,.F.);
#2280 = EDGE_CURVE('',#2256,#1046,#2281,.T.);
#2281 = SURFACE_CURVE('',#2282,(#2287,#2294),.PCURVE_S1.);
#2282 = CIRCLE('',#2283,6.4);
#2283 = AXIS2_PLACEMENT_3D('',#2284,#2285,#2286);
#2284 = CARTESIAN_POINT('',(-622.1013113602,-108.1258255977,
    142.94224710163));
#2285 = DIRECTION('',(-0.666817271786,-0.517538437218,0.536198370055));
#2286 = DIRECTION('',(-0.686433851315,0.14645547757,-0.712291626273));
#2287 = PCURVE('',#1028,#2288);
#2288 = DEFINITIONAL_REPRESENTATION('',(#2289),#2293);
#2289 = LINE('',#2290,#2291);
#2290 = CARTESIAN_POINT('',(0.,0.));
#2291 = VECTOR('',#2292,1.);
#2292 = DIRECTION('',(1.,0.));
#2293 = ( GEOMETRIC_REPRESENTATION_CONTEXT(2) 
PARAMETRIC_REPRESENTATION_CONTEXT() REPRESENTATION_CONTEXT('2D SPACE',''
  ) );
#2294 = PCURVE('',#1570,#2295);
#2295 = DEFINITIONAL_REPRESENTATION('',(#2296),#2304);
#2296 = ( BOUNDED_CURVE() B_SPLINE_CURVE(2,(#2297,#2298,#2299,#2300,
#2301,#2302,#2303),.UNSPECIFIED.,.T.,.F.) B_SPLINE_CURVE_WITH_KNOTS((1,2
    ,2,2,2,1),(-2.094395102393,0.,2.094395102393,4.188790204786,
6.28318530718,8.377580409573),.UNSPECIFIED.) CURVE() 
GEOMETRIC_REPRESENTATION_ITEM() RATIONAL_B_SPLINE_CURVE((1.,0.5,1.,0.5,
1.,0.5,1.)) REPRESENTATION_ITEM('') );
#2297 = CARTESIAN_POINT('',(4.934421863633,-1.465578136367));
#2298 = CARTESIAN_POINT('',(-6.150703304807,-1.465578136367));
#2299 = CARTESIAN_POINT('',(-0.608140720587,8.134421863633));
#2300 = CARTESIAN_POINT('',(4.934421863633,17.734421863633));
#2301 = CARTESIAN_POINT('',(10.476984447854,8.134421863633));
#2302 = CARTESIAN_POINT('',(16.019547032074,-1.465578136366));
#2303 = CARTESIAN_POINT('',(4.934421863633,-1.465578136367));
#2304 = ( GEOMETRIC_REPRESENTATION_CONTEXT(2) 
PARAMETRIC_REPRESENTATION_CONTEXT() REPRESENTATION_CONTEXT('2D SPACE',''
  ) );
#2305 = ADVANCED_FACE('',(#2306),#1278,.F.);
#2306 = FACE_BOUND('',#2307,.F.);
#2307 = EDGE_LOOP('',(#2308,#2338,#2364,#2365));
#2308 = ORIENTED_EDGE('',*,*,#2309,.T.);
#2309 = EDGE_CURVE('',#2310,#2312,#2314,.T.);
#2310 = VERTEX_POINT('',#2311);
#2311 = CARTESIAN_POINT('',(-508.2502593427,-28.20679230782,
    60.04553212259));
#2312 = VERTEX_POINT('',#2313);
#2313 = CARTESIAN_POINT('',(-381.1869985223,-55.31663036348,
    191.89523113726));
#2314 = SURFACE_CURVE('',#2315,(#2319,#2326),.PCURVE_S1.);
#2315 = LINE('',#2316,#2317);
#2316 = CARTESIAN_POINT('',(-508.2502593427,-28.20679230782,
    60.04553212259));
#2317 = VECTOR('',#2318,1.);
#2318 = DIRECTION('',(0.686433851315,-0.14645547757,0.712291626273));
#2319 = PCURVE('',#1278,#2320);
#2320 = DEFINITIONAL_REPRESENTATION('',(#2321),#2325);
#2321 = LINE('',#2322,#2323);
#2322 = CARTESIAN_POINT('',(0.,0.));
#2323 = VECTOR('',#2324,1.);
#2324 = DIRECTION('',(0.,-1.));
#2325 = ( GEOMETRIC_REPRESENTATION_CONTEXT(2) 
PARAMETRIC_REPRESENTATION_CONTEXT() REPRESENTATION_CONTEXT('2D SPACE',''
  ) );
#2326 = PCURVE('',#2327,#2332);
#2327 = PLANE('',#2328);
#2328 = AXIS2_PLACEMENT_3D('',#2329,#2330,#2331);
#2329 = CARTESIAN_POINT('',(-447.5690653078,-33.47857897001,
    130.42044956347));
#2330 = DIRECTION('',(-0.666817271786,-0.517538437218,0.536198370055));
#2331 = DIRECTION('',(0.686433851315,-0.14645547757,0.712291626273));
#2332 = DEFINITIONAL_REPRESENTATION('',(#2333),#2337);
#2333 = LINE('',#2334,#2335);
#2334 = CARTESIAN_POINT('',(-92.55317214982,-9.825394339642));
#2335 = VECTOR('',#2336,1.);
#2336 = DIRECTION('',(1.,-5.551115123126E-17));
#2337 = ( GEOMETRIC_REPRESENTATION_CONTEXT(2) 
PARAMETRIC_REPRESENTATION_CONTEXT() REPRESENTATION_CONTEXT('2D SPACE',''
  ) );
#2338 = ORIENTED_EDGE('',*,*,#2339,.T.);
#2339 = EDGE_CURVE('',#2312,#1240,#2340,.T.);
#2340 = SURFACE_CURVE('',#2341,(#2346,#2353),.PCURVE_S1.);
#2341 = CIRCLE('',#2342,3.2);
#2342 = AXIS2_PLACEMENT_3D('',#2343,#2344,#2345);
#2343 = CARTESIAN_POINT('',(-383.320813792,-56.97275336258,
    193.61106592144));
#2344 = DIRECTION('',(-0.686433851315,0.14645547757,-0.712291626273));
#2345 = DIRECTION('',(0.666817271786,0.517538437218,-0.536198370055));
#2346 = PCURVE('',#1278,#2347);
#2347 = DEFINITIONAL_REPRESENTATION('',(#2348),#2352);
#2348 = LINE('',#2349,#2350);
#2349 = CARTESIAN_POINT('',(0.,-185.1063442996));
#2350 = VECTOR('',#2351,1.);
#2351 = DIRECTION('',(1.,0.));
#2352 = ( GEOMETRIC_REPRESENTATION_CONTEXT(2) 
PARAMETRIC_REPRESENTATION_CONTEXT() REPRESENTATION_CONTEXT('2D SPACE',''
  ) );
#2353 = PCURVE('',#1669,#2354);
#2354 = DEFINITIONAL_REPRESENTATION('',(#2355),#2363);
#2355 = ( BOUNDED_CURVE() B_SPLINE_CURVE(2,(#2356,#2357,#2358,#2359,
#2360,#2361,#2362),.UNSPECIFIED.,.T.,.F.) B_SPLINE_CURVE_WITH_KNOTS((1,2
    ,2,2,2,1),(-2.094395102393,0.,2.094395102393,4.188790204786,
6.28318530718,8.377580409573),.UNSPECIFIED.) CURVE() 
GEOMETRIC_REPRESENTATION_ITEM() RATIONAL_B_SPLINE_CURVE((1.,0.5,1.,0.5,
1.,0.5,1.)) REPRESENTATION_ITEM('') );
#2356 = CARTESIAN_POINT('',(3.041837444839,-0.158162555161));
#2357 = CARTESIAN_POINT('',(-2.500725139381,-0.158162555161));
#2358 = CARTESIAN_POINT('',(0.270556152729,4.641837444839));
#2359 = CARTESIAN_POINT('',(3.041837444839,9.441837444839));
#2360 = CARTESIAN_POINT('',(5.813118736949,4.641837444839));
#2361 = CARTESIAN_POINT('',(8.58440002906,-0.158162555161));
#2362 = CARTESIAN_POINT('',(3.041837444839,-0.158162555161));
#2363 = ( GEOMETRIC_REPRESENTATION_CONTEXT(2) 
PARAMETRIC_REPRESENTATION_CONTEXT() REPRESENTATION_CONTEXT('2D SPACE',''
  ) );
#2364 = ORIENTED_EDGE('',*,*,#1262,.F.);
#2365 = ORIENTED_EDGE('',*,*,#2366,.F.);
#2366 = EDGE_CURVE('',#2310,#1263,#2367,.T.);
#2367 = SURFACE_CURVE('',#2368,(#2373,#2380),.PCURVE_S1.);
#2368 = CIRCLE('',#2369,3.2);
#2369 = AXIS2_PLACEMENT_3D('',#2370,#2371,#2372);
#2370 = CARTESIAN_POINT('',(-510.3840746125,-29.86291530691,
    61.761366906767));
#2371 = DIRECTION('',(-0.686433851315,0.14645547757,-0.712291626273));
#2372 = DIRECTION('',(0.666817271786,0.517538437218,-0.536198370055));
#2373 = PCURVE('',#1278,#2374);
#2374 = DEFINITIONAL_REPRESENTATION('',(#2375),#2379);
#2375 = LINE('',#2376,#2377);
#2376 = CARTESIAN_POINT('',(0.,0.));
#2377 = VECTOR('',#2378,1.);
#2378 = DIRECTION('',(1.,0.));
#2379 = ( GEOMETRIC_REPRESENTATION_CONTEXT(2) 
PARAMETRIC_REPRESENTATION_CONTEXT() REPRESENTATION_CONTEXT('2D SPACE',''
  ) );
#2380 = PCURVE('',#1513,#2381);
#2381 = DEFINITIONAL_REPRESENTATION('',(#2382),#2390);
#2382 = ( BOUNDED_CURVE() B_SPLINE_CURVE(2,(#2383,#2384,#2385,#2386,
#2387,#2388,#2389),.UNSPECIFIED.,.T.,.F.) B_SPLINE_CURVE_WITH_KNOTS((1,2
    ,2,2,2,1),(-2.094395102393,0.,2.094395102393,4.188790204786,
6.28318530718,8.377580409573),.UNSPECIFIED.) CURVE() 
GEOMETRIC_REPRESENTATION_ITEM() RATIONAL_B_SPLINE_CURVE((1.,0.5,1.,0.5,
1.,0.5,1.)) REPRESENTATION_ITEM('') );
#2383 = CARTESIAN_POINT('',(3.041837444839,-0.158162555161));
#2384 = CARTESIAN_POINT('',(-2.500725139381,-0.158162555161));
#2385 = CARTESIAN_POINT('',(0.270556152729,4.641837444839));
#2386 = CARTESIAN_POINT('',(3.041837444839,9.441837444839));
#2387 = CARTESIAN_POINT('',(5.813118736949,4.641837444839));
#2388 = CARTESIAN_POINT('',(8.58440002906,-0.158162555161));
#2389 = CARTESIAN_POINT('',(3.041837444839,-0.158162555161));
#2390 = ( GEOMETRIC_REPRESENTATION_CONTEXT(2) 
PARAMETRIC_REPRESENTATION_CONTEXT() REPRESENTATION_CONTEXT('2D SPACE',''
  ) );
#2391 = ADVANCED_FACE('',(#2392),#1130,.F.);
#2392 = FACE_BOUND('',#2393,.F.);
#2393 = EDGE_LOOP('',(#2394,#2424,#2450,#2451));
#2394 = ORIENTED_EDGE('',*,*,#2395,.T.);
#2395 = EDGE_CURVE('',#2396,#2398,#2400,.T.);
#2396 = VERTEX_POINT('',#2397);
#2397 = CARTESIAN_POINT('',(-495.6027928813,-146.9142906272,
    285.5701991331));
#2398 = VERTEX_POINT('',#2399);
#2399 = CARTESIAN_POINT('',(-624.8626420259,-119.3357950433,
    151.44116691435));
#2400 = SURFACE_CURVE('',#2401,(#2405,#2412),.PCURVE_S1.);
#2401 = LINE('',#2402,#2403);
#2402 = CARTESIAN_POINT('',(-495.6027928813,-146.9142906272,
    285.5701991331));
#2403 = VECTOR('',#2404,1.);
#2404 = DIRECTION('',(-0.686433851315,0.14645547757,-0.712291626273));
#2405 = PCURVE('',#1130,#2406);
#2406 = DEFINITIONAL_REPRESENTATION('',(#2407),#2411);
#2407 = LINE('',#2408,#2409);
#2408 = CARTESIAN_POINT('',(0.,0.));
#2409 = VECTOR('',#2410,1.);
#2410 = DIRECTION('',(0.,-1.));
#2411 = ( GEOMETRIC_REPRESENTATION_CONTEXT(2) 
PARAMETRIC_REPRESENTATION_CONTEXT() REPRESENTATION_CONTEXT('2D SPACE',''
  ) );
#2412 = PCURVE('',#2413,#2418);
#2413 = PLANE('',#2414);
#2414 = AXIS2_PLACEMENT_3D('',#2415,#2416,#2417);
#2415 = CARTESIAN_POINT('',(-563.9280595412,-122.3866843465,
    224.27480787413));
#2416 = DIRECTION('',(0.666817271786,0.517538437218,-0.536198370055));
#2417 = DIRECTION('',(-0.686433851315,0.14645547757,-0.712291626273));
#2418 = DEFINITIONAL_REPRESENTATION('',(#2419),#2423);
#2419 = LINE('',#2420,#2421);
#2420 = CARTESIAN_POINT('',(-94.15317214982,-12.7377665906));
#2421 = VECTOR('',#2422,1.);
#2422 = DIRECTION('',(1.,5.551115123126E-17));
#2423 = ( GEOMETRIC_REPRESENTATION_CONTEXT(2) 
PARAMETRIC_REPRESENTATION_CONTEXT() REPRESENTATION_CONTEXT('2D SPACE',''
  ) );
#2424 = ORIENTED_EDGE('',*,*,#2425,.T.);
#2425 = EDGE_CURVE('',#2398,#1092,#2426,.T.);
#2426 = SURFACE_CURVE('',#2427,(#2432,#2439),.PCURVE_S1.);
#2427 = CIRCLE('',#2428,1.6);
#2428 = AXIS2_PLACEMENT_3D('',#2429,#2430,#2431);
#2429 = CARTESIAN_POINT('',(-623.7957343911,-118.5077335438,
    150.58324952226));
#2430 = DIRECTION('',(0.686433851315,-0.14645547757,0.712291626273));
#2431 = DIRECTION('',(-0.666817271786,-0.517538437218,0.536198370055));
#2432 = PCURVE('',#1130,#2433);
#2433 = DEFINITIONAL_REPRESENTATION('',(#2434),#2438);
#2434 = LINE('',#2435,#2436);
#2435 = CARTESIAN_POINT('',(0.,-188.3063442996));
#2436 = VECTOR('',#2437,1.);
#2437 = DIRECTION('',(1.,0.));
#2438 = ( GEOMETRIC_REPRESENTATION_CONTEXT(2) 
PARAMETRIC_REPRESENTATION_CONTEXT() REPRESENTATION_CONTEXT('2D SPACE',''
  ) );
#2439 = PCURVE('',#1779,#2440);
#2440 = DEFINITIONAL_REPRESENTATION('',(#2441),#2449);
#2441 = ( BOUNDED_CURVE() B_SPLINE_CURVE(2,(#2442,#2443,#2444,#2445,
#2446,#2447,#2448),.UNSPECIFIED.,.T.,.F.) B_SPLINE_CURVE_WITH_KNOTS((1,2
    ,2,2,2,1),(-2.094395102393,0.,2.094395102393,4.188790204786,
6.28318530718,8.377580409573),.UNSPECIFIED.) CURVE() 
GEOMETRIC_REPRESENTATION_ITEM() RATIONAL_B_SPLINE_CURVE((1.,0.5,1.,0.5,
1.,0.5,1.)) REPRESENTATION_ITEM('') );
#2442 = CARTESIAN_POINT('',(2.140182836551,0.540182836551));
#2443 = CARTESIAN_POINT('',(-0.631098455559,0.540182836551));
#2444 = CARTESIAN_POINT('',(0.754542190496,2.940182836551));
#2445 = CARTESIAN_POINT('',(2.140182836551,5.340182836551));
#2446 = CARTESIAN_POINT('',(3.525823482606,2.940182836551));
#2447 = CARTESIAN_POINT('',(4.911464128661,0.540182836551));
#2448 = CARTESIAN_POINT('',(2.140182836551,0.540182836551));
#2449 = ( GEOMETRIC_REPRESENTATION_CONTEXT(2) 
PARAMETRIC_REPRESENTATION_CONTEXT() REPRESENTATION_CONTEXT('2D SPACE',''
  ) );
#2450 = ORIENTED_EDGE('',*,*,#1114,.F.);
#2451 = ORIENTED_EDGE('',*,*,#2452,.F.);
#2452 = EDGE_CURVE('',#2396,#1115,#2453,.T.);
#2453 = SURFACE_CURVE('',#2454,(#2459,#2466),.PCURVE_S1.);
#2454 = CIRCLE('',#2455,1.6);
#2455 = AXIS2_PLACEMENT_3D('',#2456,#2457,#2458);
#2456 = CARTESIAN_POINT('',(-494.5358852465,-146.0862291277,
    284.71228174101));
#2457 = DIRECTION('',(0.686433851315,-0.14645547757,0.712291626273));
#2458 = DIRECTION('',(-0.666817271786,-0.517538437218,0.536198370055));
#2459 = PCURVE('',#1130,#2460);
#2460 = DEFINITIONAL_REPRESENTATION('',(#2461),#2465);
#2461 = LINE('',#2462,#2463);
#2462 = CARTESIAN_POINT('',(0.,0.));
#2463 = VECTOR('',#2464,1.);
#2464 = DIRECTION('',(1.,0.));
#2465 = ( GEOMETRIC_REPRESENTATION_CONTEXT(2) 
PARAMETRIC_REPRESENTATION_CONTEXT() REPRESENTATION_CONTEXT('2D SPACE',''
  ) );
#2466 = PCURVE('',#1862,#2467);
#2467 = DEFINITIONAL_REPRESENTATION('',(#2468),#2476);
#2468 = ( BOUNDED_CURVE() B_SPLINE_CURVE(2,(#2469,#2470,#2471,#2472,
#2473,#2474,#2475),.UNSPECIFIED.,.T.,.F.) B_SPLINE_CURVE_WITH_KNOTS((1,2
    ,2,2,2,1),(-2.094395102393,0.,2.094395102393,4.188790204786,
6.28318530718,8.377580409573),.UNSPECIFIED.) CURVE() 
GEOMETRIC_REPRESENTATION_ITEM() RATIONAL_B_SPLINE_CURVE((1.,0.5,1.,0.5,
1.,0.5,1.)) REPRESENTATION_ITEM('') );
#2469 = CARTESIAN_POINT('',(2.140182836551,0.540182836551));
#2470 = CARTESIAN_POINT('',(-0.631098455559,0.540182836551));
#2471 = CARTESIAN_POINT('',(0.754542190496,2.940182836551));
#2472 = CARTESIAN_POINT('',(2.140182836551,5.340182836551));
#2473 = CARTESIAN_POINT('',(3.525823482606,2.940182836551));
#2474 = CARTESIAN_POINT('',(4.911464128661,0.540182836551));
#2475 = CARTESIAN_POINT('',(2.140182836551,0.540182836551));
#2476 = ( GEOMETRIC_REPRESENTATION_CONTEXT(2) 
PARAMETRIC_REPRESENTATION_CONTEXT() REPRESENTATION_CONTEXT('2D SPACE',''
  ) );
#2477 = ADVANCED_FACE('',(#2478),#1204,.F.);
#2478 = FACE_BOUND('',#2479,.F.);
#2479 = EDGE_LOOP('',(#2480,#2510,#2536,#2537));
#2480 = ORIENTED_EDGE('',*,*,#2481,.T.);
#2481 = EDGE_CURVE('',#2482,#2484,#2486,.T.);
#2482 = VERTEX_POINT('',#2483);
#2483 = CARTESIAN_POINT('',(-380.9790627793,-62.35496586023,
    205.12922509834));
#2484 = VERTEX_POINT('',#2485);
#2485 = CARTESIAN_POINT('',(-483.8877073442,-142.2256910765,
    287.87970235051));
#2486 = SURFACE_CURVE('',#2487,(#2491,#2498),.PCURVE_S1.);
#2487 = LINE('',#2488,#2489);
#2488 = CARTESIAN_POINT('',(-380.9790627793,-62.35496586023,
    205.12922509834));
#2489 = VECTOR('',#2490,1.);
#2490 = DIRECTION('',(-0.666817271786,-0.517538437218,0.536198370055));
#2491 = PCURVE('',#1204,#2492);
#2492 = DEFINITIONAL_REPRESENTATION('',(#2493),#2497);
#2493 = LINE('',#2494,#2495);
#2494 = CARTESIAN_POINT('',(0.,0.));
#2495 = VECTOR('',#2496,1.);
#2496 = DIRECTION('',(0.,-1.));
#2497 = ( GEOMETRIC_REPRESENTATION_CONTEXT(2) 
PARAMETRIC_REPRESENTATION_CONTEXT() REPRESENTATION_CONTEXT('2D SPACE',''
  ) );
#2498 = PCURVE('',#2499,#2504);
#2499 = PLANE('',#2500);
#2500 = AXIS2_PLACEMENT_3D('',#2501,#2502,#2503);
#2501 = CARTESIAN_POINT('',(-437.7382321395,-86.8748815898,
    254.7863289425));
#2502 = DIRECTION('',(-0.686433851315,0.14645547757,-0.712291626273));
#2503 = DIRECTION('',(-0.666817271786,-0.517538437218,0.536198370055));
#2504 = DEFINITIONAL_REPRESENTATION('',(#2505),#2509);
#2505 = LINE('',#2506,#2507);
#2506 = CARTESIAN_POINT('',(-77.16405147188,-18.28569649959));
#2507 = VECTOR('',#2508,1.);
#2508 = DIRECTION('',(1.,-2.775557561563E-17));
#2509 = ( GEOMETRIC_REPRESENTATION_CONTEXT(2) 
PARAMETRIC_REPRESENTATION_CONTEXT() REPRESENTATION_CONTEXT('2D SPACE',''
  ) );
#2510 = ORIENTED_EDGE('',*,*,#2511,.T.);
#2511 = EDGE_CURVE('',#2484,#1166,#2512,.T.);
#2512 = SURFACE_CURVE('',#2513,(#2518,#2525),.PCURVE_S1.);
#2513 = CIRCLE('',#2514,3.2);
#2514 = AXIS2_PLACEMENT_3D('',#2515,#2516,#2517);
#2515 = CARTESIAN_POINT('',(-486.0842956684,-141.7570335483,
    285.60036914643));
#2516 = DIRECTION('',(0.666817271786,0.517538437218,-0.536198370055));
#2517 = DIRECTION('',(0.686433851315,-0.14645547757,0.712291626273));
#2518 = PCURVE('',#1204,#2519);
#2519 = DEFINITIONAL_REPRESENTATION('',(#2520),#2524);
#2520 = LINE('',#2521,#2522);
#2521 = CARTESIAN_POINT('',(0.,-154.3281029437));
#2522 = VECTOR('',#2523,1.);
#2523 = DIRECTION('',(1.,0.));
#2524 = ( GEOMETRIC_REPRESENTATION_CONTEXT(2) 
PARAMETRIC_REPRESENTATION_CONTEXT() REPRESENTATION_CONTEXT('2D SPACE',''
  ) );
#2525 = PCURVE('',#1941,#2526);
#2526 = DEFINITIONAL_REPRESENTATION('',(#2527),#2535);
#2527 = ( BOUNDED_CURVE() B_SPLINE_CURVE(2,(#2528,#2529,#2530,#2531,
#2532,#2533,#2534),.UNSPECIFIED.,.T.,.F.) B_SPLINE_CURVE_WITH_KNOTS((1,2
    ,2,2,2,1),(-2.094395102393,0.,2.094395102393,4.188790204786,
6.28318530718,8.377580409573),.UNSPECIFIED.) CURVE() 
GEOMETRIC_REPRESENTATION_ITEM() RATIONAL_B_SPLINE_CURVE((1.,0.5,1.,0.5,
1.,0.5,1.)) REPRESENTATION_ITEM('') );
#2528 = CARTESIAN_POINT('',(3.041837444839,-0.158162555161));
#2529 = CARTESIAN_POINT('',(-2.500725139381,-0.158162555161));
#2530 = CARTESIAN_POINT('',(0.270556152729,4.641837444839));
#2531 = CARTESIAN_POINT('',(3.041837444839,9.441837444839));
#2532 = CARTESIAN_POINT('',(5.813118736949,4.641837444839));
#2533 = CARTESIAN_POINT('',(8.58440002906,-0.158162555161));
#2534 = CARTESIAN_POINT('',(3.041837444839,-0.158162555161));
#2535 = ( GEOMETRIC_REPRESENTATION_CONTEXT(2) 
PARAMETRIC_REPRESENTATION_CONTEXT() REPRESENTATION_CONTEXT('2D SPACE',''
  ) );
#2536 = ORIENTED_EDGE('',*,*,#1188,.F.);
#2537 = ORIENTED_EDGE('',*,*,#2538,.F.);
#2538 = EDGE_CURVE('',#2482,#1189,#2539,.T.);
#2539 = SURFACE_CURVE('',#2540,(#2545,#2552),.PCURVE_S1.);
#2540 = CIRCLE('',#2541,3.2);
#2541 = AXIS2_PLACEMENT_3D('',#2542,#2543,#2544);
#2542 = CARTESIAN_POINT('',(-383.1756511035,-61.88630833201,
    202.84989189427));
#2543 = DIRECTION('',(0.666817271786,0.517538437218,-0.536198370055));
#2544 = DIRECTION('',(0.686433851315,-0.14645547757,0.712291626273));
#2545 = PCURVE('',#1204,#2546);
#2546 = DEFINITIONAL_REPRESENTATION('',(#2547),#2551);
#2547 = LINE('',#2548,#2549);
#2548 = CARTESIAN_POINT('',(0.,0.));
#2549 = VECTOR('',#2550,1.);
#2550 = DIRECTION('',(1.,0.));
#2551 = ( GEOMETRIC_REPRESENTATION_CONTEXT(2) 
PARAMETRIC_REPRESENTATION_CONTEXT() REPRESENTATION_CONTEXT('2D SPACE',''
  ) );
#2552 = PCURVE('',#2024,#2553);
#2553 = DEFINITIONAL_REPRESENTATION('',(#2554),#2562);
#2554 = ( BOUNDED_CURVE() B_SPLINE_CURVE(2,(#2555,#2556,#2557,#2558,
#2559,#2560,#2561),.UNSPECIFIED.,.T.,.F.) B_SPLINE_CURVE_WITH_KNOTS((1,2
    ,2,2,2,1),(-2.094395102393,0.,2.094395102393,4.188790204786,
6.28318530718,8.377580409573),.UNSPECIFIED.) CURVE() 
GEOMETRIC_REPRESENTATION_ITEM() RATIONAL_B_SPLINE_CURVE((1.,0.5,1.,0.5,
1.,0.5,1.)) REPRESENTATION_ITEM('') );
#2555 = CARTESIAN_POINT('',(3.041837444839,-0.158162555161));
#2556 = CARTESIAN_POINT('',(-2.500725139381,-0.158162555161));
#2557 = CARTESIAN_POINT('',(0.270556152729,4.641837444839));
#2558 = CARTESIAN_POINT('',(3.041837444839,9.441837444839));
#2559 = CARTESIAN_POINT('',(5.813118736949,4.641837444839));
#2560 = CARTESIAN_POINT('',(8.58440002906,-0.158162555161));
#2561 = CARTESIAN_POINT('',(3.041837444839,-0.158162555161));
#2562 = ( GEOMETRIC_REPRESENTATION_CONTEXT(2) 
PARAMETRIC_REPRESENTATION_CONTEXT() REPRESENTATION_CONTEXT('2D SPACE',''
  ) );
#2563 = ADVANCED_FACE('',(#2564),#1513,.F.);
#2564 = FACE_BOUND('',#2565,.F.);
#2565 = EDGE_LOOP('',(#2566,#2567,#2590,#2619,#2647,#2675,#2703,#2736,
    #2757,#2758));
#2566 = ORIENTED_EDGE('',*,*,#1737,.T.);
#2567 = ORIENTED_EDGE('',*,*,#2568,.F.);
#2568 = EDGE_CURVE('',#2569,#1710,#2571,.T.);
#2569 = VERTEX_POINT('',#2570);
#2570 = CARTESIAN_POINT('',(-511.8173168236,-9.984404577451,
    67.229833205505));
#2571 = SURFACE_CURVE('',#2572,(#2576,#2583),.PCURVE_S1.);
#2572 = LINE('',#2573,#2574);
#2573 = CARTESIAN_POINT('',(-511.8173168236,-9.984404577451,
    67.229833205505));
#2574 = VECTOR('',#2575,1.);
#2575 = DIRECTION('',(0.290109106746,-0.843033071173,-0.452914944654));
#2576 = PCURVE('',#1513,#2577);
#2577 = DEFINITIONAL_REPRESENTATION('',(#2578),#2582);
#2578 = LINE('',#2579,#2580);
#2579 = CARTESIAN_POINT('',(22.692626124122,-3.358162555161));
#2580 = VECTOR('',#2581,1.);
#2581 = DIRECTION('',(-1.,5.551115123126E-17));
#2582 = ( GEOMETRIC_REPRESENTATION_CONTEXT(2) 
PARAMETRIC_REPRESENTATION_CONTEXT() REPRESENTATION_CONTEXT('2D SPACE',''
  ) );
#2583 = PCURVE('',#1725,#2584);
#2584 = DEFINITIONAL_REPRESENTATION('',(#2585),#2589);
#2585 = LINE('',#2586,#2587);
#2586 = CARTESIAN_POINT('',(-92.55317214982,9.825394339642));
#2587 = VECTOR('',#2588,1.);
#2588 = DIRECTION('',(5.551115123126E-17,-1.));
#2589 = ( GEOMETRIC_REPRESENTATION_CONTEXT(2) 
PARAMETRIC_REPRESENTATION_CONTEXT() REPRESENTATION_CONTEXT('2D SPACE',''
  ) );
#2590 = ORIENTED_EDGE('',*,*,#2591,.T.);
#2591 = EDGE_CURVE('',#2569,#2592,#2594,.T.);
#2592 = VERTEX_POINT('',#2593);
#2593 = CARTESIAN_POINT('',(-515.6615828117,-5.716907911966,
    71.811990919366));
#2594 = SURFACE_CURVE('',#2595,(#2600,#2607),.PCURVE_S1.);
#2595 = CIRCLE('',#2596,9.6);
#2596 = AXIS2_PLACEMENT_3D('',#2597,#2598,#2599);
#2597 = CARTESIAN_POINT('',(-518.2187626328,-14.95277357474,
    72.377337558036));
#2598 = DIRECTION('',(0.686433851315,-0.14645547757,0.712291626273));
#2599 = DIRECTION('',(0.666817271786,0.517538437218,-0.536198370055));
#2600 = PCURVE('',#1513,#2601);
#2601 = DEFINITIONAL_REPRESENTATION('',(#2602),#2606);
#2602 = CIRCLE('',#2603,9.6);
#2603 = AXIS2_PLACEMENT_2D('',#2604,#2605);
#2604 = CARTESIAN_POINT('',(22.692626124122,6.241837444839));
#2605 = DIRECTION('',(-5.551115123126E-17,-1.));
#2606 = ( GEOMETRIC_REPRESENTATION_CONTEXT(2) 
PARAMETRIC_REPRESENTATION_CONTEXT() REPRESENTATION_CONTEXT('2D SPACE',''
  ) );
#2607 = PCURVE('',#2608,#2613);
#2608 = CYLINDRICAL_SURFACE('',#2609,9.6);
#2609 = AXIS2_PLACEMENT_3D('',#2610,#2611,#2612);
#2610 = CARTESIAN_POINT('',(-518.2187626328,-14.95277357474,
    72.377337558036));
#2611 = DIRECTION('',(-0.686433851315,0.14645547757,-0.712291626273));
#2612 = DIRECTION('',(0.666817271786,0.517538437218,-0.536198370055));
#2613 = DEFINITIONAL_REPRESENTATION('',(#2614),#2618);
#2614 = LINE('',#2615,#2616);
#2615 = CARTESIAN_POINT('',(-0.,0.));
#2616 = VECTOR('',#2617,1.);
#2617 = DIRECTION('',(-1.,0.));
#2618 = ( GEOMETRIC_REPRESENTATION_CONTEXT(2) 
PARAMETRIC_REPRESENTATION_CONTEXT() REPRESENTATION_CONTEXT('2D SPACE',''
  ) );
#2619 = ORIENTED_EDGE('',*,*,#2620,.F.);
#2620 = EDGE_CURVE('',#2621,#2592,#2623,.T.);
#2621 = VERTEX_POINT('',#2622);
#2622 = CARTESIAN_POINT('',(-535.9045831058,1.168666693048,
    92.735879705136));
#2623 = SURFACE_CURVE('',#2624,(#2628,#2635),.PCURVE_S1.);
#2624 = LINE('',#2625,#2626);
#2625 = CARTESIAN_POINT('',(-535.9045831058,1.168666693048,
    92.735879705136));
#2626 = VECTOR('',#2627,1.);
#2627 = DIRECTION('',(0.676649131356,-0.23015946291,-0.699408732193));
#2628 = PCURVE('',#1513,#2629);
#2629 = DEFINITIONAL_REPRESENTATION('',(#2630),#2634);
#2630 = LINE('',#2631,#2632);
#2631 = CARTESIAN_POINT('',(50.635038994116,20.607800116051));
#2632 = VECTOR('',#2633,1.);
#2633 = DIRECTION('',(-0.707106781187,-0.707106781187));
#2634 = ( GEOMETRIC_REPRESENTATION_CONTEXT(2) 
PARAMETRIC_REPRESENTATION_CONTEXT() REPRESENTATION_CONTEXT('2D SPACE',''
  ) );
#2635 = PCURVE('',#2636,#2641);
#2636 = PLANE('',#2637);
#2637 = AXIS2_PLACEMENT_3D('',#2638,#2639,#2640);
#2638 = CARTESIAN_POINT('',(-462.2514525486,-15.82903963729,
    148.19878481958));
#2639 = DIRECTION('',(-0.266372898028,-0.962069339873,5.889027486142E-02
    ));
#2640 = DIRECTION('',(0.686433851315,-0.14645547757,0.712291626273));
#2641 = DEFINITIONAL_REPRESENTATION('',(#2642),#2646);
#2642 = LINE('',#2643,#2644);
#2643 = CARTESIAN_POINT('',(-92.55317214982,14.958269623087));
#2644 = VECTOR('',#2645,1.);
#2645 = DIRECTION('',(5.551115123126E-17,-1.));
#2646 = ( GEOMETRIC_REPRESENTATION_CONTEXT(2) 
PARAMETRIC_REPRESENTATION_CONTEXT() REPRESENTATION_CONTEXT('2D SPACE',''
  ) );
#2647 = ORIENTED_EDGE('',*,*,#2648,.T.);
#2648 = EDGE_CURVE('',#2621,#2649,#2651,.T.);
#2649 = VERTEX_POINT('',#2650);
#2650 = CARTESIAN_POINT('',(-536.7569763795,-1.909955194544,
    92.924328584692));
#2651 = SURFACE_CURVE('',#2652,(#2656,#2663),.PCURVE_S1.);
#2652 = LINE('',#2653,#2654);
#2653 = CARTESIAN_POINT('',(-535.9045831058,1.168666693048,
    92.735879705136));
#2654 = VECTOR('',#2655,1.);
#2655 = DIRECTION('',(-0.266372898028,-0.962069339873,5.889027486142E-02
    ));
#2656 = PCURVE('',#1513,#2657);
#2657 = DEFINITIONAL_REPRESENTATION('',(#2658),#2662);
#2658 = LINE('',#2659,#2660);
#2659 = CARTESIAN_POINT('',(50.635038994116,20.607800116051));
#2660 = VECTOR('',#2661,1.);
#2661 = DIRECTION('',(-0.707106781187,0.707106781187));
#2662 = ( GEOMETRIC_REPRESENTATION_CONTEXT(2) 
PARAMETRIC_REPRESENTATION_CONTEXT() REPRESENTATION_CONTEXT('2D SPACE',''
  ) );
#2663 = PCURVE('',#2664,#2669);
#2664 = PLANE('',#2665);
#2665 = AXIS2_PLACEMENT_3D('',#2666,#2667,#2668);
#2666 = CARTESIAN_POINT('',(-408.8413222854,-25.94117136261,
    224.58557871981));
#2667 = DIRECTION('',(0.676649131356,-0.23015946291,-0.699408732193));
#2668 = DIRECTION('',(-0.686433851315,0.14645547757,-0.712291626273));
#2669 = DEFINITIONAL_REPRESENTATION('',(#2670),#2674);
#2670 = LINE('',#2671,#2672);
#2671 = CARTESIAN_POINT('',(185.10634429965,2.04281036531E-14));
#2672 = VECTOR('',#2673,1.);
#2673 = DIRECTION('',(0.,-1.));
#2674 = ( GEOMETRIC_REPRESENTATION_CONTEXT(2) 
PARAMETRIC_REPRESENTATION_CONTEXT() REPRESENTATION_CONTEXT('2D SPACE',''
  ) );
#2675 = ORIENTED_EDGE('',*,*,#2676,.T.);
#2676 = EDGE_CURVE('',#2649,#2677,#2679,.T.);
#2677 = VERTEX_POINT('',#2678);
#2678 = CARTESIAN_POINT('',(-516.5139760854,-8.795529799559,
    72.000439798922));
#2679 = SURFACE_CURVE('',#2680,(#2684,#2691),.PCURVE_S1.);
#2680 = LINE('',#2681,#2682);
#2681 = CARTESIAN_POINT('',(-536.7569763795,-1.909955194544,
    92.924328584692));
#2682 = VECTOR('',#2683,1.);
#2683 = DIRECTION('',(0.676649131356,-0.23015946291,-0.699408732193));
#2684 = PCURVE('',#1513,#2685);
#2685 = DEFINITIONAL_REPRESENTATION('',(#2686),#2690);
#2686 = LINE('',#2687,#2688);
#2687 = CARTESIAN_POINT('',(48.372297294319,22.870541815848));
#2688 = VECTOR('',#2689,1.);
#2689 = DIRECTION('',(-0.707106781187,-0.707106781187));
#2690 = ( GEOMETRIC_REPRESENTATION_CONTEXT(2) 
PARAMETRIC_REPRESENTATION_CONTEXT() REPRESENTATION_CONTEXT('2D SPACE',''
  ) );
#2691 = PCURVE('',#2692,#2697);
#2692 = PLANE('',#2693);
#2693 = AXIS2_PLACEMENT_3D('',#2694,#2695,#2696);
#2694 = CARTESIAN_POINT('',(-463.1038458222,-18.90766152488,
    148.38723369914));
#2695 = DIRECTION('',(-0.266372898028,-0.962069339873,5.889027486142E-02
    ));
#2696 = DIRECTION('',(0.686433851315,-0.14645547757,0.712291626273));
#2697 = DEFINITIONAL_REPRESENTATION('',(#2698),#2702);
#2698 = LINE('',#2699,#2700);
#2699 = CARTESIAN_POINT('',(-92.55317214982,14.958269623087));
#2700 = VECTOR('',#2701,1.);
#2701 = DIRECTION('',(5.551115123126E-17,-1.));
#2702 = ( GEOMETRIC_REPRESENTATION_CONTEXT(2) 
PARAMETRIC_REPRESENTATION_CONTEXT() REPRESENTATION_CONTEXT('2D SPACE',''
  ) );
#2703 = ORIENTED_EDGE('',*,*,#2704,.T.);
#2704 = EDGE_CURVE('',#2677,#2705,#2707,.T.);
#2705 = VERTEX_POINT('',#2706);
#2706 = CARTESIAN_POINT('',(-513.9511320933,-11.64052757654,
    68.945667989682));
#2707 = SURFACE_CURVE('',#2708,(#2713,#2724),.PCURVE_S1.);
#2708 = CIRCLE('',#2709,6.4);
#2709 = AXIS2_PLACEMENT_3D('',#2710,#2711,#2712);
#2710 = CARTESIAN_POINT('',(-518.2187626328,-14.95277357474,
    72.377337558036));
#2711 = DIRECTION('',(-0.686433851315,0.14645547757,-0.712291626273));
#2712 = DIRECTION('',(0.266372898028,0.962069339873,-5.889027486142E-02)
  );
#2713 = PCURVE('',#1513,#2714);
#2714 = DEFINITIONAL_REPRESENTATION('',(#2715),#2723);
#2715 = ( BOUNDED_CURVE() B_SPLINE_CURVE(2,(#2716,#2717,#2718,#2719,
#2720,#2721,#2722),.UNSPECIFIED.,.T.,.F.) B_SPLINE_CURVE_WITH_KNOTS((1,2
    ,2,2,2,1),(-2.094395102393,0.,2.094395102393,4.188790204786,
6.28318530718,8.377580409573),.UNSPECIFIED.) CURVE() 
GEOMETRIC_REPRESENTATION_ITEM() RATIONAL_B_SPLINE_CURVE((1.,0.5,1.,0.5,
1.,0.5,1.)) REPRESENTATION_ITEM('') );
#2716 = CARTESIAN_POINT('',(27.218109523716,1.716354045245));
#2717 = CARTESIAN_POINT('',(19.37974234681,-6.122013131661));
#2718 = CARTESIAN_POINT('',(16.510700835872,4.585395556183));
#2719 = CARTESIAN_POINT('',(13.641659324934,15.292804244027));
#2720 = CARTESIAN_POINT('',(24.349068012778,12.423762733089));
#2721 = CARTESIAN_POINT('',(35.056476700622,9.554721222151));
#2722 = CARTESIAN_POINT('',(27.218109523716,1.716354045245));
#2723 = ( GEOMETRIC_REPRESENTATION_CONTEXT(2) 
PARAMETRIC_REPRESENTATION_CONTEXT() REPRESENTATION_CONTEXT('2D SPACE',''
  ) );
#2724 = PCURVE('',#2725,#2730);
#2725 = CYLINDRICAL_SURFACE('',#2726,6.4);
#2726 = AXIS2_PLACEMENT_3D('',#2727,#2728,#2729);
#2727 = CARTESIAN_POINT('',(-518.2187626328,-14.95277357474,
    72.377337558036));
#2728 = DIRECTION('',(-0.686433851315,0.14645547757,-0.712291626273));
#2729 = DIRECTION('',(0.266372898028,0.962069339873,-5.889027486142E-02)
  );
#2730 = DEFINITIONAL_REPRESENTATION('',(#2731),#2735);
#2731 = LINE('',#2732,#2733);
#2732 = CARTESIAN_POINT('',(0.,0.));
#2733 = VECTOR('',#2734,1.);
#2734 = DIRECTION('',(1.,0.));
#2735 = ( GEOMETRIC_REPRESENTATION_CONTEXT(2) 
PARAMETRIC_REPRESENTATION_CONTEXT() REPRESENTATION_CONTEXT('2D SPACE',''
  ) );
#2736 = ORIENTED_EDGE('',*,*,#2737,.T.);
#2737 = EDGE_CURVE('',#2705,#2310,#2738,.T.);
#2738 = SURFACE_CURVE('',#2739,(#2743,#2750),.PCURVE_S1.);
#2739 = LINE('',#2740,#2741);
#2740 = CARTESIAN_POINT('',(-513.9511320933,-11.64052757654,
    68.945667989682));
#2741 = VECTOR('',#2742,1.);
#2742 = DIRECTION('',(0.290109106746,-0.843033071173,-0.452914944654));
#2743 = PCURVE('',#1513,#2744);
#2744 = DEFINITIONAL_REPRESENTATION('',(#2745),#2749);
#2745 = LINE('',#2746,#2747);
#2746 = CARTESIAN_POINT('',(22.692626124122,-0.158162555161));
#2747 = VECTOR('',#2748,1.);
#2748 = DIRECTION('',(-1.,5.551115123126E-17));
#2749 = ( GEOMETRIC_REPRESENTATION_CONTEXT(2) 
PARAMETRIC_REPRESENTATION_CONTEXT() REPRESENTATION_CONTEXT('2D SPACE',''
  ) );
#2750 = PCURVE('',#2327,#2751);
#2751 = DEFINITIONAL_REPRESENTATION('',(#2752),#2756);
#2752 = LINE('',#2753,#2754);
#2753 = CARTESIAN_POINT('',(-92.55317214982,9.825394339642));
#2754 = VECTOR('',#2755,1.);
#2755 = DIRECTION('',(5.551115123126E-17,-1.));
#2756 = ( GEOMETRIC_REPRESENTATION_CONTEXT(2) 
PARAMETRIC_REPRESENTATION_CONTEXT() REPRESENTATION_CONTEXT('2D SPACE',''
  ) );
#2757 = ORIENTED_EDGE('',*,*,#2366,.T.);
#2758 = ORIENTED_EDGE('',*,*,#1499,.T.);
#2759 = ADVANCED_FACE('',(#2760),#705,.F.);
#2760 = FACE_BOUND('',#2761,.F.);
#2761 = EDGE_LOOP('',(#2762,#2763,#2786,#2807));
#2762 = ORIENTED_EDGE('',*,*,#689,.T.);
#2763 = ORIENTED_EDGE('',*,*,#2764,.T.);
#2764 = EDGE_CURVE('',#690,#2765,#2767,.T.);
#2765 = VERTEX_POINT('',#2766);
#2766 = CARTESIAN_POINT('',(-635.4138085846,-87.1841490827,
    146.59969845922));
#2767 = SURFACE_CURVE('',#2768,(#2772,#2779),.PCURVE_S1.);
#2768 = LINE('',#2769,#2770);
#2769 = CARTESIAN_POINT('',(-536.7727945591,-10.62566986457,
    67.280890775408));
#2770 = VECTOR('',#2771,1.);
#2771 = DIRECTION('',(-0.666817271786,-0.517538437218,0.536198370055));
#2772 = PCURVE('',#705,#2773);
#2773 = DEFINITIONAL_REPRESENTATION('',(#2774),#2778);
#2774 = LINE('',#2775,#2776);
#2775 = CARTESIAN_POINT('',(73.964051471883,11.586558462775));
#2776 = VECTOR('',#2777,1.);
#2777 = DIRECTION('',(-1.,-2.775557561563E-17));
#2778 = ( GEOMETRIC_REPRESENTATION_CONTEXT(2) 
PARAMETRIC_REPRESENTATION_CONTEXT() REPRESENTATION_CONTEXT('2D SPACE',''
  ) );
#2779 = PCURVE('',#738,#2780);
#2780 = DEFINITIONAL_REPRESENTATION('',(#2781),#2785);
#2781 = LINE('',#2782,#2783);
#2782 = CARTESIAN_POINT('',(0.,-147.9281029437));
#2783 = VECTOR('',#2784,1.);
#2784 = DIRECTION('',(-0.,1.));
#2785 = ( GEOMETRIC_REPRESENTATION_CONTEXT(2) 
PARAMETRIC_REPRESENTATION_CONTEXT() REPRESENTATION_CONTEXT('2D SPACE',''
  ) );
#2786 = ORIENTED_EDGE('',*,*,#2787,.T.);
#2787 = EDGE_CURVE('',#2765,#1533,#2788,.T.);
#2788 = SURFACE_CURVE('',#2789,(#2793,#2800),.PCURVE_S1.);
#2789 = LINE('',#2790,#2791);
#2790 = CARTESIAN_POINT('',(-635.4138085846,-87.1841490827,
    146.59969845922));
#2791 = VECTOR('',#2792,1.);
#2792 = DIRECTION('',(0.290109106746,-0.843033071173,-0.452914944654));
#2793 = PCURVE('',#705,#2794);
#2794 = DEFINITIONAL_REPRESENTATION('',(#2795),#2799);
#2795 = LINE('',#2796,#2797);
#2796 = CARTESIAN_POINT('',(-73.96405147188,11.586558462775));
#2797 = VECTOR('',#2798,1.);
#2798 = DIRECTION('',(-5.551115123126E-17,-1.));
#2799 = ( GEOMETRIC_REPRESENTATION_CONTEXT(2) 
PARAMETRIC_REPRESENTATION_CONTEXT() REPRESENTATION_CONTEXT('2D SPACE',''
  ) );
#2800 = PCURVE('',#1570,#2801);
#2801 = DEFINITIONAL_REPRESENTATION('',(#2802),#2806);
#2802 = LINE('',#2803,#2804);
#2803 = CARTESIAN_POINT('',(28.107538789184,-4.665578136367));
#2804 = VECTOR('',#2805,1.);
#2805 = DIRECTION('',(-1.,5.551115123126E-17));
#2806 = ( GEOMETRIC_REPRESENTATION_CONTEXT(2) 
PARAMETRIC_REPRESENTATION_CONTEXT() REPRESENTATION_CONTEXT('2D SPACE',''
  ) );
#2807 = ORIENTED_EDGE('',*,*,#1532,.T.);
#2808 = ADVANCED_FACE('',(#2809),#1570,.F.);
#2809 = FACE_BOUND('',#2810,.F.);
#2810 = EDGE_LOOP('',(#2811,#2812,#2813,#2841,#2864,#2888,#2911,#2934,
    #2957,#2985,#3008,#3032,#3053,#3054));
#2811 = ORIENTED_EDGE('',*,*,#1555,.T.);
#2812 = ORIENTED_EDGE('',*,*,#2787,.F.);
#2813 = ORIENTED_EDGE('',*,*,#2814,.T.);
#2814 = EDGE_CURVE('',#2765,#2815,#2817,.T.);
#2815 = VERTEX_POINT('',#2816);
#2816 = CARTESIAN_POINT('',(-640.1012147833,-82.43460404873,
    145.35469038745));
#2817 = SURFACE_CURVE('',#2818,(#2823,#2834),.PCURVE_S1.);
#2818 = CIRCLE('',#2819,4.8);
#2819 = AXIS2_PLACEMENT_3D('',#2820,#2821,#2822);
#2820 = CARTESIAN_POINT('',(-638.7086910709,-86.48116279036,
    143.1806986531));
#2821 = DIRECTION('',(-0.666817271786,-0.517538437218,0.536198370055));
#2822 = DIRECTION('',(0.686433851315,-0.14645547757,0.712291626273));
#2823 = PCURVE('',#1570,#2824);
#2824 = DEFINITIONAL_REPRESENTATION('',(#2825),#2833);
#2825 = ( BOUNDED_CURVE() B_SPLINE_CURVE(2,(#2826,#2827,#2828,#2829,
#2830,#2831,#2832),.UNSPECIFIED.,.T.,.F.) B_SPLINE_CURVE_WITH_KNOTS((1,2
    ,2,2,2,1),(-2.094395102393,0.,2.094395102393,4.188790204786,
6.28318530718,8.377580409573),.UNSPECIFIED.) CURVE() 
GEOMETRIC_REPRESENTATION_ITEM() RATIONAL_B_SPLINE_CURVE((1.,0.5,1.,0.5,
1.,0.5,1.)) REPRESENTATION_ITEM('') );
#2826 = CARTESIAN_POINT('',(28.107538789184,-4.665578136367));
#2827 = CARTESIAN_POINT('',(36.421382665514,-4.665578136367));
#2828 = CARTESIAN_POINT('',(32.264460727349,-11.86557813636));
#2829 = CARTESIAN_POINT('',(28.107538789184,-19.06557813636));
#2830 = CARTESIAN_POINT('',(23.950616851019,-11.86557813636));
#2831 = CARTESIAN_POINT('',(19.793694912853,-4.665578136367));
#2832 = CARTESIAN_POINT('',(28.107538789184,-4.665578136367));
#2833 = ( GEOMETRIC_REPRESENTATION_CONTEXT(2) 
PARAMETRIC_REPRESENTATION_CONTEXT() REPRESENTATION_CONTEXT('2D SPACE',''
  ) );
#2834 = PCURVE('',#738,#2835);
#2835 = DEFINITIONAL_REPRESENTATION('',(#2836),#2840);
#2836 = LINE('',#2837,#2838);
#2837 = CARTESIAN_POINT('',(0.,0.));
#2838 = VECTOR('',#2839,1.);
#2839 = DIRECTION('',(1.,0.));
#2840 = ( GEOMETRIC_REPRESENTATION_CONTEXT(2) 
PARAMETRIC_REPRESENTATION_CONTEXT() REPRESENTATION_CONTEXT('2D SPACE',''
  ) );
#2841 = ORIENTED_EDGE('',*,*,#2842,.F.);
#2842 = EDGE_CURVE('',#2843,#2815,#2845,.T.);
#2843 = VERTEX_POINT('',#2844);
#2844 = CARTESIAN_POINT('',(-658.5114677953,-78.50664741911,
    126.25092819251));
#2845 = SURFACE_CURVE('',#2846,(#2850,#2857),.PCURVE_S1.);
#2846 = LINE('',#2847,#2848);
#2847 = CARTESIAN_POINT('',(-658.5114677953,-78.50664741911,
    126.25092819251));
#2848 = VECTOR('',#2849,1.);
#2849 = DIRECTION('',(0.686433851315,-0.14645547757,0.712291626273));
#2850 = PCURVE('',#1570,#2851);
#2851 = DEFINITIONAL_REPRESENTATION('',(#2852),#2856);
#2852 = LINE('',#2853,#2854);
#2853 = CARTESIAN_POINT('',(32.907538789184,-36.28571962095));
#2854 = VECTOR('',#2855,1.);
#2855 = DIRECTION('',(-5.551115123126E-17,1.));
#2856 = ( GEOMETRIC_REPRESENTATION_CONTEXT(2) 
PARAMETRIC_REPRESENTATION_CONTEXT() REPRESENTATION_CONTEXT('2D SPACE',''
  ) );
#2857 = PCURVE('',#766,#2858);
#2858 = DEFINITIONAL_REPRESENTATION('',(#2859),#2863);
#2859 = LINE('',#2860,#2861);
#2860 = CARTESIAN_POINT('',(-73.96405147188,13.410070742294));
#2861 = VECTOR('',#2862,1.);
#2862 = DIRECTION('',(5.551115123126E-17,-1.));
#2863 = ( GEOMETRIC_REPRESENTATION_CONTEXT(2) 
PARAMETRIC_REPRESENTATION_CONTEXT() REPRESENTATION_CONTEXT('2D SPACE',''
  ) );
#2864 = ORIENTED_EDGE('',*,*,#2865,.T.);
#2865 = EDGE_CURVE('',#2843,#2866,#2868,.T.);
#2866 = VERTEX_POINT('',#2867);
#2867 = CARTESIAN_POINT('',(-661.5681412041,-77.01726538637,
    123.88719446206));
#2868 = SURFACE_CURVE('',#2869,(#2874,#2881),.PCURVE_S1.);
#2869 = CIRCLE('',#2870,8.);
#2870 = AXIS2_PLACEMENT_3D('',#2871,#2872,#2873);
#2871 = CARTESIAN_POINT('',(-660.8323406493,-71.76238284972,
    129.87424774975));
#2872 = DIRECTION('',(0.666817271786,0.517538437218,-0.536198370055));
#2873 = DIRECTION('',(0.290109106746,-0.843033071173,-0.452914944654));
#2874 = PCURVE('',#1570,#2875);
#2875 = DEFINITIONAL_REPRESENTATION('',(#2876),#2880);
#2876 = CIRCLE('',#2877,8.);
#2877 = AXIS2_PLACEMENT_2D('',#2878,#2879);
#2878 = CARTESIAN_POINT('',(40.907538789184,-36.28571962095));
#2879 = DIRECTION('',(-1.,-2.22044604925E-16));
#2880 = ( GEOMETRIC_REPRESENTATION_CONTEXT(2) 
PARAMETRIC_REPRESENTATION_CONTEXT() REPRESENTATION_CONTEXT('2D SPACE',''
  ) );
#2881 = PCURVE('',#795,#2882);
#2882 = DEFINITIONAL_REPRESENTATION('',(#2883),#2887);
#2883 = LINE('',#2884,#2885);
#2884 = CARTESIAN_POINT('',(-0.,0.));
#2885 = VECTOR('',#2886,1.);
#2886 = DIRECTION('',(-1.,0.));
#2887 = ( GEOMETRIC_REPRESENTATION_CONTEXT(2) 
PARAMETRIC_REPRESENTATION_CONTEXT() REPRESENTATION_CONTEXT('2D SPACE',''
  ) );
#2888 = ORIENTED_EDGE('',*,*,#2889,.F.);
#2889 = EDGE_CURVE('',#2890,#2866,#2892,.T.);
#2890 = VERTEX_POINT('',#2891);
#2891 = CARTESIAN_POINT('',(-686.8550897587,-58.26720259791,
    110.53785165637));
#2892 = SURFACE_CURVE('',#2893,(#2897,#2904),.PCURVE_S1.);
#2893 = LINE('',#2894,#2895);
#2894 = CARTESIAN_POINT('',(-686.8550897587,-58.26720259791,
    110.53785165637));
#2895 = VECTOR('',#2896,1.);
#2896 = DIRECTION('',(0.739523706629,-0.548350699686,0.390405170928));
#2897 = PCURVE('',#1570,#2898);
#2898 = DEFINITIONAL_REPRESENTATION('',(#2899),#2903);
#2899 = LINE('',#2900,#2901);
#2900 = CARTESIAN_POINT('',(51.076115775665,-69.89821160221));
#2901 = VECTOR('',#2902,1.);
#2902 = DIRECTION('',(-0.5,0.866025403784));
#2903 = ( GEOMETRIC_REPRESENTATION_CONTEXT(2) 
PARAMETRIC_REPRESENTATION_CONTEXT() REPRESENTATION_CONTEXT('2D SPACE',''
  ) );
#2904 = PCURVE('',#823,#2905);
#2905 = DEFINITIONAL_REPRESENTATION('',(#2906),#2910);
#2906 = LINE('',#2907,#2908);
#2907 = CARTESIAN_POINT('',(-73.96405147188,17.096780216756));
#2908 = VECTOR('',#2909,1.);
#2909 = DIRECTION('',(-5.551115123126E-17,-1.));
#2910 = ( GEOMETRIC_REPRESENTATION_CONTEXT(2) 
PARAMETRIC_REPRESENTATION_CONTEXT() REPRESENTATION_CONTEXT('2D SPACE',''
  ) );
#2911 = ORIENTED_EDGE('',*,*,#2912,.T.);
#2912 = EDGE_CURVE('',#2890,#2913,#2915,.T.);
#2913 = VERTEX_POINT('',#2914);
#2914 = CARTESIAN_POINT('',(-686.5607695368,-56.16524958325,
    112.93267297144));
#2915 = SURFACE_CURVE('',#2916,(#2920,#2927),.PCURVE_S1.);
#2916 = LINE('',#2917,#2918);
#2917 = CARTESIAN_POINT('',(-686.8550897587,-58.26720259791,
    110.53785165637));
#2918 = VECTOR('',#2919,1.);
#2919 = DIRECTION('',(9.197506934612E-02,0.656860317081,0.748381660961)
  );
#2920 = PCURVE('',#1570,#2921);
#2921 = DEFINITIONAL_REPRESENTATION('',(#2922),#2926);
#2922 = LINE('',#2923,#2924);
#2923 = CARTESIAN_POINT('',(51.076115775665,-69.89821160221));
#2924 = VECTOR('',#2925,1.);
#2925 = DIRECTION('',(0.866025403784,0.5));
#2926 = ( GEOMETRIC_REPRESENTATION_CONTEXT(2) 
PARAMETRIC_REPRESENTATION_CONTEXT() REPRESENTATION_CONTEXT('2D SPACE',''
  ) );
#2927 = PCURVE('',#851,#2928);
#2928 = DEFINITIONAL_REPRESENTATION('',(#2929),#2933);
#2929 = LINE('',#2930,#2931);
#2930 = CARTESIAN_POINT('',(147.92810294376,2.84217094304E-14));
#2931 = VECTOR('',#2932,1.);
#2932 = DIRECTION('',(-5.551115123126E-17,-1.));
#2933 = ( GEOMETRIC_REPRESENTATION_CONTEXT(2) 
PARAMETRIC_REPRESENTATION_CONTEXT() REPRESENTATION_CONTEXT('2D SPACE',''
  ) );
#2934 = ORIENTED_EDGE('',*,*,#2935,.T.);
#2935 = EDGE_CURVE('',#2913,#2936,#2938,.T.);
#2936 = VERTEX_POINT('',#2937);
#2937 = CARTESIAN_POINT('',(-661.2738209822,-74.91531237171,
    126.28201577714));
#2938 = SURFACE_CURVE('',#2939,(#2943,#2950),.PCURVE_S1.);
#2939 = LINE('',#2940,#2941);
#2940 = CARTESIAN_POINT('',(-686.5607695368,-56.16524958325,
    112.93267297144));
#2941 = VECTOR('',#2942,1.);
#2942 = DIRECTION('',(0.739523706629,-0.548350699686,0.390405170928));
#2943 = PCURVE('',#1570,#2944);
#2944 = DEFINITIONAL_REPRESENTATION('',(#2945),#2949);
#2945 = LINE('',#2946,#2947);
#2946 = CARTESIAN_POINT('',(53.847397067775,-68.29821160221));
#2947 = VECTOR('',#2948,1.);
#2948 = DIRECTION('',(-0.5,0.866025403784));
#2949 = ( GEOMETRIC_REPRESENTATION_CONTEXT(2) 
PARAMETRIC_REPRESENTATION_CONTEXT() REPRESENTATION_CONTEXT('2D SPACE',''
  ) );
#2950 = PCURVE('',#879,#2951);
#2951 = DEFINITIONAL_REPRESENTATION('',(#2952),#2956);
#2952 = LINE('',#2953,#2954);
#2953 = CARTESIAN_POINT('',(-73.96405147188,17.096780216756));
#2954 = VECTOR('',#2955,1.);
#2955 = DIRECTION('',(-5.551115123126E-17,-1.));
#2956 = ( GEOMETRIC_REPRESENTATION_CONTEXT(2) 
PARAMETRIC_REPRESENTATION_CONTEXT() REPRESENTATION_CONTEXT('2D SPACE',''
  ) );
#2957 = ORIENTED_EDGE('',*,*,#2958,.T.);
#2958 = EDGE_CURVE('',#2936,#2959,#2961,.T.);
#2959 = VERTEX_POINT('',#2960);
#2960 = CARTESIAN_POINT('',(-659.4398169369,-75.80894159135,
    127.70025601541));
#2961 = SURFACE_CURVE('',#2962,(#2967,#2978),.PCURVE_S1.);
#2962 = CIRCLE('',#2963,4.8);
#2963 = AXIS2_PLACEMENT_3D('',#2964,#2965,#2966);
#2964 = CARTESIAN_POINT('',(-660.8323406493,-71.76238284972,
    129.87424774975));
#2965 = DIRECTION('',(-0.666817271786,-0.517538437218,0.536198370055));
#2966 = DIRECTION('',(-9.197506934612E-02,-0.656860317081,
    -0.748381660961));
#2967 = PCURVE('',#1570,#2968);
#2968 = DEFINITIONAL_REPRESENTATION('',(#2969),#2977);
#2969 = ( BOUNDED_CURVE() B_SPLINE_CURVE(2,(#2970,#2971,#2972,#2973,
#2974,#2975,#2976),.UNSPECIFIED.,.T.,.F.) B_SPLINE_CURVE_WITH_KNOTS((1,2
    ,2,2,2,1),(-2.094395102393,0.,2.094395102393,4.188790204786,
6.28318530718,8.377580409573),.UNSPECIFIED.) CURVE() 
GEOMETRIC_REPRESENTATION_ITEM() RATIONAL_B_SPLINE_CURVE((1.,0.5,1.,0.5,
1.,0.5,1.)) REPRESENTATION_ITEM('') );
#2970 = CARTESIAN_POINT('',(36.750616851019,-38.68571962095));
#2971 = CARTESIAN_POINT('',(32.593694912853,-31.48571962095));
#2972 = CARTESIAN_POINT('',(40.907538789184,-31.48571962095));
#2973 = CARTESIAN_POINT('',(49.221382665514,-31.48571962095));
#2974 = CARTESIAN_POINT('',(45.064460727349,-38.68571962095));
#2975 = CARTESIAN_POINT('',(40.907538789184,-45.88571962095));
#2976 = CARTESIAN_POINT('',(36.750616851019,-38.68571962095));
#2977 = ( GEOMETRIC_REPRESENTATION_CONTEXT(2) 
PARAMETRIC_REPRESENTATION_CONTEXT() REPRESENTATION_CONTEXT('2D SPACE',''
  ) );
#2978 = PCURVE('',#912,#2979);
#2979 = DEFINITIONAL_REPRESENTATION('',(#2980),#2984);
#2980 = LINE('',#2981,#2982);
#2981 = CARTESIAN_POINT('',(0.,0.));
#2982 = VECTOR('',#2983,1.);
#2983 = DIRECTION('',(1.,0.));
#2984 = ( GEOMETRIC_REPRESENTATION_CONTEXT(2) 
PARAMETRIC_REPRESENTATION_CONTEXT() REPRESENTATION_CONTEXT('2D SPACE',''
  ) );
#2985 = ORIENTED_EDGE('',*,*,#2986,.T.);
#2986 = EDGE_CURVE('',#2959,#2987,#2989,.T.);
#2987 = VERTEX_POINT('',#2988);
#2988 = CARTESIAN_POINT('',(-641.0295639248,-79.73689822098,
    146.80401821034));
#2989 = SURFACE_CURVE('',#2990,(#2994,#3001),.PCURVE_S1.);
#2990 = LINE('',#2991,#2992);
#2991 = CARTESIAN_POINT('',(-659.4398169369,-75.80894159135,
    127.70025601541));
#2992 = VECTOR('',#2993,1.);
#2993 = DIRECTION('',(0.686433851315,-0.14645547757,0.712291626273));
#2994 = PCURVE('',#1570,#2995);
#2995 = DEFINITIONAL_REPRESENTATION('',(#2996),#3000);
#2996 = LINE('',#2997,#2998);
#2997 = CARTESIAN_POINT('',(36.107538789184,-36.28571962095));
#2998 = VECTOR('',#2999,1.);
#2999 = DIRECTION('',(-5.551115123126E-17,1.));
#3000 = ( GEOMETRIC_REPRESENTATION_CONTEXT(2) 
PARAMETRIC_REPRESENTATION_CONTEXT() REPRESENTATION_CONTEXT('2D SPACE',''
  ) );
#3001 = PCURVE('',#940,#3002);
#3002 = DEFINITIONAL_REPRESENTATION('',(#3003),#3007);
#3003 = LINE('',#3004,#3005);
#3004 = CARTESIAN_POINT('',(-73.96405147188,13.410070742294));
#3005 = VECTOR('',#3006,1.);
#3006 = DIRECTION('',(5.551115123126E-17,-1.));
#3007 = ( GEOMETRIC_REPRESENTATION_CONTEXT(2) 
PARAMETRIC_REPRESENTATION_CONTEXT() REPRESENTATION_CONTEXT('2D SPACE',''
  ) );
#3008 = ORIENTED_EDGE('',*,*,#3009,.T.);
#3009 = EDGE_CURVE('',#2987,#3010,#3012,.T.);
#3010 = VERTEX_POINT('',#3011);
#3011 = CARTESIAN_POINT('',(-633.2172202604,-87.65280661092,
    148.87903166329));
#3012 = SURFACE_CURVE('',#3013,(#3018,#3025),.PCURVE_S1.);
#3013 = CIRCLE('',#3014,8.);
#3014 = AXIS2_PLACEMENT_3D('',#3015,#3016,#3017);
#3015 = CARTESIAN_POINT('',(-638.7086910709,-86.48116279036,
    143.1806986531));
#3016 = DIRECTION('',(0.666817271786,0.517538437218,-0.536198370055));
#3017 = DIRECTION('',(-0.290109106746,0.843033071173,0.452914944654));
#3018 = PCURVE('',#1570,#3019);
#3019 = DEFINITIONAL_REPRESENTATION('',(#3020),#3024);
#3020 = CIRCLE('',#3021,8.);
#3021 = AXIS2_PLACEMENT_2D('',#3022,#3023);
#3022 = CARTESIAN_POINT('',(28.107538789184,-9.465578136367));
#3023 = DIRECTION('',(1.,3.885780586188E-16));
#3024 = ( GEOMETRIC_REPRESENTATION_CONTEXT(2) 
PARAMETRIC_REPRESENTATION_CONTEXT() REPRESENTATION_CONTEXT('2D SPACE',''
  ) );
#3025 = PCURVE('',#969,#3026);
#3026 = DEFINITIONAL_REPRESENTATION('',(#3027),#3031);
#3027 = LINE('',#3028,#3029);
#3028 = CARTESIAN_POINT('',(-0.,0.));
#3029 = VECTOR('',#3030,1.);
#3030 = DIRECTION('',(-1.,0.));
#3031 = ( GEOMETRIC_REPRESENTATION_CONTEXT(2) 
PARAMETRIC_REPRESENTATION_CONTEXT() REPRESENTATION_CONTEXT('2D SPACE',''
  ) );
#3032 = ORIENTED_EDGE('',*,*,#3033,.T.);
#3033 = EDGE_CURVE('',#3010,#2256,#3034,.T.);
#3034 = SURFACE_CURVE('',#3035,(#3039,#3046),.PCURVE_S1.);
#3035 = LINE('',#3036,#3037);
#3036 = CARTESIAN_POINT('',(-633.2172202604,-87.65280661092,
    148.87903166329));
#3037 = VECTOR('',#3038,1.);
#3038 = DIRECTION('',(0.290109106746,-0.843033071173,-0.452914944654));
#3039 = PCURVE('',#1570,#3040);
#3040 = DEFINITIONAL_REPRESENTATION('',(#3041),#3045);
#3041 = LINE('',#3042,#3043);
#3042 = CARTESIAN_POINT('',(28.107538789184,-1.465578136367));
#3043 = VECTOR('',#3044,1.);
#3044 = DIRECTION('',(-1.,5.551115123126E-17));
#3045 = ( GEOMETRIC_REPRESENTATION_CONTEXT(2) 
PARAMETRIC_REPRESENTATION_CONTEXT() REPRESENTATION_CONTEXT('2D SPACE',''
  ) );
#3046 = PCURVE('',#997,#3047);
#3047 = DEFINITIONAL_REPRESENTATION('',(#3048),#3052);
#3048 = LINE('',#3049,#3050);
#3049 = CARTESIAN_POINT('',(-73.96405147188,11.586558462775));
#3050 = VECTOR('',#3051,1.);
#3051 = DIRECTION('',(-5.551115123126E-17,-1.));
#3052 = ( GEOMETRIC_REPRESENTATION_CONTEXT(2) 
PARAMETRIC_REPRESENTATION_CONTEXT() REPRESENTATION_CONTEXT('2D SPACE',''
  ) );
#3053 = ORIENTED_EDGE('',*,*,#2280,.T.);
#3054 = ORIENTED_EDGE('',*,*,#1586,.T.);
#3055 = ADVANCED_FACE('',(#3056),#1669,.T.);
#3056 = FACE_BOUND('',#3057,.T.);
#3057 = EDGE_LOOP('',(#3058,#3059,#3082,#3106,#3129,#3152,#3175,#3203,
    #3224,#3225));
#3058 = ORIENTED_EDGE('',*,*,#1685,.T.);
#3059 = ORIENTED_EDGE('',*,*,#3060,.T.);
#3060 = EDGE_CURVE('',#1686,#3061,#3063,.T.);
#3061 = VERTEX_POINT('',#3062);
#3062 = CARTESIAN_POINT('',(-384.7540560032,-37.09424263311,
    199.07953222017));
#3063 = SURFACE_CURVE('',#3064,(#3068,#3075),.PCURVE_S1.);
#3064 = LINE('',#3065,#3066);
#3065 = CARTESIAN_POINT('',(-379.0531832526,-53.66050736438,
    190.17939635308));
#3066 = VECTOR('',#3067,1.);
#3067 = DIRECTION('',(-0.290109106746,0.843033071173,0.452914944654));
#3068 = PCURVE('',#1669,#3069);
#3069 = DEFINITIONAL_REPRESENTATION('',(#3070),#3074);
#3070 = LINE('',#3071,#3072);
#3071 = CARTESIAN_POINT('',(3.041837444839,-3.358162555161));
#3072 = VECTOR('',#3073,1.);
#3073 = DIRECTION('',(1.,-5.551115123126E-17));
#3074 = ( GEOMETRIC_REPRESENTATION_CONTEXT(2) 
PARAMETRIC_REPRESENTATION_CONTEXT() REPRESENTATION_CONTEXT('2D SPACE',''
  ) );
#3075 = PCURVE('',#1725,#3076);
#3076 = DEFINITIONAL_REPRESENTATION('',(#3077),#3081);
#3077 = LINE('',#3078,#3079);
#3078 = CARTESIAN_POINT('',(92.553172149825,-9.825394339642));
#3079 = VECTOR('',#3080,1.);
#3080 = DIRECTION('',(-5.551115123126E-17,1.));
#3081 = ( GEOMETRIC_REPRESENTATION_CONTEXT(2) 
PARAMETRIC_REPRESENTATION_CONTEXT() REPRESENTATION_CONTEXT('2D SPACE',''
  ) );
#3082 = ORIENTED_EDGE('',*,*,#3083,.T.);
#3083 = EDGE_CURVE('',#3061,#3084,#3086,.T.);
#3084 = VERTEX_POINT('',#3085);
#3085 = CARTESIAN_POINT('',(-388.5983219913,-32.82674596763,
    203.66168993404));
#3086 = SURFACE_CURVE('',#3087,(#3092,#3099),.PCURVE_S1.);
#3087 = CIRCLE('',#3088,9.6);
#3088 = AXIS2_PLACEMENT_3D('',#3089,#3090,#3091);
#3089 = CARTESIAN_POINT('',(-391.1555018124,-42.0626116304,
    204.22703657271));
#3090 = DIRECTION('',(0.686433851315,-0.14645547757,0.712291626273));
#3091 = DIRECTION('',(0.666817271786,0.517538437218,-0.536198370055));
#3092 = PCURVE('',#1669,#3093);
#3093 = DEFINITIONAL_REPRESENTATION('',(#3094),#3098);
#3094 = CIRCLE('',#3095,9.6);
#3095 = AXIS2_PLACEMENT_2D('',#3096,#3097);
#3096 = CARTESIAN_POINT('',(22.692626124122,6.241837444839));
#3097 = DIRECTION('',(-5.551115123126E-17,-1.));
#3098 = ( GEOMETRIC_REPRESENTATION_CONTEXT(2) 
PARAMETRIC_REPRESENTATION_CONTEXT() REPRESENTATION_CONTEXT('2D SPACE',''
  ) );
#3099 = PCURVE('',#2608,#3100);
#3100 = DEFINITIONAL_REPRESENTATION('',(#3101),#3105);
#3101 = LINE('',#3102,#3103);
#3102 = CARTESIAN_POINT('',(-0.,-185.1063442996));
#3103 = VECTOR('',#3104,1.);
#3104 = DIRECTION('',(-1.,0.));
#3105 = ( GEOMETRIC_REPRESENTATION_CONTEXT(2) 
PARAMETRIC_REPRESENTATION_CONTEXT() REPRESENTATION_CONTEXT('2D SPACE',''
  ) );
#3106 = ORIENTED_EDGE('',*,*,#3107,.T.);
#3107 = EDGE_CURVE('',#3084,#3108,#3110,.T.);
#3108 = VERTEX_POINT('',#3109);
#3109 = CARTESIAN_POINT('',(-408.8413222854,-25.94117136261,
    224.58557871981));
#3110 = SURFACE_CURVE('',#3111,(#3115,#3122),.PCURVE_S1.);
#3111 = LINE('',#3112,#3113);
#3112 = CARTESIAN_POINT('',(-388.5983219913,-32.82674596763,
    203.66168993404));
#3113 = VECTOR('',#3114,1.);
#3114 = DIRECTION('',(-0.676649131356,0.23015946291,0.699408732193));
#3115 = PCURVE('',#1669,#3116);
#3116 = DEFINITIONAL_REPRESENTATION('',(#3117),#3121);
#3117 = LINE('',#3118,#3119);
#3118 = CARTESIAN_POINT('',(29.480851223513,-0.546387654552));
#3119 = VECTOR('',#3120,1.);
#3120 = DIRECTION('',(0.707106781187,0.707106781187));
#3121 = ( GEOMETRIC_REPRESENTATION_CONTEXT(2) 
PARAMETRIC_REPRESENTATION_CONTEXT() REPRESENTATION_CONTEXT('2D SPACE',''
  ) );
#3122 = PCURVE('',#2636,#3123);
#3123 = DEFINITIONAL_REPRESENTATION('',(#3124),#3128);
#3124 = LINE('',#3125,#3126);
#3125 = CARTESIAN_POINT('',(92.553172149825,-14.95826962308));
#3126 = VECTOR('',#3127,1.);
#3127 = DIRECTION('',(-5.551115123126E-17,1.));
#3128 = ( GEOMETRIC_REPRESENTATION_CONTEXT(2) 
PARAMETRIC_REPRESENTATION_CONTEXT() REPRESENTATION_CONTEXT('2D SPACE',''
  ) );
#3129 = ORIENTED_EDGE('',*,*,#3130,.T.);
#3130 = EDGE_CURVE('',#3108,#3131,#3133,.T.);
#3131 = VERTEX_POINT('',#3132);
#3132 = CARTESIAN_POINT('',(-409.6937155591,-29.0197932502,
    224.77402759936));
#3133 = SURFACE_CURVE('',#3134,(#3138,#3145),.PCURVE_S1.);
#3134 = LINE('',#3135,#3136);
#3135 = CARTESIAN_POINT('',(-408.8413222854,-25.94117136261,
    224.58557871981));
#3136 = VECTOR('',#3137,1.);
#3137 = DIRECTION('',(-0.266372898028,-0.962069339873,5.889027486142E-02
    ));
#3138 = PCURVE('',#1669,#3139);
#3139 = DEFINITIONAL_REPRESENTATION('',(#3140),#3144);
#3140 = LINE('',#3141,#3142);
#3141 = CARTESIAN_POINT('',(50.635038994116,20.607800116051));
#3142 = VECTOR('',#3143,1.);
#3143 = DIRECTION('',(-0.707106781187,0.707106781187));
#3144 = ( GEOMETRIC_REPRESENTATION_CONTEXT(2) 
PARAMETRIC_REPRESENTATION_CONTEXT() REPRESENTATION_CONTEXT('2D SPACE',''
  ) );
#3145 = PCURVE('',#2664,#3146);
#3146 = DEFINITIONAL_REPRESENTATION('',(#3147),#3151);
#3147 = LINE('',#3148,#3149);
#3148 = CARTESIAN_POINT('',(0.,0.));
#3149 = VECTOR('',#3150,1.);
#3150 = DIRECTION('',(0.,-1.));
#3151 = ( GEOMETRIC_REPRESENTATION_CONTEXT(2) 
PARAMETRIC_REPRESENTATION_CONTEXT() REPRESENTATION_CONTEXT('2D SPACE',''
  ) );
#3152 = ORIENTED_EDGE('',*,*,#3153,.F.);
#3153 = EDGE_CURVE('',#3154,#3131,#3156,.T.);
#3154 = VERTEX_POINT('',#3155);
#3155 = CARTESIAN_POINT('',(-389.450715265,-35.90536785522,
    203.85013881359));
#3156 = SURFACE_CURVE('',#3157,(#3161,#3168),.PCURVE_S1.);
#3157 = LINE('',#3158,#3159);
#3158 = CARTESIAN_POINT('',(-389.450715265,-35.90536785522,
    203.85013881359));
#3159 = VECTOR('',#3160,1.);
#3160 = DIRECTION('',(-0.676649131356,0.23015946291,0.699408732193));
#3161 = PCURVE('',#1669,#3162);
#3162 = DEFINITIONAL_REPRESENTATION('',(#3163),#3167);
#3163 = LINE('',#3164,#3165);
#3164 = CARTESIAN_POINT('',(27.218109523716,1.716354045245));
#3165 = VECTOR('',#3166,1.);
#3166 = DIRECTION('',(0.707106781187,0.707106781187));
#3167 = ( GEOMETRIC_REPRESENTATION_CONTEXT(2) 
PARAMETRIC_REPRESENTATION_CONTEXT() REPRESENTATION_CONTEXT('2D SPACE',''
  ) );
#3168 = PCURVE('',#2692,#3169);
#3169 = DEFINITIONAL_REPRESENTATION('',(#3170),#3174);
#3170 = LINE('',#3171,#3172);
#3171 = CARTESIAN_POINT('',(92.553172149825,-14.95826962308));
#3172 = VECTOR('',#3173,1.);
#3173 = DIRECTION('',(-5.551115123126E-17,1.));
#3174 = ( GEOMETRIC_REPRESENTATION_CONTEXT(2) 
PARAMETRIC_REPRESENTATION_CONTEXT() REPRESENTATION_CONTEXT('2D SPACE',''
  ) );
#3175 = ORIENTED_EDGE('',*,*,#3176,.T.);
#3176 = EDGE_CURVE('',#3154,#3177,#3179,.T.);
#3177 = VERTEX_POINT('',#3178);
#3178 = CARTESIAN_POINT('',(-386.8878712729,-38.75036563221,
    200.79536700435));
#3179 = SURFACE_CURVE('',#3180,(#3185,#3196),.PCURVE_S1.);
#3180 = CIRCLE('',#3181,6.4);
#3181 = AXIS2_PLACEMENT_3D('',#3182,#3183,#3184);
#3182 = CARTESIAN_POINT('',(-391.1555018124,-42.0626116304,
    204.22703657271));
#3183 = DIRECTION('',(-0.686433851315,0.14645547757,-0.712291626273));
#3184 = DIRECTION('',(0.266372898028,0.962069339873,-5.889027486142E-02)
  );
#3185 = PCURVE('',#1669,#3186);
#3186 = DEFINITIONAL_REPRESENTATION('',(#3187),#3195);
#3187 = ( BOUNDED_CURVE() B_SPLINE_CURVE(2,(#3188,#3189,#3190,#3191,
#3192,#3193,#3194),.UNSPECIFIED.,.T.,.F.) B_SPLINE_CURVE_WITH_KNOTS((1,2
    ,2,2,2,1),(-2.094395102393,0.,2.094395102393,4.188790204786,
6.28318530718,8.377580409573),.UNSPECIFIED.) CURVE() 
GEOMETRIC_REPRESENTATION_ITEM() RATIONAL_B_SPLINE_CURVE((1.,0.5,1.,0.5,
1.,0.5,1.)) REPRESENTATION_ITEM('') );
#3188 = CARTESIAN_POINT('',(27.218109523716,1.716354045245));
#3189 = CARTESIAN_POINT('',(19.37974234681,-6.122013131661));
#3190 = CARTESIAN_POINT('',(16.510700835872,4.585395556183));
#3191 = CARTESIAN_POINT('',(13.641659324934,15.292804244027));
#3192 = CARTESIAN_POINT('',(24.349068012778,12.423762733089));
#3193 = CARTESIAN_POINT('',(35.056476700622,9.554721222151));
#3194 = CARTESIAN_POINT('',(27.218109523716,1.716354045245));
#3195 = ( GEOMETRIC_REPRESENTATION_CONTEXT(2) 
PARAMETRIC_REPRESENTATION_CONTEXT() REPRESENTATION_CONTEXT('2D SPACE',''
  ) );
#3196 = PCURVE('',#2725,#3197);
#3197 = DEFINITIONAL_REPRESENTATION('',(#3198),#3202);
#3198 = LINE('',#3199,#3200);
#3199 = CARTESIAN_POINT('',(0.,-185.1063442996));
#3200 = VECTOR('',#3201,1.);
#3201 = DIRECTION('',(1.,0.));
#3202 = ( GEOMETRIC_REPRESENTATION_CONTEXT(2) 
PARAMETRIC_REPRESENTATION_CONTEXT() REPRESENTATION_CONTEXT('2D SPACE',''
  ) );
#3203 = ORIENTED_EDGE('',*,*,#3204,.F.);
#3204 = EDGE_CURVE('',#2312,#3177,#3205,.T.);
#3205 = SURFACE_CURVE('',#3206,(#3210,#3217),.PCURVE_S1.);
#3206 = LINE('',#3207,#3208);
#3207 = CARTESIAN_POINT('',(-381.1869985223,-55.31663036348,
    191.89523113726));
#3208 = VECTOR('',#3209,1.);
#3209 = DIRECTION('',(-0.290109106746,0.843033071173,0.452914944654));
#3210 = PCURVE('',#1669,#3211);
#3211 = DEFINITIONAL_REPRESENTATION('',(#3212),#3216);
#3212 = LINE('',#3213,#3214);
#3213 = CARTESIAN_POINT('',(3.041837444839,-0.158162555161));
#3214 = VECTOR('',#3215,1.);
#3215 = DIRECTION('',(1.,-5.551115123126E-17));
#3216 = ( GEOMETRIC_REPRESENTATION_CONTEXT(2) 
PARAMETRIC_REPRESENTATION_CONTEXT() REPRESENTATION_CONTEXT('2D SPACE',''
  ) );
#3217 = PCURVE('',#2327,#3218);
#3218 = DEFINITIONAL_REPRESENTATION('',(#3219),#3223);
#3219 = LINE('',#3220,#3221);
#3220 = CARTESIAN_POINT('',(92.553172149825,-9.825394339642));
#3221 = VECTOR('',#3222,1.);
#3222 = DIRECTION('',(-5.551115123126E-17,1.));
#3223 = ( GEOMETRIC_REPRESENTATION_CONTEXT(2) 
PARAMETRIC_REPRESENTATION_CONTEXT() REPRESENTATION_CONTEXT('2D SPACE',''
  ) );
#3224 = ORIENTED_EDGE('',*,*,#2339,.T.);
#3225 = ORIENTED_EDGE('',*,*,#1655,.T.);
#3226 = ADVANCED_FACE('',(#3227),#1725,.F.);
#3227 = FACE_BOUND('',#3228,.F.);
#3228 = EDGE_LOOP('',(#3229,#3230,#3251,#3252));
#3229 = ORIENTED_EDGE('',*,*,#3060,.T.);
#3230 = ORIENTED_EDGE('',*,*,#3231,.T.);
#3231 = EDGE_CURVE('',#3061,#2569,#3232,.T.);
#3232 = SURFACE_CURVE('',#3233,(#3237,#3244),.PCURVE_S1.);
#3233 = LINE('',#3234,#3235);
#3234 = CARTESIAN_POINT('',(-384.7540560032,-37.09424263311,
    199.07953222017));
#3235 = VECTOR('',#3236,1.);
#3236 = DIRECTION('',(-0.686433851315,0.14645547757,-0.712291626273));
#3237 = PCURVE('',#1725,#3238);
#3238 = DEFINITIONAL_REPRESENTATION('',(#3239),#3243);
#3239 = LINE('',#3240,#3241);
#3240 = CARTESIAN_POINT('',(92.553172149825,9.825394339642));
#3241 = VECTOR('',#3242,1.);
#3242 = DIRECTION('',(-1.,5.551115123126E-17));
#3243 = ( GEOMETRIC_REPRESENTATION_CONTEXT(2) 
PARAMETRIC_REPRESENTATION_CONTEXT() REPRESENTATION_CONTEXT('2D SPACE',''
  ) );
#3244 = PCURVE('',#2608,#3245);
#3245 = DEFINITIONAL_REPRESENTATION('',(#3246),#3250);
#3246 = LINE('',#3247,#3248);
#3247 = CARTESIAN_POINT('',(-0.,-185.1063442996));
#3248 = VECTOR('',#3249,1.);
#3249 = DIRECTION('',(0.,1.));
#3250 = ( GEOMETRIC_REPRESENTATION_CONTEXT(2) 
PARAMETRIC_REPRESENTATION_CONTEXT() REPRESENTATION_CONTEXT('2D SPACE',''
  ) );
#3251 = ORIENTED_EDGE('',*,*,#2568,.T.);
#3252 = ORIENTED_EDGE('',*,*,#1709,.T.);
#3253 = ADVANCED_FACE('',(#3254),#1779,.T.);
#3254 = FACE_BOUND('',#3255,.T.);
#3255 = EDGE_LOOP('',(#3256,#3257,#3280,#3308,#3329,#3330));
#3256 = ORIENTED_EDGE('',*,*,#1795,.T.);
#3257 = ORIENTED_EDGE('',*,*,#3258,.T.);
#3258 = EDGE_CURVE('',#1796,#3259,#3261,.T.);
#3259 = VERTEX_POINT('',#3260);
#3260 = CARTESIAN_POINT('',(-634.3871414707,-99.51520106493,
    164.69525139934));
#3261 = SURFACE_CURVE('',#3262,(#3266,#3273),.PCURVE_S1.);
#3262 = LINE('',#3263,#3264);
#3263 = CARTESIAN_POINT('',(-626.9964572957,-120.9919180424,
    153.15700169853));
#3264 = VECTOR('',#3265,1.);
#3265 = DIRECTION('',(-0.290109106746,0.843033071173,0.452914944654));
#3266 = PCURVE('',#1779,#3267);
#3267 = DEFINITIONAL_REPRESENTATION('',(#3268),#3272);
#3268 = LINE('',#3269,#3270);
#3269 = CARTESIAN_POINT('',(2.140182836551,-2.659817163449));
#3270 = VECTOR('',#3271,1.);
#3271 = DIRECTION('',(1.,5.551115123126E-17));
#3272 = ( GEOMETRIC_REPRESENTATION_CONTEXT(2) 
PARAMETRIC_REPRESENTATION_CONTEXT() REPRESENTATION_CONTEXT('2D SPACE',''
  ) );
#3273 = PCURVE('',#1835,#3274);
#3274 = DEFINITIONAL_REPRESENTATION('',(#3275),#3279);
#3275 = LINE('',#3276,#3277);
#3276 = CARTESIAN_POINT('',(94.153172149825,-12.7377665906));
#3277 = VECTOR('',#3278,1.);
#3278 = DIRECTION('',(5.551115123126E-17,1.));
#3279 = ( GEOMETRIC_REPRESENTATION_CONTEXT(2) 
PARAMETRIC_REPRESENTATION_CONTEXT() REPRESENTATION_CONTEXT('2D SPACE',''
  ) );
#3280 = ORIENTED_EDGE('',*,*,#3281,.T.);
#3281 = EDGE_CURVE('',#3259,#3282,#3284,.T.);
#3282 = VERTEX_POINT('',#3283);
#3283 = CARTESIAN_POINT('',(-632.253326201,-97.85907806583,
    162.97941661516));
#3284 = SURFACE_CURVE('',#3285,(#3289,#3296),.PCURVE_S1.);
#3285 = LINE('',#3286,#3287);
#3286 = CARTESIAN_POINT('',(-634.3871414707,-99.51520106493,
    164.69525139934));
#3287 = VECTOR('',#3288,1.);
#3288 = DIRECTION('',(0.666817271786,0.517538437218,-0.536198370055));
#3289 = PCURVE('',#1779,#3290);
#3290 = DEFINITIONAL_REPRESENTATION('',(#3291),#3295);
#3291 = LINE('',#3292,#3293);
#3292 = CARTESIAN_POINT('',(27.61571601777,-2.659817163449));
#3293 = VECTOR('',#3294,1.);
#3294 = DIRECTION('',(2.775557561563E-17,1.));
#3295 = ( GEOMETRIC_REPRESENTATION_CONTEXT(2) 
PARAMETRIC_REPRESENTATION_CONTEXT() REPRESENTATION_CONTEXT('2D SPACE',''
  ) );
#3296 = PCURVE('',#3297,#3302);
#3297 = PLANE('',#3298);
#3298 = AXIS2_PLACEMENT_3D('',#3299,#3300,#3301);
#3299 = CARTESIAN_POINT('',(-634.3871414707,-99.51520106493,
    164.69525139934));
#3300 = DIRECTION('',(0.290109106746,-0.843033071173,-0.452914944654));
#3301 = DIRECTION('',(0.686433851315,-0.14645547757,0.712291626273));
#3302 = DEFINITIONAL_REPRESENTATION('',(#3303),#3307);
#3303 = LINE('',#3304,#3305);
#3304 = CARTESIAN_POINT('',(0.,0.));
#3305 = VECTOR('',#3306,1.);
#3306 = DIRECTION('',(0.,-1.));
#3307 = ( GEOMETRIC_REPRESENTATION_CONTEXT(2) 
PARAMETRIC_REPRESENTATION_CONTEXT() REPRESENTATION_CONTEXT('2D SPACE',''
  ) );
#3308 = ORIENTED_EDGE('',*,*,#3309,.F.);
#3309 = EDGE_CURVE('',#2398,#3282,#3310,.T.);
#3310 = SURFACE_CURVE('',#3311,(#3315,#3322),.PCURVE_S1.);
#3311 = LINE('',#3312,#3313);
#3312 = CARTESIAN_POINT('',(-624.8626420259,-119.3357950433,
    151.44116691435));
#3313 = VECTOR('',#3314,1.);
#3314 = DIRECTION('',(-0.290109106746,0.843033071173,0.452914944654));
#3315 = PCURVE('',#1779,#3316);
#3316 = DEFINITIONAL_REPRESENTATION('',(#3317),#3321);
#3317 = LINE('',#3318,#3319);
#3318 = CARTESIAN_POINT('',(2.140182836551,0.540182836551));
#3319 = VECTOR('',#3320,1.);
#3320 = DIRECTION('',(1.,5.551115123126E-17));
#3321 = ( GEOMETRIC_REPRESENTATION_CONTEXT(2) 
PARAMETRIC_REPRESENTATION_CONTEXT() REPRESENTATION_CONTEXT('2D SPACE',''
  ) );
#3322 = PCURVE('',#2413,#3323);
#3323 = DEFINITIONAL_REPRESENTATION('',(#3324),#3328);
#3324 = LINE('',#3325,#3326);
#3325 = CARTESIAN_POINT('',(94.153172149825,-12.7377665906));
#3326 = VECTOR('',#3327,1.);
#3327 = DIRECTION('',(5.551115123126E-17,1.));
#3328 = ( GEOMETRIC_REPRESENTATION_CONTEXT(2) 
PARAMETRIC_REPRESENTATION_CONTEXT() REPRESENTATION_CONTEXT('2D SPACE',''
  ) );
#3329 = ORIENTED_EDGE('',*,*,#2425,.T.);
#3330 = ORIENTED_EDGE('',*,*,#1765,.T.);
#3331 = ADVANCED_FACE('',(#3332,#3436,#3471),#1835,.F.);
#3332 = FACE_BOUND('',#3333,.F.);
#3333 = EDGE_LOOP('',(#3334,#3335,#3358,#3386,#3414,#3435));
#3334 = ORIENTED_EDGE('',*,*,#3258,.T.);
#3335 = ORIENTED_EDGE('',*,*,#3336,.T.);
#3336 = EDGE_CURVE('',#3259,#3337,#3339,.T.);
#3337 = VERTEX_POINT('',#3338);
#3338 = CARTESIAN_POINT('',(-617.073610242,-103.2091644084,
    182.66097860212));
#3339 = SURFACE_CURVE('',#3340,(#3344,#3351),.PCURVE_S1.);
#3340 = LINE('',#3341,#3342);
#3341 = CARTESIAN_POINT('',(-634.3871414707,-99.51520106493,
    164.69525139934));
#3342 = VECTOR('',#3343,1.);
#3343 = DIRECTION('',(0.686433851315,-0.14645547757,0.712291626273));
#3344 = PCURVE('',#1835,#3345);
#3345 = DEFINITIONAL_REPRESENTATION('',(#3346),#3350);
#3346 = LINE('',#3347,#3348);
#3347 = CARTESIAN_POINT('',(94.153172149825,12.737766590609));
#3348 = VECTOR('',#3349,1.);
#3349 = DIRECTION('',(-1.,-5.551115123126E-17));
#3350 = ( GEOMETRIC_REPRESENTATION_CONTEXT(2) 
PARAMETRIC_REPRESENTATION_CONTEXT() REPRESENTATION_CONTEXT('2D SPACE',''
  ) );
#3351 = PCURVE('',#3297,#3352);
#3352 = DEFINITIONAL_REPRESENTATION('',(#3353),#3357);
#3353 = LINE('',#3354,#3355);
#3354 = CARTESIAN_POINT('',(0.,0.));
#3355 = VECTOR('',#3356,1.);
#3356 = DIRECTION('',(1.,-5.551115123126E-17));
#3357 = ( GEOMETRIC_REPRESENTATION_CONTEXT(2) 
PARAMETRIC_REPRESENTATION_CONTEXT() REPRESENTATION_CONTEXT('2D SPACE',''
  ) );
#3358 = ORIENTED_EDGE('',*,*,#3359,.F.);
#3359 = EDGE_CURVE('',#3360,#3337,#3362,.T.);
#3360 = VERTEX_POINT('',#3361);
#3361 = CARTESIAN_POINT('',(-523.8398946875,-123.1012316645,
    279.40678265674));
#3362 = SURFACE_CURVE('',#3363,(#3367,#3374),.PCURVE_S1.);
#3363 = LINE('',#3364,#3365);
#3364 = CARTESIAN_POINT('',(-523.8398946875,-123.1012316645,
    279.40678265674));
#3365 = VECTOR('',#3366,1.);
#3366 = DIRECTION('',(-0.686433851315,0.14645547757,-0.712291626273));
#3367 = PCURVE('',#1835,#3368);
#3368 = DEFINITIONAL_REPRESENTATION('',(#3369),#3373);
#3369 = LINE('',#3370,#3371);
#3370 = CARTESIAN_POINT('',(-66.89256673888,12.737766590609));
#3371 = VECTOR('',#3372,1.);
#3372 = DIRECTION('',(1.,5.551115123126E-17));
#3373 = ( GEOMETRIC_REPRESENTATION_CONTEXT(2) 
PARAMETRIC_REPRESENTATION_CONTEXT() REPRESENTATION_CONTEXT('2D SPACE',''
  ) );
#3374 = PCURVE('',#3375,#3380);
#3375 = CYLINDRICAL_SURFACE('',#3376,3.2);
#3376 = AXIS2_PLACEMENT_3D('',#3377,#3378,#3379);
#3377 = CARTESIAN_POINT('',(-525.9737099572,-124.7573546636,
    281.12261744092));
#3378 = DIRECTION('',(0.686433851315,-0.14645547757,0.712291626273));
#3379 = DIRECTION('',(0.666817271786,0.517538437218,-0.536198370055));
#3380 = DEFINITIONAL_REPRESENTATION('',(#3381),#3385);
#3381 = LINE('',#3382,#3383);
#3382 = CARTESIAN_POINT('',(0.,0.));
#3383 = VECTOR('',#3384,1.);
#3384 = DIRECTION('',(0.,-1.));
#3385 = ( GEOMETRIC_REPRESENTATION_CONTEXT(2) 
PARAMETRIC_REPRESENTATION_CONTEXT() REPRESENTATION_CONTEXT('2D SPACE',''
  ) );
#3386 = ORIENTED_EDGE('',*,*,#3387,.T.);
#3387 = EDGE_CURVE('',#3360,#3388,#3390,.T.);
#3388 = VERTEX_POINT('',#3389);
#3389 = CARTESIAN_POINT('',(-505.1272923261,-127.0936966488,
    298.82428361809));
#3390 = SURFACE_CURVE('',#3391,(#3395,#3402),.PCURVE_S1.);
#3391 = LINE('',#3392,#3393);
#3392 = CARTESIAN_POINT('',(-634.3871414707,-99.51520106493,
    164.69525139934));
#3393 = VECTOR('',#3394,1.);
#3394 = DIRECTION('',(0.686433851315,-0.14645547757,0.712291626273));
#3395 = PCURVE('',#1835,#3396);
#3396 = DEFINITIONAL_REPRESENTATION('',(#3397),#3401);
#3397 = LINE('',#3398,#3399);
#3398 = CARTESIAN_POINT('',(94.153172149825,12.737766590609));
#3399 = VECTOR('',#3400,1.);
#3400 = DIRECTION('',(-1.,-5.551115123126E-17));
#3401 = ( GEOMETRIC_REPRESENTATION_CONTEXT(2) 
PARAMETRIC_REPRESENTATION_CONTEXT() REPRESENTATION_CONTEXT('2D SPACE',''
  ) );
#3402 = PCURVE('',#3403,#3408);
#3403 = PLANE('',#3404);
#3404 = AXIS2_PLACEMENT_3D('',#3405,#3406,#3407);
#3405 = CARTESIAN_POINT('',(-634.3871414707,-99.51520106493,
    164.69525139934));
#3406 = DIRECTION('',(0.290109106746,-0.843033071173,-0.452914944654));
#3407 = DIRECTION('',(0.686433851315,-0.14645547757,0.712291626273));
#3408 = DEFINITIONAL_REPRESENTATION('',(#3409),#3413);
#3409 = LINE('',#3410,#3411);
#3410 = CARTESIAN_POINT('',(0.,0.));
#3411 = VECTOR('',#3412,1.);
#3412 = DIRECTION('',(1.,-5.551115123126E-17));
#3413 = ( GEOMETRIC_REPRESENTATION_CONTEXT(2) 
PARAMETRIC_REPRESENTATION_CONTEXT() REPRESENTATION_CONTEXT('2D SPACE',''
  ) );
#3414 = ORIENTED_EDGE('',*,*,#3415,.T.);
#3415 = EDGE_CURVE('',#3388,#1820,#3416,.T.);
#3416 = SURFACE_CURVE('',#3417,(#3421,#3428),.PCURVE_S1.);
#3417 = LINE('',#3418,#3419);
#3418 = CARTESIAN_POINT('',(-505.1272923261,-127.0936966488,
    298.82428361809));
#3419 = VECTOR('',#3420,1.);
#3420 = DIRECTION('',(0.290109106746,-0.843033071173,-0.452914944654));
#3421 = PCURVE('',#1835,#3422);
#3422 = DEFINITIONAL_REPRESENTATION('',(#3423),#3427);
#3423 = LINE('',#3424,#3425);
#3424 = CARTESIAN_POINT('',(-94.15317214982,12.737766590609));
#3425 = VECTOR('',#3426,1.);
#3426 = DIRECTION('',(-5.551115123126E-17,-1.));
#3427 = ( GEOMETRIC_REPRESENTATION_CONTEXT(2) 
PARAMETRIC_REPRESENTATION_CONTEXT() REPRESENTATION_CONTEXT('2D SPACE',''
  ) );
#3428 = PCURVE('',#1862,#3429);
#3429 = DEFINITIONAL_REPRESENTATION('',(#3430),#3434);
#3430 = LINE('',#3431,#3432);
#3431 = CARTESIAN_POINT('',(27.61571601777,-2.659817163449));
#3432 = VECTOR('',#3433,1.);
#3433 = DIRECTION('',(-1.,-5.551115123126E-17));
#3434 = ( GEOMETRIC_REPRESENTATION_CONTEXT(2) 
PARAMETRIC_REPRESENTATION_CONTEXT() REPRESENTATION_CONTEXT('2D SPACE',''
  ) );
#3435 = ORIENTED_EDGE('',*,*,#1819,.T.);
#3436 = FACE_BOUND('',#3437,.F.);
#3437 = EDGE_LOOP('',(#3438));
#3438 = ORIENTED_EDGE('',*,*,#3439,.T.);
#3439 = EDGE_CURVE('',#3440,#3440,#3442,.T.);
#3440 = VERTEX_POINT('',#3441);
#3441 = CARTESIAN_POINT('',(-606.9441997553,-116.6273500343,
    182.30670495235));
#3442 = SURFACE_CURVE('',#3443,(#3448,#3459),.PCURVE_S1.);
#3443 = CIRCLE('',#3444,4.94);
#3444 = AXIS2_PLACEMENT_3D('',#3445,#3446,#3447);
#3445 = CARTESIAN_POINT('',(-603.5532165298,-117.3508400935,
    185.82542558614));
#3446 = DIRECTION('',(-0.666817271786,-0.517538437218,0.536198370055));
#3447 = DIRECTION('',(-0.686433851315,0.14645547757,-0.712291626273));
#3448 = PCURVE('',#1835,#3449);
#3449 = DEFINITIONAL_REPRESENTATION('',(#3450),#3458);
#3450 = ( BOUNDED_CURVE() B_SPLINE_CURVE(2,(#3451,#3452,#3453,#3454,
#3455,#3456,#3457),.UNSPECIFIED.,.T.,.F.) B_SPLINE_CURVE_WITH_KNOTS((1,2
    ,2,2,2,1),(-2.094395102393,0.,2.094395102393,4.188790204786,
6.28318530718,8.377580409573),.UNSPECIFIED.) CURVE() 
GEOMETRIC_REPRESENTATION_ITEM() RATIONAL_B_SPLINE_CURVE((1.,0.5,1.,0.5,
1.,0.5,1.)) REPRESENTATION_ITEM('') );
#3451 = CARTESIAN_POINT('',(60.264749134809,-1.673297705734));
#3452 = CARTESIAN_POINT('',(60.264749134809,-10.22962869512));
#3453 = CARTESIAN_POINT('',(52.854749134809,-5.951463200429));
#3454 = CARTESIAN_POINT('',(45.444749134809,-1.673297705734));
#3455 = CARTESIAN_POINT('',(52.854749134809,2.604867788961));
#3456 = CARTESIAN_POINT('',(60.264749134809,6.883033283656));
#3457 = CARTESIAN_POINT('',(60.264749134809,-1.673297705734));
#3458 = ( GEOMETRIC_REPRESENTATION_CONTEXT(2) 
PARAMETRIC_REPRESENTATION_CONTEXT() REPRESENTATION_CONTEXT('2D SPACE',''
  ) );
#3459 = PCURVE('',#3460,#3465);
#3460 = CYLINDRICAL_SURFACE('',#3461,4.94);
#3461 = AXIS2_PLACEMENT_3D('',#3462,#3463,#3464);
#3462 = CARTESIAN_POINT('',(-604.2200338016,-117.8683785307,
    186.36162395619));
#3463 = DIRECTION('',(-0.666817271786,-0.517538437218,0.536198370055));
#3464 = DIRECTION('',(-0.686433851315,0.14645547757,-0.712291626273));
#3465 = DEFINITIONAL_REPRESENTATION('',(#3466),#3470);
#3466 = LINE('',#3467,#3468);
#3467 = CARTESIAN_POINT('',(-6.28318530718,-1.));
#3468 = VECTOR('',#3469,1.);
#3469 = DIRECTION('',(1.,-0.));
#3470 = ( GEOMETRIC_REPRESENTATION_CONTEXT(2) 
PARAMETRIC_REPRESENTATION_CONTEXT() REPRESENTATION_CONTEXT('2D SPACE',''
  ) );
#3471 = FACE_BOUND('',#3472,.F.);
#3472 = EDGE_LOOP('',(#3473));
#3473 = ORIENTED_EDGE('',*,*,#3474,.T.);
#3474 = EDGE_CURVE('',#3475,#3475,#3477,.T.);
#3475 = VERTEX_POINT('',#3476);
#3476 = CARTESIAN_POINT('',(-570.7239808736,-121.2184386747,
    222.91891848032));
#3477 = SURFACE_CURVE('',#3478,(#3483,#3494),.PCURVE_S1.);
#3478 = CIRCLE('',#3479,4.335);
#3479 = AXIS2_PLACEMENT_3D('',#3480,#3481,#3482);
#3480 = CARTESIAN_POINT('',(-567.7482901282,-121.85332317,
    226.00670268022));
#3481 = DIRECTION('',(-0.666817271786,-0.517538437218,0.536198370055));
#3482 = DIRECTION('',(-0.686433851315,0.14645547757,-0.712291626273));
#3483 = PCURVE('',#1835,#3484);
#3484 = DEFINITIONAL_REPRESENTATION('',(#3485),#3493);
#3485 = ( BOUNDED_CURVE() B_SPLINE_CURVE(2,(#3486,#3487,#3488,#3489,
#3490,#3491,#3492),.UNSPECIFIED.,.T.,.F.) B_SPLINE_CURVE_WITH_KNOTS((1,2
    ,2,2,2,1),(-2.094395102393,0.,2.094395102393,4.188790204786,
6.28318530718,8.377580409573),.UNSPECIFIED.) CURVE() 
GEOMETRIC_REPRESENTATION_ITEM() RATIONAL_B_SPLINE_CURVE((1.,0.5,1.,0.5,
1.,0.5,1.)) REPRESENTATION_ITEM('') );
#3486 = CARTESIAN_POINT('',(5.80183509261,2.342325834071));
#3487 = CARTESIAN_POINT('',(5.80183509261,-5.16611441674));
#3488 = CARTESIAN_POINT('',(-0.70066490739,-1.411894291335));
#3489 = CARTESIAN_POINT('',(-7.20316490739,2.342325834071));
#3490 = CARTESIAN_POINT('',(-0.70066490739,6.096545959476));
#3491 = CARTESIAN_POINT('',(5.80183509261,9.850766084882));
#3492 = CARTESIAN_POINT('',(5.80183509261,2.342325834071));
#3493 = ( GEOMETRIC_REPRESENTATION_CONTEXT(2) 
PARAMETRIC_REPRESENTATION_CONTEXT() REPRESENTATION_CONTEXT('2D SPACE',''
  ) );
#3494 = PCURVE('',#3495,#3500);
#3495 = CYLINDRICAL_SURFACE('',#3496,4.335);
#3496 = AXIS2_PLACEMENT_3D('',#3497,#3498,#3499);
#3497 = CARTESIAN_POINT('',(-568.4151074,-122.3708616072,226.54290105027
    ));
#3498 = DIRECTION('',(-0.666817271786,-0.517538437218,0.536198370055));
#3499 = DIRECTION('',(-0.686433851315,0.14645547757,-0.712291626273));
#3500 = DEFINITIONAL_REPRESENTATION('',(#3501),#3505);
#3501 = LINE('',#3502,#3503);
#3502 = CARTESIAN_POINT('',(-6.28318530718,-1.));
#3503 = VECTOR('',#3504,1.);
#3504 = DIRECTION('',(1.,-0.));
#3505 = ( GEOMETRIC_REPRESENTATION_CONTEXT(2) 
PARAMETRIC_REPRESENTATION_CONTEXT() REPRESENTATION_CONTEXT('2D SPACE',''
  ) );
#3506 = ADVANCED_FACE('',(#3507),#1862,.F.);
#3507 = FACE_BOUND('',#3508,.F.);
#3508 = EDGE_LOOP('',(#3509,#3510,#3511,#3534,#3555,#3556));
#3509 = ORIENTED_EDGE('',*,*,#1847,.T.);
#3510 = ORIENTED_EDGE('',*,*,#3415,.F.);
#3511 = ORIENTED_EDGE('',*,*,#3512,.T.);
#3512 = EDGE_CURVE('',#3388,#3513,#3515,.T.);
#3513 = VERTEX_POINT('',#3514);
#3514 = CARTESIAN_POINT('',(-502.9934770564,-125.4375736497,
    297.10844883391));
#3515 = SURFACE_CURVE('',#3516,(#3520,#3527),.PCURVE_S1.);
#3516 = LINE('',#3517,#3518);
#3517 = CARTESIAN_POINT('',(-505.1272923261,-127.0936966488,
    298.82428361809));
#3518 = VECTOR('',#3519,1.);
#3519 = DIRECTION('',(0.666817271786,0.517538437218,-0.536198370055));
#3520 = PCURVE('',#1862,#3521);
#3521 = DEFINITIONAL_REPRESENTATION('',(#3522),#3526);
#3522 = LINE('',#3523,#3524);
#3523 = CARTESIAN_POINT('',(27.61571601777,-2.659817163449));
#3524 = VECTOR('',#3525,1.);
#3525 = DIRECTION('',(2.775557561563E-17,1.));
#3526 = ( GEOMETRIC_REPRESENTATION_CONTEXT(2) 
PARAMETRIC_REPRESENTATION_CONTEXT() REPRESENTATION_CONTEXT('2D SPACE',''
  ) );
#3527 = PCURVE('',#3403,#3528);
#3528 = DEFINITIONAL_REPRESENTATION('',(#3529),#3533);
#3529 = LINE('',#3530,#3531);
#3530 = CARTESIAN_POINT('',(188.30634429965,1.42108547152E-14));
#3531 = VECTOR('',#3532,1.);
#3532 = DIRECTION('',(0.,-1.));
#3533 = ( GEOMETRIC_REPRESENTATION_CONTEXT(2) 
PARAMETRIC_REPRESENTATION_CONTEXT() REPRESENTATION_CONTEXT('2D SPACE',''
  ) );
#3534 = ORIENTED_EDGE('',*,*,#3535,.T.);
#3535 = EDGE_CURVE('',#3513,#2396,#3536,.T.);
#3536 = SURFACE_CURVE('',#3537,(#3541,#3548),.PCURVE_S1.);
#3537 = LINE('',#3538,#3539);
#3538 = CARTESIAN_POINT('',(-502.9934770564,-125.4375736497,
    297.10844883391));
#3539 = VECTOR('',#3540,1.);
#3540 = DIRECTION('',(0.290109106746,-0.843033071173,-0.452914944654));
#3541 = PCURVE('',#1862,#3542);
#3542 = DEFINITIONAL_REPRESENTATION('',(#3543),#3547);
#3543 = LINE('',#3544,#3545);
#3544 = CARTESIAN_POINT('',(27.61571601777,0.540182836551));
#3545 = VECTOR('',#3546,1.);
#3546 = DIRECTION('',(-1.,-5.551115123126E-17));
#3547 = ( GEOMETRIC_REPRESENTATION_CONTEXT(2) 
PARAMETRIC_REPRESENTATION_CONTEXT() REPRESENTATION_CONTEXT('2D SPACE',''
  ) );
#3548 = PCURVE('',#2413,#3549);
#3549 = DEFINITIONAL_REPRESENTATION('',(#3550),#3554);
#3550 = LINE('',#3551,#3552);
#3551 = CARTESIAN_POINT('',(-94.15317214982,12.737766590609));
#3552 = VECTOR('',#3553,1.);
#3553 = DIRECTION('',(-5.551115123126E-17,-1.));
#3554 = ( GEOMETRIC_REPRESENTATION_CONTEXT(2) 
PARAMETRIC_REPRESENTATION_CONTEXT() REPRESENTATION_CONTEXT('2D SPACE',''
  ) );
#3555 = ORIENTED_EDGE('',*,*,#2452,.T.);
#3556 = ORIENTED_EDGE('',*,*,#1878,.T.);
#3557 = ADVANCED_FACE('',(#3558),#1941,.T.);
#3558 = FACE_BOUND('',#3559,.T.);
#3559 = EDGE_LOOP('',(#3560,#3561,#3584,#3612,#3633,#3634));
#3560 = ORIENTED_EDGE('',*,*,#1957,.T.);
#3561 = ORIENTED_EDGE('',*,*,#3562,.T.);
#3562 = EDGE_CURVE('',#1958,#3563,#3565,.T.);
#3563 = VERTEX_POINT('',#3564);
#3564 = CARTESIAN_POINT('',(-492.3008131754,-111.8634548475,
    306.72276599074));
#3565 = SURFACE_CURVE('',#3566,(#3570,#3577),.PCURVE_S1.);
#3566 = LINE('',#3567,#3568);
#3567 = CARTESIAN_POINT('',(-481.69111902,-142.6943486047,
    290.15903555458));
#3568 = VECTOR('',#3569,1.);
#3569 = DIRECTION('',(-0.290109106746,0.843033071173,0.452914944654));
#3570 = PCURVE('',#1941,#3571);
#3571 = DEFINITIONAL_REPRESENTATION('',(#3572),#3576);
#3572 = LINE('',#3573,#3574);
#3573 = CARTESIAN_POINT('',(3.041837444839,-3.358162555161));
#3574 = VECTOR('',#3575,1.);
#3575 = DIRECTION('',(1.,5.551115123126E-17));
#3576 = ( GEOMETRIC_REPRESENTATION_CONTEXT(2) 
PARAMETRIC_REPRESENTATION_CONTEXT() REPRESENTATION_CONTEXT('2D SPACE',''
  ) );
#3577 = PCURVE('',#1997,#3578);
#3578 = DEFINITIONAL_REPRESENTATION('',(#3579),#3583);
#3579 = LINE('',#3580,#3581);
#3580 = CARTESIAN_POINT('',(77.164051471883,-18.28569649959));
#3581 = VECTOR('',#3582,1.);
#3582 = DIRECTION('',(-5.551115123126E-17,1.));
#3583 = ( GEOMETRIC_REPRESENTATION_CONTEXT(2) 
PARAMETRIC_REPRESENTATION_CONTEXT() REPRESENTATION_CONTEXT('2D SPACE',''
  ) );
#3584 = ORIENTED_EDGE('',*,*,#3585,.T.);
#3585 = EDGE_CURVE('',#3563,#3586,#3588,.T.);
#3586 = VERTEX_POINT('',#3587);
#3587 = CARTESIAN_POINT('',(-494.4974014997,-111.3947973193,
    304.44343278667));
#3588 = SURFACE_CURVE('',#3589,(#3593,#3600),.PCURVE_S1.);
#3589 = LINE('',#3590,#3591);
#3590 = CARTESIAN_POINT('',(-492.3008131754,-111.8634548475,
    306.72276599074));
#3591 = VECTOR('',#3592,1.);
#3592 = DIRECTION('',(-0.686433851315,0.14645547757,-0.712291626273));
#3593 = PCURVE('',#1941,#3594);
#3594 = DEFINITIONAL_REPRESENTATION('',(#3595),#3599);
#3595 = LINE('',#3596,#3597);
#3596 = CARTESIAN_POINT('',(39.613230444026,-3.358162555161));
#3597 = VECTOR('',#3598,1.);
#3598 = DIRECTION('',(5.551115123126E-17,1.));
#3599 = ( GEOMETRIC_REPRESENTATION_CONTEXT(2) 
PARAMETRIC_REPRESENTATION_CONTEXT() REPRESENTATION_CONTEXT('2D SPACE',''
  ) );
#3600 = PCURVE('',#3601,#3606);
#3601 = PLANE('',#3602);
#3602 = AXIS2_PLACEMENT_3D('',#3603,#3604,#3605);
#3603 = CARTESIAN_POINT('',(-492.3008131754,-111.8634548475,
    306.72276599074));
#3604 = DIRECTION('',(0.290109106746,-0.843033071173,-0.452914944654));
#3605 = DIRECTION('',(0.666817271786,0.517538437218,-0.536198370055));
#3606 = DEFINITIONAL_REPRESENTATION('',(#3607),#3611);
#3607 = LINE('',#3608,#3609);
#3608 = CARTESIAN_POINT('',(0.,0.));
#3609 = VECTOR('',#3610,1.);
#3610 = DIRECTION('',(-5.551115123126E-17,-1.));
#3611 = ( GEOMETRIC_REPRESENTATION_CONTEXT(2) 
PARAMETRIC_REPRESENTATION_CONTEXT() REPRESENTATION_CONTEXT('2D SPACE',''
  ) );
#3612 = ORIENTED_EDGE('',*,*,#3613,.F.);
#3613 = EDGE_CURVE('',#2484,#3586,#3614,.T.);
#3614 = SURFACE_CURVE('',#3615,(#3619,#3626),.PCURVE_S1.);
#3615 = LINE('',#3616,#3617);
#3616 = CARTESIAN_POINT('',(-483.8877073442,-142.2256910765,
    287.87970235051));
#3617 = VECTOR('',#3618,1.);
#3618 = DIRECTION('',(-0.290109106746,0.843033071173,0.452914944654));
#3619 = PCURVE('',#1941,#3620);
#3620 = DEFINITIONAL_REPRESENTATION('',(#3621),#3625);
#3621 = LINE('',#3622,#3623);
#3622 = CARTESIAN_POINT('',(3.041837444839,-0.158162555161));
#3623 = VECTOR('',#3624,1.);
#3624 = DIRECTION('',(1.,5.551115123126E-17));
#3625 = ( GEOMETRIC_REPRESENTATION_CONTEXT(2) 
PARAMETRIC_REPRESENTATION_CONTEXT() REPRESENTATION_CONTEXT('2D SPACE',''
  ) );
#3626 = PCURVE('',#2499,#3627);
#3627 = DEFINITIONAL_REPRESENTATION('',(#3628),#3632);
#3628 = LINE('',#3629,#3630);
#3629 = CARTESIAN_POINT('',(77.164051471883,-18.28569649959));
#3630 = VECTOR('',#3631,1.);
#3631 = DIRECTION('',(-5.551115123126E-17,1.));
#3632 = ( GEOMETRIC_REPRESENTATION_CONTEXT(2) 
PARAMETRIC_REPRESENTATION_CONTEXT() REPRESENTATION_CONTEXT('2D SPACE',''
  ) );
#3633 = ORIENTED_EDGE('',*,*,#2511,.T.);
#3634 = ORIENTED_EDGE('',*,*,#1927,.T.);
#3635 = ADVANCED_FACE('',(#3636,#3684,#3719,#3754),#1997,.F.);
#3636 = FACE_BOUND('',#3637,.F.);
#3637 = EDGE_LOOP('',(#3638,#3639,#3662,#3683));
#3638 = ORIENTED_EDGE('',*,*,#3562,.T.);
#3639 = ORIENTED_EDGE('',*,*,#3640,.T.);
#3640 = EDGE_CURVE('',#3563,#3641,#3643,.T.);
#3641 = VERTEX_POINT('',#3642);
#3642 = CARTESIAN_POINT('',(-389.3921686106,-31.99272963127,
    223.97228873857));
#3643 = SURFACE_CURVE('',#3644,(#3648,#3655),.PCURVE_S1.);
#3644 = LINE('',#3645,#3646);
#3645 = CARTESIAN_POINT('',(-492.3008131754,-111.8634548475,
    306.72276599074));
#3646 = VECTOR('',#3647,1.);
#3647 = DIRECTION('',(0.666817271786,0.517538437218,-0.536198370055));
#3648 = PCURVE('',#1997,#3649);
#3649 = DEFINITIONAL_REPRESENTATION('',(#3650),#3654);
#3650 = LINE('',#3651,#3652);
#3651 = CARTESIAN_POINT('',(77.164051471883,18.285696499593));
#3652 = VECTOR('',#3653,1.);
#3653 = DIRECTION('',(-1.,2.775557561563E-17));
#3654 = ( GEOMETRIC_REPRESENTATION_CONTEXT(2) 
PARAMETRIC_REPRESENTATION_CONTEXT() REPRESENTATION_CONTEXT('2D SPACE',''
  ) );
#3655 = PCURVE('',#3601,#3656);
#3656 = DEFINITIONAL_REPRESENTATION('',(#3657),#3661);
#3657 = LINE('',#3658,#3659);
#3658 = CARTESIAN_POINT('',(0.,0.));
#3659 = VECTOR('',#3660,1.);
#3660 = DIRECTION('',(1.,0.));
#3661 = ( GEOMETRIC_REPRESENTATION_CONTEXT(2) 
PARAMETRIC_REPRESENTATION_CONTEXT() REPRESENTATION_CONTEXT('2D SPACE',''
  ) );
#3662 = ORIENTED_EDGE('',*,*,#3663,.T.);
#3663 = EDGE_CURVE('',#3641,#1982,#3664,.T.);
#3664 = SURFACE_CURVE('',#3665,(#3669,#3676),.PCURVE_S1.);
#3665 = LINE('',#3666,#3667);
#3666 = CARTESIAN_POINT('',(-389.3921686106,-31.99272963127,
    223.97228873857));
#3667 = VECTOR('',#3668,1.);
#3668 = DIRECTION('',(0.290109106746,-0.843033071173,-0.452914944654));
#3669 = PCURVE('',#1997,#3670);
#3670 = DEFINITIONAL_REPRESENTATION('',(#3671),#3675);
#3671 = LINE('',#3672,#3673);
#3672 = CARTESIAN_POINT('',(-77.16405147188,18.285696499593));
#3673 = VECTOR('',#3674,1.);
#3674 = DIRECTION('',(5.551115123126E-17,-1.));
#3675 = ( GEOMETRIC_REPRESENTATION_CONTEXT(2) 
PARAMETRIC_REPRESENTATION_CONTEXT() REPRESENTATION_CONTEXT('2D SPACE',''
  ) );
#3676 = PCURVE('',#2024,#3677);
#3677 = DEFINITIONAL_REPRESENTATION('',(#3678),#3682);
#3678 = LINE('',#3679,#3680);
#3679 = CARTESIAN_POINT('',(39.613230444026,-3.358162555161));
#3680 = VECTOR('',#3681,1.);
#3681 = DIRECTION('',(-1.,-5.551115123126E-17));
#3682 = ( GEOMETRIC_REPRESENTATION_CONTEXT(2) 
PARAMETRIC_REPRESENTATION_CONTEXT() REPRESENTATION_CONTEXT('2D SPACE',''
  ) );
#3683 = ORIENTED_EDGE('',*,*,#1981,.T.);
#3684 = FACE_BOUND('',#3685,.F.);
#3685 = EDGE_LOOP('',(#3686));
#3686 = ORIENTED_EDGE('',*,*,#3687,.T.);
#3687 = EDGE_CURVE('',#3688,#3688,#3690,.T.);
#3688 = VERTEX_POINT('',#3689);
#3689 = CARTESIAN_POINT('',(-394.4200940793,-55.69154300483,
    223.94493647703));
#3690 = SURFACE_CURVE('',#3691,(#3696,#3707),.PCURVE_S1.);
#3691 = CIRCLE('',#3692,3.84);
#3692 = AXIS2_PLACEMENT_3D('',#3693,#3694,#3695);
#3693 = CARTESIAN_POINT('',(-391.8595157556,-53.70419540591,
    221.88593473602));
#3694 = DIRECTION('',(0.686433851315,-0.14645547757,0.712291626273));
#3695 = DIRECTION('',(-0.666817271786,-0.517538437218,0.536198370055));
#3696 = PCURVE('',#1997,#3697);
#3697 = DEFINITIONAL_REPRESENTATION('',(#3698),#3706);
#3698 = ( BOUNDED_CURVE() B_SPLINE_CURVE(2,(#3699,#3700,#3701,#3702,
#3703,#3704,#3705),.UNSPECIFIED.,.T.,.F.) B_SPLINE_CURVE_WITH_KNOTS((1,2
    ,2,2,2,1),(-2.094395102393,0.,2.094395102393,4.188790204786,
6.28318530718,8.377580409573),.UNSPECIFIED.) CURVE() 
GEOMETRIC_REPRESENTATION_ITEM() RATIONAL_B_SPLINE_CURVE((1.,0.5,1.,0.5,
1.,0.5,1.)) REPRESENTATION_ITEM('') );
#3699 = CARTESIAN_POINT('',(-61.56096332887,-0.246928203385));
#3700 = CARTESIAN_POINT('',(-61.56096332887,-6.898003304449));
#3701 = CARTESIAN_POINT('',(-67.32096332887,-3.572465753917));
#3702 = CARTESIAN_POINT('',(-73.08096332887,-0.246928203385));
#3703 = CARTESIAN_POINT('',(-67.32096332887,3.078609347147));
#3704 = CARTESIAN_POINT('',(-61.56096332887,6.40414689768));
#3705 = CARTESIAN_POINT('',(-61.56096332887,-0.246928203385));
#3706 = ( GEOMETRIC_REPRESENTATION_CONTEXT(2) 
PARAMETRIC_REPRESENTATION_CONTEXT() REPRESENTATION_CONTEXT('2D SPACE',''
  ) );
#3707 = PCURVE('',#3708,#3713);
#3708 = CYLINDRICAL_SURFACE('',#3709,3.84);
#3709 = AXIS2_PLACEMENT_3D('',#3710,#3711,#3712);
#3710 = CARTESIAN_POINT('',(-391.1730819043,-53.85065088348,
    222.59822636229));
#3711 = DIRECTION('',(0.686433851315,-0.14645547757,0.712291626273));
#3712 = DIRECTION('',(-0.666817271786,-0.517538437218,0.536198370055));
#3713 = DEFINITIONAL_REPRESENTATION('',(#3714),#3718);
#3714 = LINE('',#3715,#3716);
#3715 = CARTESIAN_POINT('',(-6.28318530718,-1.));
#3716 = VECTOR('',#3717,1.);
#3717 = DIRECTION('',(1.,-0.));
#3718 = ( GEOMETRIC_REPRESENTATION_CONTEXT(2) 
PARAMETRIC_REPRESENTATION_CONTEXT() REPRESENTATION_CONTEXT('2D SPACE',''
  ) );
#3719 = FACE_BOUND('',#3720,.F.);
#3720 = EDGE_LOOP('',(#3721));
#3721 = ORIENTED_EDGE('',*,*,#3722,.T.);
#3722 = EDGE_CURVE('',#3723,#3723,#3725,.T.);
#3723 = VERTEX_POINT('',#3724);
#3724 = CARTESIAN_POINT('',(-433.0633389386,-86.68874229157,
    254.8119591405));
#3725 = SURFACE_CURVE('',#3726,(#3731,#3742),.PCURVE_S1.);
#3726 = CIRCLE('',#3727,8.98);
#3727 = AXIS2_PLACEMENT_3D('',#3728,#3729,#3730);
#3728 = CARTESIAN_POINT('',(-427.0753198379,-82.04124712536,
    249.9968977774));
#3729 = DIRECTION('',(0.686433851315,-0.14645547757,0.712291626273));
#3730 = DIRECTION('',(-0.666817271786,-0.517538437218,0.536198370055));
#3731 = PCURVE('',#1997,#3732);
#3732 = DEFINITIONAL_REPRESENTATION('',(#3733),#3741);
#3733 = ( BOUNDED_CURVE() B_SPLINE_CURVE(2,(#3734,#3735,#3736,#3737,
#3738,#3739,#3740),.UNSPECIFIED.,.T.,.F.) B_SPLINE_CURVE_WITH_KNOTS((1,2
    ,2,2,2,1),(-2.094395102393,0.,2.094395102393,4.188790204786,
6.28318530718,8.377580409573),.UNSPECIFIED.) CURVE() 
GEOMETRIC_REPRESENTATION_ITEM() RATIONAL_B_SPLINE_CURVE((1.,0.5,1.,0.5,
1.,0.5,1.)) REPRESENTATION_ITEM('') );
#3734 = CARTESIAN_POINT('',(-3.199890901263,-1.187699206704));
#3735 = CARTESIAN_POINT('',(-3.199890901263,-16.74151545867));
#3736 = CARTESIAN_POINT('',(-16.66989090126,-8.964607332688));
#3737 = CARTESIAN_POINT('',(-30.13989090126,-1.187699206704));
#3738 = CARTESIAN_POINT('',(-16.66989090126,6.589208919281));
#3739 = CARTESIAN_POINT('',(-3.199890901263,14.366117045265));
#3740 = CARTESIAN_POINT('',(-3.199890901263,-1.187699206704));
#3741 = ( GEOMETRIC_REPRESENTATION_CONTEXT(2) 
PARAMETRIC_REPRESENTATION_CONTEXT() REPRESENTATION_CONTEXT('2D SPACE',''
  ) );
#3742 = PCURVE('',#3743,#3748);
#3743 = CYLINDRICAL_SURFACE('',#3744,8.98);
#3744 = AXIS2_PLACEMENT_3D('',#3745,#3746,#3747);
#3745 = CARTESIAN_POINT('',(-426.3888859866,-82.18770260293,
    250.70918940367));
#3746 = DIRECTION('',(0.686433851315,-0.14645547757,0.712291626273));
#3747 = DIRECTION('',(-0.666817271786,-0.517538437218,0.536198370055));
#3748 = DEFINITIONAL_REPRESENTATION('',(#3749),#3753);
#3749 = LINE('',#3750,#3751);
#3750 = CARTESIAN_POINT('',(-6.28318530718,-1.));
#3751 = VECTOR('',#3752,1.);
#3752 = DIRECTION('',(1.,-0.));
#3753 = ( GEOMETRIC_REPRESENTATION_CONTEXT(2) 
PARAMETRIC_REPRESENTATION_CONTEXT() REPRESENTATION_CONTEXT('2D SPACE',''
  ) );
#3754 = FACE_BOUND('',#3755,.F.);
#3755 = EDGE_LOOP('',(#3756));
#3756 = ORIENTED_EDGE('',*,*,#3757,.T.);
#3757 = EDGE_CURVE('',#3758,#3758,#3760,.T.);
#3758 = VERTEX_POINT('',#3759);
#3759 = CARTESIAN_POINT('',(-462.8576658055,-103.8357584534,
    279.99905868795));
#3760 = SURFACE_CURVE('',#3761,(#3766,#3777),.PCURVE_S1.);
#3761 = CIRCLE('',#3762,6.41);
#3762 = AXIS2_PLACEMENT_3D('',#3763,#3764,#3765);
#3763 = CARTESIAN_POINT('',(-458.5833670934,-100.5183370708,
    276.56202713589));
#3764 = DIRECTION('',(0.686433851315,-0.14645547757,0.712291626273));
#3765 = DIRECTION('',(-0.666817271786,-0.517538437218,0.536198370055));
#3766 = PCURVE('',#1997,#3767);
#3767 = DEFINITIONAL_REPRESENTATION('',(#3768),#3776);
#3768 = ( BOUNDED_CURVE() B_SPLINE_CURVE(2,(#3769,#3770,#3771,#3772,
#3773,#3774,#3775),.UNSPECIFIED.,.T.,.F.) B_SPLINE_CURVE_WITH_KNOTS((1,2
    ,2,2,2,1),(-2.094395102393,0.,2.094395102393,4.188790204786,
6.28318530718,8.377580409573),.UNSPECIFIED.) CURVE() 
GEOMETRIC_REPRESENTATION_ITEM() RATIONAL_B_SPLINE_CURVE((1.,0.5,1.,0.5,
1.,0.5,1.)) REPRESENTATION_ITEM('') );
#3769 = CARTESIAN_POINT('',(39.047002526002,4.408018447939));
#3770 = CARTESIAN_POINT('',(39.047002526002,-6.694427228577));
#3771 = CARTESIAN_POINT('',(29.432002526002,-1.143204390319));
#3772 = CARTESIAN_POINT('',(19.817002526002,4.408018447939));
#3773 = CARTESIAN_POINT('',(29.432002526002,9.959241286197));
#3774 = CARTESIAN_POINT('',(39.047002526002,15.510464124456));
#3775 = CARTESIAN_POINT('',(39.047002526002,4.408018447939));
#3776 = ( GEOMETRIC_REPRESENTATION_CONTEXT(2) 
PARAMETRIC_REPRESENTATION_CONTEXT() REPRESENTATION_CONTEXT('2D SPACE',''
  ) );
#3777 = PCURVE('',#3778,#3783);
#3778 = CYLINDRICAL_SURFACE('',#3779,6.41);
#3779 = AXIS2_PLACEMENT_3D('',#3780,#3781,#3782);
#3780 = CARTESIAN_POINT('',(-457.8969332421,-100.6647925484,
    277.27431876217));
#3781 = DIRECTION('',(0.686433851315,-0.14645547757,0.712291626273));
#3782 = DIRECTION('',(-0.666817271786,-0.517538437218,0.536198370055));
#3783 = DEFINITIONAL_REPRESENTATION('',(#3784),#3788);
#3784 = LINE('',#3785,#3786);
#3785 = CARTESIAN_POINT('',(-6.28318530718,-1.));
#3786 = VECTOR('',#3787,1.);
#3787 = DIRECTION('',(1.,-0.));
#3788 = ( GEOMETRIC_REPRESENTATION_CONTEXT(2) 
PARAMETRIC_REPRESENTATION_CONTEXT() REPRESENTATION_CONTEXT('2D SPACE',''
  ) );
#3789 = ADVANCED_FACE('',(#3790),#2024,.F.);
#3790 = FACE_BOUND('',#3791,.F.);
#3791 = EDGE_LOOP('',(#3792,#3793,#3794,#3817,#3838,#3839));
#3792 = ORIENTED_EDGE('',*,*,#2009,.T.);
#3793 = ORIENTED_EDGE('',*,*,#3663,.F.);
#3794 = ORIENTED_EDGE('',*,*,#3795,.T.);
#3795 = EDGE_CURVE('',#3641,#3796,#3798,.T.);
#3796 = VERTEX_POINT('',#3797);
#3797 = CARTESIAN_POINT('',(-391.5887569348,-31.52407210305,
    221.6929555345));
#3798 = SURFACE_CURVE('',#3799,(#3803,#3810),.PCURVE_S1.);
#3799 = LINE('',#3800,#3801);
#3800 = CARTESIAN_POINT('',(-389.3921686106,-31.99272963127,
    223.97228873857));
#3801 = VECTOR('',#3802,1.);
#3802 = DIRECTION('',(-0.686433851315,0.14645547757,-0.712291626273));
#3803 = PCURVE('',#2024,#3804);
#3804 = DEFINITIONAL_REPRESENTATION('',(#3805),#3809);
#3805 = LINE('',#3806,#3807);
#3806 = CARTESIAN_POINT('',(39.613230444026,-3.358162555161));
#3807 = VECTOR('',#3808,1.);
#3808 = DIRECTION('',(5.551115123126E-17,1.));
#3809 = ( GEOMETRIC_REPRESENTATION_CONTEXT(2) 
PARAMETRIC_REPRESENTATION_CONTEXT() REPRESENTATION_CONTEXT('2D SPACE',''
  ) );
#3810 = PCURVE('',#3601,#3811);
#3811 = DEFINITIONAL_REPRESENTATION('',(#3812),#3816);
#3812 = LINE('',#3813,#3814);
#3813 = CARTESIAN_POINT('',(154.32810294376,2.13162820728E-14));
#3814 = VECTOR('',#3815,1.);
#3815 = DIRECTION('',(-5.551115123126E-17,-1.));
#3816 = ( GEOMETRIC_REPRESENTATION_CONTEXT(2) 
PARAMETRIC_REPRESENTATION_CONTEXT() REPRESENTATION_CONTEXT('2D SPACE',''
  ) );
#3817 = ORIENTED_EDGE('',*,*,#3818,.T.);
#3818 = EDGE_CURVE('',#3796,#2482,#3819,.T.);
#3819 = SURFACE_CURVE('',#3820,(#3824,#3831),.PCURVE_S1.);
#3820 = LINE('',#3821,#3822);
#3821 = CARTESIAN_POINT('',(-391.5887569348,-31.52407210305,
    221.6929555345));
#3822 = VECTOR('',#3823,1.);
#3823 = DIRECTION('',(0.290109106746,-0.843033071173,-0.452914944654));
#3824 = PCURVE('',#2024,#3825);
#3825 = DEFINITIONAL_REPRESENTATION('',(#3826),#3830);
#3826 = LINE('',#3827,#3828);
#3827 = CARTESIAN_POINT('',(39.613230444026,-0.158162555161));
#3828 = VECTOR('',#3829,1.);
#3829 = DIRECTION('',(-1.,-5.551115123126E-17));
#3830 = ( GEOMETRIC_REPRESENTATION_CONTEXT(2) 
PARAMETRIC_REPRESENTATION_CONTEXT() REPRESENTATION_CONTEXT('2D SPACE',''
  ) );
#3831 = PCURVE('',#2499,#3832);
#3832 = DEFINITIONAL_REPRESENTATION('',(#3833),#3837);
#3833 = LINE('',#3834,#3835);
#3834 = CARTESIAN_POINT('',(-77.16405147188,18.285696499593));
#3835 = VECTOR('',#3836,1.);
#3836 = DIRECTION('',(5.551115123126E-17,-1.));
#3837 = ( GEOMETRIC_REPRESENTATION_CONTEXT(2) 
PARAMETRIC_REPRESENTATION_CONTEXT() REPRESENTATION_CONTEXT('2D SPACE',''
  ) );
#3838 = ORIENTED_EDGE('',*,*,#2538,.T.);
#3839 = ORIENTED_EDGE('',*,*,#2040,.T.);
#3840 = ADVANCED_FACE('',(#3841),#997,.T.);
#3841 = FACE_BOUND('',#3842,.T.);
#3842 = EDGE_LOOP('',(#3843,#3844,#3865,#3866));
#3843 = ORIENTED_EDGE('',*,*,#981,.T.);
#3844 = ORIENTED_EDGE('',*,*,#3845,.T.);
#3845 = EDGE_CURVE('',#953,#3010,#3846,.T.);
#3846 = SURFACE_CURVE('',#3847,(#3851,#3858),.PCURVE_S1.);
#3847 = LINE('',#3848,#3849);
#3848 = CARTESIAN_POINT('',(-534.5762062349,-11.0943273928,
    69.560223979482));
#3849 = VECTOR('',#3850,1.);
#3850 = DIRECTION('',(-0.666817271786,-0.517538437218,0.536198370055));
#3851 = PCURVE('',#997,#3852);
#3852 = DEFINITIONAL_REPRESENTATION('',(#3853),#3857);
#3853 = LINE('',#3854,#3855);
#3854 = CARTESIAN_POINT('',(73.964051471883,11.586558462775));
#3855 = VECTOR('',#3856,1.);
#3856 = DIRECTION('',(-1.,-2.775557561563E-17));
#3857 = ( GEOMETRIC_REPRESENTATION_CONTEXT(2) 
PARAMETRIC_REPRESENTATION_CONTEXT() REPRESENTATION_CONTEXT('2D SPACE',''
  ) );
#3858 = PCURVE('',#969,#3859);
#3859 = DEFINITIONAL_REPRESENTATION('',(#3860),#3864);
#3860 = LINE('',#3861,#3862);
#3861 = CARTESIAN_POINT('',(-1.570796326795,-147.9281029437));
#3862 = VECTOR('',#3863,1.);
#3863 = DIRECTION('',(0.,1.));
#3864 = ( GEOMETRIC_REPRESENTATION_CONTEXT(2) 
PARAMETRIC_REPRESENTATION_CONTEXT() REPRESENTATION_CONTEXT('2D SPACE',''
  ) );
#3865 = ORIENTED_EDGE('',*,*,#3033,.T.);
#3866 = ORIENTED_EDGE('',*,*,#2255,.T.);
#3867 = ADVANCED_FACE('',(#3868),#2327,.T.);
#3868 = FACE_BOUND('',#3869,.T.);
#3869 = EDGE_LOOP('',(#3870,#3871,#3892,#3893));
#3870 = ORIENTED_EDGE('',*,*,#3204,.T.);
#3871 = ORIENTED_EDGE('',*,*,#3872,.T.);
#3872 = EDGE_CURVE('',#3177,#2705,#3873,.T.);
#3873 = SURFACE_CURVE('',#3874,(#3878,#3885),.PCURVE_S1.);
#3874 = LINE('',#3875,#3876);
#3875 = CARTESIAN_POINT('',(-386.8878712729,-38.75036563221,
    200.79536700435));
#3876 = VECTOR('',#3877,1.);
#3877 = DIRECTION('',(-0.686433851315,0.14645547757,-0.712291626273));
#3878 = PCURVE('',#2327,#3879);
#3879 = DEFINITIONAL_REPRESENTATION('',(#3880),#3884);
#3880 = LINE('',#3881,#3882);
#3881 = CARTESIAN_POINT('',(92.553172149825,9.825394339642));
#3882 = VECTOR('',#3883,1.);
#3883 = DIRECTION('',(-1.,5.551115123126E-17));
#3884 = ( GEOMETRIC_REPRESENTATION_CONTEXT(2) 
PARAMETRIC_REPRESENTATION_CONTEXT() REPRESENTATION_CONTEXT('2D SPACE',''
  ) );
#3885 = PCURVE('',#2725,#3886);
#3886 = DEFINITIONAL_REPRESENTATION('',(#3887),#3891);
#3887 = LINE('',#3888,#3889);
#3888 = CARTESIAN_POINT('',(0.785398163397,-185.1063442996));
#3889 = VECTOR('',#3890,1.);
#3890 = DIRECTION('',(-0.,1.));
#3891 = ( GEOMETRIC_REPRESENTATION_CONTEXT(2) 
PARAMETRIC_REPRESENTATION_CONTEXT() REPRESENTATION_CONTEXT('2D SPACE',''
  ) );
#3892 = ORIENTED_EDGE('',*,*,#2737,.T.);
#3893 = ORIENTED_EDGE('',*,*,#2309,.T.);
#3894 = ADVANCED_FACE('',(#3895,#3972,#4002),#2413,.T.);
#3895 = FACE_BOUND('',#3896,.T.);
#3896 = EDGE_LOOP('',(#3897,#3898,#3921,#3949,#3970,#3971));
#3897 = ORIENTED_EDGE('',*,*,#3309,.T.);
#3898 = ORIENTED_EDGE('',*,*,#3899,.T.);
#3899 = EDGE_CURVE('',#3282,#3900,#3902,.T.);
#3900 = VERTEX_POINT('',#3901);
#3901 = CARTESIAN_POINT('',(-614.9397949722,-101.5530414093,
    180.94514381794));
#3902 = SURFACE_CURVE('',#3903,(#3907,#3914),.PCURVE_S1.);
#3903 = LINE('',#3904,#3905);
#3904 = CARTESIAN_POINT('',(-632.253326201,-97.85907806583,
    162.97941661516));
#3905 = VECTOR('',#3906,1.);
#3906 = DIRECTION('',(0.686433851315,-0.14645547757,0.712291626273));
#3907 = PCURVE('',#2413,#3908);
#3908 = DEFINITIONAL_REPRESENTATION('',(#3909),#3913);
#3909 = LINE('',#3910,#3911);
#3910 = CARTESIAN_POINT('',(94.153172149825,12.737766590609));
#3911 = VECTOR('',#3912,1.);
#3912 = DIRECTION('',(-1.,-5.551115123126E-17));
#3913 = ( GEOMETRIC_REPRESENTATION_CONTEXT(2) 
PARAMETRIC_REPRESENTATION_CONTEXT() REPRESENTATION_CONTEXT('2D SPACE',''
  ) );
#3914 = PCURVE('',#3297,#3915);
#3915 = DEFINITIONAL_REPRESENTATION('',(#3916),#3920);
#3916 = LINE('',#3917,#3918);
#3917 = CARTESIAN_POINT('',(1.33226762955E-15,-3.2));
#3918 = VECTOR('',#3919,1.);
#3919 = DIRECTION('',(1.,-5.551115123126E-17));
#3920 = ( GEOMETRIC_REPRESENTATION_CONTEXT(2) 
PARAMETRIC_REPRESENTATION_CONTEXT() REPRESENTATION_CONTEXT('2D SPACE',''
  ) );
#3921 = ORIENTED_EDGE('',*,*,#3922,.F.);
#3922 = EDGE_CURVE('',#3923,#3900,#3925,.T.);
#3923 = VERTEX_POINT('',#3924);
#3924 = CARTESIAN_POINT('',(-521.7060794178,-121.4451086654,
    277.69094787256));
#3925 = SURFACE_CURVE('',#3926,(#3930,#3937),.PCURVE_S1.);
#3926 = LINE('',#3927,#3928);
#3927 = CARTESIAN_POINT('',(-521.7060794178,-121.4451086654,
    277.69094787256));
#3928 = VECTOR('',#3929,1.);
#3929 = DIRECTION('',(-0.686433851315,0.14645547757,-0.712291626273));
#3930 = PCURVE('',#2413,#3931);
#3931 = DEFINITIONAL_REPRESENTATION('',(#3932),#3936);
#3932 = LINE('',#3933,#3934);
#3933 = CARTESIAN_POINT('',(-66.89256673888,12.737766590609));
#3934 = VECTOR('',#3935,1.);
#3935 = DIRECTION('',(1.,5.551115123126E-17));
#3936 = ( GEOMETRIC_REPRESENTATION_CONTEXT(2) 
PARAMETRIC_REPRESENTATION_CONTEXT() REPRESENTATION_CONTEXT('2D SPACE',''
  ) );
#3937 = PCURVE('',#3938,#3943);
#3938 = CYLINDRICAL_SURFACE('',#3939,6.4);
#3939 = AXIS2_PLACEMENT_3D('',#3940,#3941,#3942);
#3940 = CARTESIAN_POINT('',(-525.9737099572,-124.7573546636,
    281.12261744092));
#3941 = DIRECTION('',(0.686433851315,-0.14645547757,0.712291626273));
#3942 = DIRECTION('',(-0.290109106746,0.843033071173,0.452914944654));
#3943 = DEFINITIONAL_REPRESENTATION('',(#3944),#3948);
#3944 = LINE('',#3945,#3946);
#3945 = CARTESIAN_POINT('',(-1.570796326795,0.));
#3946 = VECTOR('',#3947,1.);
#3947 = DIRECTION('',(-0.,-1.));
#3948 = ( GEOMETRIC_REPRESENTATION_CONTEXT(2) 
PARAMETRIC_REPRESENTATION_CONTEXT() REPRESENTATION_CONTEXT('2D SPACE',''
  ) );
#3949 = ORIENTED_EDGE('',*,*,#3950,.T.);
#3950 = EDGE_CURVE('',#3923,#3513,#3951,.T.);
#3951 = SURFACE_CURVE('',#3952,(#3956,#3963),.PCURVE_S1.);
#3952 = LINE('',#3953,#3954);
#3953 = CARTESIAN_POINT('',(-632.253326201,-97.85907806583,
    162.97941661516));
#3954 = VECTOR('',#3955,1.);
#3955 = DIRECTION('',(0.686433851315,-0.14645547757,0.712291626273));
#3956 = PCURVE('',#2413,#3957);
#3957 = DEFINITIONAL_REPRESENTATION('',(#3958),#3962);
#3958 = LINE('',#3959,#3960);
#3959 = CARTESIAN_POINT('',(94.153172149825,12.737766590609));
#3960 = VECTOR('',#3961,1.);
#3961 = DIRECTION('',(-1.,-5.551115123126E-17));
#3962 = ( GEOMETRIC_REPRESENTATION_CONTEXT(2) 
PARAMETRIC_REPRESENTATION_CONTEXT() REPRESENTATION_CONTEXT('2D SPACE',''
  ) );
#3963 = PCURVE('',#3403,#3964);
#3964 = DEFINITIONAL_REPRESENTATION('',(#3965),#3969);
#3965 = LINE('',#3966,#3967);
#3966 = CARTESIAN_POINT('',(1.33226762955E-15,-3.2));
#3967 = VECTOR('',#3968,1.);
#3968 = DIRECTION('',(1.,-5.551115123126E-17));
#3969 = ( GEOMETRIC_REPRESENTATION_CONTEXT(2) 
PARAMETRIC_REPRESENTATION_CONTEXT() REPRESENTATION_CONTEXT('2D SPACE',''
  ) );
#3970 = ORIENTED_EDGE('',*,*,#3535,.T.);
#3971 = ORIENTED_EDGE('',*,*,#2395,.T.);
#3972 = FACE_BOUND('',#3973,.T.);
#3973 = EDGE_LOOP('',(#3974));
#3974 = ORIENTED_EDGE('',*,*,#3975,.T.);
#3975 = EDGE_CURVE('',#3976,#3976,#3978,.T.);
#3976 = VERTEX_POINT('',#3977);
#3977 = CARTESIAN_POINT('',(-604.8103844856,-114.9712270352,
    180.59087016817));
#3978 = SURFACE_CURVE('',#3979,(#3984,#3995),.PCURVE_S1.);
#3979 = CIRCLE('',#3980,4.94);
#3980 = AXIS2_PLACEMENT_3D('',#3981,#3982,#3983);
#3981 = CARTESIAN_POINT('',(-601.4194012601,-115.6947170944,
    184.10959080196));
#3982 = DIRECTION('',(-0.666817271786,-0.517538437218,0.536198370055));
#3983 = DIRECTION('',(-0.686433851315,0.14645547757,-0.712291626273));
#3984 = PCURVE('',#2413,#3985);
#3985 = DEFINITIONAL_REPRESENTATION('',(#3986),#3994);
#3986 = ( BOUNDED_CURVE() B_SPLINE_CURVE(2,(#3987,#3988,#3989,#3990,
#3991,#3992,#3993),.UNSPECIFIED.,.T.,.F.) B_SPLINE_CURVE_WITH_KNOTS((1,2
    ,2,2,2,1),(-2.094395102393,0.,2.094395102393,4.188790204786,
6.28318530718,8.377580409573),.UNSPECIFIED.) CURVE() 
GEOMETRIC_REPRESENTATION_ITEM() RATIONAL_B_SPLINE_CURVE((1.,0.5,1.,0.5,
1.,0.5,1.)) REPRESENTATION_ITEM('') );
#3987 = CARTESIAN_POINT('',(60.264749134809,-1.673297705734));
#3988 = CARTESIAN_POINT('',(60.264749134809,-10.22962869512));
#3989 = CARTESIAN_POINT('',(52.854749134809,-5.951463200429));
#3990 = CARTESIAN_POINT('',(45.444749134809,-1.673297705734));
#3991 = CARTESIAN_POINT('',(52.854749134809,2.604867788961));
#3992 = CARTESIAN_POINT('',(60.264749134809,6.883033283656));
#3993 = CARTESIAN_POINT('',(60.264749134809,-1.673297705734));
#3994 = ( GEOMETRIC_REPRESENTATION_CONTEXT(2) 
PARAMETRIC_REPRESENTATION_CONTEXT() REPRESENTATION_CONTEXT('2D SPACE',''
  ) );
#3995 = PCURVE('',#3460,#3996);
#3996 = DEFINITIONAL_REPRESENTATION('',(#3997),#4001);
#3997 = LINE('',#3998,#3999);
#3998 = CARTESIAN_POINT('',(-6.28318530718,-4.2));
#3999 = VECTOR('',#4000,1.);
#4000 = DIRECTION('',(1.,-0.));
#4001 = ( GEOMETRIC_REPRESENTATION_CONTEXT(2) 
PARAMETRIC_REPRESENTATION_CONTEXT() REPRESENTATION_CONTEXT('2D SPACE',''
  ) );
#4002 = FACE_BOUND('',#4003,.T.);
#4003 = EDGE_LOOP('',(#4004));
#4004 = ORIENTED_EDGE('',*,*,#4005,.T.);
#4005 = EDGE_CURVE('',#4006,#4006,#4008,.T.);
#4006 = VERTEX_POINT('',#4007);
#4007 = CARTESIAN_POINT('',(-568.5901656039,-119.5623156756,
    221.20308369615));
#4008 = SURFACE_CURVE('',#4009,(#4014,#4025),.PCURVE_S1.);
#4009 = CIRCLE('',#4010,4.335);
#4010 = AXIS2_PLACEMENT_3D('',#4011,#4012,#4013);
#4011 = CARTESIAN_POINT('',(-565.6144748585,-120.1972001709,
    224.29086789604));
#4012 = DIRECTION('',(-0.666817271786,-0.517538437218,0.536198370055));
#4013 = DIRECTION('',(-0.686433851315,0.14645547757,-0.712291626273));
#4014 = PCURVE('',#2413,#4015);
#4015 = DEFINITIONAL_REPRESENTATION('',(#4016),#4024);
#4016 = ( BOUNDED_CURVE() B_SPLINE_CURVE(2,(#4017,#4018,#4019,#4020,
#4021,#4022,#4023),.UNSPECIFIED.,.T.,.F.) B_SPLINE_CURVE_WITH_KNOTS((1,2
    ,2,2,2,1),(-2.094395102393,0.,2.094395102393,4.188790204786,
6.28318530718,8.377580409573),.UNSPECIFIED.) CURVE() 
GEOMETRIC_REPRESENTATION_ITEM() RATIONAL_B_SPLINE_CURVE((1.,0.5,1.,0.5,
1.,0.5,1.)) REPRESENTATION_ITEM('') );
#4017 = CARTESIAN_POINT('',(5.80183509261,2.342325834071));
#4018 = CARTESIAN_POINT('',(5.80183509261,-5.16611441674));
#4019 = CARTESIAN_POINT('',(-0.70066490739,-1.411894291335));
#4020 = CARTESIAN_POINT('',(-7.20316490739,2.342325834071));
#4021 = CARTESIAN_POINT('',(-0.70066490739,6.096545959476));
#4022 = CARTESIAN_POINT('',(5.80183509261,9.850766084882));
#4023 = CARTESIAN_POINT('',(5.80183509261,2.342325834071));
#4024 = ( GEOMETRIC_REPRESENTATION_CONTEXT(2) 
PARAMETRIC_REPRESENTATION_CONTEXT() REPRESENTATION_CONTEXT('2D SPACE',''
  ) );
#4025 = PCURVE('',#3495,#4026);
#4026 = DEFINITIONAL_REPRESENTATION('',(#4027),#4031);
#4027 = LINE('',#4028,#4029);
#4028 = CARTESIAN_POINT('',(-6.28318530718,-4.2));
#4029 = VECTOR('',#4030,1.);
#4030 = DIRECTION('',(1.,-0.));
#4031 = ( GEOMETRIC_REPRESENTATION_CONTEXT(2) 
PARAMETRIC_REPRESENTATION_CONTEXT() REPRESENTATION_CONTEXT('2D SPACE',''
  ) );
#4032 = ADVANCED_FACE('',(#4033,#4059,#4089,#4119),#2499,.T.);
#4033 = FACE_BOUND('',#4034,.T.);
#4034 = EDGE_LOOP('',(#4035,#4036,#4057,#4058));
#4035 = ORIENTED_EDGE('',*,*,#3613,.T.);
#4036 = ORIENTED_EDGE('',*,*,#4037,.T.);
#4037 = EDGE_CURVE('',#3586,#3796,#4038,.T.);
#4038 = SURFACE_CURVE('',#4039,(#4043,#4050),.PCURVE_S1.);
#4039 = LINE('',#4040,#4041);
#4040 = CARTESIAN_POINT('',(-494.4974014997,-111.3947973193,
    304.44343278667));
#4041 = VECTOR('',#4042,1.);
#4042 = DIRECTION('',(0.666817271786,0.517538437218,-0.536198370055));
#4043 = PCURVE('',#2499,#4044);
#4044 = DEFINITIONAL_REPRESENTATION('',(#4045),#4049);
#4045 = LINE('',#4046,#4047);
#4046 = CARTESIAN_POINT('',(77.164051471883,18.285696499593));
#4047 = VECTOR('',#4048,1.);
#4048 = DIRECTION('',(-1.,2.775557561563E-17));
#4049 = ( GEOMETRIC_REPRESENTATION_CONTEXT(2) 
PARAMETRIC_REPRESENTATION_CONTEXT() REPRESENTATION_CONTEXT('2D SPACE',''
  ) );
#4050 = PCURVE('',#3601,#4051);
#4051 = DEFINITIONAL_REPRESENTATION('',(#4052),#4056);
#4052 = LINE('',#4053,#4054);
#4053 = CARTESIAN_POINT('',(-1.887379141863E-14,-3.2));
#4054 = VECTOR('',#4055,1.);
#4055 = DIRECTION('',(1.,0.));
#4056 = ( GEOMETRIC_REPRESENTATION_CONTEXT(2) 
PARAMETRIC_REPRESENTATION_CONTEXT() REPRESENTATION_CONTEXT('2D SPACE',''
  ) );
#4057 = ORIENTED_EDGE('',*,*,#3818,.T.);
#4058 = ORIENTED_EDGE('',*,*,#2481,.T.);
#4059 = FACE_BOUND('',#4060,.T.);
#4060 = EDGE_LOOP('',(#4061));
#4061 = ORIENTED_EDGE('',*,*,#4062,.T.);
#4062 = EDGE_CURVE('',#4063,#4063,#4065,.T.);
#4063 = VERTEX_POINT('',#4064);
#4064 = CARTESIAN_POINT('',(-396.6166824035,-55.2228854766,
    221.66560327296));
#4065 = SURFACE_CURVE('',#4066,(#4071,#4082),.PCURVE_S1.);
#4066 = CIRCLE('',#4067,3.84);
#4067 = AXIS2_PLACEMENT_3D('',#4068,#4069,#4070);
#4068 = CARTESIAN_POINT('',(-394.0561040798,-53.23553787769,
    219.60660153195));
#4069 = DIRECTION('',(0.686433851315,-0.14645547757,0.712291626273));
#4070 = DIRECTION('',(-0.666817271786,-0.517538437218,0.536198370055));
#4071 = PCURVE('',#2499,#4072);
#4072 = DEFINITIONAL_REPRESENTATION('',(#4073),#4081);
#4073 = ( BOUNDED_CURVE() B_SPLINE_CURVE(2,(#4074,#4075,#4076,#4077,
#4078,#4079,#4080),.UNSPECIFIED.,.T.,.F.) B_SPLINE_CURVE_WITH_KNOTS((1,2
    ,2,2,2,1),(-2.094395102393,0.,2.094395102393,4.188790204786,
6.28318530718,8.377580409573),.UNSPECIFIED.) CURVE() 
GEOMETRIC_REPRESENTATION_ITEM() RATIONAL_B_SPLINE_CURVE((1.,0.5,1.,0.5,
1.,0.5,1.)) REPRESENTATION_ITEM('') );
#4074 = CARTESIAN_POINT('',(-61.56096332887,-0.246928203385));
#4075 = CARTESIAN_POINT('',(-61.56096332887,-6.898003304449));
#4076 = CARTESIAN_POINT('',(-67.32096332887,-3.572465753917));
#4077 = CARTESIAN_POINT('',(-73.08096332887,-0.246928203385));
#4078 = CARTESIAN_POINT('',(-67.32096332887,3.078609347147));
#4079 = CARTESIAN_POINT('',(-61.56096332887,6.40414689768));
#4080 = CARTESIAN_POINT('',(-61.56096332887,-0.246928203385));
#4081 = ( GEOMETRIC_REPRESENTATION_CONTEXT(2) 
PARAMETRIC_REPRESENTATION_CONTEXT() REPRESENTATION_CONTEXT('2D SPACE',''
  ) );
#4082 = PCURVE('',#3708,#4083);
#4083 = DEFINITIONAL_REPRESENTATION('',(#4084),#4088);
#4084 = LINE('',#4085,#4086);
#4085 = CARTESIAN_POINT('',(-6.28318530718,-4.2));
#4086 = VECTOR('',#4087,1.);
#4087 = DIRECTION('',(1.,-0.));
#4088 = ( GEOMETRIC_REPRESENTATION_CONTEXT(2) 
PARAMETRIC_REPRESENTATION_CONTEXT() REPRESENTATION_CONTEXT('2D SPACE',''
  ) );
#4089 = FACE_BOUND('',#4090,.T.);
#4090 = EDGE_LOOP('',(#4091));
#4091 = ORIENTED_EDGE('',*,*,#4092,.T.);
#4092 = EDGE_CURVE('',#4093,#4093,#4095,.T.);
#4093 = VERTEX_POINT('',#4094);
#4094 = CARTESIAN_POINT('',(-435.2599272628,-86.22008476335,
    252.53262593642));
#4095 = SURFACE_CURVE('',#4096,(#4101,#4112),.PCURVE_S1.);
#4096 = CIRCLE('',#4097,8.98);
#4097 = AXIS2_PLACEMENT_3D('',#4098,#4099,#4100);
#4098 = CARTESIAN_POINT('',(-429.2719081621,-81.57258959713,
    247.71756457333));
#4099 = DIRECTION('',(0.686433851315,-0.14645547757,0.712291626273));
#4100 = DIRECTION('',(-0.666817271786,-0.517538437218,0.536198370055));
#4101 = PCURVE('',#2499,#4102);
#4102 = DEFINITIONAL_REPRESENTATION('',(#4103),#4111);
#4103 = ( BOUNDED_CURVE() B_SPLINE_CURVE(2,(#4104,#4105,#4106,#4107,
#4108,#4109,#4110),.UNSPECIFIED.,.T.,.F.) B_SPLINE_CURVE_WITH_KNOTS((1,2
    ,2,2,2,1),(-2.094395102393,0.,2.094395102393,4.188790204786,
6.28318530718,8.377580409573),.UNSPECIFIED.) CURVE() 
GEOMETRIC_REPRESENTATION_ITEM() RATIONAL_B_SPLINE_CURVE((1.,0.5,1.,0.5,
1.,0.5,1.)) REPRESENTATION_ITEM('') );
#4104 = CARTESIAN_POINT('',(-3.199890901263,-1.187699206704));
#4105 = CARTESIAN_POINT('',(-3.199890901263,-16.74151545867));
#4106 = CARTESIAN_POINT('',(-16.66989090126,-8.964607332688));
#4107 = CARTESIAN_POINT('',(-30.13989090126,-1.187699206704));
#4108 = CARTESIAN_POINT('',(-16.66989090126,6.589208919281));
#4109 = CARTESIAN_POINT('',(-3.199890901263,14.366117045265));
#4110 = CARTESIAN_POINT('',(-3.199890901263,-1.187699206704));
#4111 = ( GEOMETRIC_REPRESENTATION_CONTEXT(2) 
PARAMETRIC_REPRESENTATION_CONTEXT() REPRESENTATION_CONTEXT('2D SPACE',''
  ) );
#4112 = PCURVE('',#3743,#4113);
#4113 = DEFINITIONAL_REPRESENTATION('',(#4114),#4118);
#4114 = LINE('',#4115,#4116);
#4115 = CARTESIAN_POINT('',(-6.28318530718,-4.2));
#4116 = VECTOR('',#4117,1.);
#4117 = DIRECTION('',(1.,-0.));
#4118 = ( GEOMETRIC_REPRESENTATION_CONTEXT(2) 
PARAMETRIC_REPRESENTATION_CONTEXT() REPRESENTATION_CONTEXT('2D SPACE',''
  ) );
#4119 = FACE_BOUND('',#4120,.T.);
#4120 = EDGE_LOOP('',(#4121));
#4121 = ORIENTED_EDGE('',*,*,#4122,.T.);
#4122 = EDGE_CURVE('',#4123,#4123,#4125,.T.);
#4123 = VERTEX_POINT('',#4124);
#4124 = CARTESIAN_POINT('',(-465.0542541298,-103.3671009252,
    277.71972548387));
#4125 = SURFACE_CURVE('',#4126,(#4131,#4142),.PCURVE_S1.);
#4126 = CIRCLE('',#4127,6.41);
#4127 = AXIS2_PLACEMENT_3D('',#4128,#4129,#4130);
#4128 = CARTESIAN_POINT('',(-460.7799554176,-100.0496795426,
    274.28269393182));
#4129 = DIRECTION('',(0.686433851315,-0.14645547757,0.712291626273));
#4130 = DIRECTION('',(-0.666817271786,-0.517538437218,0.536198370055));
#4131 = PCURVE('',#2499,#4132);
#4132 = DEFINITIONAL_REPRESENTATION('',(#4133),#4141);
#4133 = ( BOUNDED_CURVE() B_SPLINE_CURVE(2,(#4134,#4135,#4136,#4137,
#4138,#4139,#4140),.UNSPECIFIED.,.T.,.F.) B_SPLINE_CURVE_WITH_KNOTS((1,2
    ,2,2,2,1),(-2.094395102393,0.,2.094395102393,4.188790204786,
6.28318530718,8.377580409573),.UNSPECIFIED.) CURVE() 
GEOMETRIC_REPRESENTATION_ITEM() RATIONAL_B_SPLINE_CURVE((1.,0.5,1.,0.5,
1.,0.5,1.)) REPRESENTATION_ITEM('') );
#4134 = CARTESIAN_POINT('',(39.047002526002,4.408018447939));
#4135 = CARTESIAN_POINT('',(39.047002526002,-6.694427228577));
#4136 = CARTESIAN_POINT('',(29.432002526002,-1.143204390319));
#4137 = CARTESIAN_POINT('',(19.817002526002,4.408018447939));
#4138 = CARTESIAN_POINT('',(29.432002526002,9.959241286197));
#4139 = CARTESIAN_POINT('',(39.047002526002,15.510464124456));
#4140 = CARTESIAN_POINT('',(39.047002526002,4.408018447939));
#4141 = ( GEOMETRIC_REPRESENTATION_CONTEXT(2) 
PARAMETRIC_REPRESENTATION_CONTEXT() REPRESENTATION_CONTEXT('2D SPACE',''
  ) );
#4142 = PCURVE('',#3778,#4143);
#4143 = DEFINITIONAL_REPRESENTATION('',(#4144),#4148);
#4144 = LINE('',#4145,#4146);
#4145 = CARTESIAN_POINT('',(-6.28318530718,-4.2));
#4146 = VECTOR('',#4147,1.);
#4147 = DIRECTION('',(1.,-0.));
#4148 = ( GEOMETRIC_REPRESENTATION_CONTEXT(2) 
PARAMETRIC_REPRESENTATION_CONTEXT() REPRESENTATION_CONTEXT('2D SPACE',''
  ) );
#4149 = ADVANCED_FACE('',(#4150),#738,.F.);
#4150 = FACE_BOUND('',#4151,.F.);
#4151 = EDGE_LOOP('',(#4152,#4153,#4154,#4175));
#4152 = ORIENTED_EDGE('',*,*,#2764,.F.);
#4153 = ORIENTED_EDGE('',*,*,#717,.T.);
#4154 = ORIENTED_EDGE('',*,*,#4155,.F.);
#4155 = EDGE_CURVE('',#2815,#718,#4156,.T.);
#4156 = SURFACE_CURVE('',#4157,(#4161,#4168),.PCURVE_S1.);
#4157 = LINE('',#4158,#4159);
#4158 = CARTESIAN_POINT('',(-640.1012147833,-82.43460404873,
    145.35469038745));
#4159 = VECTOR('',#4160,1.);
#4160 = DIRECTION('',(0.666817271786,0.517538437218,-0.536198370055));
#4161 = PCURVE('',#738,#4162);
#4162 = DEFINITIONAL_REPRESENTATION('',(#4163),#4167);
#4163 = LINE('',#4164,#4165);
#4164 = CARTESIAN_POINT('',(1.570796326795,0.));
#4165 = VECTOR('',#4166,1.);
#4166 = DIRECTION('',(0.,-1.));
#4167 = ( GEOMETRIC_REPRESENTATION_CONTEXT(2) 
PARAMETRIC_REPRESENTATION_CONTEXT() REPRESENTATION_CONTEXT('2D SPACE',''
  ) );
#4168 = PCURVE('',#766,#4169);
#4169 = DEFINITIONAL_REPRESENTATION('',(#4170),#4174);
#4170 = LINE('',#4171,#4172);
#4171 = CARTESIAN_POINT('',(-73.96405147188,-13.41007074229));
#4172 = VECTOR('',#4173,1.);
#4173 = DIRECTION('',(1.,0.));
#4174 = ( GEOMETRIC_REPRESENTATION_CONTEXT(2) 
PARAMETRIC_REPRESENTATION_CONTEXT() REPRESENTATION_CONTEXT('2D SPACE',''
  ) );
#4175 = ORIENTED_EDGE('',*,*,#2814,.F.);
#4176 = ADVANCED_FACE('',(#4177),#2608,.T.);
#4177 = FACE_BOUND('',#4178,.F.);
#4178 = EDGE_LOOP('',(#4179,#4180,#4181,#4202));
#4179 = ORIENTED_EDGE('',*,*,#3231,.F.);
#4180 = ORIENTED_EDGE('',*,*,#3083,.T.);
#4181 = ORIENTED_EDGE('',*,*,#4182,.F.);
#4182 = EDGE_CURVE('',#2592,#3084,#4183,.T.);
#4183 = SURFACE_CURVE('',#4184,(#4188,#4195),.PCURVE_S1.);
#4184 = LINE('',#4185,#4186);
#4185 = CARTESIAN_POINT('',(-515.6615828117,-5.716907911966,
    71.811990919366));
#4186 = VECTOR('',#4187,1.);
#4187 = DIRECTION('',(0.686433851315,-0.14645547757,0.712291626273));
#4188 = PCURVE('',#2608,#4189);
#4189 = DEFINITIONAL_REPRESENTATION('',(#4190),#4194);
#4190 = LINE('',#4191,#4192);
#4191 = CARTESIAN_POINT('',(-0.785398163397,0.));
#4192 = VECTOR('',#4193,1.);
#4193 = DIRECTION('',(-0.,-1.));
#4194 = ( GEOMETRIC_REPRESENTATION_CONTEXT(2) 
PARAMETRIC_REPRESENTATION_CONTEXT() REPRESENTATION_CONTEXT('2D SPACE',''
  ) );
#4195 = PCURVE('',#2636,#4196);
#4196 = DEFINITIONAL_REPRESENTATION('',(#4197),#4201);
#4197 = LINE('',#4198,#4199);
#4198 = CARTESIAN_POINT('',(-92.55317214982,-14.95826962308));
#4199 = VECTOR('',#4200,1.);
#4200 = DIRECTION('',(1.,-5.551115123126E-17));
#4201 = ( GEOMETRIC_REPRESENTATION_CONTEXT(2) 
PARAMETRIC_REPRESENTATION_CONTEXT() REPRESENTATION_CONTEXT('2D SPACE',''
  ) );
#4202 = ORIENTED_EDGE('',*,*,#2591,.F.);
#4203 = ADVANCED_FACE('',(#4204),#3297,.F.);
#4204 = FACE_BOUND('',#4205,.F.);
#4205 = EDGE_LOOP('',(#4206,#4207,#4208,#4209));
#4206 = ORIENTED_EDGE('',*,*,#3336,.F.);
#4207 = ORIENTED_EDGE('',*,*,#3281,.T.);
#4208 = ORIENTED_EDGE('',*,*,#3899,.T.);
#4209 = ORIENTED_EDGE('',*,*,#4210,.T.);
#4210 = EDGE_CURVE('',#3900,#3337,#4211,.T.);
#4211 = SURFACE_CURVE('',#4212,(#4216,#4223),.PCURVE_S1.);
#4212 = LINE('',#4213,#4214);
#4213 = CARTESIAN_POINT('',(-614.9397949722,-101.5530414093,
    180.94514381794));
#4214 = VECTOR('',#4215,1.);
#4215 = DIRECTION('',(-0.666817271786,-0.517538437218,0.536198370055));
#4216 = PCURVE('',#3297,#4217);
#4217 = DEFINITIONAL_REPRESENTATION('',(#4218),#4222);
#4218 = LINE('',#4219,#4220);
#4219 = CARTESIAN_POINT('',(25.222432133282,-3.2));
#4220 = VECTOR('',#4221,1.);
#4221 = DIRECTION('',(0.,1.));
#4222 = ( GEOMETRIC_REPRESENTATION_CONTEXT(2) 
PARAMETRIC_REPRESENTATION_CONTEXT() REPRESENTATION_CONTEXT('2D SPACE',''
  ) );
#4223 = PCURVE('',#4224,#4229);
#4224 = PLANE('',#4225);
#4225 = AXIS2_PLACEMENT_3D('',#4226,#4227,#4228);
#4226 = CARTESIAN_POINT('',(-618.0615405095,-100.7266500469,
    184.12347874438));
#4227 = DIRECTION('',(-0.686433851315,0.14645547757,-0.712291626273));
#4228 = DIRECTION('',(0.666817271786,0.517538437218,-0.536198370055));
#4229 = DEFINITIONAL_REPRESENTATION('',(#4230),#4234);
#4230 = LINE('',#4231,#4232);
#4231 = CARTESIAN_POINT('',(3.358162555161,3.041837444839));
#4232 = VECTOR('',#4233,1.);
#4233 = DIRECTION('',(-1.,-2.775557561563E-16));
#4234 = ( GEOMETRIC_REPRESENTATION_CONTEXT(2) 
PARAMETRIC_REPRESENTATION_CONTEXT() REPRESENTATION_CONTEXT('2D SPACE',''
  ) );
#4235 = ADVANCED_FACE('',(#4236),#3375,.F.);
#4236 = FACE_BOUND('',#4237,.F.);
#4237 = EDGE_LOOP('',(#4238,#4239,#4267,#4295));
#4238 = ORIENTED_EDGE('',*,*,#3359,.T.);
#4239 = ORIENTED_EDGE('',*,*,#4240,.T.);
#4240 = EDGE_CURVE('',#3337,#4241,#4243,.T.);
#4241 = VERTEX_POINT('',#4242);
#4242 = CARTESIAN_POINT('',(-620.1357746533,-102.1675815798,
    185.82614120919));
#4243 = SURFACE_CURVE('',#4244,(#4249,#4256),.PCURVE_S1.);
#4244 = CIRCLE('',#4245,3.2);
#4245 = AXIS2_PLACEMENT_3D('',#4246,#4247,#4248);
#4246 = CARTESIAN_POINT('',(-619.2074255117,-104.8652874075,
    184.3768133863));
#4247 = DIRECTION('',(0.686433851315,-0.14645547757,0.712291626273));
#4248 = DIRECTION('',(0.666817271786,0.517538437218,-0.536198370055));
#4249 = PCURVE('',#3375,#4250);
#4250 = DEFINITIONAL_REPRESENTATION('',(#4251),#4255);
#4251 = LINE('',#4252,#4253);
#4252 = CARTESIAN_POINT('',(0.,-135.8233067554));
#4253 = VECTOR('',#4254,1.);
#4254 = DIRECTION('',(1.,0.));
#4255 = ( GEOMETRIC_REPRESENTATION_CONTEXT(2) 
PARAMETRIC_REPRESENTATION_CONTEXT() REPRESENTATION_CONTEXT('2D SPACE',''
  ) );
#4256 = PCURVE('',#4224,#4257);
#4257 = DEFINITIONAL_REPRESENTATION('',(#4258),#4266);
#4258 = ( BOUNDED_CURVE() B_SPLINE_CURVE(2,(#4259,#4260,#4261,#4262,
#4263,#4264,#4265),.UNSPECIFIED.,.T.,.F.) B_SPLINE_CURVE_WITH_KNOTS((1,2
    ,2,2,2,1),(-2.094395102393,0.,2.094395102393,4.188790204786,
6.28318530718,8.377580409573),.UNSPECIFIED.) CURVE() 
GEOMETRIC_REPRESENTATION_ITEM() RATIONAL_B_SPLINE_CURVE((1.,0.5,1.,0.5,
1.,0.5,1.)) REPRESENTATION_ITEM('') );
#4259 = CARTESIAN_POINT('',(0.158162555161,3.041837444839));
#4260 = CARTESIAN_POINT('',(0.158162555161,-2.500725139381));
#4261 = CARTESIAN_POINT('',(-4.641837444839,0.270556152729));
#4262 = CARTESIAN_POINT('',(-9.441837444839,3.041837444839));
#4263 = CARTESIAN_POINT('',(-4.641837444839,5.813118736949));
#4264 = CARTESIAN_POINT('',(0.158162555161,8.58440002906));
#4265 = CARTESIAN_POINT('',(0.158162555161,3.041837444839));
#4266 = ( GEOMETRIC_REPRESENTATION_CONTEXT(2) 
PARAMETRIC_REPRESENTATION_CONTEXT() REPRESENTATION_CONTEXT('2D SPACE',''
  ) );
#4267 = ORIENTED_EDGE('',*,*,#4268,.F.);
#4268 = EDGE_CURVE('',#4269,#4241,#4271,.T.);
#4269 = VERTEX_POINT('',#4270);
#4270 = CARTESIAN_POINT('',(-526.9020590988,-122.0596488358,
    282.57194526381));
#4271 = SURFACE_CURVE('',#4272,(#4276,#4283),.PCURVE_S1.);
#4272 = LINE('',#4273,#4274);
#4273 = CARTESIAN_POINT('',(-526.9020590988,-122.0596488358,
    282.57194526381));
#4274 = VECTOR('',#4275,1.);
#4275 = DIRECTION('',(-0.686433851315,0.14645547757,-0.712291626273));
#4276 = PCURVE('',#3375,#4277);
#4277 = DEFINITIONAL_REPRESENTATION('',(#4278),#4282);
#4278 = LINE('',#4279,#4280);
#4279 = CARTESIAN_POINT('',(1.570796326795,0.));
#4280 = VECTOR('',#4281,1.);
#4281 = DIRECTION('',(0.,-1.));
#4282 = ( GEOMETRIC_REPRESENTATION_CONTEXT(2) 
PARAMETRIC_REPRESENTATION_CONTEXT() REPRESENTATION_CONTEXT('2D SPACE',''
  ) );
#4283 = PCURVE('',#4284,#4289);
#4284 = PLANE('',#4285);
#4285 = AXIS2_PLACEMENT_3D('',#4286,#4287,#4288);
#4286 = CARTESIAN_POINT('',(-581.5085216746,-118.3146057285,
    240.62361148273));
#4287 = DIRECTION('',(-0.290109106746,0.843033071173,0.452914944654));
#4288 = DIRECTION('',(-0.686433851315,0.14645547757,-0.712291626273));
#4289 = DEFINITIONAL_REPRESENTATION('',(#4290),#4294);
#4290 = LINE('',#4291,#4292);
#4291 = CARTESIAN_POINT('',(-67.91165337771,-11.98170043964));
#4292 = VECTOR('',#4293,1.);
#4293 = DIRECTION('',(1.,5.551115123126E-17));
#4294 = ( GEOMETRIC_REPRESENTATION_CONTEXT(2) 
PARAMETRIC_REPRESENTATION_CONTEXT() REPRESENTATION_CONTEXT('2D SPACE',''
  ) );
#4295 = ORIENTED_EDGE('',*,*,#4296,.F.);
#4296 = EDGE_CURVE('',#3360,#4269,#4297,.T.);
#4297 = SURFACE_CURVE('',#4298,(#4303,#4310),.PCURVE_S1.);
#4298 = CIRCLE('',#4299,3.2);
#4299 = AXIS2_PLACEMENT_3D('',#4300,#4301,#4302);
#4300 = CARTESIAN_POINT('',(-525.9737099572,-124.7573546636,
    281.12261744092));
#4301 = DIRECTION('',(0.686433851315,-0.14645547757,0.712291626273));
#4302 = DIRECTION('',(0.666817271786,0.517538437218,-0.536198370055));
#4303 = PCURVE('',#3375,#4304);
#4304 = DEFINITIONAL_REPRESENTATION('',(#4305),#4309);
#4305 = LINE('',#4306,#4307);
#4306 = CARTESIAN_POINT('',(0.,0.));
#4307 = VECTOR('',#4308,1.);
#4308 = DIRECTION('',(1.,0.));
#4309 = ( GEOMETRIC_REPRESENTATION_CONTEXT(2) 
PARAMETRIC_REPRESENTATION_CONTEXT() REPRESENTATION_CONTEXT('2D SPACE',''
  ) );
#4310 = PCURVE('',#4311,#4316);
#4311 = PLANE('',#4312);
#4312 = AXIS2_PLACEMENT_3D('',#4313,#4314,#4315);
#4313 = CARTESIAN_POINT('',(-524.827824955,-120.618717303,280.869282799)
  );
#4314 = DIRECTION('',(-0.686433851315,0.14645547757,-0.712291626273));
#4315 = DIRECTION('',(0.666817271786,0.517538437218,-0.536198370055));
#4316 = DEFINITIONAL_REPRESENTATION('',(#4317),#4325);
#4317 = ( BOUNDED_CURVE() B_SPLINE_CURVE(2,(#4318,#4319,#4320,#4321,
#4322,#4323,#4324),.UNSPECIFIED.,.T.,.F.) B_SPLINE_CURVE_WITH_KNOTS((1,2
    ,2,2,2,1),(-2.094395102393,0.,2.094395102393,4.188790204786,
6.28318530718,8.377580409573),.UNSPECIFIED.) CURVE() 
GEOMETRIC_REPRESENTATION_ITEM() RATIONAL_B_SPLINE_CURVE((1.,0.5,1.,0.5,
1.,0.5,1.)) REPRESENTATION_ITEM('') );
#4318 = CARTESIAN_POINT('',(0.158162555161,3.041837444839));
#4319 = CARTESIAN_POINT('',(0.158162555161,-2.500725139381));
#4320 = CARTESIAN_POINT('',(-4.641837444839,0.270556152729));
#4321 = CARTESIAN_POINT('',(-9.441837444839,3.041837444839));
#4322 = CARTESIAN_POINT('',(-4.641837444839,5.813118736949));
#4323 = CARTESIAN_POINT('',(0.158162555161,8.58440002906));
#4324 = CARTESIAN_POINT('',(0.158162555161,3.041837444839));
#4325 = ( GEOMETRIC_REPRESENTATION_CONTEXT(2) 
PARAMETRIC_REPRESENTATION_CONTEXT() REPRESENTATION_CONTEXT('2D SPACE',''
  ) );
#4326 = ADVANCED_FACE('',(#4327),#3403,.F.);
#4327 = FACE_BOUND('',#4328,.F.);
#4328 = EDGE_LOOP('',(#4329,#4330,#4351,#4352));
#4329 = ORIENTED_EDGE('',*,*,#3387,.F.);
#4330 = ORIENTED_EDGE('',*,*,#4331,.F.);
#4331 = EDGE_CURVE('',#3923,#3360,#4332,.T.);
#4332 = SURFACE_CURVE('',#4333,(#4337,#4344),.PCURVE_S1.);
#4333 = LINE('',#4334,#4335);
#4334 = CARTESIAN_POINT('',(-521.7060794178,-121.4451086654,
    277.69094787256));
#4335 = VECTOR('',#4336,1.);
#4336 = DIRECTION('',(-0.666817271786,-0.517538437218,0.536198370055));
#4337 = PCURVE('',#3403,#4338);
#4338 = DEFINITIONAL_REPRESENTATION('',(#4339),#4343);
#4339 = LINE('',#4340,#4341);
#4340 = CARTESIAN_POINT('',(161.04573888871,-3.2));
#4341 = VECTOR('',#4342,1.);
#4342 = DIRECTION('',(0.,1.));
#4343 = ( GEOMETRIC_REPRESENTATION_CONTEXT(2) 
PARAMETRIC_REPRESENTATION_CONTEXT() REPRESENTATION_CONTEXT('2D SPACE',''
  ) );
#4344 = PCURVE('',#4311,#4345);
#4345 = DEFINITIONAL_REPRESENTATION('',(#4346),#4350);
#4346 = LINE('',#4347,#4348);
#4347 = CARTESIAN_POINT('',(3.358162555161,3.041837444839));
#4348 = VECTOR('',#4349,1.);
#4349 = DIRECTION('',(-1.,-2.775557561563E-16));
#4350 = ( GEOMETRIC_REPRESENTATION_CONTEXT(2) 
PARAMETRIC_REPRESENTATION_CONTEXT() REPRESENTATION_CONTEXT('2D SPACE',''
  ) );
#4351 = ORIENTED_EDGE('',*,*,#3950,.T.);
#4352 = ORIENTED_EDGE('',*,*,#3512,.F.);
#4353 = ADVANCED_FACE('',(#4354),#3460,.F.);
#4354 = FACE_BOUND('',#4355,.T.);
#4355 = EDGE_LOOP('',(#4356,#4357,#4378,#4379));
#4356 = ORIENTED_EDGE('',*,*,#3439,.T.);
#4357 = ORIENTED_EDGE('',*,*,#4358,.T.);
#4358 = EDGE_CURVE('',#3440,#3976,#4359,.T.);
#4359 = SEAM_CURVE('',#4360,(#4364,#4371),.PCURVE_S1.);
#4360 = LINE('',#4361,#4362);
#4361 = CARTESIAN_POINT('',(-607.6110170271,-117.1448884715,
    182.8429033224));
#4362 = VECTOR('',#4363,1.);
#4363 = DIRECTION('',(0.666817271786,0.517538437218,-0.536198370055));
#4364 = PCURVE('',#3460,#4365);
#4365 = DEFINITIONAL_REPRESENTATION('',(#4366),#4370);
#4366 = LINE('',#4367,#4368);
#4367 = CARTESIAN_POINT('',(-6.28318530718,0.));
#4368 = VECTOR('',#4369,1.);
#4369 = DIRECTION('',(-0.,-1.));
#4370 = ( GEOMETRIC_REPRESENTATION_CONTEXT(2) 
PARAMETRIC_REPRESENTATION_CONTEXT() REPRESENTATION_CONTEXT('2D SPACE',''
  ) );
#4371 = PCURVE('',#3460,#4372);
#4372 = DEFINITIONAL_REPRESENTATION('',(#4373),#4377);
#4373 = LINE('',#4374,#4375);
#4374 = CARTESIAN_POINT('',(-0.,0.));
#4375 = VECTOR('',#4376,1.);
#4376 = DIRECTION('',(-0.,-1.));
#4377 = ( GEOMETRIC_REPRESENTATION_CONTEXT(2) 
PARAMETRIC_REPRESENTATION_CONTEXT() REPRESENTATION_CONTEXT('2D SPACE',''
  ) );
#4378 = ORIENTED_EDGE('',*,*,#3975,.F.);
#4379 = ORIENTED_EDGE('',*,*,#4358,.F.);
#4380 = ADVANCED_FACE('',(#4381),#3495,.F.);
#4381 = FACE_BOUND('',#4382,.T.);
#4382 = EDGE_LOOP('',(#4383,#4384,#4405,#4406));
#4383 = ORIENTED_EDGE('',*,*,#3474,.T.);
#4384 = ORIENTED_EDGE('',*,*,#4385,.T.);
#4385 = EDGE_CURVE('',#3475,#4006,#4386,.T.);
#4386 = SEAM_CURVE('',#4387,(#4391,#4398),.PCURVE_S1.);
#4387 = LINE('',#4388,#4389);
#4388 = CARTESIAN_POINT('',(-571.3907981454,-121.735977112,
    223.45511685038));
#4389 = VECTOR('',#4390,1.);
#4390 = DIRECTION('',(0.666817271786,0.517538437218,-0.536198370055));
#4391 = PCURVE('',#3495,#4392);
#4392 = DEFINITIONAL_REPRESENTATION('',(#4393),#4397);
#4393 = LINE('',#4394,#4395);
#4394 = CARTESIAN_POINT('',(-6.28318530718,0.));
#4395 = VECTOR('',#4396,1.);
#4396 = DIRECTION('',(-0.,-1.));
#4397 = ( GEOMETRIC_REPRESENTATION_CONTEXT(2) 
PARAMETRIC_REPRESENTATION_CONTEXT() REPRESENTATION_CONTEXT('2D SPACE',''
  ) );
#4398 = PCURVE('',#3495,#4399);
#4399 = DEFINITIONAL_REPRESENTATION('',(#4400),#4404);
#4400 = LINE('',#4401,#4402);
#4401 = CARTESIAN_POINT('',(-0.,0.));
#4402 = VECTOR('',#4403,1.);
#4403 = DIRECTION('',(-0.,-1.));
#4404 = ( GEOMETRIC_REPRESENTATION_CONTEXT(2) 
PARAMETRIC_REPRESENTATION_CONTEXT() REPRESENTATION_CONTEXT('2D SPACE',''
  ) );
#4405 = ORIENTED_EDGE('',*,*,#4005,.F.);
#4406 = ORIENTED_EDGE('',*,*,#4385,.F.);
#4407 = ADVANCED_FACE('',(#4408),#3601,.F.);
#4408 = FACE_BOUND('',#4409,.F.);
#4409 = EDGE_LOOP('',(#4410,#4411,#4412,#4413));
#4410 = ORIENTED_EDGE('',*,*,#3585,.T.);
#4411 = ORIENTED_EDGE('',*,*,#4037,.T.);
#4412 = ORIENTED_EDGE('',*,*,#3795,.F.);
#4413 = ORIENTED_EDGE('',*,*,#3640,.F.);
#4414 = ADVANCED_FACE('',(#4415),#3708,.F.);
#4415 = FACE_BOUND('',#4416,.T.);
#4416 = EDGE_LOOP('',(#4417,#4418,#4439,#4440));
#4417 = ORIENTED_EDGE('',*,*,#3687,.T.);
#4418 = ORIENTED_EDGE('',*,*,#4419,.T.);
#4419 = EDGE_CURVE('',#3688,#4063,#4420,.T.);
#4420 = SEAM_CURVE('',#4421,(#4425,#4432),.PCURVE_S1.);
#4421 = LINE('',#4422,#4423);
#4422 = CARTESIAN_POINT('',(-393.733660228,-55.8379984824,
    224.65722810331));
#4423 = VECTOR('',#4424,1.);
#4424 = DIRECTION('',(-0.686433851315,0.14645547757,-0.712291626273));
#4425 = PCURVE('',#3708,#4426);
#4426 = DEFINITIONAL_REPRESENTATION('',(#4427),#4431);
#4427 = LINE('',#4428,#4429);
#4428 = CARTESIAN_POINT('',(-6.28318530718,0.));
#4429 = VECTOR('',#4430,1.);
#4430 = DIRECTION('',(-0.,-1.));
#4431 = ( GEOMETRIC_REPRESENTATION_CONTEXT(2) 
PARAMETRIC_REPRESENTATION_CONTEXT() REPRESENTATION_CONTEXT('2D SPACE',''
  ) );
#4432 = PCURVE('',#3708,#4433);
#4433 = DEFINITIONAL_REPRESENTATION('',(#4434),#4438);
#4434 = LINE('',#4435,#4436);
#4435 = CARTESIAN_POINT('',(-0.,0.));
#4436 = VECTOR('',#4437,1.);
#4437 = DIRECTION('',(-0.,-1.));
#4438 = ( GEOMETRIC_REPRESENTATION_CONTEXT(2) 
PARAMETRIC_REPRESENTATION_CONTEXT() REPRESENTATION_CONTEXT('2D SPACE',''
  ) );
#4439 = ORIENTED_EDGE('',*,*,#4062,.F.);
#4440 = ORIENTED_EDGE('',*,*,#4419,.F.);
#4441 = ADVANCED_FACE('',(#4442),#3743,.F.);
#4442 = FACE_BOUND('',#4443,.T.);
#4443 = EDGE_LOOP('',(#4444,#4445,#4466,#4467));
#4444 = ORIENTED_EDGE('',*,*,#3722,.T.);
#4445 = ORIENTED_EDGE('',*,*,#4446,.T.);
#4446 = EDGE_CURVE('',#3723,#4093,#4447,.T.);
#4447 = SEAM_CURVE('',#4448,(#4452,#4459),.PCURVE_S1.);
#4448 = LINE('',#4449,#4450);
#4449 = CARTESIAN_POINT('',(-432.3769050872,-86.83519776914,
    255.52425076677));
#4450 = VECTOR('',#4451,1.);
#4451 = DIRECTION('',(-0.686433851315,0.14645547757,-0.712291626273));
#4452 = PCURVE('',#3743,#4453);
#4453 = DEFINITIONAL_REPRESENTATION('',(#4454),#4458);
#4454 = LINE('',#4455,#4456);
#4455 = CARTESIAN_POINT('',(-6.28318530718,0.));
#4456 = VECTOR('',#4457,1.);
#4457 = DIRECTION('',(-0.,-1.));
#4458 = ( GEOMETRIC_REPRESENTATION_CONTEXT(2) 
PARAMETRIC_REPRESENTATION_CONTEXT() REPRESENTATION_CONTEXT('2D SPACE',''
  ) );
#4459 = PCURVE('',#3743,#4460);
#4460 = DEFINITIONAL_REPRESENTATION('',(#4461),#4465);
#4461 = LINE('',#4462,#4463);
#4462 = CARTESIAN_POINT('',(-0.,0.));
#4463 = VECTOR('',#4464,1.);
#4464 = DIRECTION('',(-0.,-1.));
#4465 = ( GEOMETRIC_REPRESENTATION_CONTEXT(2) 
PARAMETRIC_REPRESENTATION_CONTEXT() REPRESENTATION_CONTEXT('2D SPACE',''
  ) );
#4466 = ORIENTED_EDGE('',*,*,#4092,.F.);
#4467 = ORIENTED_EDGE('',*,*,#4446,.F.);
#4468 = ADVANCED_FACE('',(#4469),#3778,.F.);
#4469 = FACE_BOUND('',#4470,.T.);
#4470 = EDGE_LOOP('',(#4471,#4472,#4493,#4494));
#4471 = ORIENTED_EDGE('',*,*,#3757,.T.);
#4472 = ORIENTED_EDGE('',*,*,#4473,.T.);
#4473 = EDGE_CURVE('',#3758,#4123,#4474,.T.);
#4474 = SEAM_CURVE('',#4475,(#4479,#4486),.PCURVE_S1.);
#4475 = LINE('',#4476,#4477);
#4476 = CARTESIAN_POINT('',(-462.1712319542,-103.9822139309,
    280.71135031422));
#4477 = VECTOR('',#4478,1.);
#4478 = DIRECTION('',(-0.686433851315,0.14645547757,-0.712291626273));
#4479 = PCURVE('',#3778,#4480);
#4480 = DEFINITIONAL_REPRESENTATION('',(#4481),#4485);
#4481 = LINE('',#4482,#4483);
#4482 = CARTESIAN_POINT('',(-6.28318530718,0.));
#4483 = VECTOR('',#4484,1.);
#4484 = DIRECTION('',(-0.,-1.));
#4485 = ( GEOMETRIC_REPRESENTATION_CONTEXT(2) 
PARAMETRIC_REPRESENTATION_CONTEXT() REPRESENTATION_CONTEXT('2D SPACE',''
  ) );
#4486 = PCURVE('',#3778,#4487);
#4487 = DEFINITIONAL_REPRESENTATION('',(#4488),#4492);
#4488 = LINE('',#4489,#4490);
#4489 = CARTESIAN_POINT('',(-0.,0.));
#4490 = VECTOR('',#4491,1.);
#4491 = DIRECTION('',(-0.,-1.));
#4492 = ( GEOMETRIC_REPRESENTATION_CONTEXT(2) 
PARAMETRIC_REPRESENTATION_CONTEXT() REPRESENTATION_CONTEXT('2D SPACE',''
  ) );
#4493 = ORIENTED_EDGE('',*,*,#4122,.F.);
#4494 = ORIENTED_EDGE('',*,*,#4473,.F.);
#4495 = ADVANCED_FACE('',(#4496),#969,.T.);
#4496 = FACE_BOUND('',#4497,.F.);
#4497 = EDGE_LOOP('',(#4498,#4519,#4520,#4521));
#4498 = ORIENTED_EDGE('',*,*,#4499,.T.);
#4499 = EDGE_CURVE('',#2987,#925,#4500,.T.);
#4500 = SURFACE_CURVE('',#4501,(#4505,#4512),.PCURVE_S1.);
#4501 = LINE('',#4502,#4503);
#4502 = CARTESIAN_POINT('',(-641.0295639248,-79.73689822098,
    146.80401821034));
#4503 = VECTOR('',#4504,1.);
#4504 = DIRECTION('',(0.666817271786,0.517538437218,-0.536198370055));
#4505 = PCURVE('',#969,#4506);
#4506 = DEFINITIONAL_REPRESENTATION('',(#4507),#4511);
#4507 = LINE('',#4508,#4509);
#4508 = CARTESIAN_POINT('',(-0.,0.));
#4509 = VECTOR('',#4510,1.);
#4510 = DIRECTION('',(-0.,-1.));
#4511 = ( GEOMETRIC_REPRESENTATION_CONTEXT(2) 
PARAMETRIC_REPRESENTATION_CONTEXT() REPRESENTATION_CONTEXT('2D SPACE',''
  ) );
#4512 = PCURVE('',#940,#4513);
#4513 = DEFINITIONAL_REPRESENTATION('',(#4514),#4518);
#4514 = LINE('',#4515,#4516);
#4515 = CARTESIAN_POINT('',(-73.96405147188,-13.41007074229));
#4516 = VECTOR('',#4517,1.);
#4517 = DIRECTION('',(1.,0.));
#4518 = ( GEOMETRIC_REPRESENTATION_CONTEXT(2) 
PARAMETRIC_REPRESENTATION_CONTEXT() REPRESENTATION_CONTEXT('2D SPACE',''
  ) );
#4519 = ORIENTED_EDGE('',*,*,#952,.T.);
#4520 = ORIENTED_EDGE('',*,*,#3845,.T.);
#4521 = ORIENTED_EDGE('',*,*,#3009,.F.);
#4522 = ADVANCED_FACE('',(#4523),#2725,.F.);
#4523 = FACE_BOUND('',#4524,.F.);
#4524 = EDGE_LOOP('',(#4525,#4546,#4547,#4548));
#4525 = ORIENTED_EDGE('',*,*,#4526,.T.);
#4526 = EDGE_CURVE('',#2677,#3154,#4527,.T.);
#4527 = SURFACE_CURVE('',#4528,(#4532,#4539),.PCURVE_S1.);
#4528 = LINE('',#4529,#4530);
#4529 = CARTESIAN_POINT('',(-516.5139760854,-8.795529799559,
    72.000439798922));
#4530 = VECTOR('',#4531,1.);
#4531 = DIRECTION('',(0.686433851315,-0.14645547757,0.712291626273));
#4532 = PCURVE('',#2725,#4533);
#4533 = DEFINITIONAL_REPRESENTATION('',(#4534),#4538);
#4534 = LINE('',#4535,#4536);
#4535 = CARTESIAN_POINT('',(0.,0.));
#4536 = VECTOR('',#4537,1.);
#4537 = DIRECTION('',(0.,-1.));
#4538 = ( GEOMETRIC_REPRESENTATION_CONTEXT(2) 
PARAMETRIC_REPRESENTATION_CONTEXT() REPRESENTATION_CONTEXT('2D SPACE',''
  ) );
#4539 = PCURVE('',#2692,#4540);
#4540 = DEFINITIONAL_REPRESENTATION('',(#4541),#4545);
#4541 = LINE('',#4542,#4543);
#4542 = CARTESIAN_POINT('',(-92.55317214982,-14.95826962308));
#4543 = VECTOR('',#4544,1.);
#4544 = DIRECTION('',(1.,-5.551115123126E-17));
#4545 = ( GEOMETRIC_REPRESENTATION_CONTEXT(2) 
PARAMETRIC_REPRESENTATION_CONTEXT() REPRESENTATION_CONTEXT('2D SPACE',''
  ) );
#4546 = ORIENTED_EDGE('',*,*,#3176,.T.);
#4547 = ORIENTED_EDGE('',*,*,#3872,.T.);
#4548 = ORIENTED_EDGE('',*,*,#2704,.F.);
#4549 = ADVANCED_FACE('',(#4550),#3938,.T.);
#4550 = FACE_BOUND('',#4551,.F.);
#4551 = EDGE_LOOP('',(#4552,#4582,#4604,#4605));
#4552 = ORIENTED_EDGE('',*,*,#4553,.T.);
#4553 = EDGE_CURVE('',#4554,#4556,#4558,.T.);
#4554 = VERTEX_POINT('',#4555);
#4555 = CARTESIAN_POINT('',(-527.8304082404,-119.3619430081,
    284.0212730867));
#4556 = VERTEX_POINT('',#4557);
#4557 = CARTESIAN_POINT('',(-621.0641237948,-99.46987575208,
    187.27546903208));
#4558 = SURFACE_CURVE('',#4559,(#4563,#4570),.PCURVE_S1.);
#4559 = LINE('',#4560,#4561);
#4560 = CARTESIAN_POINT('',(-527.8304082404,-119.3619430081,
    284.0212730867));
#4561 = VECTOR('',#4562,1.);
#4562 = DIRECTION('',(-0.686433851315,0.14645547757,-0.712291626273));
#4563 = PCURVE('',#3938,#4564);
#4564 = DEFINITIONAL_REPRESENTATION('',(#4565),#4569);
#4565 = LINE('',#4566,#4567);
#4566 = CARTESIAN_POINT('',(-0.,0.));
#4567 = VECTOR('',#4568,1.);
#4568 = DIRECTION('',(-0.,-1.));
#4569 = ( GEOMETRIC_REPRESENTATION_CONTEXT(2) 
PARAMETRIC_REPRESENTATION_CONTEXT() REPRESENTATION_CONTEXT('2D SPACE',''
  ) );
#4570 = PCURVE('',#4571,#4576);
#4571 = PLANE('',#4572);
#4572 = AXIS2_PLACEMENT_3D('',#4573,#4574,#4575);
#4573 = CARTESIAN_POINT('',(-582.4368708162,-115.6168999008,
    242.07293930562));
#4574 = DIRECTION('',(-0.290109106746,0.843033071173,0.452914944654));
#4575 = DIRECTION('',(-0.686433851315,0.14645547757,-0.712291626273));
#4576 = DEFINITIONAL_REPRESENTATION('',(#4577),#4581);
#4577 = LINE('',#4578,#4579);
#4578 = CARTESIAN_POINT('',(-67.91165337771,-11.98170043964));
#4579 = VECTOR('',#4580,1.);
#4580 = DIRECTION('',(1.,5.551115123126E-17));
#4581 = ( GEOMETRIC_REPRESENTATION_CONTEXT(2) 
PARAMETRIC_REPRESENTATION_CONTEXT() REPRESENTATION_CONTEXT('2D SPACE',''
  ) );
#4582 = ORIENTED_EDGE('',*,*,#4583,.T.);
#4583 = EDGE_CURVE('',#4556,#3900,#4584,.T.);
#4584 = SURFACE_CURVE('',#4585,(#4590,#4597),.PCURVE_S1.);
#4585 = CIRCLE('',#4586,6.4);
#4586 = AXIS2_PLACEMENT_3D('',#4587,#4588,#4589);
#4587 = CARTESIAN_POINT('',(-619.2074255117,-104.8652874075,
    184.3768133863));
#4588 = DIRECTION('',(-0.686433851315,0.14645547757,-0.712291626273));
#4589 = DIRECTION('',(-0.290109106746,0.843033071173,0.452914944654));
#4590 = PCURVE('',#3938,#4591);
#4591 = DEFINITIONAL_REPRESENTATION('',(#4592),#4596);
#4592 = LINE('',#4593,#4594);
#4593 = CARTESIAN_POINT('',(-0.,-135.8233067554));
#4594 = VECTOR('',#4595,1.);
#4595 = DIRECTION('',(-1.,0.));
#4596 = ( GEOMETRIC_REPRESENTATION_CONTEXT(2) 
PARAMETRIC_REPRESENTATION_CONTEXT() REPRESENTATION_CONTEXT('2D SPACE',''
  ) );
#4597 = PCURVE('',#4224,#4598);
#4598 = DEFINITIONAL_REPRESENTATION('',(#4599),#4603);
#4599 = CIRCLE('',#4600,6.4);
#4600 = AXIS2_PLACEMENT_2D('',#4601,#4602);
#4601 = CARTESIAN_POINT('',(-3.041837444839,3.041837444839));
#4602 = DIRECTION('',(-2.775557561563E-17,-1.));
#4603 = ( GEOMETRIC_REPRESENTATION_CONTEXT(2) 
PARAMETRIC_REPRESENTATION_CONTEXT() REPRESENTATION_CONTEXT('2D SPACE',''
  ) );
#4604 = ORIENTED_EDGE('',*,*,#3922,.F.);
#4605 = ORIENTED_EDGE('',*,*,#4606,.F.);
#4606 = EDGE_CURVE('',#4554,#3923,#4607,.T.);
#4607 = SURFACE_CURVE('',#4608,(#4613,#4620),.PCURVE_S1.);
#4608 = CIRCLE('',#4609,6.4);
#4609 = AXIS2_PLACEMENT_3D('',#4610,#4611,#4612);
#4610 = CARTESIAN_POINT('',(-525.9737099572,-124.7573546636,
    281.12261744092));
#4611 = DIRECTION('',(-0.686433851315,0.14645547757,-0.712291626273));
#4612 = DIRECTION('',(-0.290109106746,0.843033071173,0.452914944654));
#4613 = PCURVE('',#3938,#4614);
#4614 = DEFINITIONAL_REPRESENTATION('',(#4615),#4619);
#4615 = LINE('',#4616,#4617);
#4616 = CARTESIAN_POINT('',(-0.,0.));
#4617 = VECTOR('',#4618,1.);
#4618 = DIRECTION('',(-1.,0.));
#4619 = ( GEOMETRIC_REPRESENTATION_CONTEXT(2) 
PARAMETRIC_REPRESENTATION_CONTEXT() REPRESENTATION_CONTEXT('2D SPACE',''
  ) );
#4620 = PCURVE('',#4311,#4621);
#4621 = DEFINITIONAL_REPRESENTATION('',(#4622),#4626);
#4622 = CIRCLE('',#4623,6.4);
#4623 = AXIS2_PLACEMENT_2D('',#4624,#4625);
#4624 = CARTESIAN_POINT('',(-3.041837444839,3.041837444839));
#4625 = DIRECTION('',(-2.775557561563E-17,-1.));
#4626 = ( GEOMETRIC_REPRESENTATION_CONTEXT(2) 
PARAMETRIC_REPRESENTATION_CONTEXT() REPRESENTATION_CONTEXT('2D SPACE',''
  ) );
#4627 = ADVANCED_FACE('',(#4628),#766,.F.);
#4628 = FACE_BOUND('',#4629,.F.);
#4629 = EDGE_LOOP('',(#4630,#4631,#4652,#4653));
#4630 = ORIENTED_EDGE('',*,*,#750,.T.);
#4631 = ORIENTED_EDGE('',*,*,#4632,.T.);
#4632 = EDGE_CURVE('',#751,#2843,#4633,.T.);
#4633 = SURFACE_CURVE('',#4634,(#4638,#4645),.PCURVE_S1.);
#4634 = LINE('',#4635,#4636);
#4635 = CARTESIAN_POINT('',(-559.8704537699,-1.948168200987,
    46.932120508704));
#4636 = VECTOR('',#4637,1.);
#4637 = DIRECTION('',(-0.666817271786,-0.517538437218,0.536198370055));
#4638 = PCURVE('',#766,#4639);
#4639 = DEFINITIONAL_REPRESENTATION('',(#4640),#4644);
#4640 = LINE('',#4641,#4642);
#4641 = CARTESIAN_POINT('',(73.964051471883,13.410070742294));
#4642 = VECTOR('',#4643,1.);
#4643 = DIRECTION('',(-1.,0.));
#4644 = ( GEOMETRIC_REPRESENTATION_CONTEXT(2) 
PARAMETRIC_REPRESENTATION_CONTEXT() REPRESENTATION_CONTEXT('2D SPACE',''
  ) );
#4645 = PCURVE('',#795,#4646);
#4646 = DEFINITIONAL_REPRESENTATION('',(#4647),#4651);
#4647 = LINE('',#4648,#4649);
#4648 = CARTESIAN_POINT('',(-0.,-147.9281029437));
#4649 = VECTOR('',#4650,1.);
#4650 = DIRECTION('',(0.,1.));
#4651 = ( GEOMETRIC_REPRESENTATION_CONTEXT(2) 
PARAMETRIC_REPRESENTATION_CONTEXT() REPRESENTATION_CONTEXT('2D SPACE',''
  ) );
#4652 = ORIENTED_EDGE('',*,*,#2842,.T.);
#4653 = ORIENTED_EDGE('',*,*,#4155,.T.);
#4654 = ADVANCED_FACE('',(#4655,#4681,#4716),#2636,.F.);
#4655 = FACE_BOUND('',#4656,.F.);
#4656 = EDGE_LOOP('',(#4657,#4658,#4679,#4680));
#4657 = ORIENTED_EDGE('',*,*,#3107,.T.);
#4658 = ORIENTED_EDGE('',*,*,#4659,.T.);
#4659 = EDGE_CURVE('',#3108,#2621,#4660,.T.);
#4660 = SURFACE_CURVE('',#4661,(#4665,#4672),.PCURVE_S1.);
#4661 = LINE('',#4662,#4663);
#4662 = CARTESIAN_POINT('',(-408.8413222854,-25.94117136261,
    224.58557871981));
#4663 = VECTOR('',#4664,1.);
#4664 = DIRECTION('',(-0.686433851315,0.14645547757,-0.712291626273));
#4665 = PCURVE('',#2636,#4666);
#4666 = DEFINITIONAL_REPRESENTATION('',(#4667),#4671);
#4667 = LINE('',#4668,#4669);
#4668 = CARTESIAN_POINT('',(92.553172149825,14.958269623087));
#4669 = VECTOR('',#4670,1.);
#4670 = DIRECTION('',(-1.,5.551115123126E-17));
#4671 = ( GEOMETRIC_REPRESENTATION_CONTEXT(2) 
PARAMETRIC_REPRESENTATION_CONTEXT() REPRESENTATION_CONTEXT('2D SPACE',''
  ) );
#4672 = PCURVE('',#2664,#4673);
#4673 = DEFINITIONAL_REPRESENTATION('',(#4674),#4678);
#4674 = LINE('',#4675,#4676);
#4675 = CARTESIAN_POINT('',(0.,0.));
#4676 = VECTOR('',#4677,1.);
#4677 = DIRECTION('',(1.,-1.387778780781E-17));
#4678 = ( GEOMETRIC_REPRESENTATION_CONTEXT(2) 
PARAMETRIC_REPRESENTATION_CONTEXT() REPRESENTATION_CONTEXT('2D SPACE',''
  ) );
#4679 = ORIENTED_EDGE('',*,*,#2620,.T.);
#4680 = ORIENTED_EDGE('',*,*,#4182,.T.);
#4681 = FACE_BOUND('',#4682,.F.);
#4682 = EDGE_LOOP('',(#4683));
#4683 = ORIENTED_EDGE('',*,*,#4684,.T.);
#4684 = EDGE_CURVE('',#4685,#4685,#4687,.T.);
#4685 = VERTEX_POINT('',#4686);
#4686 = CARTESIAN_POINT('',(-500.5993959048,-7.641583275249,
    108.49864632907));
#4687 = SURFACE_CURVE('',#4688,(#4693,#4704),.PCURVE_S1.);
#4688 = CIRCLE('',#4689,4.01);
#4689 = AXIS2_PLACEMENT_3D('',#4690,#4691,#4692);
#4690 = CARTESIAN_POINT('',(-503.3519956485,-7.054296810193,
    105.64235690772));
#4691 = DIRECTION('',(0.266372898028,0.962069339873,-5.889027486142E-02)
  );
#4692 = DIRECTION('',(0.686433851315,-0.14645547757,0.712291626273));
#4693 = PCURVE('',#2636,#4694);
#4694 = DEFINITIONAL_REPRESENTATION('',(#4695),#4703);
#4695 = ( BOUNDED_CURVE() B_SPLINE_CURVE(2,(#4696,#4697,#4698,#4699,
#4700,#4701,#4702),.UNSPECIFIED.,.T.,.F.) B_SPLINE_CURVE_WITH_KNOTS((1,2
    ,2,2,2,1),(-2.094395102393,0.,2.094395102393,4.188790204786,
6.28318530718,8.377580409573),.UNSPECIFIED.) CURVE() 
GEOMETRIC_REPRESENTATION_ITEM() RATIONAL_B_SPLINE_CURVE((1.,0.5,1.,0.5,
1.,0.5,1.)) REPRESENTATION_ITEM('') );
#4696 = CARTESIAN_POINT('',(-55.80050048826,6.589959061836E-02));
#4697 = CARTESIAN_POINT('',(-55.80050048826,-6.879624147733));
#4698 = CARTESIAN_POINT('',(-61.81550048826,-3.406862278557));
#4699 = CARTESIAN_POINT('',(-67.83050048826,6.589959061837E-02));
#4700 = CARTESIAN_POINT('',(-61.81550048826,3.538661459794));
#4701 = CARTESIAN_POINT('',(-55.80050048826,7.01142332897));
#4702 = CARTESIAN_POINT('',(-55.80050048826,6.589959061836E-02));
#4703 = ( GEOMETRIC_REPRESENTATION_CONTEXT(2) 
PARAMETRIC_REPRESENTATION_CONTEXT() REPRESENTATION_CONTEXT('2D SPACE',''
  ) );
#4704 = PCURVE('',#4705,#4710);
#4705 = CYLINDRICAL_SURFACE('',#4706,4.01);
#4706 = AXIS2_PLACEMENT_3D('',#4707,#4708,#4709);
#4707 = CARTESIAN_POINT('',(-503.0856227505,-6.09222747032,
    105.58346663285));
#4708 = DIRECTION('',(0.266372898028,0.962069339873,-5.889027486142E-02)
  );
#4709 = DIRECTION('',(0.686433851315,-0.14645547757,0.712291626273));
#4710 = DEFINITIONAL_REPRESENTATION('',(#4711),#4715);
#4711 = LINE('',#4712,#4713);
#4712 = CARTESIAN_POINT('',(-6.28318530718,-1.));
#4713 = VECTOR('',#4714,1.);
#4714 = DIRECTION('',(1.,-0.));
#4715 = ( GEOMETRIC_REPRESENTATION_CONTEXT(2) 
PARAMETRIC_REPRESENTATION_CONTEXT() REPRESENTATION_CONTEXT('2D SPACE',''
  ) );
#4716 = FACE_BOUND('',#4717,.F.);
#4717 = EDGE_LOOP('',(#4718,#4748,#4781,#4809));
#4718 = ORIENTED_EDGE('',*,*,#4719,.F.);
#4719 = EDGE_CURVE('',#4720,#4722,#4724,.T.);
#4720 = VERTEX_POINT('',#4721);
#4721 = CARTESIAN_POINT('',(-428.2572637932,-22.75866547089,
    188.75471751298));
#4722 = VERTEX_POINT('',#4723);
#4723 = CARTESIAN_POINT('',(-430.4058017479,-22.30025982609,
    186.52524472274));
#4724 = SURFACE_CURVE('',#4725,(#4729,#4736),.PCURVE_S1.);
#4725 = LINE('',#4726,#4727);
#4726 = CARTESIAN_POINT('',(-447.6034734302,-18.63101592952,
    168.67974146369));
#4727 = VECTOR('',#4728,1.);
#4728 = DIRECTION('',(-0.686433851315,0.14645547757,-0.712291626273));
#4729 = PCURVE('',#2636,#4730);
#4730 = DEFINITIONAL_REPRESENTATION('',(#4731),#4735);
#4731 = LINE('',#4732,#4733);
#4732 = CARTESIAN_POINT('',(25.05364741184,3.76811621552));
#4733 = VECTOR('',#4734,1.);
#4734 = DIRECTION('',(-1.,5.551115123126E-17));
#4735 = ( GEOMETRIC_REPRESENTATION_CONTEXT(2) 
PARAMETRIC_REPRESENTATION_CONTEXT() REPRESENTATION_CONTEXT('2D SPACE',''
  ) );
#4736 = PCURVE('',#4737,#4742);
#4737 = PLANE('',#4738);
#4738 = AXIS2_PLACEMENT_3D('',#4739,#4740,#4741);
#4739 = CARTESIAN_POINT('',(-430.1394288498,-21.33819048622,
    186.46635444788));
#4740 = DIRECTION('',(-0.676649131356,0.23015946291,0.699408732193));
#4741 = DIRECTION('',(0.686433851315,-0.14645547757,0.712291626273));
#4742 = DEFINITIONAL_REPRESENTATION('',(#4743),#4747);
#4743 = LINE('',#4744,#4745);
#4744 = CARTESIAN_POINT('',(-25.05364741184,-1.));
#4745 = VECTOR('',#4746,1.);
#4746 = DIRECTION('',(-1.,-1.387778780781E-17));
#4747 = ( GEOMETRIC_REPRESENTATION_CONTEXT(2) 
PARAMETRIC_REPRESENTATION_CONTEXT() REPRESENTATION_CONTEXT('2D SPACE',''
  ) );
#4748 = ORIENTED_EDGE('',*,*,#4749,.T.);
#4749 = EDGE_CURVE('',#4720,#4750,#4752,.T.);
#4750 = VERTEX_POINT('',#4751);
#4751 = CARTESIAN_POINT('',(-424.9822819975,-23.87263727137,
    185.36957924916));
#4752 = SURFACE_CURVE('',#4753,(#4758,#4769),.PCURVE_S1.);
#4753 = CIRCLE('',#4754,2.42);
#4754 = AXIS2_PLACEMENT_3D('',#4755,#4756,#4757);
#4755 = CARTESIAN_POINT('',(-426.6197728954,-23.31565137113,
    187.06214838107));
#4756 = DIRECTION('',(0.266372898028,0.962069339873,-5.889027486142E-02)
  );
#4757 = DIRECTION('',(-0.676649131356,0.23015946291,0.699408732193));
#4758 = PCURVE('',#2636,#4759);
#4759 = DEFINITIONAL_REPRESENTATION('',(#4760),#4768);
#4760 = ( BOUNDED_CURVE() B_SPLINE_CURVE(2,(#4761,#4762,#4763,#4764,
#4765,#4766,#4767),.UNSPECIFIED.,.T.,.F.) B_SPLINE_CURVE_WITH_KNOTS((1,2
    ,2,2,2,1),(-2.094395102393,0.,2.094395102393,4.188790204786,
6.28318530718,8.377580409573),.UNSPECIFIED.) CURVE() 
GEOMETRIC_REPRESENTATION_ITEM() RATIONAL_B_SPLINE_CURVE((1.,0.5,1.,0.5,
1.,0.5,1.)) REPRESENTATION_ITEM('') );
#4761 = CARTESIAN_POINT('',(53.237294823681,3.76811621552));
#4762 = CARTESIAN_POINT('',(57.428857777997,3.76811621552));
#4763 = CARTESIAN_POINT('',(55.333076300839,0.13811621552));
#4764 = CARTESIAN_POINT('',(53.237294823681,-3.49188378448));
#4765 = CARTESIAN_POINT('',(51.141513346522,0.13811621552));
#4766 = CARTESIAN_POINT('',(49.045731869364,3.76811621552));
#4767 = CARTESIAN_POINT('',(53.237294823681,3.76811621552));
#4768 = ( GEOMETRIC_REPRESENTATION_CONTEXT(2) 
PARAMETRIC_REPRESENTATION_CONTEXT() REPRESENTATION_CONTEXT('2D SPACE',''
  ) );
#4769 = PCURVE('',#4770,#4775);
#4770 = CYLINDRICAL_SURFACE('',#4771,2.42);
#4771 = AXIS2_PLACEMENT_3D('',#4772,#4773,#4774);
#4772 = CARTESIAN_POINT('',(-426.3533999973,-22.35358203125,
    187.00325810621));
#4773 = DIRECTION('',(0.266372898028,0.962069339873,-5.889027486142E-02)
  );
#4774 = DIRECTION('',(-0.676649131356,0.23015946291,0.699408732193));
#4775 = DEFINITIONAL_REPRESENTATION('',(#4776),#4780);
#4776 = LINE('',#4777,#4778);
#4777 = CARTESIAN_POINT('',(0.,-1.));
#4778 = VECTOR('',#4779,1.);
#4779 = DIRECTION('',(1.,0.));
#4780 = ( GEOMETRIC_REPRESENTATION_CONTEXT(2) 
PARAMETRIC_REPRESENTATION_CONTEXT() REPRESENTATION_CONTEXT('2D SPACE',''
  ) );
#4781 = ORIENTED_EDGE('',*,*,#4782,.F.);
#4782 = EDGE_CURVE('',#4783,#4750,#4785,.T.);
#4783 = VERTEX_POINT('',#4784);
#4784 = CARTESIAN_POINT('',(-427.1308199521,-23.41423162657,
    183.14010645893));
#4785 = SURFACE_CURVE('',#4786,(#4790,#4797),.PCURVE_S1.);
#4786 = LINE('',#4787,#4788);
#4787 = CARTESIAN_POINT('',(-443.2542226572,-19.9741905524,
    166.40933959499));
#4788 = VECTOR('',#4789,1.);
#4789 = DIRECTION('',(0.686433851315,-0.14645547757,0.712291626273));
#4790 = PCURVE('',#2636,#4791);
#4791 = DEFINITIONAL_REPRESENTATION('',(#4792),#4796);
#4792 = LINE('',#4793,#4794);
#4793 = CARTESIAN_POINT('',(26.61864741184,-1.07188378448));
#4794 = VECTOR('',#4795,1.);
#4795 = DIRECTION('',(1.,-5.551115123126E-17));
#4796 = ( GEOMETRIC_REPRESENTATION_CONTEXT(2) 
PARAMETRIC_REPRESENTATION_CONTEXT() REPRESENTATION_CONTEXT('2D SPACE',''
  ) );
#4797 = PCURVE('',#4798,#4803);
#4798 = PLANE('',#4799);
#4799 = AXIS2_PLACEMENT_3D('',#4800,#4801,#4802);
#4800 = CARTESIAN_POINT('',(-424.7159090994,-22.9105679315,
    185.3106889743));
#4801 = DIRECTION('',(0.676649131356,-0.23015946291,-0.699408732193));
#4802 = DIRECTION('',(-0.686433851315,0.14645547757,-0.712291626273));
#4803 = DEFINITIONAL_REPRESENTATION('',(#4804),#4808);
#4804 = LINE('',#4805,#4806);
#4805 = CARTESIAN_POINT('',(26.61864741184,-1.));
#4806 = VECTOR('',#4807,1.);
#4807 = DIRECTION('',(-1.,1.387778780781E-17));
#4808 = ( GEOMETRIC_REPRESENTATION_CONTEXT(2) 
PARAMETRIC_REPRESENTATION_CONTEXT() REPRESENTATION_CONTEXT('2D SPACE',''
  ) );
#4809 = ORIENTED_EDGE('',*,*,#4810,.T.);
#4810 = EDGE_CURVE('',#4783,#4722,#4811,.T.);
#4811 = SURFACE_CURVE('',#4812,(#4817,#4828),.PCURVE_S1.);
#4812 = CIRCLE('',#4813,2.42);
#4813 = AXIS2_PLACEMENT_3D('',#4814,#4815,#4816);
#4814 = CARTESIAN_POINT('',(-428.76831085,-22.85724572633,
    184.83267559084));
#4815 = DIRECTION('',(0.266372898028,0.962069339873,-5.889027486142E-02)
  );
#4816 = DIRECTION('',(0.676649131356,-0.23015946291,-0.699408732193));
#4817 = PCURVE('',#2636,#4818);
#4818 = DEFINITIONAL_REPRESENTATION('',(#4819),#4827);
#4819 = ( BOUNDED_CURVE() B_SPLINE_CURVE(2,(#4820,#4821,#4822,#4823,
#4824,#4825,#4826),.UNSPECIFIED.,.T.,.F.) B_SPLINE_CURVE_WITH_KNOTS((1,2
    ,2,2,2,1),(-2.094395102393,0.,2.094395102393,4.188790204786,
6.28318530718,8.377580409573),.UNSPECIFIED.) CURVE() 
GEOMETRIC_REPRESENTATION_ITEM() RATIONAL_B_SPLINE_CURVE((1.,0.5,1.,0.5,
1.,0.5,1.)) REPRESENTATION_ITEM('') );
#4820 = CARTESIAN_POINT('',(50.107294823681,-1.07188378448));
#4821 = CARTESIAN_POINT('',(45.915731869364,-1.07188378448));
#4822 = CARTESIAN_POINT('',(48.011513346522,2.55811621552));
#4823 = CARTESIAN_POINT('',(50.107294823681,6.18811621552));
#4824 = CARTESIAN_POINT('',(52.203076300839,2.55811621552));
#4825 = CARTESIAN_POINT('',(54.298857777997,-1.07188378448));
#4826 = CARTESIAN_POINT('',(50.107294823681,-1.07188378448));
#4827 = ( GEOMETRIC_REPRESENTATION_CONTEXT(2) 
PARAMETRIC_REPRESENTATION_CONTEXT() REPRESENTATION_CONTEXT('2D SPACE',''
  ) );
#4828 = PCURVE('',#4829,#4834);
#4829 = CYLINDRICAL_SURFACE('',#4830,2.42);
#4830 = AXIS2_PLACEMENT_3D('',#4831,#4832,#4833);
#4831 = CARTESIAN_POINT('',(-428.5019379519,-21.89517638646,
    184.77378531598));
#4832 = DIRECTION('',(0.266372898028,0.962069339873,-5.889027486142E-02)
  );
#4833 = DIRECTION('',(0.676649131356,-0.23015946291,-0.699408732193));
#4834 = DEFINITIONAL_REPRESENTATION('',(#4835),#4839);
#4835 = LINE('',#4836,#4837);
#4836 = CARTESIAN_POINT('',(0.,-1.));
#4837 = VECTOR('',#4838,1.);
#4838 = DIRECTION('',(1.,0.));
#4839 = ( GEOMETRIC_REPRESENTATION_CONTEXT(2) 
PARAMETRIC_REPRESENTATION_CONTEXT() REPRESENTATION_CONTEXT('2D SPACE',''
  ) );
#4840 = ADVANCED_FACE('',(#4841),#4224,.T.);
#4841 = FACE_BOUND('',#4842,.T.);
#4842 = EDGE_LOOP('',(#4843,#4844,#4867,#4895,#4916,#4917));
#4843 = ORIENTED_EDGE('',*,*,#4240,.T.);
#4844 = ORIENTED_EDGE('',*,*,#4845,.T.);
#4845 = EDGE_CURVE('',#4241,#4846,#4848,.T.);
#4846 = VERTEX_POINT('',#4847);
#4847 = CARTESIAN_POINT('',(-636.1149842503,-114.5695626213,
    198.67527770165));
#4848 = SURFACE_CURVE('',#4849,(#4853,#4860),.PCURVE_S1.);
#4849 = LINE('',#4850,#4851);
#4850 = CARTESIAN_POINT('',(-620.1357746533,-102.1675815798,
    185.82614120919));
#4851 = VECTOR('',#4852,1.);
#4852 = DIRECTION('',(-0.666817271786,-0.517538437218,0.536198370055));
#4853 = PCURVE('',#4224,#4854);
#4854 = DEFINITIONAL_REPRESENTATION('',(#4855),#4859);
#4855 = LINE('',#4856,#4857);
#4856 = CARTESIAN_POINT('',(-3.041837444839,-0.158162555161));
#4857 = VECTOR('',#4858,1.);
#4858 = DIRECTION('',(-1.,2.775557561563E-17));
#4859 = ( GEOMETRIC_REPRESENTATION_CONTEXT(2) 
PARAMETRIC_REPRESENTATION_CONTEXT() REPRESENTATION_CONTEXT('2D SPACE',''
  ) );
#4860 = PCURVE('',#4284,#4861);
#4861 = DEFINITIONAL_REPRESENTATION('',(#4862),#4866);
#4862 = LINE('',#4863,#4864);
#4863 = CARTESIAN_POINT('',(67.911653377714,-11.98170043964));
#4864 = VECTOR('',#4865,1.);
#4865 = DIRECTION('',(0.,1.));
#4866 = ( GEOMETRIC_REPRESENTATION_CONTEXT(2) 
PARAMETRIC_REPRESENTATION_CONTEXT() REPRESENTATION_CONTEXT('2D SPACE',''
  ) );
#4867 = ORIENTED_EDGE('',*,*,#4868,.T.);
#4868 = EDGE_CURVE('',#4846,#4869,#4871,.T.);
#4869 = VERTEX_POINT('',#4870);
#4870 = CARTESIAN_POINT('',(-637.0433333919,-111.8718567935,
    200.12460552454));
#4871 = SURFACE_CURVE('',#4872,(#4876,#4883),.PCURVE_S1.);
#4872 = LINE('',#4873,#4874);
#4873 = CARTESIAN_POINT('',(-636.1149842503,-114.5695626213,
    198.67527770165));
#4874 = VECTOR('',#4875,1.);
#4875 = DIRECTION('',(-0.290109106746,0.843033071173,0.452914944654));
#4876 = PCURVE('',#4224,#4877);
#4877 = DEFINITIONAL_REPRESENTATION('',(#4878),#4882);
#4878 = LINE('',#4879,#4880);
#4879 = CARTESIAN_POINT('',(-27.00523832413,-0.158162555161));
#4880 = VECTOR('',#4881,1.);
#4881 = DIRECTION('',(5.551115123126E-17,-1.));
#4882 = ( GEOMETRIC_REPRESENTATION_CONTEXT(2) 
PARAMETRIC_REPRESENTATION_CONTEXT() REPRESENTATION_CONTEXT('2D SPACE',''
  ) );
#4883 = PCURVE('',#4884,#4889);
#4884 = PLANE('',#4885);
#4885 = AXIS2_PLACEMENT_3D('',#4886,#4887,#4888);
#4886 = CARTESIAN_POINT('',(-636.1149842503,-114.5695626213,
    198.67527770165));
#4887 = DIRECTION('',(0.666817271786,0.517538437218,-0.536198370055));
#4888 = DIRECTION('',(0.686433851315,-0.14645547757,0.712291626273));
#4889 = DEFINITIONAL_REPRESENTATION('',(#4890),#4894);
#4890 = LINE('',#4891,#4892);
#4891 = CARTESIAN_POINT('',(0.,0.));
#4892 = VECTOR('',#4893,1.);
#4893 = DIRECTION('',(-5.551115123126E-17,-1.));
#4894 = ( GEOMETRIC_REPRESENTATION_CONTEXT(2) 
PARAMETRIC_REPRESENTATION_CONTEXT() REPRESENTATION_CONTEXT('2D SPACE',''
  ) );
#4895 = ORIENTED_EDGE('',*,*,#4896,.F.);
#4896 = EDGE_CURVE('',#4556,#4869,#4897,.T.);
#4897 = SURFACE_CURVE('',#4898,(#4902,#4909),.PCURVE_S1.);
#4898 = LINE('',#4899,#4900);
#4899 = CARTESIAN_POINT('',(-621.0641237948,-99.46987575208,
    187.27546903208));
#4900 = VECTOR('',#4901,1.);
#4901 = DIRECTION('',(-0.666817271786,-0.517538437218,0.536198370055));
#4902 = PCURVE('',#4224,#4903);
#4903 = DEFINITIONAL_REPRESENTATION('',(#4904),#4908);
#4904 = LINE('',#4905,#4906);
#4905 = CARTESIAN_POINT('',(-3.041837444839,-3.358162555161));
#4906 = VECTOR('',#4907,1.);
#4907 = DIRECTION('',(-1.,2.775557561563E-17));
#4908 = ( GEOMETRIC_REPRESENTATION_CONTEXT(2) 
PARAMETRIC_REPRESENTATION_CONTEXT() REPRESENTATION_CONTEXT('2D SPACE',''
  ) );
#4909 = PCURVE('',#4571,#4910);
#4910 = DEFINITIONAL_REPRESENTATION('',(#4911),#4915);
#4911 = LINE('',#4912,#4913);
#4912 = CARTESIAN_POINT('',(67.911653377714,-11.98170043964));
#4913 = VECTOR('',#4914,1.);
#4914 = DIRECTION('',(0.,1.));
#4915 = ( GEOMETRIC_REPRESENTATION_CONTEXT(2) 
PARAMETRIC_REPRESENTATION_CONTEXT() REPRESENTATION_CONTEXT('2D SPACE',''
  ) );
#4916 = ORIENTED_EDGE('',*,*,#4583,.T.);
#4917 = ORIENTED_EDGE('',*,*,#4210,.T.);
#4918 = ADVANCED_FACE('',(#4919,#4967),#4284,.F.);
#4919 = FACE_BOUND('',#4920,.F.);
#4920 = EDGE_LOOP('',(#4921,#4922,#4945,#4966));
#4921 = ORIENTED_EDGE('',*,*,#4845,.T.);
#4922 = ORIENTED_EDGE('',*,*,#4923,.T.);
#4923 = EDGE_CURVE('',#4846,#4924,#4926,.T.);
#4924 = VERTEX_POINT('',#4925);
#4925 = CARTESIAN_POINT('',(-542.8812686959,-134.4616298773,
    295.42108175627));
#4926 = SURFACE_CURVE('',#4927,(#4931,#4938),.PCURVE_S1.);
#4927 = LINE('',#4928,#4929);
#4928 = CARTESIAN_POINT('',(-636.1149842503,-114.5695626213,
    198.67527770165));
#4929 = VECTOR('',#4930,1.);
#4930 = DIRECTION('',(0.686433851315,-0.14645547757,0.712291626273));
#4931 = PCURVE('',#4284,#4932);
#4932 = DEFINITIONAL_REPRESENTATION('',(#4933),#4937);
#4933 = LINE('',#4934,#4935);
#4934 = CARTESIAN_POINT('',(67.911653377714,11.981700439646));
#4935 = VECTOR('',#4936,1.);
#4936 = DIRECTION('',(-1.,-5.551115123126E-17));
#4937 = ( GEOMETRIC_REPRESENTATION_CONTEXT(2) 
PARAMETRIC_REPRESENTATION_CONTEXT() REPRESENTATION_CONTEXT('2D SPACE',''
  ) );
#4938 = PCURVE('',#4884,#4939);
#4939 = DEFINITIONAL_REPRESENTATION('',(#4940),#4944);
#4940 = LINE('',#4941,#4942);
#4941 = CARTESIAN_POINT('',(0.,0.));
#4942 = VECTOR('',#4943,1.);
#4943 = DIRECTION('',(1.,5.551115123126E-17));
#4944 = ( GEOMETRIC_REPRESENTATION_CONTEXT(2) 
PARAMETRIC_REPRESENTATION_CONTEXT() REPRESENTATION_CONTEXT('2D SPACE',''
  ) );
#4945 = ORIENTED_EDGE('',*,*,#4946,.T.);
#4946 = EDGE_CURVE('',#4924,#4269,#4947,.T.);
#4947 = SURFACE_CURVE('',#4948,(#4952,#4959),.PCURVE_S1.);
#4948 = LINE('',#4949,#4950);
#4949 = CARTESIAN_POINT('',(-542.8812686959,-134.4616298773,
    295.42108175627));
#4950 = VECTOR('',#4951,1.);
#4951 = DIRECTION('',(0.666817271786,0.517538437218,-0.536198370055));
#4952 = PCURVE('',#4284,#4953);
#4953 = DEFINITIONAL_REPRESENTATION('',(#4954),#4958);
#4954 = LINE('',#4955,#4956);
#4955 = CARTESIAN_POINT('',(-67.91165337771,11.981700439646));
#4956 = VECTOR('',#4957,1.);
#4957 = DIRECTION('',(0.,-1.));
#4958 = ( GEOMETRIC_REPRESENTATION_CONTEXT(2) 
PARAMETRIC_REPRESENTATION_CONTEXT() REPRESENTATION_CONTEXT('2D SPACE',''
  ) );
#4959 = PCURVE('',#4311,#4960);
#4960 = DEFINITIONAL_REPRESENTATION('',(#4961),#4965);
#4961 = LINE('',#4962,#4963);
#4962 = CARTESIAN_POINT('',(-27.00523832413,-0.158162555161));
#4963 = VECTOR('',#4964,1.);
#4964 = DIRECTION('',(1.,-2.775557561563E-17));
#4965 = ( GEOMETRIC_REPRESENTATION_CONTEXT(2) 
PARAMETRIC_REPRESENTATION_CONTEXT() REPRESENTATION_CONTEXT('2D SPACE',''
  ) );
#4966 = ORIENTED_EDGE('',*,*,#4268,.T.);
#4967 = FACE_BOUND('',#4968,.F.);
#4968 = EDGE_LOOP('',(#4969,#4999,#5032,#5060));
#4969 = ORIENTED_EDGE('',*,*,#4970,.F.);
#4970 = EDGE_CURVE('',#4971,#4973,#4975,.T.);
#4971 = VERTEX_POINT('',#4972);
#4972 = CARTESIAN_POINT('',(-550.7091746013,-125.1924208171,
    273.15377375434));
#4973 = VERTEX_POINT('',#4974);
#4974 = CARTESIAN_POINT('',(-548.7047877555,-125.6200708116,
    275.23366530306));
#4975 = SURFACE_CURVE('',#4976,(#4980,#4987),.PCURVE_S1.);
#4976 = LINE('',#4977,#4978);
#4977 = CARTESIAN_POINT('',(-565.2615620592,-122.0875668667,
    258.05320185123));
#4978 = VECTOR('',#4979,1.);
#4979 = DIRECTION('',(0.686433851315,-0.14645547757,0.712291626273));
#4980 = PCURVE('',#4284,#4981);
#4981 = DEFINITIONAL_REPRESENTATION('',(#4982),#4986);
#4982 = LINE('',#4983,#4984);
#4983 = CARTESIAN_POINT('',(-24.11998515512,0.464617071924));
#4984 = VECTOR('',#4985,1.);
#4985 = DIRECTION('',(-1.,-5.551115123126E-17));
#4986 = ( GEOMETRIC_REPRESENTATION_CONTEXT(2) 
PARAMETRIC_REPRESENTATION_CONTEXT() REPRESENTATION_CONTEXT('2D SPACE',''
  ) );
#4987 = PCURVE('',#4988,#4993);
#4988 = PLANE('',#4989);
#4989 = AXIS2_PLACEMENT_3D('',#4990,#4991,#4992);
#4990 = CARTESIAN_POINT('',(-548.4146786488,-126.4631038828,
    274.7807503584));
#4991 = DIRECTION('',(-0.666817271786,-0.517538437218,0.536198370055));
#4992 = DIRECTION('',(-0.686433851315,0.14645547757,-0.712291626273));
#4993 = DEFINITIONAL_REPRESENTATION('',(#4994),#4998);
#4994 = LINE('',#4995,#4996);
#4995 = CARTESIAN_POINT('',(24.11998515513,-1.));
#4996 = VECTOR('',#4997,1.);
#4997 = DIRECTION('',(-1.,5.551115123126E-17));
#4998 = ( GEOMETRIC_REPRESENTATION_CONTEXT(2) 
PARAMETRIC_REPRESENTATION_CONTEXT() REPRESENTATION_CONTEXT('2D SPACE',''
  ) );
#4999 = ORIENTED_EDGE('',*,*,#5000,.T.);
#5000 = EDGE_CURVE('',#4971,#5001,#5003,.T.);
#5001 = VERTEX_POINT('',#5002);
#5002 = CARTESIAN_POINT('',(-547.5084516968,-122.7082363185,
    270.58002157807));
#5003 = SURFACE_CURVE('',#5004,(#5009,#5020),.PCURVE_S1.);
#5004 = CIRCLE('',#5005,2.4);
#5005 = AXIS2_PLACEMENT_3D('',#5006,#5007,#5008);
#5006 = CARTESIAN_POINT('',(-549.1088131491,-123.9503285678,
    271.86689766621));
#5007 = DIRECTION('',(0.290109106746,-0.843033071173,-0.452914944654));
#5008 = DIRECTION('',(-0.666817271786,-0.517538437218,0.536198370055));
#5009 = PCURVE('',#4284,#5010);
#5010 = DEFINITIONAL_REPRESENTATION('',(#5011),#5019);
#5011 = ( BOUNDED_CURVE() B_SPLINE_CURVE(2,(#5012,#5013,#5014,#5015,
#5016,#5017,#5018),.UNSPECIFIED.,.T.,.F.) B_SPLINE_CURVE_WITH_KNOTS((1,2
    ,2,2,2,1),(-2.094395102393,0.,2.094395102393,4.188790204786,
6.28318530718,8.377580409573),.UNSPECIFIED.) CURVE() 
GEOMETRIC_REPRESENTATION_ITEM() RATIONAL_B_SPLINE_CURVE((1.,0.5,1.,0.5,
1.,0.5,1.)) REPRESENTATION_ITEM('') );
#5012 = CARTESIAN_POINT('',(-45.31997031025,0.464617071924));
#5013 = CARTESIAN_POINT('',(-41.16304837209,0.464617071924));
#5014 = CARTESIAN_POINT('',(-43.24150934117,-3.135382928076));
#5015 = CARTESIAN_POINT('',(-45.31997031025,-6.735382928076));
#5016 = CARTESIAN_POINT('',(-47.39843127934,-3.135382928076));
#5017 = CARTESIAN_POINT('',(-49.47689224842,0.464617071924));
#5018 = CARTESIAN_POINT('',(-45.31997031025,0.464617071924));
#5019 = ( GEOMETRIC_REPRESENTATION_CONTEXT(2) 
PARAMETRIC_REPRESENTATION_CONTEXT() REPRESENTATION_CONTEXT('2D SPACE',''
  ) );
#5020 = PCURVE('',#5021,#5026);
#5021 = CYLINDRICAL_SURFACE('',#5022,2.4);
#5022 = AXIS2_PLACEMENT_3D('',#5023,#5024,#5025);
#5023 = CARTESIAN_POINT('',(-548.8187040423,-124.793361639,
    271.41398272155));
#5024 = DIRECTION('',(0.290109106746,-0.843033071173,-0.452914944654));
#5025 = DIRECTION('',(-0.666817271786,-0.517538437218,0.536198370055));
#5026 = DEFINITIONAL_REPRESENTATION('',(#5027),#5031);
#5027 = LINE('',#5028,#5029);
#5028 = CARTESIAN_POINT('',(0.,-1.));
#5029 = VECTOR('',#5030,1.);
#5030 = DIRECTION('',(1.,0.));
#5031 = ( GEOMETRIC_REPRESENTATION_CONTEXT(2) 
PARAMETRIC_REPRESENTATION_CONTEXT() REPRESENTATION_CONTEXT('2D SPACE',''
  ) );
#5032 = ORIENTED_EDGE('',*,*,#5033,.F.);
#5033 = EDGE_CURVE('',#5034,#5001,#5036,.T.);
#5034 = VERTEX_POINT('',#5035);
#5035 = CARTESIAN_POINT('',(-545.5040648509,-123.135886313,
    272.65991312679));
#5036 = SURFACE_CURVE('',#5037,(#5041,#5048),.PCURVE_S1.);
#5037 = LINE('',#5038,#5039);
#5038 = CARTESIAN_POINT('',(-563.0630325775,-119.3895573708,
    254.4395039006));
#5039 = VECTOR('',#5040,1.);
#5040 = DIRECTION('',(-0.686433851315,0.14645547757,-0.712291626273));
#5041 = PCURVE('',#4284,#5042);
#5042 = DEFINITIONAL_REPRESENTATION('',(#5043),#5047);
#5043 = LINE('',#5044,#5045);
#5044 = CARTESIAN_POINT('',(-22.65998515513,-4.335382928076));
#5045 = VECTOR('',#5046,1.);
#5046 = DIRECTION('',(1.,5.551115123126E-17));
#5047 = ( GEOMETRIC_REPRESENTATION_CONTEXT(2) 
PARAMETRIC_REPRESENTATION_CONTEXT() REPRESENTATION_CONTEXT('2D SPACE',''
  ) );
#5048 = PCURVE('',#5049,#5054);
#5049 = PLANE('',#5050);
#5050 = AXIS2_PLACEMENT_3D('',#5051,#5052,#5053);
#5051 = CARTESIAN_POINT('',(-547.21834259,-123.5512693896,
    270.12710663342));
#5052 = DIRECTION('',(0.666817271786,0.517538437218,-0.536198370055));
#5053 = DIRECTION('',(0.686433851315,-0.14645547757,0.712291626273));
#5054 = DEFINITIONAL_REPRESENTATION('',(#5055),#5059);
#5055 = LINE('',#5056,#5057);
#5056 = CARTESIAN_POINT('',(-22.65998515512,-1.));
#5057 = VECTOR('',#5058,1.);
#5058 = DIRECTION('',(-1.,-5.551115123126E-17));
#5059 = ( GEOMETRIC_REPRESENTATION_CONTEXT(2) 
PARAMETRIC_REPRESENTATION_CONTEXT() REPRESENTATION_CONTEXT('2D SPACE',''
  ) );
#5060 = ORIENTED_EDGE('',*,*,#5061,.T.);
#5061 = EDGE_CURVE('',#5034,#4973,#5062,.T.);
#5062 = SURFACE_CURVE('',#5063,(#5068,#5079),.PCURVE_S1.);
#5063 = CIRCLE('',#5064,2.4);
#5064 = AXIS2_PLACEMENT_3D('',#5065,#5066,#5067);
#5065 = CARTESIAN_POINT('',(-547.1044263032,-124.3779785623,
    273.94678921492));
#5066 = DIRECTION('',(0.290109106746,-0.843033071173,-0.452914944654));
#5067 = DIRECTION('',(0.666817271786,0.517538437218,-0.536198370055));
#5068 = PCURVE('',#4284,#5069);
#5069 = DEFINITIONAL_REPRESENTATION('',(#5070),#5078);
#5070 = ( BOUNDED_CURVE() B_SPLINE_CURVE(2,(#5071,#5072,#5073,#5074,
#5075,#5076,#5077),.UNSPECIFIED.,.T.,.F.) B_SPLINE_CURVE_WITH_KNOTS((1,2
    ,2,2,2,1),(-2.094395102393,0.,2.094395102393,4.188790204786,
6.28318530718,8.377580409573),.UNSPECIFIED.) CURVE() 
GEOMETRIC_REPRESENTATION_ITEM() RATIONAL_B_SPLINE_CURVE((1.,0.5,1.,0.5,
1.,0.5,1.)) REPRESENTATION_ITEM('') );
#5071 = CARTESIAN_POINT('',(-48.23997031025,-4.335382928076));
#5072 = CARTESIAN_POINT('',(-52.39689224842,-4.335382928076));
#5073 = CARTESIAN_POINT('',(-50.31843127934,-0.735382928076));
#5074 = CARTESIAN_POINT('',(-48.23997031025,2.864617071924));
#5075 = CARTESIAN_POINT('',(-46.16150934117,-0.735382928076));
#5076 = CARTESIAN_POINT('',(-44.08304837209,-4.335382928076));
#5077 = CARTESIAN_POINT('',(-48.23997031025,-4.335382928076));
#5078 = ( GEOMETRIC_REPRESENTATION_CONTEXT(2) 
PARAMETRIC_REPRESENTATION_CONTEXT() REPRESENTATION_CONTEXT('2D SPACE',''
  ) );
#5079 = PCURVE('',#5080,#5085);
#5080 = CYLINDRICAL_SURFACE('',#5081,2.4);
#5081 = AXIS2_PLACEMENT_3D('',#5082,#5083,#5084);
#5082 = CARTESIAN_POINT('',(-546.8143171965,-125.2210116335,
    273.49387427027));
#5083 = DIRECTION('',(0.290109106746,-0.843033071173,-0.452914944654));
#5084 = DIRECTION('',(0.666817271786,0.517538437218,-0.536198370055));
#5085 = DEFINITIONAL_REPRESENTATION('',(#5086),#5090);
#5086 = LINE('',#5087,#5088);
#5087 = CARTESIAN_POINT('',(0.,-1.));
#5088 = VECTOR('',#5089,1.);
#5089 = DIRECTION('',(1.,0.));
#5090 = ( GEOMETRIC_REPRESENTATION_CONTEXT(2) 
PARAMETRIC_REPRESENTATION_CONTEXT() REPRESENTATION_CONTEXT('2D SPACE',''
  ) );
#5091 = ADVANCED_FACE('',(#5092),#4311,.F.);
#5092 = FACE_BOUND('',#5093,.F.);
#5093 = EDGE_LOOP('',(#5094,#5095,#5096,#5119,#5140,#5141));
#5094 = ORIENTED_EDGE('',*,*,#4296,.T.);
#5095 = ORIENTED_EDGE('',*,*,#4946,.F.);
#5096 = ORIENTED_EDGE('',*,*,#5097,.T.);
#5097 = EDGE_CURVE('',#4924,#5098,#5100,.T.);
#5098 = VERTEX_POINT('',#5099);
#5099 = CARTESIAN_POINT('',(-543.8096178375,-131.7639240495,
    296.87040957916));
#5100 = SURFACE_CURVE('',#5101,(#5105,#5112),.PCURVE_S1.);
#5101 = LINE('',#5102,#5103);
#5102 = CARTESIAN_POINT('',(-542.8812686959,-134.4616298773,
    295.42108175627));
#5103 = VECTOR('',#5104,1.);
#5104 = DIRECTION('',(-0.290109106746,0.843033071173,0.452914944654));
#5105 = PCURVE('',#4311,#5106);
#5106 = DEFINITIONAL_REPRESENTATION('',(#5107),#5111);
#5107 = LINE('',#5108,#5109);
#5108 = CARTESIAN_POINT('',(-27.00523832413,-0.158162555161));
#5109 = VECTOR('',#5110,1.);
#5110 = DIRECTION('',(5.551115123126E-17,-1.));
#5111 = ( GEOMETRIC_REPRESENTATION_CONTEXT(2) 
PARAMETRIC_REPRESENTATION_CONTEXT() REPRESENTATION_CONTEXT('2D SPACE',''
  ) );
#5112 = PCURVE('',#4884,#5113);
#5113 = DEFINITIONAL_REPRESENTATION('',(#5114),#5118);
#5114 = LINE('',#5115,#5116);
#5115 = CARTESIAN_POINT('',(135.82330675542,2.13162820728E-14));
#5116 = VECTOR('',#5117,1.);
#5117 = DIRECTION('',(-5.551115123126E-17,-1.));
#5118 = ( GEOMETRIC_REPRESENTATION_CONTEXT(2) 
PARAMETRIC_REPRESENTATION_CONTEXT() REPRESENTATION_CONTEXT('2D SPACE',''
  ) );
#5119 = ORIENTED_EDGE('',*,*,#5120,.T.);
#5120 = EDGE_CURVE('',#5098,#4554,#5121,.T.);
#5121 = SURFACE_CURVE('',#5122,(#5126,#5133),.PCURVE_S1.);
#5122 = LINE('',#5123,#5124);
#5123 = CARTESIAN_POINT('',(-543.8096178375,-131.7639240495,
    296.87040957916));
#5124 = VECTOR('',#5125,1.);
#5125 = DIRECTION('',(0.666817271786,0.517538437218,-0.536198370055));
#5126 = PCURVE('',#4311,#5127);
#5127 = DEFINITIONAL_REPRESENTATION('',(#5128),#5132);
#5128 = LINE('',#5129,#5130);
#5129 = CARTESIAN_POINT('',(-27.00523832413,-3.358162555161));
#5130 = VECTOR('',#5131,1.);
#5131 = DIRECTION('',(1.,-2.775557561563E-17));
#5132 = ( GEOMETRIC_REPRESENTATION_CONTEXT(2) 
PARAMETRIC_REPRESENTATION_CONTEXT() REPRESENTATION_CONTEXT('2D SPACE',''
  ) );
#5133 = PCURVE('',#4571,#5134);
#5134 = DEFINITIONAL_REPRESENTATION('',(#5135),#5139);
#5135 = LINE('',#5136,#5137);
#5136 = CARTESIAN_POINT('',(-67.91165337771,11.981700439646));
#5137 = VECTOR('',#5138,1.);
#5138 = DIRECTION('',(0.,-1.));
#5139 = ( GEOMETRIC_REPRESENTATION_CONTEXT(2) 
PARAMETRIC_REPRESENTATION_CONTEXT() REPRESENTATION_CONTEXT('2D SPACE',''
  ) );
#5140 = ORIENTED_EDGE('',*,*,#4606,.T.);
#5141 = ORIENTED_EDGE('',*,*,#4331,.T.);
#5142 = ADVANCED_FACE('',(#5143),#940,.T.);
#5143 = FACE_BOUND('',#5144,.T.);
#5144 = EDGE_LOOP('',(#5145,#5146,#5167,#5168));
#5145 = ORIENTED_EDGE('',*,*,#924,.T.);
#5146 = ORIENTED_EDGE('',*,*,#5147,.T.);
#5147 = EDGE_CURVE('',#892,#2959,#5148,.T.);
#5148 = SURFACE_CURVE('',#5149,(#5153,#5160),.PCURVE_S1.);
#5149 = LINE('',#5150,#5151);
#5150 = CARTESIAN_POINT('',(-560.7988029115,0.749537626768,
    48.381448331598));
#5151 = VECTOR('',#5152,1.);
#5152 = DIRECTION('',(-0.666817271786,-0.517538437218,0.536198370055));
#5153 = PCURVE('',#940,#5154);
#5154 = DEFINITIONAL_REPRESENTATION('',(#5155),#5159);
#5155 = LINE('',#5156,#5157);
#5156 = CARTESIAN_POINT('',(73.964051471883,13.410070742294));
#5157 = VECTOR('',#5158,1.);
#5158 = DIRECTION('',(-1.,0.));
#5159 = ( GEOMETRIC_REPRESENTATION_CONTEXT(2) 
PARAMETRIC_REPRESENTATION_CONTEXT() REPRESENTATION_CONTEXT('2D SPACE',''
  ) );
#5160 = PCURVE('',#912,#5161);
#5161 = DEFINITIONAL_REPRESENTATION('',(#5162),#5166);
#5162 = LINE('',#5163,#5164);
#5163 = CARTESIAN_POINT('',(0.523598775598,-147.9281029437));
#5164 = VECTOR('',#5165,1.);
#5165 = DIRECTION('',(-0.,1.));
#5166 = ( GEOMETRIC_REPRESENTATION_CONTEXT(2) 
PARAMETRIC_REPRESENTATION_CONTEXT() REPRESENTATION_CONTEXT('2D SPACE',''
  ) );
#5167 = ORIENTED_EDGE('',*,*,#2986,.T.);
#5168 = ORIENTED_EDGE('',*,*,#4499,.T.);
#5169 = ADVANCED_FACE('',(#5170,#5196,#5226),#2692,.T.);
#5170 = FACE_BOUND('',#5171,.T.);
#5171 = EDGE_LOOP('',(#5172,#5173,#5194,#5195));
#5172 = ORIENTED_EDGE('',*,*,#3153,.T.);
#5173 = ORIENTED_EDGE('',*,*,#5174,.T.);
#5174 = EDGE_CURVE('',#3131,#2649,#5175,.T.);
#5175 = SURFACE_CURVE('',#5176,(#5180,#5187),.PCURVE_S1.);
#5176 = LINE('',#5177,#5178);
#5177 = CARTESIAN_POINT('',(-409.6937155591,-29.0197932502,
    224.77402759936));
#5178 = VECTOR('',#5179,1.);
#5179 = DIRECTION('',(-0.686433851315,0.14645547757,-0.712291626273));
#5180 = PCURVE('',#2692,#5181);
#5181 = DEFINITIONAL_REPRESENTATION('',(#5182),#5186);
#5182 = LINE('',#5183,#5184);
#5183 = CARTESIAN_POINT('',(92.553172149825,14.958269623087));
#5184 = VECTOR('',#5185,1.);
#5185 = DIRECTION('',(-1.,5.551115123126E-17));
#5186 = ( GEOMETRIC_REPRESENTATION_CONTEXT(2) 
PARAMETRIC_REPRESENTATION_CONTEXT() REPRESENTATION_CONTEXT('2D SPACE',''
  ) );
#5187 = PCURVE('',#2664,#5188);
#5188 = DEFINITIONAL_REPRESENTATION('',(#5189),#5193);
#5189 = LINE('',#5190,#5191);
#5190 = CARTESIAN_POINT('',(-1.731947918415E-14,-3.2));
#5191 = VECTOR('',#5192,1.);
#5192 = DIRECTION('',(1.,-1.387778780781E-17));
#5193 = ( GEOMETRIC_REPRESENTATION_CONTEXT(2) 
PARAMETRIC_REPRESENTATION_CONTEXT() REPRESENTATION_CONTEXT('2D SPACE',''
  ) );
#5194 = ORIENTED_EDGE('',*,*,#2676,.T.);
#5195 = ORIENTED_EDGE('',*,*,#4526,.T.);
#5196 = FACE_BOUND('',#5197,.T.);
#5197 = EDGE_LOOP('',(#5198));
#5198 = ORIENTED_EDGE('',*,*,#5199,.T.);
#5199 = EDGE_CURVE('',#5200,#5200,#5202,.T.);
#5200 = VERTEX_POINT('',#5201);
#5201 = CARTESIAN_POINT('',(-501.4517891784,-10.72020516284,
    108.68709520863));
#5202 = SURFACE_CURVE('',#5203,(#5208,#5219),.PCURVE_S1.);
#5203 = CIRCLE('',#5204,4.01);
#5204 = AXIS2_PLACEMENT_3D('',#5205,#5206,#5207);
#5205 = CARTESIAN_POINT('',(-504.2043889222,-10.13291869778,
    105.83080578727));
#5206 = DIRECTION('',(0.266372898028,0.962069339873,-5.889027486142E-02)
  );
#5207 = DIRECTION('',(0.686433851315,-0.14645547757,0.712291626273));
#5208 = PCURVE('',#2692,#5209);
#5209 = DEFINITIONAL_REPRESENTATION('',(#5210),#5218);
#5210 = ( BOUNDED_CURVE() B_SPLINE_CURVE(2,(#5211,#5212,#5213,#5214,
#5215,#5216,#5217),.UNSPECIFIED.,.T.,.F.) B_SPLINE_CURVE_WITH_KNOTS((1,2
    ,2,2,2,1),(-2.094395102393,0.,2.094395102393,4.188790204786,
6.28318530718,8.377580409573),.UNSPECIFIED.) CURVE() 
GEOMETRIC_REPRESENTATION_ITEM() RATIONAL_B_SPLINE_CURVE((1.,0.5,1.,0.5,
1.,0.5,1.)) REPRESENTATION_ITEM('') );
#5211 = CARTESIAN_POINT('',(-55.80050048826,6.589959061841E-02));
#5212 = CARTESIAN_POINT('',(-55.80050048826,-6.879624147733));
#5213 = CARTESIAN_POINT('',(-61.81550048826,-3.406862278557));
#5214 = CARTESIAN_POINT('',(-67.83050048826,6.589959061841E-02));
#5215 = CARTESIAN_POINT('',(-61.81550048826,3.538661459794));
#5216 = CARTESIAN_POINT('',(-55.80050048826,7.01142332897));
#5217 = CARTESIAN_POINT('',(-55.80050048826,6.589959061841E-02));
#5218 = ( GEOMETRIC_REPRESENTATION_CONTEXT(2) 
PARAMETRIC_REPRESENTATION_CONTEXT() REPRESENTATION_CONTEXT('2D SPACE',''
  ) );
#5219 = PCURVE('',#4705,#5220);
#5220 = DEFINITIONAL_REPRESENTATION('',(#5221),#5225);
#5221 = LINE('',#5222,#5223);
#5222 = CARTESIAN_POINT('',(-6.28318530718,-4.2));
#5223 = VECTOR('',#5224,1.);
#5224 = DIRECTION('',(1.,-0.));
#5225 = ( GEOMETRIC_REPRESENTATION_CONTEXT(2) 
PARAMETRIC_REPRESENTATION_CONTEXT() REPRESENTATION_CONTEXT('2D SPACE',''
  ) );
#5226 = FACE_BOUND('',#5227,.T.);
#5227 = EDGE_LOOP('',(#5228,#5253,#5281,#5304));
#5228 = ORIENTED_EDGE('',*,*,#5229,.F.);
#5229 = EDGE_CURVE('',#5230,#5232,#5234,.T.);
#5230 = VERTEX_POINT('',#5231);
#5231 = CARTESIAN_POINT('',(-429.1096570669,-25.83728735848,
    188.94316639254));
#5232 = VERTEX_POINT('',#5233);
#5233 = CARTESIAN_POINT('',(-431.2581950215,-25.37888171368,
    186.7136936023));
#5234 = SURFACE_CURVE('',#5235,(#5239,#5246),.PCURVE_S1.);
#5235 = LINE('',#5236,#5237);
#5236 = CARTESIAN_POINT('',(-448.4558667039,-21.70963781711,
    168.86819034325));
#5237 = VECTOR('',#5238,1.);
#5238 = DIRECTION('',(-0.686433851315,0.14645547757,-0.712291626273));
#5239 = PCURVE('',#2692,#5240);
#5240 = DEFINITIONAL_REPRESENTATION('',(#5241),#5245);
#5241 = LINE('',#5242,#5243);
#5242 = CARTESIAN_POINT('',(25.05364741184,3.76811621552));
#5243 = VECTOR('',#5244,1.);
#5244 = DIRECTION('',(-1.,5.551115123126E-17));
#5245 = ( GEOMETRIC_REPRESENTATION_CONTEXT(2) 
PARAMETRIC_REPRESENTATION_CONTEXT() REPRESENTATION_CONTEXT('2D SPACE',''
  ) );
#5246 = PCURVE('',#4737,#5247);
#5247 = DEFINITIONAL_REPRESENTATION('',(#5248),#5252);
#5248 = LINE('',#5249,#5250);
#5249 = CARTESIAN_POINT('',(-25.05364741184,-4.2));
#5250 = VECTOR('',#5251,1.);
#5251 = DIRECTION('',(-1.,-1.387778780781E-17));
#5252 = ( GEOMETRIC_REPRESENTATION_CONTEXT(2) 
PARAMETRIC_REPRESENTATION_CONTEXT() REPRESENTATION_CONTEXT('2D SPACE',''
  ) );
#5253 = ORIENTED_EDGE('',*,*,#5254,.T.);
#5254 = EDGE_CURVE('',#5230,#5255,#5257,.T.);
#5255 = VERTEX_POINT('',#5256);
#5256 = CARTESIAN_POINT('',(-425.8346752712,-26.95125915896,
    185.55802812872));
#5257 = SURFACE_CURVE('',#5258,(#5263,#5274),.PCURVE_S1.);
#5258 = CIRCLE('',#5259,2.42);
#5259 = AXIS2_PLACEMENT_3D('',#5260,#5261,#5262);
#5260 = CARTESIAN_POINT('',(-427.472166169,-26.39427325872,
    187.25059726063));
#5261 = DIRECTION('',(0.266372898028,0.962069339873,-5.889027486142E-02)
  );
#5262 = DIRECTION('',(-0.676649131356,0.23015946291,0.699408732193));
#5263 = PCURVE('',#2692,#5264);
#5264 = DEFINITIONAL_REPRESENTATION('',(#5265),#5273);
#5265 = ( BOUNDED_CURVE() B_SPLINE_CURVE(2,(#5266,#5267,#5268,#5269,
#5270,#5271,#5272),.UNSPECIFIED.,.T.,.F.) B_SPLINE_CURVE_WITH_KNOTS((1,2
    ,2,2,2,1),(-2.094395102393,0.,2.094395102393,4.188790204786,
6.28318530718,8.377580409573),.UNSPECIFIED.) CURVE() 
GEOMETRIC_REPRESENTATION_ITEM() RATIONAL_B_SPLINE_CURVE((1.,0.5,1.,0.5,
1.,0.5,1.)) REPRESENTATION_ITEM('') );
#5266 = CARTESIAN_POINT('',(53.237294823681,3.76811621552));
#5267 = CARTESIAN_POINT('',(57.428857777997,3.76811621552));
#5268 = CARTESIAN_POINT('',(55.333076300839,0.13811621552));
#5269 = CARTESIAN_POINT('',(53.237294823681,-3.49188378448));
#5270 = CARTESIAN_POINT('',(51.141513346522,0.13811621552));
#5271 = CARTESIAN_POINT('',(49.045731869364,3.76811621552));
#5272 = CARTESIAN_POINT('',(53.237294823681,3.76811621552));
#5273 = ( GEOMETRIC_REPRESENTATION_CONTEXT(2) 
PARAMETRIC_REPRESENTATION_CONTEXT() REPRESENTATION_CONTEXT('2D SPACE',''
  ) );
#5274 = PCURVE('',#4770,#5275);
#5275 = DEFINITIONAL_REPRESENTATION('',(#5276),#5280);
#5276 = LINE('',#5277,#5278);
#5277 = CARTESIAN_POINT('',(0.,-4.2));
#5278 = VECTOR('',#5279,1.);
#5279 = DIRECTION('',(1.,0.));
#5280 = ( GEOMETRIC_REPRESENTATION_CONTEXT(2) 
PARAMETRIC_REPRESENTATION_CONTEXT() REPRESENTATION_CONTEXT('2D SPACE',''
  ) );
#5281 = ORIENTED_EDGE('',*,*,#5282,.F.);
#5282 = EDGE_CURVE('',#5283,#5255,#5285,.T.);
#5283 = VERTEX_POINT('',#5284);
#5284 = CARTESIAN_POINT('',(-427.9832132258,-26.49285351417,
    183.32855533849));
#5285 = SURFACE_CURVE('',#5286,(#5290,#5297),.PCURVE_S1.);
#5286 = LINE('',#5287,#5288);
#5287 = CARTESIAN_POINT('',(-444.1066159309,-23.05281243999,
    166.59778847455));
#5288 = VECTOR('',#5289,1.);
#5289 = DIRECTION('',(0.686433851315,-0.14645547757,0.712291626273));
#5290 = PCURVE('',#2692,#5291);
#5291 = DEFINITIONAL_REPRESENTATION('',(#5292),#5296);
#5292 = LINE('',#5293,#5294);
#5293 = CARTESIAN_POINT('',(26.61864741184,-1.07188378448));
#5294 = VECTOR('',#5295,1.);
#5295 = DIRECTION('',(1.,-5.551115123126E-17));
#5296 = ( GEOMETRIC_REPRESENTATION_CONTEXT(2) 
PARAMETRIC_REPRESENTATION_CONTEXT() REPRESENTATION_CONTEXT('2D SPACE',''
  ) );
#5297 = PCURVE('',#4798,#5298);
#5298 = DEFINITIONAL_REPRESENTATION('',(#5299),#5303);
#5299 = LINE('',#5300,#5301);
#5300 = CARTESIAN_POINT('',(26.61864741184,-4.2));
#5301 = VECTOR('',#5302,1.);
#5302 = DIRECTION('',(-1.,1.387778780781E-17));
#5303 = ( GEOMETRIC_REPRESENTATION_CONTEXT(2) 
PARAMETRIC_REPRESENTATION_CONTEXT() REPRESENTATION_CONTEXT('2D SPACE',''
  ) );
#5304 = ORIENTED_EDGE('',*,*,#5305,.T.);
#5305 = EDGE_CURVE('',#5283,#5232,#5306,.T.);
#5306 = SURFACE_CURVE('',#5307,(#5312,#5323),.PCURVE_S1.);
#5307 = CIRCLE('',#5308,2.42);
#5308 = AXIS2_PLACEMENT_3D('',#5309,#5310,#5311);
#5309 = CARTESIAN_POINT('',(-429.6207041237,-25.93586761392,
    185.02112447039));
#5310 = DIRECTION('',(0.266372898028,0.962069339873,-5.889027486142E-02)
  );
#5311 = DIRECTION('',(0.676649131356,-0.23015946291,-0.699408732193));
#5312 = PCURVE('',#2692,#5313);
#5313 = DEFINITIONAL_REPRESENTATION('',(#5314),#5322);
#5314 = ( BOUNDED_CURVE() B_SPLINE_CURVE(2,(#5315,#5316,#5317,#5318,
#5319,#5320,#5321),.UNSPECIFIED.,.T.,.F.) B_SPLINE_CURVE_WITH_KNOTS((1,2
    ,2,2,2,1),(-2.094395102393,0.,2.094395102393,4.188790204786,
6.28318530718,8.377580409573),.UNSPECIFIED.) CURVE() 
GEOMETRIC_REPRESENTATION_ITEM() RATIONAL_B_SPLINE_CURVE((1.,0.5,1.,0.5,
1.,0.5,1.)) REPRESENTATION_ITEM('') );
#5315 = CARTESIAN_POINT('',(50.107294823681,-1.07188378448));
#5316 = CARTESIAN_POINT('',(45.915731869364,-1.07188378448));
#5317 = CARTESIAN_POINT('',(48.011513346522,2.55811621552));
#5318 = CARTESIAN_POINT('',(50.107294823681,6.18811621552));
#5319 = CARTESIAN_POINT('',(52.203076300839,2.55811621552));
#5320 = CARTESIAN_POINT('',(54.298857777997,-1.07188378448));
#5321 = CARTESIAN_POINT('',(50.107294823681,-1.07188378448));
#5322 = ( GEOMETRIC_REPRESENTATION_CONTEXT(2) 
PARAMETRIC_REPRESENTATION_CONTEXT() REPRESENTATION_CONTEXT('2D SPACE',''
  ) );
#5323 = PCURVE('',#4829,#5324);
#5324 = DEFINITIONAL_REPRESENTATION('',(#5325),#5329);
#5325 = LINE('',#5326,#5327);
#5326 = CARTESIAN_POINT('',(0.,-4.2));
#5327 = VECTOR('',#5328,1.);
#5328 = DIRECTION('',(1.,0.));
#5329 = ( GEOMETRIC_REPRESENTATION_CONTEXT(2) 
PARAMETRIC_REPRESENTATION_CONTEXT() REPRESENTATION_CONTEXT('2D SPACE',''
  ) );
#5330 = ADVANCED_FACE('',(#5331,#5357),#4571,.T.);
#5331 = FACE_BOUND('',#5332,.T.);
#5332 = EDGE_LOOP('',(#5333,#5334,#5355,#5356));
#5333 = ORIENTED_EDGE('',*,*,#4896,.T.);
#5334 = ORIENTED_EDGE('',*,*,#5335,.T.);
#5335 = EDGE_CURVE('',#4869,#5098,#5336,.T.);
#5336 = SURFACE_CURVE('',#5337,(#5341,#5348),.PCURVE_S1.);
#5337 = LINE('',#5338,#5339);
#5338 = CARTESIAN_POINT('',(-637.0433333919,-111.8718567935,
    200.12460552454));
#5339 = VECTOR('',#5340,1.);
#5340 = DIRECTION('',(0.686433851315,-0.14645547757,0.712291626273));
#5341 = PCURVE('',#4571,#5342);
#5342 = DEFINITIONAL_REPRESENTATION('',(#5343),#5347);
#5343 = LINE('',#5344,#5345);
#5344 = CARTESIAN_POINT('',(67.911653377714,11.981700439646));
#5345 = VECTOR('',#5346,1.);
#5346 = DIRECTION('',(-1.,-5.551115123126E-17));
#5347 = ( GEOMETRIC_REPRESENTATION_CONTEXT(2) 
PARAMETRIC_REPRESENTATION_CONTEXT() REPRESENTATION_CONTEXT('2D SPACE',''
  ) );
#5348 = PCURVE('',#4884,#5349);
#5349 = DEFINITIONAL_REPRESENTATION('',(#5350),#5354);
#5350 = LINE('',#5351,#5352);
#5351 = CARTESIAN_POINT('',(2.109423746788E-14,-3.2));
#5352 = VECTOR('',#5353,1.);
#5353 = DIRECTION('',(1.,5.551115123126E-17));
#5354 = ( GEOMETRIC_REPRESENTATION_CONTEXT(2) 
PARAMETRIC_REPRESENTATION_CONTEXT() REPRESENTATION_CONTEXT('2D SPACE',''
  ) );
#5355 = ORIENTED_EDGE('',*,*,#5120,.T.);
#5356 = ORIENTED_EDGE('',*,*,#4553,.T.);
#5357 = FACE_BOUND('',#5358,.T.);
#5358 = EDGE_LOOP('',(#5359,#5384,#5412,#5435));
#5359 = ORIENTED_EDGE('',*,*,#5360,.F.);
#5360 = EDGE_CURVE('',#5361,#5363,#5365,.T.);
#5361 = VERTEX_POINT('',#5362);
#5362 = CARTESIAN_POINT('',(-551.6375237429,-122.4947149894,
    274.60310157723));
#5363 = VERTEX_POINT('',#5364);
#5364 = CARTESIAN_POINT('',(-549.6331368971,-122.9223649839,
    276.68299312595));
#5365 = SURFACE_CURVE('',#5366,(#5370,#5377),.PCURVE_S1.);
#5366 = LINE('',#5367,#5368);
#5367 = CARTESIAN_POINT('',(-566.1899112008,-119.389861039,
    259.50252967412));
#5368 = VECTOR('',#5369,1.);
#5369 = DIRECTION('',(0.686433851315,-0.14645547757,0.712291626273));
#5370 = PCURVE('',#4571,#5371);
#5371 = DEFINITIONAL_REPRESENTATION('',(#5372),#5376);
#5372 = LINE('',#5373,#5374);
#5373 = CARTESIAN_POINT('',(-24.11998515513,0.464617071924));
#5374 = VECTOR('',#5375,1.);
#5375 = DIRECTION('',(-1.,-5.551115123126E-17));
#5376 = ( GEOMETRIC_REPRESENTATION_CONTEXT(2) 
PARAMETRIC_REPRESENTATION_CONTEXT() REPRESENTATION_CONTEXT('2D SPACE',''
  ) );
#5377 = PCURVE('',#4988,#5378);
#5378 = DEFINITIONAL_REPRESENTATION('',(#5379),#5383);
#5379 = LINE('',#5380,#5381);
#5380 = CARTESIAN_POINT('',(24.11998515513,-4.2));
#5381 = VECTOR('',#5382,1.);
#5382 = DIRECTION('',(-1.,5.551115123126E-17));
#5383 = ( GEOMETRIC_REPRESENTATION_CONTEXT(2) 
PARAMETRIC_REPRESENTATION_CONTEXT() REPRESENTATION_CONTEXT('2D SPACE',''
  ) );
#5384 = ORIENTED_EDGE('',*,*,#5385,.T.);
#5385 = EDGE_CURVE('',#5361,#5386,#5388,.T.);
#5386 = VERTEX_POINT('',#5387);
#5387 = CARTESIAN_POINT('',(-548.4368008384,-120.0105304907,
    272.02934940097));
#5388 = SURFACE_CURVE('',#5389,(#5394,#5405),.PCURVE_S1.);
#5389 = CIRCLE('',#5390,2.4);
#5390 = AXIS2_PLACEMENT_3D('',#5391,#5392,#5393);
#5391 = CARTESIAN_POINT('',(-550.0371622906,-121.25262274,273.3162254891
    ));
#5392 = DIRECTION('',(0.290109106746,-0.843033071173,-0.452914944654));
#5393 = DIRECTION('',(-0.666817271786,-0.517538437218,0.536198370055));
#5394 = PCURVE('',#4571,#5395);
#5395 = DEFINITIONAL_REPRESENTATION('',(#5396),#5404);
#5396 = ( BOUNDED_CURVE() B_SPLINE_CURVE(2,(#5397,#5398,#5399,#5400,
#5401,#5402,#5403),.UNSPECIFIED.,.T.,.F.) B_SPLINE_CURVE_WITH_KNOTS((1,2
    ,2,2,2,1),(-2.094395102393,0.,2.094395102393,4.188790204786,
6.28318530718,8.377580409573),.UNSPECIFIED.) CURVE() 
GEOMETRIC_REPRESENTATION_ITEM() RATIONAL_B_SPLINE_CURVE((1.,0.5,1.,0.5,
1.,0.5,1.)) REPRESENTATION_ITEM('') );
#5397 = CARTESIAN_POINT('',(-45.31997031025,0.464617071924));
#5398 = CARTESIAN_POINT('',(-41.16304837209,0.464617071924));
#5399 = CARTESIAN_POINT('',(-43.24150934117,-3.135382928076));
#5400 = CARTESIAN_POINT('',(-45.31997031025,-6.735382928076));
#5401 = CARTESIAN_POINT('',(-47.39843127934,-3.135382928076));
#5402 = CARTESIAN_POINT('',(-49.47689224842,0.464617071924));
#5403 = CARTESIAN_POINT('',(-45.31997031025,0.464617071924));
#5404 = ( GEOMETRIC_REPRESENTATION_CONTEXT(2) 
PARAMETRIC_REPRESENTATION_CONTEXT() REPRESENTATION_CONTEXT('2D SPACE',''
  ) );
#5405 = PCURVE('',#5021,#5406);
#5406 = DEFINITIONAL_REPRESENTATION('',(#5407),#5411);
#5407 = LINE('',#5408,#5409);
#5408 = CARTESIAN_POINT('',(0.,-4.2));
#5409 = VECTOR('',#5410,1.);
#5410 = DIRECTION('',(1.,0.));
#5411 = ( GEOMETRIC_REPRESENTATION_CONTEXT(2) 
PARAMETRIC_REPRESENTATION_CONTEXT() REPRESENTATION_CONTEXT('2D SPACE',''
  ) );
#5412 = ORIENTED_EDGE('',*,*,#5413,.F.);
#5413 = EDGE_CURVE('',#5414,#5386,#5416,.T.);
#5414 = VERTEX_POINT('',#5415);
#5415 = CARTESIAN_POINT('',(-546.4324139925,-120.4381804852,
    274.10924094969));
#5416 = SURFACE_CURVE('',#5417,(#5421,#5428),.PCURVE_S1.);
#5417 = LINE('',#5418,#5419);
#5418 = CARTESIAN_POINT('',(-563.9913817191,-116.6918515431,
    255.8888317235));
#5419 = VECTOR('',#5420,1.);
#5420 = DIRECTION('',(-0.686433851315,0.14645547757,-0.712291626273));
#5421 = PCURVE('',#4571,#5422);
#5422 = DEFINITIONAL_REPRESENTATION('',(#5423),#5427);
#5423 = LINE('',#5424,#5425);
#5424 = CARTESIAN_POINT('',(-22.65998515513,-4.335382928076));
#5425 = VECTOR('',#5426,1.);
#5426 = DIRECTION('',(1.,5.551115123126E-17));
#5427 = ( GEOMETRIC_REPRESENTATION_CONTEXT(2) 
PARAMETRIC_REPRESENTATION_CONTEXT() REPRESENTATION_CONTEXT('2D SPACE',''
  ) );
#5428 = PCURVE('',#5049,#5429);
#5429 = DEFINITIONAL_REPRESENTATION('',(#5430),#5434);
#5430 = LINE('',#5431,#5432);
#5431 = CARTESIAN_POINT('',(-22.65998515513,-4.2));
#5432 = VECTOR('',#5433,1.);
#5433 = DIRECTION('',(-1.,-5.551115123126E-17));
#5434 = ( GEOMETRIC_REPRESENTATION_CONTEXT(2) 
PARAMETRIC_REPRESENTATION_CONTEXT() REPRESENTATION_CONTEXT('2D SPACE',''
  ) );
#5435 = ORIENTED_EDGE('',*,*,#5436,.T.);
#5436 = EDGE_CURVE('',#5414,#5363,#5437,.T.);
#5437 = SURFACE_CURVE('',#5438,(#5443,#5454),.PCURVE_S1.);
#5438 = CIRCLE('',#5439,2.4);
#5439 = AXIS2_PLACEMENT_3D('',#5440,#5441,#5442);
#5440 = CARTESIAN_POINT('',(-548.0327754448,-121.6802727345,
    275.39611703782));
#5441 = DIRECTION('',(0.290109106746,-0.843033071173,-0.452914944654));
#5442 = DIRECTION('',(0.666817271786,0.517538437218,-0.536198370055));
#5443 = PCURVE('',#4571,#5444);
#5444 = DEFINITIONAL_REPRESENTATION('',(#5445),#5453);
#5445 = ( BOUNDED_CURVE() B_SPLINE_CURVE(2,(#5446,#5447,#5448,#5449,
#5450,#5451,#5452),.UNSPECIFIED.,.T.,.F.) B_SPLINE_CURVE_WITH_KNOTS((1,2
    ,2,2,2,1),(-2.094395102393,0.,2.094395102393,4.188790204786,
6.28318530718,8.377580409573),.UNSPECIFIED.) CURVE() 
GEOMETRIC_REPRESENTATION_ITEM() RATIONAL_B_SPLINE_CURVE((1.,0.5,1.,0.5,
1.,0.5,1.)) REPRESENTATION_ITEM('') );
#5446 = CARTESIAN_POINT('',(-48.23997031025,-4.335382928076));
#5447 = CARTESIAN_POINT('',(-52.39689224842,-4.335382928076));
#5448 = CARTESIAN_POINT('',(-50.31843127934,-0.735382928076));
#5449 = CARTESIAN_POINT('',(-48.23997031025,2.864617071924));
#5450 = CARTESIAN_POINT('',(-46.16150934117,-0.735382928076));
#5451 = CARTESIAN_POINT('',(-44.08304837209,-4.335382928076));
#5452 = CARTESIAN_POINT('',(-48.23997031025,-4.335382928076));
#5453 = ( GEOMETRIC_REPRESENTATION_CONTEXT(2) 
PARAMETRIC_REPRESENTATION_CONTEXT() REPRESENTATION_CONTEXT('2D SPACE',''
  ) );
#5454 = PCURVE('',#5080,#5455);
#5455 = DEFINITIONAL_REPRESENTATION('',(#5456),#5460);
#5456 = LINE('',#5457,#5458);
#5457 = CARTESIAN_POINT('',(0.,-4.2));
#5458 = VECTOR('',#5459,1.);
#5459 = DIRECTION('',(1.,0.));
#5460 = ( GEOMETRIC_REPRESENTATION_CONTEXT(2) 
PARAMETRIC_REPRESENTATION_CONTEXT() REPRESENTATION_CONTEXT('2D SPACE',''
  ) );
#5461 = ADVANCED_FACE('',(#5462),#795,.T.);
#5462 = FACE_BOUND('',#5463,.F.);
#5463 = EDGE_LOOP('',(#5464,#5465,#5466,#5487));
#5464 = ORIENTED_EDGE('',*,*,#4632,.F.);
#5465 = ORIENTED_EDGE('',*,*,#778,.T.);
#5466 = ORIENTED_EDGE('',*,*,#5467,.F.);
#5467 = EDGE_CURVE('',#2866,#779,#5468,.T.);
#5468 = SURFACE_CURVE('',#5469,(#5473,#5480),.PCURVE_S1.);
#5469 = LINE('',#5470,#5471);
#5470 = CARTESIAN_POINT('',(-661.5681412041,-77.01726538637,
    123.88719446206));
#5471 = VECTOR('',#5472,1.);
#5472 = DIRECTION('',(0.666817271786,0.517538437218,-0.536198370055));
#5473 = PCURVE('',#795,#5474);
#5474 = DEFINITIONAL_REPRESENTATION('',(#5475),#5479);
#5475 = LINE('',#5476,#5477);
#5476 = CARTESIAN_POINT('',(-0.523598775598,0.));
#5477 = VECTOR('',#5478,1.);
#5478 = DIRECTION('',(-0.,-1.));
#5479 = ( GEOMETRIC_REPRESENTATION_CONTEXT(2) 
PARAMETRIC_REPRESENTATION_CONTEXT() REPRESENTATION_CONTEXT('2D SPACE',''
  ) );
#5480 = PCURVE('',#823,#5481);
#5481 = DEFINITIONAL_REPRESENTATION('',(#5482),#5486);
#5482 = LINE('',#5483,#5484);
#5483 = CARTESIAN_POINT('',(-73.96405147188,-17.09678021675));
#5484 = VECTOR('',#5485,1.);
#5485 = DIRECTION('',(1.,2.775557561563E-17));
#5486 = ( GEOMETRIC_REPRESENTATION_CONTEXT(2) 
PARAMETRIC_REPRESENTATION_CONTEXT() REPRESENTATION_CONTEXT('2D SPACE',''
  ) );
#5487 = ORIENTED_EDGE('',*,*,#2865,.F.);
#5488 = ADVANCED_FACE('',(#5489),#2664,.F.);
#5489 = FACE_BOUND('',#5490,.F.);
#5490 = EDGE_LOOP('',(#5491,#5492,#5493,#5494));
#5491 = ORIENTED_EDGE('',*,*,#3130,.T.);
#5492 = ORIENTED_EDGE('',*,*,#5174,.T.);
#5493 = ORIENTED_EDGE('',*,*,#2648,.F.);
#5494 = ORIENTED_EDGE('',*,*,#4659,.F.);
#5495 = ADVANCED_FACE('',(#5496),#4705,.F.);
#5496 = FACE_BOUND('',#5497,.T.);
#5497 = EDGE_LOOP('',(#5498,#5499,#5520,#5521));
#5498 = ORIENTED_EDGE('',*,*,#4684,.T.);
#5499 = ORIENTED_EDGE('',*,*,#5500,.T.);
#5500 = EDGE_CURVE('',#4685,#5200,#5501,.T.);
#5501 = SEAM_CURVE('',#5502,(#5506,#5513),.PCURVE_S1.);
#5502 = LINE('',#5503,#5504);
#5503 = CARTESIAN_POINT('',(-500.3330230067,-6.679513935376,
    108.43975605421));
#5504 = VECTOR('',#5505,1.);
#5505 = DIRECTION('',(-0.266372898028,-0.962069339873,5.889027486142E-02
    ));
#5506 = PCURVE('',#4705,#5507);
#5507 = DEFINITIONAL_REPRESENTATION('',(#5508),#5512);
#5508 = LINE('',#5509,#5510);
#5509 = CARTESIAN_POINT('',(-6.28318530718,0.));
#5510 = VECTOR('',#5511,1.);
#5511 = DIRECTION('',(-0.,-1.));
#5512 = ( GEOMETRIC_REPRESENTATION_CONTEXT(2) 
PARAMETRIC_REPRESENTATION_CONTEXT() REPRESENTATION_CONTEXT('2D SPACE',''
  ) );
#5513 = PCURVE('',#4705,#5514);
#5514 = DEFINITIONAL_REPRESENTATION('',(#5515),#5519);
#5515 = LINE('',#5516,#5517);
#5516 = CARTESIAN_POINT('',(-0.,0.));
#5517 = VECTOR('',#5518,1.);
#5518 = DIRECTION('',(-0.,-1.));
#5519 = ( GEOMETRIC_REPRESENTATION_CONTEXT(2) 
PARAMETRIC_REPRESENTATION_CONTEXT() REPRESENTATION_CONTEXT('2D SPACE',''
  ) );
#5520 = ORIENTED_EDGE('',*,*,#5199,.F.);
#5521 = ORIENTED_EDGE('',*,*,#5500,.F.);
#5522 = ADVANCED_FACE('',(#5523),#4737,.F.);
#5523 = FACE_BOUND('',#5524,.F.);
#5524 = EDGE_LOOP('',(#5525,#5526,#5547,#5548));
#5525 = ORIENTED_EDGE('',*,*,#4719,.T.);
#5526 = ORIENTED_EDGE('',*,*,#5527,.T.);
#5527 = EDGE_CURVE('',#4722,#5232,#5528,.T.);
#5528 = SURFACE_CURVE('',#5529,(#5533,#5540),.PCURVE_S1.);
#5529 = LINE('',#5530,#5531);
#5530 = CARTESIAN_POINT('',(-430.1394288498,-21.33819048622,
    186.46635444788));
#5531 = VECTOR('',#5532,1.);
#5532 = DIRECTION('',(-0.266372898028,-0.962069339873,5.889027486142E-02
    ));
#5533 = PCURVE('',#4737,#5534);
#5534 = DEFINITIONAL_REPRESENTATION('',(#5535),#5539);
#5535 = LINE('',#5536,#5537);
#5536 = CARTESIAN_POINT('',(0.,0.));
#5537 = VECTOR('',#5538,1.);
#5538 = DIRECTION('',(0.,-1.));
#5539 = ( GEOMETRIC_REPRESENTATION_CONTEXT(2) 
PARAMETRIC_REPRESENTATION_CONTEXT() REPRESENTATION_CONTEXT('2D SPACE',''
  ) );
#5540 = PCURVE('',#4829,#5541);
#5541 = DEFINITIONAL_REPRESENTATION('',(#5542),#5546);
#5542 = LINE('',#5543,#5544);
#5543 = CARTESIAN_POINT('',(3.14159265359,0.));
#5544 = VECTOR('',#5545,1.);
#5545 = DIRECTION('',(0.,-1.));
#5546 = ( GEOMETRIC_REPRESENTATION_CONTEXT(2) 
PARAMETRIC_REPRESENTATION_CONTEXT() REPRESENTATION_CONTEXT('2D SPACE',''
  ) );
#5547 = ORIENTED_EDGE('',*,*,#5229,.F.);
#5548 = ORIENTED_EDGE('',*,*,#5549,.F.);
#5549 = EDGE_CURVE('',#4720,#5230,#5550,.T.);
#5550 = SURFACE_CURVE('',#5551,(#5555,#5562),.PCURVE_S1.);
#5551 = LINE('',#5552,#5553);
#5552 = CARTESIAN_POINT('',(-427.9908908952,-21.79659613101,
    188.69582723812));
#5553 = VECTOR('',#5554,1.);
#5554 = DIRECTION('',(-0.266372898028,-0.962069339873,5.889027486142E-02
    ));
#5555 = PCURVE('',#4737,#5556);
#5556 = DEFINITIONAL_REPRESENTATION('',(#5557),#5561);
#5557 = LINE('',#5558,#5559);
#5558 = CARTESIAN_POINT('',(3.13,-1.110223024625E-16));
#5559 = VECTOR('',#5560,1.);
#5560 = DIRECTION('',(0.,-1.));
#5561 = ( GEOMETRIC_REPRESENTATION_CONTEXT(2) 
PARAMETRIC_REPRESENTATION_CONTEXT() REPRESENTATION_CONTEXT('2D SPACE',''
  ) );
#5562 = PCURVE('',#4770,#5563);
#5563 = DEFINITIONAL_REPRESENTATION('',(#5564),#5568);
#5564 = LINE('',#5565,#5566);
#5565 = CARTESIAN_POINT('',(0.,0.));
#5566 = VECTOR('',#5567,1.);
#5567 = DIRECTION('',(0.,-1.));
#5568 = ( GEOMETRIC_REPRESENTATION_CONTEXT(2) 
PARAMETRIC_REPRESENTATION_CONTEXT() REPRESENTATION_CONTEXT('2D SPACE',''
  ) );
#5569 = ADVANCED_FACE('',(#5570),#4770,.F.);
#5570 = FACE_BOUND('',#5571,.F.);
#5571 = EDGE_LOOP('',(#5572,#5573,#5574,#5575));
#5572 = ORIENTED_EDGE('',*,*,#4749,.F.);
#5573 = ORIENTED_EDGE('',*,*,#5549,.T.);
#5574 = ORIENTED_EDGE('',*,*,#5254,.T.);
#5575 = ORIENTED_EDGE('',*,*,#5576,.F.);
#5576 = EDGE_CURVE('',#4750,#5255,#5577,.T.);
#5577 = SURFACE_CURVE('',#5578,(#5582,#5589),.PCURVE_S1.);
#5578 = LINE('',#5579,#5580);
#5579 = CARTESIAN_POINT('',(-424.7159090994,-22.9105679315,
    185.3106889743));
#5580 = VECTOR('',#5581,1.);
#5581 = DIRECTION('',(-0.266372898028,-0.962069339873,5.889027486142E-02
    ));
#5582 = PCURVE('',#4770,#5583);
#5583 = DEFINITIONAL_REPRESENTATION('',(#5584),#5588);
#5584 = LINE('',#5585,#5586);
#5585 = CARTESIAN_POINT('',(3.14159265359,0.));
#5586 = VECTOR('',#5587,1.);
#5587 = DIRECTION('',(0.,-1.));
#5588 = ( GEOMETRIC_REPRESENTATION_CONTEXT(2) 
PARAMETRIC_REPRESENTATION_CONTEXT() REPRESENTATION_CONTEXT('2D SPACE',''
  ) );
#5589 = PCURVE('',#4798,#5590);
#5590 = DEFINITIONAL_REPRESENTATION('',(#5591),#5595);
#5591 = LINE('',#5592,#5593);
#5592 = CARTESIAN_POINT('',(0.,0.));
#5593 = VECTOR('',#5594,1.);
#5594 = DIRECTION('',(0.,-1.));
#5595 = ( GEOMETRIC_REPRESENTATION_CONTEXT(2) 
PARAMETRIC_REPRESENTATION_CONTEXT() REPRESENTATION_CONTEXT('2D SPACE',''
  ) );
#5596 = ADVANCED_FACE('',(#5597),#4829,.F.);
#5597 = FACE_BOUND('',#5598,.F.);
#5598 = EDGE_LOOP('',(#5599,#5600,#5621,#5622));
#5599 = ORIENTED_EDGE('',*,*,#4810,.F.);
#5600 = ORIENTED_EDGE('',*,*,#5601,.T.);
#5601 = EDGE_CURVE('',#4783,#5283,#5602,.T.);
#5602 = SURFACE_CURVE('',#5603,(#5607,#5614),.PCURVE_S1.);
#5603 = LINE('',#5604,#5605);
#5604 = CARTESIAN_POINT('',(-426.8644470541,-22.4521622867,
    183.08121618407));
#5605 = VECTOR('',#5606,1.);
#5606 = DIRECTION('',(-0.266372898028,-0.962069339873,5.889027486142E-02
    ));
#5607 = PCURVE('',#4829,#5608);
#5608 = DEFINITIONAL_REPRESENTATION('',(#5609),#5613);
#5609 = LINE('',#5610,#5611);
#5610 = CARTESIAN_POINT('',(0.,0.));
#5611 = VECTOR('',#5612,1.);
#5612 = DIRECTION('',(0.,-1.));
#5613 = ( GEOMETRIC_REPRESENTATION_CONTEXT(2) 
PARAMETRIC_REPRESENTATION_CONTEXT() REPRESENTATION_CONTEXT('2D SPACE',''
  ) );
#5614 = PCURVE('',#4798,#5615);
#5615 = DEFINITIONAL_REPRESENTATION('',(#5616),#5620);
#5616 = LINE('',#5617,#5618);
#5617 = CARTESIAN_POINT('',(3.13,5.218048215738E-15));
#5618 = VECTOR('',#5619,1.);
#5619 = DIRECTION('',(0.,-1.));
#5620 = ( GEOMETRIC_REPRESENTATION_CONTEXT(2) 
PARAMETRIC_REPRESENTATION_CONTEXT() REPRESENTATION_CONTEXT('2D SPACE',''
  ) );
#5621 = ORIENTED_EDGE('',*,*,#5305,.T.);
#5622 = ORIENTED_EDGE('',*,*,#5527,.F.);
#5623 = ADVANCED_FACE('',(#5624),#4798,.F.);
#5624 = FACE_BOUND('',#5625,.F.);
#5625 = EDGE_LOOP('',(#5626,#5627,#5628,#5629));
#5626 = ORIENTED_EDGE('',*,*,#4782,.T.);
#5627 = ORIENTED_EDGE('',*,*,#5576,.T.);
#5628 = ORIENTED_EDGE('',*,*,#5282,.F.);
#5629 = ORIENTED_EDGE('',*,*,#5601,.F.);
#5630 = ADVANCED_FACE('',(#5631),#4884,.F.);
#5631 = FACE_BOUND('',#5632,.F.);
#5632 = EDGE_LOOP('',(#5633,#5634,#5635,#5636));
#5633 = ORIENTED_EDGE('',*,*,#4868,.T.);
#5634 = ORIENTED_EDGE('',*,*,#5335,.T.);
#5635 = ORIENTED_EDGE('',*,*,#5097,.F.);
#5636 = ORIENTED_EDGE('',*,*,#4923,.F.);
#5637 = ADVANCED_FACE('',(#5638),#4988,.F.);
#5638 = FACE_BOUND('',#5639,.F.);
#5639 = EDGE_LOOP('',(#5640,#5641,#5662,#5663));
#5640 = ORIENTED_EDGE('',*,*,#4970,.T.);
#5641 = ORIENTED_EDGE('',*,*,#5642,.T.);
#5642 = EDGE_CURVE('',#4973,#5363,#5643,.T.);
#5643 = SURFACE_CURVE('',#5644,(#5648,#5655),.PCURVE_S1.);
#5644 = LINE('',#5645,#5646);
#5645 = CARTESIAN_POINT('',(-548.4146786488,-126.4631038828,
    274.7807503584));
#5646 = VECTOR('',#5647,1.);
#5647 = DIRECTION('',(-0.290109106746,0.843033071173,0.452914944654));
#5648 = PCURVE('',#4988,#5649);
#5649 = DEFINITIONAL_REPRESENTATION('',(#5650),#5654);
#5650 = LINE('',#5651,#5652);
#5651 = CARTESIAN_POINT('',(0.,0.));
#5652 = VECTOR('',#5653,1.);
#5653 = DIRECTION('',(5.551115123126E-17,-1.));
#5654 = ( GEOMETRIC_REPRESENTATION_CONTEXT(2) 
PARAMETRIC_REPRESENTATION_CONTEXT() REPRESENTATION_CONTEXT('2D SPACE',''
  ) );
#5655 = PCURVE('',#5080,#5656);
#5656 = DEFINITIONAL_REPRESENTATION('',(#5657),#5661);
#5657 = LINE('',#5658,#5659);
#5658 = CARTESIAN_POINT('',(3.14159265359,0.));
#5659 = VECTOR('',#5660,1.);
#5660 = DIRECTION('',(0.,-1.));
#5661 = ( GEOMETRIC_REPRESENTATION_CONTEXT(2) 
PARAMETRIC_REPRESENTATION_CONTEXT() REPRESENTATION_CONTEXT('2D SPACE',''
  ) );
#5662 = ORIENTED_EDGE('',*,*,#5360,.F.);
#5663 = ORIENTED_EDGE('',*,*,#5664,.F.);
#5664 = EDGE_CURVE('',#4971,#5361,#5665,.T.);
#5665 = SURFACE_CURVE('',#5666,(#5670,#5677),.PCURVE_S1.);
#5666 = LINE('',#5667,#5668);
#5667 = CARTESIAN_POINT('',(-550.4190654946,-126.0354538883,
    272.70085880968));
#5668 = VECTOR('',#5669,1.);
#5669 = DIRECTION('',(-0.290109106746,0.843033071173,0.452914944654));
#5670 = PCURVE('',#4988,#5671);
#5671 = DEFINITIONAL_REPRESENTATION('',(#5672),#5676);
#5672 = LINE('',#5673,#5674);
#5673 = CARTESIAN_POINT('',(2.92,-8.881784197001E-16));
#5674 = VECTOR('',#5675,1.);
#5675 = DIRECTION('',(5.551115123126E-17,-1.));
#5676 = ( GEOMETRIC_REPRESENTATION_CONTEXT(2) 
PARAMETRIC_REPRESENTATION_CONTEXT() REPRESENTATION_CONTEXT('2D SPACE',''
  ) );
#5677 = PCURVE('',#5021,#5678);
#5678 = DEFINITIONAL_REPRESENTATION('',(#5679),#5683);
#5679 = LINE('',#5680,#5681);
#5680 = CARTESIAN_POINT('',(0.,0.));
#5681 = VECTOR('',#5682,1.);
#5682 = DIRECTION('',(0.,-1.));
#5683 = ( GEOMETRIC_REPRESENTATION_CONTEXT(2) 
PARAMETRIC_REPRESENTATION_CONTEXT() REPRESENTATION_CONTEXT('2D SPACE',''
  ) );
#5684 = ADVANCED_FACE('',(#5685),#5080,.F.);
#5685 = FACE_BOUND('',#5686,.F.);
#5686 = EDGE_LOOP('',(#5687,#5688,#5709,#5710));
#5687 = ORIENTED_EDGE('',*,*,#5061,.F.);
#5688 = ORIENTED_EDGE('',*,*,#5689,.T.);
#5689 = EDGE_CURVE('',#5034,#5414,#5690,.T.);
#5690 = SURFACE_CURVE('',#5691,(#5695,#5702),.PCURVE_S1.);
#5691 = LINE('',#5692,#5693);
#5692 = CARTESIAN_POINT('',(-545.2139557442,-123.9789193841,
    272.20699818214));
#5693 = VECTOR('',#5694,1.);
#5694 = DIRECTION('',(-0.290109106746,0.843033071173,0.452914944654));
#5695 = PCURVE('',#5080,#5696);
#5696 = DEFINITIONAL_REPRESENTATION('',(#5697),#5701);
#5697 = LINE('',#5698,#5699);
#5698 = CARTESIAN_POINT('',(0.,0.));
#5699 = VECTOR('',#5700,1.);
#5700 = DIRECTION('',(0.,-1.));
#5701 = ( GEOMETRIC_REPRESENTATION_CONTEXT(2) 
PARAMETRIC_REPRESENTATION_CONTEXT() REPRESENTATION_CONTEXT('2D SPACE',''
  ) );
#5702 = PCURVE('',#5049,#5703);
#5703 = DEFINITIONAL_REPRESENTATION('',(#5704),#5708);
#5704 = LINE('',#5705,#5706);
#5705 = CARTESIAN_POINT('',(2.92,8.881784197001E-16));
#5706 = VECTOR('',#5707,1.);
#5707 = DIRECTION('',(-5.551115123126E-17,-1.));
#5708 = ( GEOMETRIC_REPRESENTATION_CONTEXT(2) 
PARAMETRIC_REPRESENTATION_CONTEXT() REPRESENTATION_CONTEXT('2D SPACE',''
  ) );
#5709 = ORIENTED_EDGE('',*,*,#5436,.T.);
#5710 = ORIENTED_EDGE('',*,*,#5642,.F.);
#5711 = ADVANCED_FACE('',(#5712),#5049,.F.);
#5712 = FACE_BOUND('',#5713,.F.);
#5713 = EDGE_LOOP('',(#5714,#5715,#5736,#5737));
#5714 = ORIENTED_EDGE('',*,*,#5033,.T.);
#5715 = ORIENTED_EDGE('',*,*,#5716,.T.);
#5716 = EDGE_CURVE('',#5001,#5386,#5717,.T.);
#5717 = SURFACE_CURVE('',#5718,(#5722,#5729),.PCURVE_S1.);
#5718 = LINE('',#5719,#5720);
#5719 = CARTESIAN_POINT('',(-547.21834259,-123.5512693896,
    270.12710663342));
#5720 = VECTOR('',#5721,1.);
#5721 = DIRECTION('',(-0.290109106746,0.843033071173,0.452914944654));
#5722 = PCURVE('',#5049,#5723);
#5723 = DEFINITIONAL_REPRESENTATION('',(#5724),#5728);
#5724 = LINE('',#5725,#5726);
#5725 = CARTESIAN_POINT('',(0.,0.));
#5726 = VECTOR('',#5727,1.);
#5727 = DIRECTION('',(-5.551115123126E-17,-1.));
#5728 = ( GEOMETRIC_REPRESENTATION_CONTEXT(2) 
PARAMETRIC_REPRESENTATION_CONTEXT() REPRESENTATION_CONTEXT('2D SPACE',''
  ) );
#5729 = PCURVE('',#5021,#5730);
#5730 = DEFINITIONAL_REPRESENTATION('',(#5731),#5735);
#5731 = LINE('',#5732,#5733);
#5732 = CARTESIAN_POINT('',(3.14159265359,0.));
#5733 = VECTOR('',#5734,1.);
#5734 = DIRECTION('',(0.,-1.));
#5735 = ( GEOMETRIC_REPRESENTATION_CONTEXT(2) 
PARAMETRIC_REPRESENTATION_CONTEXT() REPRESENTATION_CONTEXT('2D SPACE',''
  ) );
#5736 = ORIENTED_EDGE('',*,*,#5413,.F.);
#5737 = ORIENTED_EDGE('',*,*,#5689,.F.);
#5738 = ADVANCED_FACE('',(#5739),#5021,.F.);
#5739 = FACE_BOUND('',#5740,.F.);
#5740 = EDGE_LOOP('',(#5741,#5742,#5743,#5744));
#5741 = ORIENTED_EDGE('',*,*,#5000,.F.);
#5742 = ORIENTED_EDGE('',*,*,#5664,.T.);
#5743 = ORIENTED_EDGE('',*,*,#5385,.T.);
#5744 = ORIENTED_EDGE('',*,*,#5716,.F.);
#5745 = ADVANCED_FACE('',(#5746),#912,.F.);
#5746 = FACE_BOUND('',#5747,.F.);
#5747 = EDGE_LOOP('',(#5748,#5769,#5770,#5771));
#5748 = ORIENTED_EDGE('',*,*,#5749,.T.);
#5749 = EDGE_CURVE('',#2936,#864,#5750,.T.);
#5750 = SURFACE_CURVE('',#5751,(#5755,#5762),.PCURVE_S1.);
#5751 = LINE('',#5752,#5753);
#5752 = CARTESIAN_POINT('',(-661.2738209822,-74.91531237171,
    126.28201577714));
#5753 = VECTOR('',#5754,1.);
#5754 = DIRECTION('',(0.666817271786,0.517538437218,-0.536198370055));
#5755 = PCURVE('',#912,#5756);
#5756 = DEFINITIONAL_REPRESENTATION('',(#5757),#5761);
#5757 = LINE('',#5758,#5759);
#5758 = CARTESIAN_POINT('',(0.,0.));
#5759 = VECTOR('',#5760,1.);
#5760 = DIRECTION('',(0.,-1.));
#5761 = ( GEOMETRIC_REPRESENTATION_CONTEXT(2) 
PARAMETRIC_REPRESENTATION_CONTEXT() REPRESENTATION_CONTEXT('2D SPACE',''
  ) );
#5762 = PCURVE('',#879,#5763);
#5763 = DEFINITIONAL_REPRESENTATION('',(#5764),#5768);
#5764 = LINE('',#5765,#5766);
#5765 = CARTESIAN_POINT('',(-73.96405147188,-17.09678021675));
#5766 = VECTOR('',#5767,1.);
#5767 = DIRECTION('',(1.,2.775557561563E-17));
#5768 = ( GEOMETRIC_REPRESENTATION_CONTEXT(2) 
PARAMETRIC_REPRESENTATION_CONTEXT() REPRESENTATION_CONTEXT('2D SPACE',''
  ) );
#5769 = ORIENTED_EDGE('',*,*,#891,.T.);
#5770 = ORIENTED_EDGE('',*,*,#5147,.T.);
#5771 = ORIENTED_EDGE('',*,*,#2958,.F.);
#5772 = ADVANCED_FACE('',(#5773),#823,.F.);
#5773 = FACE_BOUND('',#5774,.F.);
#5774 = EDGE_LOOP('',(#5775,#5776,#5797,#5798));
#5775 = ORIENTED_EDGE('',*,*,#807,.T.);
#5776 = ORIENTED_EDGE('',*,*,#5777,.T.);
#5777 = EDGE_CURVE('',#808,#2890,#5778,.T.);
#5778 = SURFACE_CURVE('',#5779,(#5783,#5790),.PCURVE_S1.);
#5779 = LINE('',#5780,#5781);
#5780 = CARTESIAN_POINT('',(-588.2140757333,18.291276620211,
    31.219043972559));
#5781 = VECTOR('',#5782,1.);
#5782 = DIRECTION('',(-0.666817271786,-0.517538437218,0.536198370055));
#5783 = PCURVE('',#823,#5784);
#5784 = DEFINITIONAL_REPRESENTATION('',(#5785),#5789);
#5785 = LINE('',#5786,#5787);
#5786 = CARTESIAN_POINT('',(73.964051471883,17.096780216756));
#5787 = VECTOR('',#5788,1.);
#5788 = DIRECTION('',(-1.,-2.775557561563E-17));
#5789 = ( GEOMETRIC_REPRESENTATION_CONTEXT(2) 
PARAMETRIC_REPRESENTATION_CONTEXT() REPRESENTATION_CONTEXT('2D SPACE',''
  ) );
#5790 = PCURVE('',#851,#5791);
#5791 = DEFINITIONAL_REPRESENTATION('',(#5792),#5796);
#5792 = LINE('',#5793,#5794);
#5793 = CARTESIAN_POINT('',(0.,-0.));
#5794 = VECTOR('',#5795,1.);
#5795 = DIRECTION('',(1.,5.551115123126E-17));
#5796 = ( GEOMETRIC_REPRESENTATION_CONTEXT(2) 
PARAMETRIC_REPRESENTATION_CONTEXT() REPRESENTATION_CONTEXT('2D SPACE',''
  ) );
#5797 = ORIENTED_EDGE('',*,*,#2889,.T.);
#5798 = ORIENTED_EDGE('',*,*,#5467,.T.);
#5799 = ADVANCED_FACE('',(#5800),#851,.F.);
#5800 = FACE_BOUND('',#5801,.F.);
#5801 = EDGE_LOOP('',(#5802,#5803,#5824,#5825));
#5802 = ORIENTED_EDGE('',*,*,#835,.T.);
#5803 = ORIENTED_EDGE('',*,*,#5804,.T.);
#5804 = EDGE_CURVE('',#836,#2913,#5805,.T.);
#5805 = SURFACE_CURVE('',#5806,(#5810,#5817),.PCURVE_S1.);
#5806 = LINE('',#5807,#5808);
#5807 = CARTESIAN_POINT('',(-587.9197555114,20.393229634871,
    33.613865287634));
#5808 = VECTOR('',#5809,1.);
#5809 = DIRECTION('',(-0.666817271786,-0.517538437218,0.536198370055));
#5810 = PCURVE('',#851,#5811);
#5811 = DEFINITIONAL_REPRESENTATION('',(#5812),#5816);
#5812 = LINE('',#5813,#5814);
#5813 = CARTESIAN_POINT('',(-4.440892098501E-15,-3.2));
#5814 = VECTOR('',#5815,1.);
#5815 = DIRECTION('',(1.,5.551115123126E-17));
#5816 = ( GEOMETRIC_REPRESENTATION_CONTEXT(2) 
PARAMETRIC_REPRESENTATION_CONTEXT() REPRESENTATION_CONTEXT('2D SPACE',''
  ) );
#5817 = PCURVE('',#879,#5818);
#5818 = DEFINITIONAL_REPRESENTATION('',(#5819),#5823);
#5819 = LINE('',#5820,#5821);
#5820 = CARTESIAN_POINT('',(73.964051471883,17.096780216756));
#5821 = VECTOR('',#5822,1.);
#5822 = DIRECTION('',(-1.,-2.775557561563E-17));
#5823 = ( GEOMETRIC_REPRESENTATION_CONTEXT(2) 
PARAMETRIC_REPRESENTATION_CONTEXT() REPRESENTATION_CONTEXT('2D SPACE',''
  ) );
#5824 = ORIENTED_EDGE('',*,*,#2912,.F.);
#5825 = ORIENTED_EDGE('',*,*,#5777,.F.);
#5826 = ADVANCED_FACE('',(#5827),#879,.T.);
#5827 = FACE_BOUND('',#5828,.T.);
#5828 = EDGE_LOOP('',(#5829,#5830,#5831,#5832));
#5829 = ORIENTED_EDGE('',*,*,#863,.T.);
#5830 = ORIENTED_EDGE('',*,*,#5804,.T.);
#5831 = ORIENTED_EDGE('',*,*,#2935,.T.);
#5832 = ORIENTED_EDGE('',*,*,#5749,.T.);
#5833 = ( GEOMETRIC_REPRESENTATION_CONTEXT(3) 
GLOBAL_UNCERTAINTY_ASSIGNED_CONTEXT((#5837)) 
GLOBAL_UNIT_ASSIGNED_CONTEXT((#5834,#5835,#5836)) REPRESENTATION_CONTEXT
('Context #1','3D Context with UNIT and UNCERTAINTY') );
#5834 = ( LENGTH_UNIT() NAMED_UNIT(*) SI_UNIT(.MILLI.,.METRE.) );
#5835 = ( NAMED_UNIT(*) PLANE_ANGLE_UNIT() SI_UNIT($,.RADIAN.) );
#5836 = ( NAMED_UNIT(*) SI_UNIT($,.STERADIAN.) SOLID_ANGLE_UNIT() );
#5837 = UNCERTAINTY_MEASURE_WITH_UNIT(LENGTH_MEASURE(1.E-07),#5834,
  'distance_accuracy_value','confusion accuracy');
#5838 = PRODUCT_RELATED_PRODUCT_CATEGORY('part',$,(#7));
ENDSEC;
END-ISO-10303-21;
