ISO-10303-21;
HEADER;
FILE_DESCRIPTION(('Open CASCADE Model'),'2;1');
FILE_NAME('Open CASCADE Shape Model','2026-01-01T00:00:00',('Author'),(
    'Open CASCADE'),'Open CASCADE STEP processor 7.9','Open CASCADE 7.9'
  ,'Unknown');
FILE_SCHEMA(('AUTOMOTIVE_DESIGN { 1 0 10303 214 1 1 1 1 }'));
ENDSEC;
DATA;
#1 = APPLICATION_PROTOCOL_DEFINITION('international standard',
  'automotive_design',2000,#2);
#2 = APPLICATION_CONTEXT(
  'core data for automotive mechanical design processes');
#3 = SHAPE_DEFINITION_REPRESENTATION(#4,#10);
#4 = PRODUCT_DEFINITION_SHAPE('','',#5);
#5 = PRODUCT_DEFINITION('design','',#6,#9);
#6 = PRODUCT_DEFINITION_FORMATION('','',#7);
#7 = PRODUCT('A_Lv2_0039',
  'A_Lv2_0039','',(#8));
#8 = PRODUCT_CONTEXT('',#2,'mechanical');
#9 = PRODUCT_DEFINITION_CONTEXT('part definition',#2,'design');
#10 = ADVANCED_BREP_SHAPE_REPRESENTATION('',(#11,#15),#3473);
#11 = AXIS2_PLACEMENT_3D('',#12,#13,#14);
#12 = CARTESIAN_POINT('',(0.,0.,0.));
#13 = DIRECTION('',(0.,0.,1.));
#14 = DIRECTION('',(1.,0.,-0.));
#15 = MANIFOLD_SOLID_BREP('',#16);
#16 = CLOSED_SHELL('',(#17,#137,#213,#289,#921,#1463,#1601,#1739,#1791,
    #1841,#1896,#1943,#1975,#2058,#2085,#2132,#2159,#2186,#2193,#2240,
    #2267,#2294,#2301,#2328,#2355,#2402,#2429,#2456,#2463,#2517,#2571,
    #2657,#2730,#2881,#2930,#2981,#3059,#3108,#3159,#3290,#3317,#3344,
    #3351,#3358,#3405,#3432,#3459,#3466));
#17 = ADVANCED_FACE('',(#18),#32,.F.);
#18 = FACE_BOUND('',#19,.F.);
#19 = EDGE_LOOP('',(#20,#55,#83,#111));
#20 = ORIENTED_EDGE('',*,*,#21,.T.);
#21 = EDGE_CURVE('',#22,#24,#26,.T.);
#22 = VERTEX_POINT('',#23);
#23 = CARTESIAN_POINT('',(-139.2558667435,104.37695428969,
    -4.095414178861));
#24 = VERTEX_POINT('',#25);
#25 = CARTESIAN_POINT('',(-139.8782611761,103.6905574458,-3.719269867506
    ));
#26 = SURFACE_CURVE('',#27,(#31,#43),.PCURVE_S1.);
#27 = LINE('',#28,#29);
#28 = CARTESIAN_POINT('',(-139.2558667435,104.37695428969,
    -4.095414178861));
#29 = VECTOR('',#30,1.);
#30 = DIRECTION('',(-0.622394432604,-0.686396843887,0.376144311355));
#31 = PCURVE('',#32,#37);
#32 = PLANE('',#33);
#33 = AXIS2_PLACEMENT_3D('',#34,#35,#36);
#34 = CARTESIAN_POINT('',(-139.2558667435,104.37695428969,
    -4.095414178861));
#35 = DIRECTION('',(-0.740805183696,0.361469951825,-0.566168838542));
#36 = DIRECTION('',(-0.252651637778,0.631029988693,0.733463225594));
#37 = DEFINITIONAL_REPRESENTATION('',(#38),#42);
#38 = LINE('',#39,#40);
#39 = CARTESIAN_POINT('',(0.,0.));
#40 = VECTOR('',#41,1.);
#41 = DIRECTION('',(1.665334536938E-16,-1.));
#42 = ( GEOMETRIC_REPRESENTATION_CONTEXT(2) 
PARAMETRIC_REPRESENTATION_CONTEXT() REPRESENTATION_CONTEXT('2D SPACE',''
  ) );
#43 = PCURVE('',#44,#49);
#44 = PLANE('',#45);
#45 = AXIS2_PLACEMENT_3D('',#46,#47,#48);
#46 = CARTESIAN_POINT('',(-336.6482327111,200.69297716218,
    -154.9547885954));
#47 = DIRECTION('',(-0.252651637778,0.631029988693,0.733463225594));
#48 = DIRECTION('',(0.740805183696,-0.361469951825,0.566168838542));
#49 = DEFINITIONAL_REPRESENTATION('',(#50),#54);
#50 = LINE('',#51,#52);
#51 = CARTESIAN_POINT('',(266.45651287525,1.42108547152E-14));
#52 = VECTOR('',#53,1.);
#53 = DIRECTION('',(-5.551115123126E-17,-1.));
#54 = ( GEOMETRIC_REPRESENTATION_CONTEXT(2) 
PARAMETRIC_REPRESENTATION_CONTEXT() REPRESENTATION_CONTEXT('2D SPACE',''
  ) );
#55 = ORIENTED_EDGE('',*,*,#56,.T.);
#56 = EDGE_CURVE('',#24,#57,#59,.T.);
#57 = VERTEX_POINT('',#58);
#58 = CARTESIAN_POINT('',(-178.7206429779,200.70440609822,
    109.04255070353));
#59 = SURFACE_CURVE('',#60,(#64,#71),.PCURVE_S1.);
#60 = LINE('',#61,#62);
#61 = CARTESIAN_POINT('',(-139.8782611761,103.6905574458,-3.719269867506
    ));
#62 = VECTOR('',#63,1.);
#63 = DIRECTION('',(-0.252651637778,0.631029988693,0.733463225594));
#64 = PCURVE('',#32,#65);
#65 = DEFINITIONAL_REPRESENTATION('',(#66),#70);
#66 = LINE('',#67,#68);
#67 = CARTESIAN_POINT('',(-3.330669073875E-15,-1.));
#68 = VECTOR('',#69,1.);
#69 = DIRECTION('',(1.,-1.665334536938E-16));
#70 = ( GEOMETRIC_REPRESENTATION_CONTEXT(2) 
PARAMETRIC_REPRESENTATION_CONTEXT() REPRESENTATION_CONTEXT('2D SPACE',''
  ) );
#71 = PCURVE('',#72,#77);
#72 = PLANE('',#73);
#73 = AXIS2_PLACEMENT_3D('',#74,#75,#76);
#74 = CARTESIAN_POINT('',(-257.9956350608,200.35549320825,-22.7680467903
    ));
#75 = DIRECTION('',(-0.622394432604,-0.686396843887,0.376144311355));
#76 = DIRECTION('',(0.740805183696,-0.361469951825,0.566168838542));
#77 = DEFINITIONAL_REPRESENTATION('',(#78),#82);
#78 = LINE('',#79,#80);
#79 = CARTESIAN_POINT('',(133.22825643762,-76.86944391773));
#80 = VECTOR('',#81,1.);
#81 = DIRECTION('',(5.551115123126E-17,1.));
#82 = ( GEOMETRIC_REPRESENTATION_CONTEXT(2) 
PARAMETRIC_REPRESENTATION_CONTEXT() REPRESENTATION_CONTEXT('2D SPACE',''
  ) );
#83 = ORIENTED_EDGE('',*,*,#84,.F.);
#84 = EDGE_CURVE('',#85,#57,#87,.T.);
#85 = VERTEX_POINT('',#86);
#86 = CARTESIAN_POINT('',(-178.0982485453,201.3908029421,108.66640639218
    ));
#87 = SURFACE_CURVE('',#88,(#92,#99),.PCURVE_S1.);
#88 = LINE('',#89,#90);
#89 = CARTESIAN_POINT('',(-178.0982485453,201.3908029421,108.66640639218
    ));
#90 = VECTOR('',#91,1.);
#91 = DIRECTION('',(-0.622394432604,-0.686396843887,0.376144311355));
#92 = PCURVE('',#32,#93);
#93 = DEFINITIONAL_REPRESENTATION('',(#94),#98);
#94 = LINE('',#95,#96);
#95 = CARTESIAN_POINT('',(153.73888783546,-2.13162820728E-14));
#96 = VECTOR('',#97,1.);
#97 = DIRECTION('',(1.665334536938E-16,-1.));
#98 = ( GEOMETRIC_REPRESENTATION_CONTEXT(2) 
PARAMETRIC_REPRESENTATION_CONTEXT() REPRESENTATION_CONTEXT('2D SPACE',''
  ) );
#99 = PCURVE('',#100,#105);
#100 = PLANE('',#101);
#101 = AXIS2_PLACEMENT_3D('',#102,#103,#104);
#102 = CARTESIAN_POINT('',(-178.0982485453,201.3908029421,
    108.66640639218));
#103 = DIRECTION('',(0.252651637778,-0.631029988693,-0.733463225594));
#104 = DIRECTION('',(-0.740805183696,0.361469951825,-0.566168838542));
#105 = DEFINITIONAL_REPRESENTATION('',(#106),#110);
#106 = LINE('',#107,#108);
#107 = CARTESIAN_POINT('',(0.,0.));
#108 = VECTOR('',#109,1.);
#109 = DIRECTION('',(5.551115123126E-17,-1.));
#110 = ( GEOMETRIC_REPRESENTATION_CONTEXT(2) 
PARAMETRIC_REPRESENTATION_CONTEXT() REPRESENTATION_CONTEXT('2D SPACE',''
  ) );
#111 = ORIENTED_EDGE('',*,*,#112,.F.);
#112 = EDGE_CURVE('',#22,#85,#113,.T.);
#113 = SURFACE_CURVE('',#114,(#118,#125),.PCURVE_S1.);
#114 = LINE('',#115,#116);
#115 = CARTESIAN_POINT('',(-139.2558667435,104.37695428969,
    -4.095414178861));
#116 = VECTOR('',#117,1.);
#117 = DIRECTION('',(-0.252651637778,0.631029988693,0.733463225594));
#118 = PCURVE('',#32,#119);
#119 = DEFINITIONAL_REPRESENTATION('',(#120),#124);
#120 = LINE('',#121,#122);
#121 = CARTESIAN_POINT('',(0.,0.));
#122 = VECTOR('',#123,1.);
#123 = DIRECTION('',(1.,-1.665334536938E-16));
#124 = ( GEOMETRIC_REPRESENTATION_CONTEXT(2) 
PARAMETRIC_REPRESENTATION_CONTEXT() REPRESENTATION_CONTEXT('2D SPACE',''
  ) );
#125 = PCURVE('',#126,#131);
#126 = PLANE('',#127);
#127 = AXIS2_PLACEMENT_3D('',#128,#129,#130);
#128 = CARTESIAN_POINT('',(-257.3732406282,201.04189005214,
    -23.14419110165));
#129 = DIRECTION('',(-0.622394432604,-0.686396843887,0.376144311355));
#130 = DIRECTION('',(0.740805183696,-0.361469951825,0.566168838542));
#131 = DEFINITIONAL_REPRESENTATION('',(#132),#136);
#132 = LINE('',#133,#134);
#133 = CARTESIAN_POINT('',(133.22825643762,-76.86944391773));
#134 = VECTOR('',#135,1.);
#135 = DIRECTION('',(5.551115123126E-17,1.));
#136 = ( GEOMETRIC_REPRESENTATION_CONTEXT(2) 
PARAMETRIC_REPRESENTATION_CONTEXT() REPRESENTATION_CONTEXT('2D SPACE',''
  ) );
#137 = ADVANCED_FACE('',(#138),#44,.F.);
#138 = FACE_BOUND('',#139,.F.);
#139 = EDGE_LOOP('',(#140,#163,#191,#212));
#140 = ORIENTED_EDGE('',*,*,#141,.F.);
#141 = EDGE_CURVE('',#142,#22,#144,.T.);
#142 = VERTEX_POINT('',#143);
#143 = CARTESIAN_POINT('',(-141.1078797027,105.28062916925,
    -5.510836275217));
#144 = SURFACE_CURVE('',#145,(#149,#156),.PCURVE_S1.);
#145 = LINE('',#146,#147);
#146 = CARTESIAN_POINT('',(-336.6482327111,200.69297716218,
    -154.9547885954));
#147 = VECTOR('',#148,1.);
#148 = DIRECTION('',(0.740805183696,-0.361469951825,0.566168838542));
#149 = PCURVE('',#44,#150);
#150 = DEFINITIONAL_REPRESENTATION('',(#151),#155);
#151 = LINE('',#152,#153);
#152 = CARTESIAN_POINT('',(0.,0.));
#153 = VECTOR('',#154,1.);
#154 = DIRECTION('',(1.,0.));
#155 = ( GEOMETRIC_REPRESENTATION_CONTEXT(2) 
PARAMETRIC_REPRESENTATION_CONTEXT() REPRESENTATION_CONTEXT('2D SPACE',''
  ) );
#156 = PCURVE('',#126,#157);
#157 = DEFINITIONAL_REPRESENTATION('',(#158),#162);
#158 = LINE('',#159,#160);
#159 = CARTESIAN_POINT('',(-133.2282564376,-76.86944391773));
#160 = VECTOR('',#161,1.);
#161 = DIRECTION('',(1.,5.551115123126E-17));
#162 = ( GEOMETRIC_REPRESENTATION_CONTEXT(2) 
PARAMETRIC_REPRESENTATION_CONTEXT() REPRESENTATION_CONTEXT('2D SPACE',''
  ) );
#163 = ORIENTED_EDGE('',*,*,#164,.F.);
#164 = EDGE_CURVE('',#165,#142,#167,.T.);
#165 = VERTEX_POINT('',#166);
#166 = CARTESIAN_POINT('',(-141.7302741353,104.59423232536,
    -5.134691963862));
#167 = SURFACE_CURVE('',#168,(#172,#179),.PCURVE_S1.);
#168 = LINE('',#169,#170);
#169 = CARTESIAN_POINT('',(-141.7302741353,104.59423232536,
    -5.134691963862));
#170 = VECTOR('',#171,1.);
#171 = DIRECTION('',(0.622394432604,0.686396843887,-0.376144311355));
#172 = PCURVE('',#44,#173);
#173 = DEFINITIONAL_REPRESENTATION('',(#174),#178);
#174 = LINE('',#175,#176);
#175 = CARTESIAN_POINT('',(263.95651287525,-1.));
#176 = VECTOR('',#177,1.);
#177 = DIRECTION('',(-2.775557561563E-17,1.));
#178 = ( GEOMETRIC_REPRESENTATION_CONTEXT(2) 
PARAMETRIC_REPRESENTATION_CONTEXT() REPRESENTATION_CONTEXT('2D SPACE',''
  ) );
#179 = PCURVE('',#180,#185);
#180 = PLANE('',#181);
#181 = AXIS2_PLACEMENT_3D('',#182,#183,#184);
#182 = CARTESIAN_POINT('',(-141.456234295,104.2880636513,-5.688733247524
    ));
#183 = DIRECTION('',(-0.740805183696,0.361469951825,-0.566168838542));
#184 = DIRECTION('',(-0.622394432604,-0.686396843887,0.376144311355));
#185 = DEFINITIONAL_REPRESENTATION('',(#186),#190);
#186 = LINE('',#187,#188);
#187 = CARTESIAN_POINT('',(0.168807136422,0.668807136422));
#188 = VECTOR('',#189,1.);
#189 = DIRECTION('',(-1.,-1.665334536938E-16));
#190 = ( GEOMETRIC_REPRESENTATION_CONTEXT(2) 
PARAMETRIC_REPRESENTATION_CONTEXT() REPRESENTATION_CONTEXT('2D SPACE',''
  ) );
#191 = ORIENTED_EDGE('',*,*,#192,.T.);
#192 = EDGE_CURVE('',#165,#24,#193,.T.);
#193 = SURFACE_CURVE('',#194,(#198,#205),.PCURVE_S1.);
#194 = LINE('',#195,#196);
#195 = CARTESIAN_POINT('',(-337.2706271437,200.00658031829,
    -154.5786442841));
#196 = VECTOR('',#197,1.);
#197 = DIRECTION('',(0.740805183696,-0.361469951825,0.566168838542));
#198 = PCURVE('',#44,#199);
#199 = DEFINITIONAL_REPRESENTATION('',(#200),#204);
#200 = LINE('',#201,#202);
#201 = CARTESIAN_POINT('',(-1.185163078787E-14,-1.));
#202 = VECTOR('',#203,1.);
#203 = DIRECTION('',(1.,0.));
#204 = ( GEOMETRIC_REPRESENTATION_CONTEXT(2) 
PARAMETRIC_REPRESENTATION_CONTEXT() REPRESENTATION_CONTEXT('2D SPACE',''
  ) );
#205 = PCURVE('',#72,#206);
#206 = DEFINITIONAL_REPRESENTATION('',(#207),#211);
#207 = LINE('',#208,#209);
#208 = CARTESIAN_POINT('',(-133.2282564376,-76.86944391773));
#209 = VECTOR('',#210,1.);
#210 = DIRECTION('',(1.,5.551115123126E-17));
#211 = ( GEOMETRIC_REPRESENTATION_CONTEXT(2) 
PARAMETRIC_REPRESENTATION_CONTEXT() REPRESENTATION_CONTEXT('2D SPACE',''
  ) );
#212 = ORIENTED_EDGE('',*,*,#21,.F.);
#213 = ADVANCED_FACE('',(#214),#100,.F.);
#214 = FACE_BOUND('',#215,.F.);
#215 = EDGE_LOOP('',(#216,#239,#240,#263));
#216 = ORIENTED_EDGE('',*,*,#217,.F.);
#217 = EDGE_CURVE('',#85,#218,#220,.T.);
#218 = VERTEX_POINT('',#219);
#219 = CARTESIAN_POINT('',(-180.6910666882,202.65594777349,
    106.68481545728));
#220 = SURFACE_CURVE('',#221,(#225,#232),.PCURVE_S1.);
#221 = LINE('',#222,#223);
#222 = CARTESIAN_POINT('',(-178.0982485453,201.3908029421,
    108.66640639218));
#223 = VECTOR('',#224,1.);
#224 = DIRECTION('',(-0.740805183696,0.361469951825,-0.566168838542));
#225 = PCURVE('',#100,#226);
#226 = DEFINITIONAL_REPRESENTATION('',(#227),#231);
#227 = LINE('',#228,#229);
#228 = CARTESIAN_POINT('',(0.,0.));
#229 = VECTOR('',#230,1.);
#230 = DIRECTION('',(1.,0.));
#231 = ( GEOMETRIC_REPRESENTATION_CONTEXT(2) 
PARAMETRIC_REPRESENTATION_CONTEXT() REPRESENTATION_CONTEXT('2D SPACE',''
  ) );
#232 = PCURVE('',#126,#233);
#233 = DEFINITIONAL_REPRESENTATION('',(#234),#238);
#234 = LINE('',#235,#236);
#235 = CARTESIAN_POINT('',(133.22825643762,76.869443917734));
#236 = VECTOR('',#237,1.);
#237 = DIRECTION('',(-1.,-5.551115123126E-17));
#238 = ( GEOMETRIC_REPRESENTATION_CONTEXT(2) 
PARAMETRIC_REPRESENTATION_CONTEXT() REPRESENTATION_CONTEXT('2D SPACE',''
  ) );
#239 = ORIENTED_EDGE('',*,*,#84,.T.);
#240 = ORIENTED_EDGE('',*,*,#241,.T.);
#241 = EDGE_CURVE('',#57,#242,#244,.T.);
#242 = VERTEX_POINT('',#243);
#243 = CARTESIAN_POINT('',(-181.3134611208,201.9695509296,
    107.06095976863));
#244 = SURFACE_CURVE('',#245,(#249,#256),.PCURVE_S1.);
#245 = LINE('',#246,#247);
#246 = CARTESIAN_POINT('',(-178.7206429779,200.70440609822,
    109.04255070353));
#247 = VECTOR('',#248,1.);
#248 = DIRECTION('',(-0.740805183696,0.361469951825,-0.566168838542));
#249 = PCURVE('',#100,#250);
#250 = DEFINITIONAL_REPRESENTATION('',(#251),#255);
#251 = LINE('',#252,#253);
#252 = CARTESIAN_POINT('',(-6.439293542826E-15,-1.));
#253 = VECTOR('',#254,1.);
#254 = DIRECTION('',(1.,0.));
#255 = ( GEOMETRIC_REPRESENTATION_CONTEXT(2) 
PARAMETRIC_REPRESENTATION_CONTEXT() REPRESENTATION_CONTEXT('2D SPACE',''
  ) );
#256 = PCURVE('',#72,#257);
#257 = DEFINITIONAL_REPRESENTATION('',(#258),#262);
#258 = LINE('',#259,#260);
#259 = CARTESIAN_POINT('',(133.22825643762,76.869443917734));
#260 = VECTOR('',#261,1.);
#261 = DIRECTION('',(-1.,-5.551115123126E-17));
#262 = ( GEOMETRIC_REPRESENTATION_CONTEXT(2) 
PARAMETRIC_REPRESENTATION_CONTEXT() REPRESENTATION_CONTEXT('2D SPACE',''
  ) );
#263 = ORIENTED_EDGE('',*,*,#264,.T.);
#264 = EDGE_CURVE('',#242,#218,#265,.T.);
#265 = SURFACE_CURVE('',#266,(#270,#277),.PCURVE_S1.);
#266 = LINE('',#267,#268);
#267 = CARTESIAN_POINT('',(-181.3134611208,201.9695509296,
    107.06095976863));
#268 = VECTOR('',#269,1.);
#269 = DIRECTION('',(0.622394432604,0.686396843887,-0.376144311355));
#270 = PCURVE('',#100,#271);
#271 = DEFINITIONAL_REPRESENTATION('',(#272),#276);
#272 = LINE('',#273,#274);
#273 = CARTESIAN_POINT('',(3.5,-1.));
#274 = VECTOR('',#275,1.);
#275 = DIRECTION('',(-5.551115123126E-17,1.));
#276 = ( GEOMETRIC_REPRESENTATION_CONTEXT(2) 
PARAMETRIC_REPRESENTATION_CONTEXT() REPRESENTATION_CONTEXT('2D SPACE',''
  ) );
#277 = PCURVE('',#278,#283);
#278 = PLANE('',#279);
#279 = AXIS2_PLACEMENT_3D('',#280,#281,#282);
#280 = CARTESIAN_POINT('',(-181.7873147989,202.57804340242,
    108.06946636072));
#281 = DIRECTION('',(0.740805183696,-0.361469951825,0.566168838542));
#282 = DIRECTION('',(-0.622394432604,-0.686396843887,0.376144311355));
#283 = DEFINITIONAL_REPRESENTATION('',(#284),#288);
#284 = LINE('',#285,#286);
#285 = CARTESIAN_POINT('',(-0.256600595845,1.243399404155));
#286 = VECTOR('',#287,1.);
#287 = DIRECTION('',(-1.,1.665334536938E-16));
#288 = ( GEOMETRIC_REPRESENTATION_CONTEXT(2) 
PARAMETRIC_REPRESENTATION_CONTEXT() REPRESENTATION_CONTEXT('2D SPACE',''
  ) );
#289 = ADVANCED_FACE('',(#290,#489,#613,#727,#762,#797),#126,.F.);
#290 = FACE_BOUND('',#291,.F.);
#291 = EDGE_LOOP('',(#292,#293,#294,#322,#350,#378,#406,#434,#462,#488)
  );
#292 = ORIENTED_EDGE('',*,*,#112,.T.);
#293 = ORIENTED_EDGE('',*,*,#217,.T.);
#294 = ORIENTED_EDGE('',*,*,#295,.F.);
#295 = EDGE_CURVE('',#296,#218,#298,.T.);
#296 = VERTEX_POINT('',#297);
#297 = CARTESIAN_POINT('',(-372.8977963699,296.4416809832,
    -40.21137708955));
#298 = SURFACE_CURVE('',#299,(#303,#310),.PCURVE_S1.);
#299 = LINE('',#300,#301);
#300 = CARTESIAN_POINT('',(-372.8977963699,296.4416809832,
    -40.21137708955));
#301 = VECTOR('',#302,1.);
#302 = DIRECTION('',(0.740805183696,-0.361469951825,0.566168838542));
#303 = PCURVE('',#126,#304);
#304 = DEFINITIONAL_REPRESENTATION('',(#305),#309);
#305 = LINE('',#306,#307);
#306 = CARTESIAN_POINT('',(-129.7282564376,76.869443917734));
#307 = VECTOR('',#308,1.);
#308 = DIRECTION('',(1.,5.551115123126E-17));
#309 = ( GEOMETRIC_REPRESENTATION_CONTEXT(2) 
PARAMETRIC_REPRESENTATION_CONTEXT() REPRESENTATION_CONTEXT('2D SPACE',''
  ) );
#310 = PCURVE('',#311,#316);
#311 = CYLINDRICAL_SURFACE('',#312,2.5);
#312 = AXIS2_PLACEMENT_3D('',#313,#314,#315);
#313 = CARTESIAN_POINT('',(-374.4537824514,294.72568887348,
    -39.27101631116));
#314 = DIRECTION('',(-0.740805183696,0.361469951825,-0.566168838542));
#315 = DIRECTION('',(0.622394432604,0.686396843887,-0.376144311355));
#316 = DEFINITIONAL_REPRESENTATION('',(#317),#321);
#317 = LINE('',#318,#319);
#318 = CARTESIAN_POINT('',(-0.,0.));
#319 = VECTOR('',#320,1.);
#320 = DIRECTION('',(-0.,-1.));
#321 = ( GEOMETRIC_REPRESENTATION_CONTEXT(2) 
PARAMETRIC_REPRESENTATION_CONTEXT() REPRESENTATION_CONTEXT('2D SPACE',''
  ) );
#322 = ORIENTED_EDGE('',*,*,#323,.T.);
#323 = EDGE_CURVE('',#296,#324,#326,.T.);
#324 = VERTEX_POINT('',#325);
#325 = CARTESIAN_POINT('',(-375.4906145129,297.70682581459,
    -42.19296802445));
#326 = SURFACE_CURVE('',#327,(#331,#338),.PCURVE_S1.);
#327 = LINE('',#328,#329);
#328 = CARTESIAN_POINT('',(-178.0982485453,201.3908029421,
    108.66640639218));
#329 = VECTOR('',#330,1.);
#330 = DIRECTION('',(-0.740805183696,0.361469951825,-0.566168838542));
#331 = PCURVE('',#126,#332);
#332 = DEFINITIONAL_REPRESENTATION('',(#333),#337);
#333 = LINE('',#334,#335);
#334 = CARTESIAN_POINT('',(133.22825643762,76.869443917734));
#335 = VECTOR('',#336,1.);
#336 = DIRECTION('',(-1.,-5.551115123126E-17));
#337 = ( GEOMETRIC_REPRESENTATION_CONTEXT(2) 
PARAMETRIC_REPRESENTATION_CONTEXT() REPRESENTATION_CONTEXT('2D SPACE',''
  ) );
#338 = PCURVE('',#339,#344);
#339 = PLANE('',#340);
#340 = AXIS2_PLACEMENT_3D('',#341,#342,#343);
#341 = CARTESIAN_POINT('',(-178.0982485453,201.3908029421,
    108.66640639218));
#342 = DIRECTION('',(0.252651637778,-0.631029988693,-0.733463225594));
#343 = DIRECTION('',(-0.740805183696,0.361469951825,-0.566168838542));
#344 = DEFINITIONAL_REPRESENTATION('',(#345),#349);
#345 = LINE('',#346,#347);
#346 = CARTESIAN_POINT('',(0.,0.));
#347 = VECTOR('',#348,1.);
#348 = DIRECTION('',(1.,0.));
#349 = ( GEOMETRIC_REPRESENTATION_CONTEXT(2) 
PARAMETRIC_REPRESENTATION_CONTEXT() REPRESENTATION_CONTEXT('2D SPACE',''
  ) );
#350 = ORIENTED_EDGE('',*,*,#351,.T.);
#351 = EDGE_CURVE('',#324,#352,#354,.T.);
#352 = VERTEX_POINT('',#353);
#353 = CARTESIAN_POINT('',(-374.6063337806,295.49822085417,
    -44.76008931403));
#354 = SURFACE_CURVE('',#355,(#359,#366),.PCURVE_S1.);
#355 = LINE('',#356,#357);
#356 = CARTESIAN_POINT('',(-375.4906145129,297.70682581459,
    -42.19296802445));
#357 = VECTOR('',#358,1.);
#358 = DIRECTION('',(0.252651637778,-0.631029988693,-0.733463225594));
#359 = PCURVE('',#126,#360);
#360 = DEFINITIONAL_REPRESENTATION('',(#361),#365);
#361 = LINE('',#362,#363);
#362 = CARTESIAN_POINT('',(-133.2282564376,76.869443917734));
#363 = VECTOR('',#364,1.);
#364 = DIRECTION('',(-5.551115123126E-17,-1.));
#365 = ( GEOMETRIC_REPRESENTATION_CONTEXT(2) 
PARAMETRIC_REPRESENTATION_CONTEXT() REPRESENTATION_CONTEXT('2D SPACE',''
  ) );
#366 = PCURVE('',#367,#372);
#367 = PLANE('',#368);
#368 = AXIS2_PLACEMENT_3D('',#369,#370,#371);
#369 = CARTESIAN_POINT('',(-375.4906145129,297.70682581459,
    -42.19296802445));
#370 = DIRECTION('',(0.740805183696,-0.361469951825,0.566168838542));
#371 = DIRECTION('',(0.252651637778,-0.631029988693,-0.733463225594));
#372 = DEFINITIONAL_REPRESENTATION('',(#373),#377);
#373 = LINE('',#374,#375);
#374 = CARTESIAN_POINT('',(0.,0.));
#375 = VECTOR('',#376,1.);
#376 = DIRECTION('',(1.,1.665334536938E-16));
#377 = ( GEOMETRIC_REPRESENTATION_CONTEXT(2) 
PARAMETRIC_REPRESENTATION_CONTEXT() REPRESENTATION_CONTEXT('2D SPACE',''
  ) );
#378 = ORIENTED_EDGE('',*,*,#379,.F.);
#379 = EDGE_CURVE('',#380,#352,#382,.T.);
#380 = VERTEX_POINT('',#381);
#381 = CARTESIAN_POINT('',(-337.5325134433,202.9015821226,
    -152.3876673059));
#382 = SURFACE_CURVE('',#383,(#387,#394),.PCURVE_S1.);
#383 = LINE('',#384,#385);
#384 = CARTESIAN_POINT('',(-337.5325134433,202.9015821226,
    -152.3876673059));
#385 = VECTOR('',#386,1.);
#386 = DIRECTION('',(-0.252651637778,0.631029988693,0.733463225594));
#387 = PCURVE('',#126,#388);
#388 = DEFINITIONAL_REPRESENTATION('',(#389),#393);
#389 = LINE('',#390,#391);
#390 = CARTESIAN_POINT('',(-133.2282564376,-73.36944391773));
#391 = VECTOR('',#392,1.);
#392 = DIRECTION('',(5.551115123126E-17,1.));
#393 = ( GEOMETRIC_REPRESENTATION_CONTEXT(2) 
PARAMETRIC_REPRESENTATION_CONTEXT() REPRESENTATION_CONTEXT('2D SPACE',''
  ) );
#394 = PCURVE('',#395,#400);
#395 = CYLINDRICAL_SURFACE('',#396,2.5);
#396 = AXIS2_PLACEMENT_3D('',#397,#398,#399);
#397 = CARTESIAN_POINT('',(-339.0884995248,201.18559001288,
    -151.4473065275));
#398 = DIRECTION('',(0.252651637778,-0.631029988693,-0.733463225594));
#399 = DIRECTION('',(0.622394432604,0.686396843887,-0.376144311355));
#400 = DEFINITIONAL_REPRESENTATION('',(#401),#405);
#401 = LINE('',#402,#403);
#402 = CARTESIAN_POINT('',(-0.,0.));
#403 = VECTOR('',#404,1.);
#404 = DIRECTION('',(-0.,-1.));
#405 = ( GEOMETRIC_REPRESENTATION_CONTEXT(2) 
PARAMETRIC_REPRESENTATION_CONTEXT() REPRESENTATION_CONTEXT('2D SPACE',''
  ) );
#406 = ORIENTED_EDGE('',*,*,#407,.T.);
#407 = EDGE_CURVE('',#380,#408,#410,.T.);
#408 = VERTEX_POINT('',#409);
#409 = CARTESIAN_POINT('',(-336.6482327111,200.69297716218,
    -154.9547885954));
#410 = SURFACE_CURVE('',#411,(#415,#422),.PCURVE_S1.);
#411 = LINE('',#412,#413);
#412 = CARTESIAN_POINT('',(-375.4906145129,297.70682581459,
    -42.19296802445));
#413 = VECTOR('',#414,1.);
#414 = DIRECTION('',(0.252651637778,-0.631029988693,-0.733463225594));
#415 = PCURVE('',#126,#416);
#416 = DEFINITIONAL_REPRESENTATION('',(#417),#421);
#417 = LINE('',#418,#419);
#418 = CARTESIAN_POINT('',(-133.2282564376,76.869443917734));
#419 = VECTOR('',#420,1.);
#420 = DIRECTION('',(-5.551115123126E-17,-1.));
#421 = ( GEOMETRIC_REPRESENTATION_CONTEXT(2) 
PARAMETRIC_REPRESENTATION_CONTEXT() REPRESENTATION_CONTEXT('2D SPACE',''
  ) );
#422 = PCURVE('',#423,#428);
#423 = PLANE('',#424);
#424 = AXIS2_PLACEMENT_3D('',#425,#426,#427);
#425 = CARTESIAN_POINT('',(-375.4906145129,297.70682581459,
    -42.19296802445));
#426 = DIRECTION('',(0.740805183696,-0.361469951825,0.566168838542));
#427 = DIRECTION('',(0.252651637778,-0.631029988693,-0.733463225594));
#428 = DEFINITIONAL_REPRESENTATION('',(#429),#433);
#429 = LINE('',#430,#431);
#430 = CARTESIAN_POINT('',(0.,0.));
#431 = VECTOR('',#432,1.);
#432 = DIRECTION('',(1.,1.665334536938E-16));
#433 = ( GEOMETRIC_REPRESENTATION_CONTEXT(2) 
PARAMETRIC_REPRESENTATION_CONTEXT() REPRESENTATION_CONTEXT('2D SPACE',''
  ) );
#434 = ORIENTED_EDGE('',*,*,#435,.T.);
#435 = EDGE_CURVE('',#408,#436,#438,.T.);
#436 = VERTEX_POINT('',#437);
#437 = CARTESIAN_POINT('',(-334.7962197518,199.78930228261,
    -153.5393664991));
#438 = SURFACE_CURVE('',#439,(#443,#450),.PCURVE_S1.);
#439 = LINE('',#440,#441);
#440 = CARTESIAN_POINT('',(-336.6482327111,200.69297716218,
    -154.9547885954));
#441 = VECTOR('',#442,1.);
#442 = DIRECTION('',(0.740805183696,-0.361469951825,0.566168838542));
#443 = PCURVE('',#126,#444);
#444 = DEFINITIONAL_REPRESENTATION('',(#445),#449);
#445 = LINE('',#446,#447);
#446 = CARTESIAN_POINT('',(-133.2282564376,-76.86944391773));
#447 = VECTOR('',#448,1.);
#448 = DIRECTION('',(1.,5.551115123126E-17));
#449 = ( GEOMETRIC_REPRESENTATION_CONTEXT(2) 
PARAMETRIC_REPRESENTATION_CONTEXT() REPRESENTATION_CONTEXT('2D SPACE',''
  ) );
#450 = PCURVE('',#451,#456);
#451 = PLANE('',#452);
#452 = AXIS2_PLACEMENT_3D('',#453,#454,#455);
#453 = CARTESIAN_POINT('',(-336.6482327111,200.69297716218,
    -154.9547885954));
#454 = DIRECTION('',(-0.252651637778,0.631029988693,0.733463225594));
#455 = DIRECTION('',(0.740805183696,-0.361469951825,0.566168838542));
#456 = DEFINITIONAL_REPRESENTATION('',(#457),#461);
#457 = LINE('',#458,#459);
#458 = CARTESIAN_POINT('',(0.,0.));
#459 = VECTOR('',#460,1.);
#460 = DIRECTION('',(1.,0.));
#461 = ( GEOMETRIC_REPRESENTATION_CONTEXT(2) 
PARAMETRIC_REPRESENTATION_CONTEXT() REPRESENTATION_CONTEXT('2D SPACE',''
  ) );
#462 = ORIENTED_EDGE('',*,*,#463,.F.);
#463 = EDGE_CURVE('',#142,#436,#464,.T.);
#464 = SURFACE_CURVE('',#465,(#469,#476),.PCURVE_S1.);
#465 = LINE('',#466,#467);
#466 = CARTESIAN_POINT('',(-141.1078797027,105.28062916925,
    -5.510836275217));
#467 = VECTOR('',#468,1.);
#468 = DIRECTION('',(-0.740805183696,0.361469951825,-0.566168838542));
#469 = PCURVE('',#126,#470);
#470 = DEFINITIONAL_REPRESENTATION('',(#471),#475);
#471 = LINE('',#472,#473);
#472 = CARTESIAN_POINT('',(130.72825643762,-76.86944391773));
#473 = VECTOR('',#474,1.);
#474 = DIRECTION('',(-1.,-5.551115123126E-17));
#475 = ( GEOMETRIC_REPRESENTATION_CONTEXT(2) 
PARAMETRIC_REPRESENTATION_CONTEXT() REPRESENTATION_CONTEXT('2D SPACE',''
  ) );
#476 = PCURVE('',#477,#482);
#477 = CYLINDRICAL_SURFACE('',#478,1.5);
#478 = AXIS2_PLACEMENT_3D('',#479,#480,#481);
#479 = CARTESIAN_POINT('',(-142.0414713516,104.25103390342,
    -4.946619808184));
#480 = DIRECTION('',(0.740805183696,-0.361469951825,0.566168838542));
#481 = DIRECTION('',(0.622394432604,0.686396843887,-0.376144311355));
#482 = DEFINITIONAL_REPRESENTATION('',(#483),#487);
#483 = LINE('',#484,#485);
#484 = CARTESIAN_POINT('',(-0.,0.));
#485 = VECTOR('',#486,1.);
#486 = DIRECTION('',(-0.,-1.));
#487 = ( GEOMETRIC_REPRESENTATION_CONTEXT(2) 
PARAMETRIC_REPRESENTATION_CONTEXT() REPRESENTATION_CONTEXT('2D SPACE',''
  ) );
#488 = ORIENTED_EDGE('',*,*,#141,.T.);
#489 = FACE_BOUND('',#490,.F.);
#490 = EDGE_LOOP('',(#491,#521,#554,#582));
#491 = ORIENTED_EDGE('',*,*,#492,.F.);
#492 = EDGE_CURVE('',#493,#495,#497,.T.);
#493 = VERTEX_POINT('',#494);
#494 = CARTESIAN_POINT('',(-282.5218146497,189.95835791498,
    -84.98224962026));
#495 = VERTEX_POINT('',#496);
#496 = CARTESIAN_POINT('',(-304.3014870504,200.58557449863,
    -101.6276134734));
#497 = SURFACE_CURVE('',#498,(#502,#509),.PCURVE_S1.);
#498 = LINE('',#499,#500);
#499 = CARTESIAN_POINT('',(-275.0268619424,186.30125581354,
    -79.25414625026));
#500 = VECTOR('',#501,1.);
#501 = DIRECTION('',(-0.740805183696,0.361469951825,-0.566168838542));
#502 = PCURVE('',#126,#503);
#503 = DEFINITIONAL_REPRESENTATION('',(#504),#508);
#504 = LINE('',#505,#506);
#505 = CARTESIAN_POINT('',(-39.51730596962,-45.99615461039));
#506 = VECTOR('',#507,1.);
#507 = DIRECTION('',(-1.,-5.551115123126E-17));
#508 = ( GEOMETRIC_REPRESENTATION_CONTEXT(2) 
PARAMETRIC_REPRESENTATION_CONTEXT() REPRESENTATION_CONTEXT('2D SPACE',''
  ) );
#509 = PCURVE('',#510,#515);
#510 = PLANE('',#511);
#511 = AXIS2_PLACEMENT_3D('',#512,#513,#514);
#512 = CARTESIAN_POINT('',(-303.6790926178,201.27197134252,
    -102.0037577847));
#513 = DIRECTION('',(-0.252651637778,0.631029988693,0.733463225594));
#514 = DIRECTION('',(0.740805183696,-0.361469951825,0.566168838542));
#515 = DEFINITIONAL_REPRESENTATION('',(#516),#520);
#516 = LINE('',#517,#518);
#517 = CARTESIAN_POINT('',(39.517305969624,-1.));
#518 = VECTOR('',#519,1.);
#519 = DIRECTION('',(-1.,0.));
#520 = ( GEOMETRIC_REPRESENTATION_CONTEXT(2) 
PARAMETRIC_REPRESENTATION_CONTEXT() REPRESENTATION_CONTEXT('2D SPACE',''
  ) );
#521 = ORIENTED_EDGE('',*,*,#522,.T.);
#522 = EDGE_CURVE('',#493,#523,#525,.T.);
#523 = VERTEX_POINT('',#524);
#524 = CARTESIAN_POINT('',(-279.6390594627,182.75830574399,
    -93.35106502429));
#525 = SURFACE_CURVE('',#526,(#531,#542),.PCURVE_S1.);
#526 = CIRCLE('',#527,5.705);
#527 = AXIS2_PLACEMENT_3D('',#528,#529,#530);
#528 = CARTESIAN_POINT('',(-281.0804370562,186.35833182948,
    -89.16665732228));
#529 = DIRECTION('',(0.622394432604,0.686396843887,-0.376144311355));
#530 = DIRECTION('',(-0.252651637778,0.631029988693,0.733463225594));
#531 = PCURVE('',#126,#532);
#532 = DEFINITIONAL_REPRESENTATION('',(#533),#541);
#533 = ( BOUNDED_CURVE() B_SPLINE_CURVE(2,(#534,#535,#536,#537,#538,#539
,#540),.UNSPECIFIED.,.T.,.F.) B_SPLINE_CURVE_WITH_KNOTS((1,2,2,2,2,1),(
    -2.094395102393,0.,2.094395102393,4.188790204786,6.28318530718,
8.377580409573),.UNSPECIFIED.) CURVE() GEOMETRIC_REPRESENTATION_ITEM() 
RATIONAL_B_SPLINE_CURVE((1.,0.5,1.,0.5,1.,0.5,1.)) REPRESENTATION_ITEM(
  '') );
#534 = CARTESIAN_POINT('',(-49.63461193924,-45.99615461039));
#535 = CARTESIAN_POINT('',(-39.75326208206,-45.99615461039));
#536 = CARTESIAN_POINT('',(-44.69393701065,-54.55365461039));
#537 = CARTESIAN_POINT('',(-49.63461193924,-63.11115461039));
#538 = CARTESIAN_POINT('',(-54.57528686783,-54.55365461039));
#539 = CARTESIAN_POINT('',(-59.51596179642,-45.99615461039));
#540 = CARTESIAN_POINT('',(-49.63461193924,-45.99615461039));
#541 = ( GEOMETRIC_REPRESENTATION_CONTEXT(2) 
PARAMETRIC_REPRESENTATION_CONTEXT() REPRESENTATION_CONTEXT('2D SPACE',''
  ) );
#542 = PCURVE('',#543,#548);
#543 = CYLINDRICAL_SURFACE('',#544,5.705);
#544 = AXIS2_PLACEMENT_3D('',#545,#546,#547);
#545 = CARTESIAN_POINT('',(-280.4580426236,187.04472867337,
    -89.54280163363));
#546 = DIRECTION('',(0.622394432604,0.686396843887,-0.376144311355));
#547 = DIRECTION('',(-0.252651637778,0.631029988693,0.733463225594));
#548 = DEFINITIONAL_REPRESENTATION('',(#549),#553);
#549 = LINE('',#550,#551);
#550 = CARTESIAN_POINT('',(0.,-1.));
#551 = VECTOR('',#552,1.);
#552 = DIRECTION('',(1.,0.));
#553 = ( GEOMETRIC_REPRESENTATION_CONTEXT(2) 
PARAMETRIC_REPRESENTATION_CONTEXT() REPRESENTATION_CONTEXT('2D SPACE',''
  ) );
#554 = ORIENTED_EDGE('',*,*,#555,.F.);
#555 = EDGE_CURVE('',#556,#523,#558,.T.);
#556 = VERTEX_POINT('',#557);
#557 = CARTESIAN_POINT('',(-301.4187318633,193.38552232765,
    -109.9964288774));
#558 = SURFACE_CURVE('',#559,(#563,#570),.PCURVE_S1.);
#559 = LINE('',#560,#561);
#560 = CARTESIAN_POINT('',(-261.254270555,173.78759535073,
    -79.30027972772));
#561 = VECTOR('',#562,1.);
#562 = DIRECTION('',(0.740805183696,-0.361469951825,0.566168838542));
#563 = PCURVE('',#126,#564);
#564 = DEFINITIONAL_REPRESENTATION('',(#565),#569);
#565 = LINE('',#566,#567);
#566 = CARTESIAN_POINT('',(-24.81730596962,-57.40615461039));
#567 = VECTOR('',#568,1.);
#568 = DIRECTION('',(1.,5.551115123126E-17));
#569 = ( GEOMETRIC_REPRESENTATION_CONTEXT(2) 
PARAMETRIC_REPRESENTATION_CONTEXT() REPRESENTATION_CONTEXT('2D SPACE',''
  ) );
#570 = PCURVE('',#571,#576);
#571 = PLANE('',#572);
#572 = AXIS2_PLACEMENT_3D('',#573,#574,#575);
#573 = CARTESIAN_POINT('',(-279.0166650301,183.44470258788,
    -93.72720933565));
#574 = DIRECTION('',(0.252651637778,-0.631029988693,-0.733463225594));
#575 = DIRECTION('',(-0.740805183696,0.361469951825,-0.566168838542));
#576 = DEFINITIONAL_REPRESENTATION('',(#577),#581);
#577 = LINE('',#578,#579);
#578 = CARTESIAN_POINT('',(-24.81730596962,-1.));
#579 = VECTOR('',#580,1.);
#580 = DIRECTION('',(-1.,0.));
#581 = ( GEOMETRIC_REPRESENTATION_CONTEXT(2) 
PARAMETRIC_REPRESENTATION_CONTEXT() REPRESENTATION_CONTEXT('2D SPACE',''
  ) );
#582 = ORIENTED_EDGE('',*,*,#583,.T.);
#583 = EDGE_CURVE('',#556,#495,#584,.T.);
#584 = SURFACE_CURVE('',#585,(#590,#601),.PCURVE_S1.);
#585 = CIRCLE('',#586,5.705);
#586 = AXIS2_PLACEMENT_3D('',#587,#588,#589);
#587 = CARTESIAN_POINT('',(-302.8601094568,196.98554841314,
    -105.8120211754));
#588 = DIRECTION('',(0.622394432604,0.686396843887,-0.376144311355));
#589 = DIRECTION('',(0.252651637778,-0.631029988693,-0.733463225594));
#590 = PCURVE('',#126,#591);
#591 = DEFINITIONAL_REPRESENTATION('',(#592),#600);
#592 = ( BOUNDED_CURVE() B_SPLINE_CURVE(2,(#593,#594,#595,#596,#597,#598
,#599),.UNSPECIFIED.,.T.,.F.) B_SPLINE_CURVE_WITH_KNOTS((1,2,2,2,2,1),(
    -2.094395102393,0.,2.094395102393,4.188790204786,6.28318530718,
8.377580409573),.UNSPECIFIED.) CURVE() GEOMETRIC_REPRESENTATION_ITEM() 
RATIONAL_B_SPLINE_CURVE((1.,0.5,1.,0.5,1.,0.5,1.)) REPRESENTATION_ITEM(
  '') );
#593 = CARTESIAN_POINT('',(-79.03461193924,-57.40615461039));
#594 = CARTESIAN_POINT('',(-88.91596179642,-57.40615461039));
#595 = CARTESIAN_POINT('',(-83.97528686783,-48.84865461039));
#596 = CARTESIAN_POINT('',(-79.03461193924,-40.29115461039));
#597 = CARTESIAN_POINT('',(-74.09393701065,-48.84865461039));
#598 = CARTESIAN_POINT('',(-69.15326208206,-57.40615461039));
#599 = CARTESIAN_POINT('',(-79.03461193924,-57.40615461039));
#600 = ( GEOMETRIC_REPRESENTATION_CONTEXT(2) 
PARAMETRIC_REPRESENTATION_CONTEXT() REPRESENTATION_CONTEXT('2D SPACE',''
  ) );
#601 = PCURVE('',#602,#607);
#602 = CYLINDRICAL_SURFACE('',#603,5.705);
#603 = AXIS2_PLACEMENT_3D('',#604,#605,#606);
#604 = CARTESIAN_POINT('',(-302.2377150242,197.67194525703,
    -106.1881654867));
#605 = DIRECTION('',(0.622394432604,0.686396843887,-0.376144311355));
#606 = DIRECTION('',(0.252651637778,-0.631029988693,-0.733463225594));
#607 = DEFINITIONAL_REPRESENTATION('',(#608),#612);
#608 = LINE('',#609,#610);
#609 = CARTESIAN_POINT('',(0.,-1.));
#610 = VECTOR('',#611,1.);
#611 = DIRECTION('',(1.,0.));
#612 = ( GEOMETRIC_REPRESENTATION_CONTEXT(2) 
PARAMETRIC_REPRESENTATION_CONTEXT() REPRESENTATION_CONTEXT('2D SPACE',''
  ) );
#613 = FACE_BOUND('',#614,.F.);
#614 = EDGE_LOOP('',(#615,#645,#673,#701));
#615 = ORIENTED_EDGE('',*,*,#616,.T.);
#616 = EDGE_CURVE('',#617,#619,#621,.T.);
#617 = VERTEX_POINT('',#618);
#618 = CARTESIAN_POINT('',(-294.9070548722,230.24064830788,
    -31.96767030246));
#619 = VERTEX_POINT('',#620);
#620 = CARTESIAN_POINT('',(-293.5250504136,226.78891426973,
    -35.97971414646));
#621 = SURFACE_CURVE('',#622,(#626,#633),.PCURVE_S1.);
#622 = LINE('',#623,#624);
#623 = CARTESIAN_POINT('',(-291.5080598507,221.75122069586,
    -41.83516165997));
#624 = VECTOR('',#625,1.);
#625 = DIRECTION('',(0.252651637778,-0.631029988693,-0.733463225594));
#626 = PCURVE('',#126,#627);
#627 = DEFINITIONAL_REPRESENTATION('',(#628),#632);
#628 = LINE('',#629,#630);
#629 = CARTESIAN_POINT('',(-43.35529686696,7.98328710859));
#630 = VECTOR('',#631,1.);
#631 = DIRECTION('',(-5.551115123126E-17,-1.));
#632 = ( GEOMETRIC_REPRESENTATION_CONTEXT(2) 
PARAMETRIC_REPRESENTATION_CONTEXT() REPRESENTATION_CONTEXT('2D SPACE',''
  ) );
#633 = PCURVE('',#634,#639);
#634 = PLANE('',#635);
#635 = AXIS2_PLACEMENT_3D('',#636,#637,#638);
#636 = CARTESIAN_POINT('',(-292.902655981,227.47531111361,
    -36.35585845782));
#637 = DIRECTION('',(-0.740805183696,0.361469951825,-0.566168838542));
#638 = DIRECTION('',(-0.252651637778,0.631029988693,0.733463225594));
#639 = DEFINITIONAL_REPRESENTATION('',(#640),#644);
#640 = LINE('',#641,#642);
#641 = CARTESIAN_POINT('',(-7.98328710859,-1.));
#642 = VECTOR('',#643,1.);
#643 = DIRECTION('',(-1.,1.665334536938E-16));
#644 = ( GEOMETRIC_REPRESENTATION_CONTEXT(2) 
PARAMETRIC_REPRESENTATION_CONTEXT() REPRESENTATION_CONTEXT('2D SPACE',''
  ) );
#645 = ORIENTED_EDGE('',*,*,#646,.T.);
#646 = EDGE_CURVE('',#619,#647,#649,.T.);
#647 = VERTEX_POINT('',#648);
#648 = CARTESIAN_POINT('',(-322.631286081,240.99106867693,
    -58.22448781279));
#649 = SURFACE_CURVE('',#650,(#654,#661),.PCURVE_S1.);
#650 = LINE('',#651,#652);
#651 = CARTESIAN_POINT('',(-292.0192539174,226.0541729384,
    -34.82889194371));
#652 = VECTOR('',#653,1.);
#653 = DIRECTION('',(-0.740805183696,0.361469951825,-0.566168838542));
#654 = PCURVE('',#126,#655);
#655 = DEFINITIONAL_REPRESENTATION('',(#656),#660);
#656 = LINE('',#657,#658);
#657 = CARTESIAN_POINT('',(-41.32264843348,15.96657421718));
#658 = VECTOR('',#659,1.);
#659 = DIRECTION('',(-1.,-5.551115123126E-17));
#660 = ( GEOMETRIC_REPRESENTATION_CONTEXT(2) 
PARAMETRIC_REPRESENTATION_CONTEXT() REPRESENTATION_CONTEXT('2D SPACE',''
  ) );
#661 = PCURVE('',#662,#667);
#662 = PLANE('',#663);
#663 = AXIS2_PLACEMENT_3D('',#664,#665,#666);
#664 = CARTESIAN_POINT('',(-322.0088916484,241.67746552082,
    -58.60063212415));
#665 = DIRECTION('',(-0.252651637778,0.631029988693,0.733463225594));
#666 = DIRECTION('',(0.740805183696,-0.361469951825,0.566168838542));
#667 = DEFINITIONAL_REPRESENTATION('',(#668),#672);
#668 = LINE('',#669,#670);
#669 = CARTESIAN_POINT('',(41.322648433483,-1.));
#670 = VECTOR('',#671,1.);
#671 = DIRECTION('',(-1.,0.));
#672 = ( GEOMETRIC_REPRESENTATION_CONTEXT(2) 
PARAMETRIC_REPRESENTATION_CONTEXT() REPRESENTATION_CONTEXT('2D SPACE',''
  ) );
#673 = ORIENTED_EDGE('',*,*,#674,.T.);
#674 = EDGE_CURVE('',#647,#675,#677,.T.);
#675 = VERTEX_POINT('',#676);
#676 = CARTESIAN_POINT('',(-324.0132905396,244.44280271508,
    -54.21244396879));
#677 = SURFACE_CURVE('',#678,(#682,#689),.PCURVE_S1.);
#678 = LINE('',#679,#680);
#679 = CARTESIAN_POINT('',(-321.3052977475,237.67924212215,
    -62.0739134043));
#680 = VECTOR('',#681,1.);
#681 = DIRECTION('',(-0.252651637778,0.631029988693,0.733463225594));
#682 = PCURVE('',#126,#683);
#683 = DEFINITIONAL_REPRESENTATION('',(#684),#688);
#684 = LINE('',#685,#686);
#685 = CARTESIAN_POINT('',(-82.64529686696,10.71828710859));
#686 = VECTOR('',#687,1.);
#687 = DIRECTION('',(5.551115123126E-17,1.));
#688 = ( GEOMETRIC_REPRESENTATION_CONTEXT(2) 
PARAMETRIC_REPRESENTATION_CONTEXT() REPRESENTATION_CONTEXT('2D SPACE',''
  ) );
#689 = PCURVE('',#690,#695);
#690 = PLANE('',#691);
#691 = AXIS2_PLACEMENT_3D('',#692,#693,#694);
#692 = CARTESIAN_POINT('',(-323.390896107,245.12919955897,
    -54.58858828015));
#693 = DIRECTION('',(0.740805183696,-0.361469951825,0.566168838542));
#694 = DIRECTION('',(0.252651637778,-0.631029988693,-0.733463225594));
#695 = DEFINITIONAL_REPRESENTATION('',(#696),#700);
#696 = LINE('',#697,#698);
#697 = CARTESIAN_POINT('',(10.71828710859,-1.));
#698 = VECTOR('',#699,1.);
#699 = DIRECTION('',(-1.,-1.665334536938E-16));
#700 = ( GEOMETRIC_REPRESENTATION_CONTEXT(2) 
PARAMETRIC_REPRESENTATION_CONTEXT() REPRESENTATION_CONTEXT('2D SPACE',''
  ) );
#701 = ORIENTED_EDGE('',*,*,#702,.T.);
#702 = EDGE_CURVE('',#675,#617,#703,.T.);
#703 = SURFACE_CURVE('',#704,(#708,#715),.PCURVE_S1.);
#704 = LINE('',#705,#706);
#705 = CARTESIAN_POINT('',(-278.8481405424,222.40482977294,
    -19.69446126655));
#706 = VECTOR('',#707,1.);
#707 = DIRECTION('',(0.740805183696,-0.361469951825,0.566168838542));
#708 = PCURVE('',#126,#709);
#709 = DEFINITIONAL_REPRESENTATION('',(#710),#714);
#710 = LINE('',#711,#712);
#711 = CARTESIAN_POINT('',(-21.67764843348,21.43657421718));
#712 = VECTOR('',#713,1.);
#713 = DIRECTION('',(1.,5.551115123126E-17));
#714 = ( GEOMETRIC_REPRESENTATION_CONTEXT(2) 
PARAMETRIC_REPRESENTATION_CONTEXT() REPRESENTATION_CONTEXT('2D SPACE',''
  ) );
#715 = PCURVE('',#716,#721);
#716 = PLANE('',#717);
#717 = AXIS2_PLACEMENT_3D('',#718,#719,#720);
#718 = CARTESIAN_POINT('',(-294.2846604396,230.92704515176,
    -32.34381461382));
#719 = DIRECTION('',(0.252651637778,-0.631029988693,-0.733463225594));
#720 = DIRECTION('',(-0.740805183696,0.361469951825,-0.566168838542));
#721 = DEFINITIONAL_REPRESENTATION('',(#722),#726);
#722 = LINE('',#723,#724);
#723 = CARTESIAN_POINT('',(-21.67764843348,-1.));
#724 = VECTOR('',#725,1.);
#725 = DIRECTION('',(-1.,0.));
#726 = ( GEOMETRIC_REPRESENTATION_CONTEXT(2) 
PARAMETRIC_REPRESENTATION_CONTEXT() REPRESENTATION_CONTEXT('2D SPACE',''
  ) );
#727 = FACE_BOUND('',#728,.F.);
#728 = EDGE_LOOP('',(#729));
#729 = ORIENTED_EDGE('',*,*,#730,.T.);
#730 = EDGE_CURVE('',#731,#731,#733,.T.);
#731 = VERTEX_POINT('',#732);
#732 = CARTESIAN_POINT('',(-306.2169835927,240.37854291095,
    -32.18199711031));
#733 = SURFACE_CURVE('',#734,(#739,#750),.PCURVE_S1.);
#734 = CIRCLE('',#735,3.425);
#735 = AXIS2_PLACEMENT_3D('',#736,#737,#738);
#736 = CARTESIAN_POINT('',(-308.7542413468,241.61657749595,
    -34.12112538232));
#737 = DIRECTION('',(0.622394432604,0.686396843887,-0.376144311355));
#738 = DIRECTION('',(0.740805183696,-0.361469951825,0.566168838542));
#739 = PCURVE('',#126,#740);
#740 = DEFINITIONAL_REPRESENTATION('',(#741),#749);
#741 = ( BOUNDED_CURVE() B_SPLINE_CURVE(2,(#742,#743,#744,#745,#746,#747
,#748),.UNSPECIFIED.,.T.,.F.) B_SPLINE_CURVE_WITH_KNOTS((1,2,2,2,2,1),(
    -2.094395102393,0.,2.094395102393,4.188790204786,6.28318530718,
8.377580409573),.UNSPECIFIED.) CURVE() GEOMETRIC_REPRESENTATION_ITEM() 
RATIONAL_B_SPLINE_CURVE((1.,0.5,1.,0.5,1.,0.5,1.)) REPRESENTATION_ITEM(
  '') );
#742 = CARTESIAN_POINT('',(-55.51964012394,30.534160916475));
#743 = CARTESIAN_POINT('',(-55.51964012394,24.601886900552));
#744 = CARTESIAN_POINT('',(-60.65714012394,27.568023908513));
#745 = CARTESIAN_POINT('',(-65.79464012394,30.534160916475));
#746 = CARTESIAN_POINT('',(-60.65714012394,33.500297924437));
#747 = CARTESIAN_POINT('',(-55.51964012394,36.466434932399));
#748 = CARTESIAN_POINT('',(-55.51964012394,30.534160916475));
#749 = ( GEOMETRIC_REPRESENTATION_CONTEXT(2) 
PARAMETRIC_REPRESENTATION_CONTEXT() REPRESENTATION_CONTEXT('2D SPACE',''
  ) );
#750 = PCURVE('',#751,#756);
#751 = CYLINDRICAL_SURFACE('',#752,3.425);
#752 = AXIS2_PLACEMENT_3D('',#753,#754,#755);
#753 = CARTESIAN_POINT('',(-308.1318469142,242.30297433983,
    -34.49726969368));
#754 = DIRECTION('',(0.622394432604,0.686396843887,-0.376144311355));
#755 = DIRECTION('',(0.740805183696,-0.361469951825,0.566168838542));
#756 = DEFINITIONAL_REPRESENTATION('',(#757),#761);
#757 = LINE('',#758,#759);
#758 = CARTESIAN_POINT('',(-6.28318530718,-1.));
#759 = VECTOR('',#760,1.);
#760 = DIRECTION('',(1.,-0.));
#761 = ( GEOMETRIC_REPRESENTATION_CONTEXT(2) 
PARAMETRIC_REPRESENTATION_CONTEXT() REPRESENTATION_CONTEXT('2D SPACE',''
  ) );
#762 = FACE_BOUND('',#763,.F.);
#763 = EDGE_LOOP('',(#764));
#764 = ORIENTED_EDGE('',*,*,#765,.T.);
#765 = EDGE_CURVE('',#766,#766,#768,.T.);
#766 = VERTEX_POINT('',#767);
#767 = CARTESIAN_POINT('',(-274.3503393265,243.36348526196,
    25.99375173231));
#768 = SURFACE_CURVE('',#769,(#774,#785),.PCURVE_S1.);
#769 = CIRCLE('',#770,4.825);
#770 = AXIS2_PLACEMENT_3D('',#771,#772,#773);
#771 = CARTESIAN_POINT('',(-277.9247243378,245.10757777952,
    23.261987086343));
#772 = DIRECTION('',(0.622394432604,0.686396843887,-0.376144311355));
#773 = DIRECTION('',(0.740805183696,-0.361469951825,0.566168838542));
#774 = PCURVE('',#126,#775);
#775 = DEFINITIONAL_REPRESENTATION('',(#776),#784);
#776 = ( BOUNDED_CURVE() B_SPLINE_CURVE(2,(#777,#778,#779,#780,#781,#782
,#783),.UNSPECIFIED.,.T.,.F.) B_SPLINE_CURVE_WITH_KNOTS((1,2,2,2,2,1),(
    -2.094395102393,0.,2.094395102393,4.188790204786,6.28318530718,
8.377580409573),.UNSPECIFIED.) CURVE() GEOMETRIC_REPRESENTATION_ITEM() 
RATIONAL_B_SPLINE_CURVE((1.,0.5,1.,0.5,1.,0.5,1.)) REPRESENTATION_ITEM(
  '') );
#777 = CARTESIAN_POINT('',(-5.433567882247E-02,67.03636158761));
#778 = CARTESIAN_POINT('',(-5.433567882247E-02,58.67921644109));
#779 = CARTESIAN_POINT('',(-7.291835678822,62.85778901435));
#780 = CARTESIAN_POINT('',(-14.52933567882,67.03636158761));
#781 = CARTESIAN_POINT('',(-7.291835678822,71.21493416087));
#782 = CARTESIAN_POINT('',(-5.433567882248E-02,75.39350673413));
#783 = CARTESIAN_POINT('',(-5.433567882247E-02,67.03636158761));
#784 = ( GEOMETRIC_REPRESENTATION_CONTEXT(2) 
PARAMETRIC_REPRESENTATION_CONTEXT() REPRESENTATION_CONTEXT('2D SPACE',''
  ) );
#785 = PCURVE('',#786,#791);
#786 = CYLINDRICAL_SURFACE('',#787,4.825);
#787 = AXIS2_PLACEMENT_3D('',#788,#789,#790);
#788 = CARTESIAN_POINT('',(-277.3023299052,245.79397462341,
    22.885842774988));
#789 = DIRECTION('',(0.622394432604,0.686396843887,-0.376144311355));
#790 = DIRECTION('',(0.740805183696,-0.361469951825,0.566168838542));
#791 = DEFINITIONAL_REPRESENTATION('',(#792),#796);
#792 = LINE('',#793,#794);
#793 = CARTESIAN_POINT('',(-6.28318530718,-1.));
#794 = VECTOR('',#795,1.);
#795 = DIRECTION('',(1.,-0.));
#796 = ( GEOMETRIC_REPRESENTATION_CONTEXT(2) 
PARAMETRIC_REPRESENTATION_CONTEXT() REPRESENTATION_CONTEXT('2D SPACE',''
  ) );
#797 = FACE_BOUND('',#798,.F.);
#798 = EDGE_LOOP('',(#799,#829,#862,#890));
#799 = ORIENTED_EDGE('',*,*,#800,.F.);
#800 = EDGE_CURVE('',#801,#803,#805,.T.);
#801 = VERTEX_POINT('',#802);
#802 = CARTESIAN_POINT('',(-228.6380653482,214.7230254944,49.36867292196
    ));
#803 = VERTEX_POINT('',#804);
#804 = CARTESIAN_POINT('',(-243.4171287629,221.93435103331,
    38.07360459304));
#805 = SURFACE_CURVE('',#806,(#810,#817),.PCURVE_S1.);
#806 = LINE('',#807,#808);
#807 = CARTESIAN_POINT('',(-257.2873617982,228.70222007285,
    27.473120281197));
#808 = VECTOR('',#809,1.);
#809 = DIRECTION('',(-0.740805183696,0.361469951825,-0.566168838542));
#810 = PCURVE('',#126,#811);
#811 = DEFINITIONAL_REPRESENTATION('',(#812),#816);
#812 = LINE('',#813,#814);
#813 = CARTESIAN_POINT('',(18.723185718124,54.558736790927));
#814 = VECTOR('',#815,1.);
#815 = DIRECTION('',(-1.,-5.551115123126E-17));
#816 = ( GEOMETRIC_REPRESENTATION_CONTEXT(2) 
PARAMETRIC_REPRESENTATION_CONTEXT() REPRESENTATION_CONTEXT('2D SPACE',''
  ) );
#817 = PCURVE('',#818,#823);
#818 = PLANE('',#819);
#819 = AXIS2_PLACEMENT_3D('',#820,#821,#822);
#820 = CARTESIAN_POINT('',(-242.7947343303,222.6207478772,
    37.697460281685));
#821 = DIRECTION('',(-0.252651637778,0.631029988693,0.733463225594));
#822 = DIRECTION('',(0.740805183696,-0.361469951825,0.566168838542));
#823 = DEFINITIONAL_REPRESENTATION('',(#824),#828);
#824 = LINE('',#825,#826);
#825 = CARTESIAN_POINT('',(-18.72318571812,-1.));
#826 = VECTOR('',#827,1.);
#827 = DIRECTION('',(-1.,0.));
#828 = ( GEOMETRIC_REPRESENTATION_CONTEXT(2) 
PARAMETRIC_REPRESENTATION_CONTEXT() REPRESENTATION_CONTEXT('2D SPACE',''
  ) );
#829 = ORIENTED_EDGE('',*,*,#830,.T.);
#830 = EDGE_CURVE('',#801,#831,#833,.T.);
#831 = VERTEX_POINT('',#832);
#832 = CARTESIAN_POINT('',(-225.788154874,207.60500722195,41.09520773726
    ));
#833 = SURFACE_CURVE('',#834,(#839,#850),.PCURVE_S1.);
#834 = CIRCLE('',#835,5.64);
#835 = AXIS2_PLACEMENT_3D('',#836,#837,#838);
#836 = CARTESIAN_POINT('',(-227.2131101111,211.16401635818,
    45.23194032961));
#837 = DIRECTION('',(0.622394432604,0.686396843887,-0.376144311355));
#838 = DIRECTION('',(-0.252651637778,0.631029988693,0.733463225594));
#839 = PCURVE('',#126,#840);
#840 = DEFINITIONAL_REPRESENTATION('',(#841),#849);
#841 = ( BOUNDED_CURVE() B_SPLINE_CURVE(2,(#842,#843,#844,#845,#846,#847
,#848),.UNSPECIFIED.,.T.,.F.) B_SPLINE_CURVE_WITH_KNOTS((1,2,2,2,2,1),(
    -2.094395102393,0.,2.094395102393,4.188790204786,6.28318530718,
8.377580409573),.UNSPECIFIED.) CURVE() GEOMETRIC_REPRESENTATION_ITEM() 
RATIONAL_B_SPLINE_CURVE((1.,0.5,1.,0.5,1.,0.5,1.)) REPRESENTATION_ITEM(
  '') );
#842 = CARTESIAN_POINT('',(57.396371436247,54.558736790927));
#843 = CARTESIAN_POINT('',(67.165137990936,54.558736790927));
#844 = CARTESIAN_POINT('',(62.280754713592,46.098736790927));
#845 = CARTESIAN_POINT('',(57.396371436247,37.638736790927));
#846 = CARTESIAN_POINT('',(52.511988158903,46.098736790927));
#847 = CARTESIAN_POINT('',(47.627604881559,54.558736790927));
#848 = CARTESIAN_POINT('',(57.396371436247,54.558736790927));
#849 = ( GEOMETRIC_REPRESENTATION_CONTEXT(2) 
PARAMETRIC_REPRESENTATION_CONTEXT() REPRESENTATION_CONTEXT('2D SPACE',''
  ) );
#850 = PCURVE('',#851,#856);
#851 = CYLINDRICAL_SURFACE('',#852,5.64);
#852 = AXIS2_PLACEMENT_3D('',#853,#854,#855);
#853 = CARTESIAN_POINT('',(-226.5907156785,211.85041320206,
    44.855796018255));
#854 = DIRECTION('',(0.622394432604,0.686396843887,-0.376144311355));
#855 = DIRECTION('',(-0.252651637778,0.631029988693,0.733463225594));
#856 = DEFINITIONAL_REPRESENTATION('',(#857),#861);
#857 = LINE('',#858,#859);
#858 = CARTESIAN_POINT('',(0.,-1.));
#859 = VECTOR('',#860,1.);
#860 = DIRECTION('',(1.,0.));
#861 = ( GEOMETRIC_REPRESENTATION_CONTEXT(2) 
PARAMETRIC_REPRESENTATION_CONTEXT() REPRESENTATION_CONTEXT('2D SPACE',''
  ) );
#862 = ORIENTED_EDGE('',*,*,#863,.F.);
#863 = EDGE_CURVE('',#864,#831,#866,.T.);
#864 = VERTEX_POINT('',#865);
#865 = CARTESIAN_POINT('',(-240.5672182888,214.81633276086,
    29.800139408339));
#866 = SURFACE_CURVE('',#867,(#871,#878),.PCURVE_S1.);
#867 = LINE('',#868,#869);
#868 = CARTESIAN_POINT('',(-247.0479196167,217.97853903095,
    24.847189260956));
#869 = VECTOR('',#870,1.);
#870 = DIRECTION('',(0.740805183696,-0.361469951825,0.566168838542));
#871 = PCURVE('',#126,#872);
#872 = DEFINITIONAL_REPRESENTATION('',(#873),#877);
#873 = LINE('',#874,#875);
#874 = CARTESIAN_POINT('',(28.698185718124,43.278736790927));
#875 = VECTOR('',#876,1.);
#876 = DIRECTION('',(1.,5.551115123126E-17));
#877 = ( GEOMETRIC_REPRESENTATION_CONTEXT(2) 
PARAMETRIC_REPRESENTATION_CONTEXT() REPRESENTATION_CONTEXT('2D SPACE',''
  ) );
#878 = PCURVE('',#879,#884);
#879 = PLANE('',#880);
#880 = AXIS2_PLACEMENT_3D('',#881,#882,#883);
#881 = CARTESIAN_POINT('',(-225.1657604414,208.29140406584,
    40.719063425905));
#882 = DIRECTION('',(0.252651637778,-0.631029988693,-0.733463225594));
#883 = DIRECTION('',(-0.740805183696,0.361469951825,-0.566168838542));
#884 = DEFINITIONAL_REPRESENTATION('',(#885),#889);
#885 = LINE('',#886,#887);
#886 = CARTESIAN_POINT('',(28.698185718124,-1.));
#887 = VECTOR('',#888,1.);
#888 = DIRECTION('',(-1.,0.));
#889 = ( GEOMETRIC_REPRESENTATION_CONTEXT(2) 
PARAMETRIC_REPRESENTATION_CONTEXT() REPRESENTATION_CONTEXT('2D SPACE',''
  ) );
#890 = ORIENTED_EDGE('',*,*,#891,.T.);
#891 = EDGE_CURVE('',#864,#803,#892,.T.);
#892 = SURFACE_CURVE('',#893,(#898,#909),.PCURVE_S1.);
#893 = CIRCLE('',#894,5.64);
#894 = AXIS2_PLACEMENT_3D('',#895,#896,#897);
#895 = CARTESIAN_POINT('',(-241.9921735258,218.37534189709,
    33.93687200069));
#896 = DIRECTION('',(0.622394432604,0.686396843887,-0.376144311355));
#897 = DIRECTION('',(0.252651637778,-0.631029988693,-0.733463225594));
#898 = PCURVE('',#126,#899);
#899 = DEFINITIONAL_REPRESENTATION('',(#900),#908);
#900 = ( BOUNDED_CURVE() B_SPLINE_CURVE(2,(#901,#902,#903,#904,#905,#906
,#907),.UNSPECIFIED.,.T.,.F.) B_SPLINE_CURVE_WITH_KNOTS((1,2,2,2,2,1),(
    -2.094395102393,0.,2.094395102393,4.188790204786,6.28318530718,
8.377580409573),.UNSPECIFIED.) CURVE() GEOMETRIC_REPRESENTATION_ITEM() 
RATIONAL_B_SPLINE_CURVE((1.,0.5,1.,0.5,1.,0.5,1.)) REPRESENTATION_ITEM(
  '') );
#901 = CARTESIAN_POINT('',(37.446371436247,43.278736790927));
#902 = CARTESIAN_POINT('',(27.677604881559,43.278736790927));
#903 = CARTESIAN_POINT('',(32.561988158903,51.738736790927));
#904 = CARTESIAN_POINT('',(37.446371436247,60.198736790927));
#905 = CARTESIAN_POINT('',(42.330754713592,51.738736790927));
#906 = CARTESIAN_POINT('',(47.215137990936,43.278736790927));
#907 = CARTESIAN_POINT('',(37.446371436247,43.278736790927));
#908 = ( GEOMETRIC_REPRESENTATION_CONTEXT(2) 
PARAMETRIC_REPRESENTATION_CONTEXT() REPRESENTATION_CONTEXT('2D SPACE',''
  ) );
#909 = PCURVE('',#910,#915);
#910 = CYLINDRICAL_SURFACE('',#911,5.64);
#911 = AXIS2_PLACEMENT_3D('',#912,#913,#914);
#912 = CARTESIAN_POINT('',(-241.3697790932,219.06173874097,
    33.560727689335));
#913 = DIRECTION('',(0.622394432604,0.686396843887,-0.376144311355));
#914 = DIRECTION('',(0.252651637778,-0.631029988693,-0.733463225594));
#915 = DEFINITIONAL_REPRESENTATION('',(#916),#920);
#916 = LINE('',#917,#918);
#917 = CARTESIAN_POINT('',(0.,-1.));
#918 = VECTOR('',#919,1.);
#919 = DIRECTION('',(1.,0.));
#920 = ( GEOMETRIC_REPRESENTATION_CONTEXT(2) 
PARAMETRIC_REPRESENTATION_CONTEXT() REPRESENTATION_CONTEXT('2D SPACE',''
  ) );
#921 = ADVANCED_FACE('',(#922,#1101,#1205,#1299,#1329,#1359),#72,.T.);
#922 = FACE_BOUND('',#923,.T.);
#923 = EDGE_LOOP('',(#924,#925,#926,#954,#977,#1000,#1028,#1051,#1074,
    #1100));
#924 = ORIENTED_EDGE('',*,*,#56,.T.);
#925 = ORIENTED_EDGE('',*,*,#241,.T.);
#926 = ORIENTED_EDGE('',*,*,#927,.F.);
#927 = EDGE_CURVE('',#928,#242,#930,.T.);
#928 = VERTEX_POINT('',#929);
#929 = CARTESIAN_POINT('',(-373.5201908025,295.75528413932,
    -39.83523277819));
#930 = SURFACE_CURVE('',#931,(#935,#942),.PCURVE_S1.);
#931 = LINE('',#932,#933);
#932 = CARTESIAN_POINT('',(-373.5201908025,295.75528413932,
    -39.83523277819));
#933 = VECTOR('',#934,1.);
#934 = DIRECTION('',(0.740805183696,-0.361469951825,0.566168838542));
#935 = PCURVE('',#72,#936);
#936 = DEFINITIONAL_REPRESENTATION('',(#937),#941);
#937 = LINE('',#938,#939);
#938 = CARTESIAN_POINT('',(-129.7282564376,76.869443917734));
#939 = VECTOR('',#940,1.);
#940 = DIRECTION('',(1.,5.551115123126E-17));
#941 = ( GEOMETRIC_REPRESENTATION_CONTEXT(2) 
PARAMETRIC_REPRESENTATION_CONTEXT() REPRESENTATION_CONTEXT('2D SPACE',''
  ) );
#942 = PCURVE('',#943,#948);
#943 = CYLINDRICAL_SURFACE('',#944,1.5);
#944 = AXIS2_PLACEMENT_3D('',#945,#946,#947);
#945 = CARTESIAN_POINT('',(-374.4537824514,294.72568887348,
    -39.27101631116));
#946 = DIRECTION('',(-0.740805183696,0.361469951825,-0.566168838542));
#947 = DIRECTION('',(-0.252651637778,0.631029988693,0.733463225594));
#948 = DEFINITIONAL_REPRESENTATION('',(#949),#953);
#949 = LINE('',#950,#951);
#950 = CARTESIAN_POINT('',(1.570796326795,0.));
#951 = VECTOR('',#952,1.);
#952 = DIRECTION('',(0.,-1.));
#953 = ( GEOMETRIC_REPRESENTATION_CONTEXT(2) 
PARAMETRIC_REPRESENTATION_CONTEXT() REPRESENTATION_CONTEXT('2D SPACE',''
  ) );
#954 = ORIENTED_EDGE('',*,*,#955,.T.);
#955 = EDGE_CURVE('',#928,#956,#958,.T.);
#956 = VERTEX_POINT('',#957);
#957 = CARTESIAN_POINT('',(-376.1130089455,297.0204289707,
    -41.81682371309));
#958 = SURFACE_CURVE('',#959,(#963,#970),.PCURVE_S1.);
#959 = LINE('',#960,#961);
#960 = CARTESIAN_POINT('',(-178.7206429779,200.70440609822,
    109.04255070353));
#961 = VECTOR('',#962,1.);
#962 = DIRECTION('',(-0.740805183696,0.361469951825,-0.566168838542));
#963 = PCURVE('',#72,#964);
#964 = DEFINITIONAL_REPRESENTATION('',(#965),#969);
#965 = LINE('',#966,#967);
#966 = CARTESIAN_POINT('',(133.22825643762,76.869443917734));
#967 = VECTOR('',#968,1.);
#968 = DIRECTION('',(-1.,-5.551115123126E-17));
#969 = ( GEOMETRIC_REPRESENTATION_CONTEXT(2) 
PARAMETRIC_REPRESENTATION_CONTEXT() REPRESENTATION_CONTEXT('2D SPACE',''
  ) );
#970 = PCURVE('',#339,#971);
#971 = DEFINITIONAL_REPRESENTATION('',(#972),#976);
#972 = LINE('',#973,#974);
#973 = CARTESIAN_POINT('',(-6.439293542826E-15,-1.));
#974 = VECTOR('',#975,1.);
#975 = DIRECTION('',(1.,0.));
#976 = ( GEOMETRIC_REPRESENTATION_CONTEXT(2) 
PARAMETRIC_REPRESENTATION_CONTEXT() REPRESENTATION_CONTEXT('2D SPACE',''
  ) );
#977 = ORIENTED_EDGE('',*,*,#978,.T.);
#978 = EDGE_CURVE('',#956,#979,#981,.T.);
#979 = VERTEX_POINT('',#980);
#980 = CARTESIAN_POINT('',(-375.2287282132,294.81182401028,
    -44.38394500267));
#981 = SURFACE_CURVE('',#982,(#986,#993),.PCURVE_S1.);
#982 = LINE('',#983,#984);
#983 = CARTESIAN_POINT('',(-376.1130089455,297.0204289707,
    -41.81682371309));
#984 = VECTOR('',#985,1.);
#985 = DIRECTION('',(0.252651637778,-0.631029988693,-0.733463225594));
#986 = PCURVE('',#72,#987);
#987 = DEFINITIONAL_REPRESENTATION('',(#988),#992);
#988 = LINE('',#989,#990);
#989 = CARTESIAN_POINT('',(-133.2282564376,76.869443917734));
#990 = VECTOR('',#991,1.);
#991 = DIRECTION('',(-5.551115123126E-17,-1.));
#992 = ( GEOMETRIC_REPRESENTATION_CONTEXT(2) 
PARAMETRIC_REPRESENTATION_CONTEXT() REPRESENTATION_CONTEXT('2D SPACE',''
  ) );
#993 = PCURVE('',#367,#994);
#994 = DEFINITIONAL_REPRESENTATION('',(#995),#999);
#995 = LINE('',#996,#997);
#996 = CARTESIAN_POINT('',(9.992007221626E-15,-1.));
#997 = VECTOR('',#998,1.);
#998 = DIRECTION('',(1.,1.665334536938E-16));
#999 = ( GEOMETRIC_REPRESENTATION_CONTEXT(2) 
PARAMETRIC_REPRESENTATION_CONTEXT() REPRESENTATION_CONTEXT('2D SPACE',''
  ) );
#1000 = ORIENTED_EDGE('',*,*,#1001,.F.);
#1001 = EDGE_CURVE('',#1002,#979,#1004,.T.);
#1002 = VERTEX_POINT('',#1003);
#1003 = CARTESIAN_POINT('',(-338.1549078759,202.21518527871,
    -152.0115229945));
#1004 = SURFACE_CURVE('',#1005,(#1009,#1016),.PCURVE_S1.);
#1005 = LINE('',#1006,#1007);
#1006 = CARTESIAN_POINT('',(-338.1549078759,202.21518527871,
    -152.0115229945));
#1007 = VECTOR('',#1008,1.);
#1008 = DIRECTION('',(-0.252651637778,0.631029988693,0.733463225594));
#1009 = PCURVE('',#72,#1010);
#1010 = DEFINITIONAL_REPRESENTATION('',(#1011),#1015);
#1011 = LINE('',#1012,#1013);
#1012 = CARTESIAN_POINT('',(-133.2282564376,-73.36944391773));
#1013 = VECTOR('',#1014,1.);
#1014 = DIRECTION('',(5.551115123126E-17,1.));
#1015 = ( GEOMETRIC_REPRESENTATION_CONTEXT(2) 
PARAMETRIC_REPRESENTATION_CONTEXT() REPRESENTATION_CONTEXT('2D SPACE',''
  ) );
#1016 = PCURVE('',#1017,#1022);
#1017 = CYLINDRICAL_SURFACE('',#1018,1.5);
#1018 = AXIS2_PLACEMENT_3D('',#1019,#1020,#1021);
#1019 = CARTESIAN_POINT('',(-339.0884995248,201.18559001288,
    -151.4473065275));
#1020 = DIRECTION('',(0.252651637778,-0.631029988693,-0.733463225594));
#1021 = DIRECTION('',(-0.740805183696,0.361469951825,-0.566168838542));
#1022 = DEFINITIONAL_REPRESENTATION('',(#1023),#1027);
#1023 = LINE('',#1024,#1025);
#1024 = CARTESIAN_POINT('',(1.570796326795,0.));
#1025 = VECTOR('',#1026,1.);
#1026 = DIRECTION('',(0.,-1.));
#1027 = ( GEOMETRIC_REPRESENTATION_CONTEXT(2) 
PARAMETRIC_REPRESENTATION_CONTEXT() REPRESENTATION_CONTEXT('2D SPACE',''
  ) );
#1028 = ORIENTED_EDGE('',*,*,#1029,.T.);
#1029 = EDGE_CURVE('',#1002,#1030,#1032,.T.);
#1030 = VERTEX_POINT('',#1031);
#1031 = CARTESIAN_POINT('',(-337.2706271437,200.00658031829,
    -154.5786442841));
#1032 = SURFACE_CURVE('',#1033,(#1037,#1044),.PCURVE_S1.);
#1033 = LINE('',#1034,#1035);
#1034 = CARTESIAN_POINT('',(-376.1130089455,297.0204289707,
    -41.81682371309));
#1035 = VECTOR('',#1036,1.);
#1036 = DIRECTION('',(0.252651637778,-0.631029988693,-0.733463225594));
#1037 = PCURVE('',#72,#1038);
#1038 = DEFINITIONAL_REPRESENTATION('',(#1039),#1043);
#1039 = LINE('',#1040,#1041);
#1040 = CARTESIAN_POINT('',(-133.2282564376,76.869443917734));
#1041 = VECTOR('',#1042,1.);
#1042 = DIRECTION('',(-5.551115123126E-17,-1.));
#1043 = ( GEOMETRIC_REPRESENTATION_CONTEXT(2) 
PARAMETRIC_REPRESENTATION_CONTEXT() REPRESENTATION_CONTEXT('2D SPACE',''
  ) );
#1044 = PCURVE('',#423,#1045);
#1045 = DEFINITIONAL_REPRESENTATION('',(#1046),#1050);
#1046 = LINE('',#1047,#1048);
#1047 = CARTESIAN_POINT('',(9.992007221626E-15,-1.));
#1048 = VECTOR('',#1049,1.);
#1049 = DIRECTION('',(1.,1.665334536938E-16));
#1050 = ( GEOMETRIC_REPRESENTATION_CONTEXT(2) 
PARAMETRIC_REPRESENTATION_CONTEXT() REPRESENTATION_CONTEXT('2D SPACE',''
  ) );
#1051 = ORIENTED_EDGE('',*,*,#1052,.T.);
#1052 = EDGE_CURVE('',#1030,#1053,#1055,.T.);
#1053 = VERTEX_POINT('',#1054);
#1054 = CARTESIAN_POINT('',(-335.4186141844,199.10290543873,
    -153.1632221877));
#1055 = SURFACE_CURVE('',#1056,(#1060,#1067),.PCURVE_S1.);
#1056 = LINE('',#1057,#1058);
#1057 = CARTESIAN_POINT('',(-337.2706271437,200.00658031829,
    -154.5786442841));
#1058 = VECTOR('',#1059,1.);
#1059 = DIRECTION('',(0.740805183696,-0.361469951825,0.566168838542));
#1060 = PCURVE('',#72,#1061);
#1061 = DEFINITIONAL_REPRESENTATION('',(#1062),#1066);
#1062 = LINE('',#1063,#1064);
#1063 = CARTESIAN_POINT('',(-133.2282564376,-76.86944391773));
#1064 = VECTOR('',#1065,1.);
#1065 = DIRECTION('',(1.,5.551115123126E-17));
#1066 = ( GEOMETRIC_REPRESENTATION_CONTEXT(2) 
PARAMETRIC_REPRESENTATION_CONTEXT() REPRESENTATION_CONTEXT('2D SPACE',''
  ) );
#1067 = PCURVE('',#451,#1068);
#1068 = DEFINITIONAL_REPRESENTATION('',(#1069),#1073);
#1069 = LINE('',#1070,#1071);
#1070 = CARTESIAN_POINT('',(-1.185163078787E-14,-1.));
#1071 = VECTOR('',#1072,1.);
#1072 = DIRECTION('',(1.,0.));
#1073 = ( GEOMETRIC_REPRESENTATION_CONTEXT(2) 
PARAMETRIC_REPRESENTATION_CONTEXT() REPRESENTATION_CONTEXT('2D SPACE',''
  ) );
#1074 = ORIENTED_EDGE('',*,*,#1075,.F.);
#1075 = EDGE_CURVE('',#165,#1053,#1076,.T.);
#1076 = SURFACE_CURVE('',#1077,(#1081,#1088),.PCURVE_S1.);
#1077 = LINE('',#1078,#1079);
#1078 = CARTESIAN_POINT('',(-141.7302741353,104.59423232536,
    -5.134691963862));
#1079 = VECTOR('',#1080,1.);
#1080 = DIRECTION('',(-0.740805183696,0.361469951825,-0.566168838542));
#1081 = PCURVE('',#72,#1082);
#1082 = DEFINITIONAL_REPRESENTATION('',(#1083),#1087);
#1083 = LINE('',#1084,#1085);
#1084 = CARTESIAN_POINT('',(130.72825643762,-76.86944391773));
#1085 = VECTOR('',#1086,1.);
#1086 = DIRECTION('',(-1.,-5.551115123126E-17));
#1087 = ( GEOMETRIC_REPRESENTATION_CONTEXT(2) 
PARAMETRIC_REPRESENTATION_CONTEXT() REPRESENTATION_CONTEXT('2D SPACE',''
  ) );
#1088 = PCURVE('',#1089,#1094);
#1089 = CYLINDRICAL_SURFACE('',#1090,0.5);
#1090 = AXIS2_PLACEMENT_3D('',#1091,#1092,#1093);
#1091 = CARTESIAN_POINT('',(-142.0414713516,104.25103390342,
    -4.946619808184));
#1092 = DIRECTION('',(0.740805183696,-0.361469951825,0.566168838542));
#1093 = DIRECTION('',(0.252651637778,-0.631029988693,-0.733463225594));
#1094 = DEFINITIONAL_REPRESENTATION('',(#1095),#1099);
#1095 = LINE('',#1096,#1097);
#1096 = CARTESIAN_POINT('',(1.570796326795,0.));
#1097 = VECTOR('',#1098,1.);
#1098 = DIRECTION('',(0.,-1.));
#1099 = ( GEOMETRIC_REPRESENTATION_CONTEXT(2) 
PARAMETRIC_REPRESENTATION_CONTEXT() REPRESENTATION_CONTEXT('2D SPACE',''
  ) );
#1100 = ORIENTED_EDGE('',*,*,#192,.T.);
#1101 = FACE_BOUND('',#1102,.T.);
#1102 = EDGE_LOOP('',(#1103,#1128,#1156,#1179));
#1103 = ORIENTED_EDGE('',*,*,#1104,.F.);
#1104 = EDGE_CURVE('',#1105,#1107,#1109,.T.);
#1105 = VERTEX_POINT('',#1106);
#1106 = CARTESIAN_POINT('',(-283.1442090823,189.27196107109,
    -84.60610530891));
#1107 = VERTEX_POINT('',#1108);
#1108 = CARTESIAN_POINT('',(-304.923881483,199.89917765474,
    -101.251469162));
#1109 = SURFACE_CURVE('',#1110,(#1114,#1121),.PCURVE_S1.);
#1110 = LINE('',#1111,#1112);
#1111 = CARTESIAN_POINT('',(-275.649256375,185.61485896965,
    -78.87800193891));
#1112 = VECTOR('',#1113,1.);
#1113 = DIRECTION('',(-0.740805183696,0.361469951825,-0.566168838542));
#1114 = PCURVE('',#72,#1115);
#1115 = DEFINITIONAL_REPRESENTATION('',(#1116),#1120);
#1116 = LINE('',#1117,#1118);
#1117 = CARTESIAN_POINT('',(-39.51730596962,-45.99615461039));
#1118 = VECTOR('',#1119,1.);
#1119 = DIRECTION('',(-1.,-5.551115123126E-17));
#1120 = ( GEOMETRIC_REPRESENTATION_CONTEXT(2) 
PARAMETRIC_REPRESENTATION_CONTEXT() REPRESENTATION_CONTEXT('2D SPACE',''
  ) );
#1121 = PCURVE('',#510,#1122);
#1122 = DEFINITIONAL_REPRESENTATION('',(#1123),#1127);
#1123 = LINE('',#1124,#1125);
#1124 = CARTESIAN_POINT('',(39.517305969624,-2.));
#1125 = VECTOR('',#1126,1.);
#1126 = DIRECTION('',(-1.,0.));
#1127 = ( GEOMETRIC_REPRESENTATION_CONTEXT(2) 
PARAMETRIC_REPRESENTATION_CONTEXT() REPRESENTATION_CONTEXT('2D SPACE',''
  ) );
#1128 = ORIENTED_EDGE('',*,*,#1129,.T.);
#1129 = EDGE_CURVE('',#1105,#1130,#1132,.T.);
#1130 = VERTEX_POINT('',#1131);
#1131 = CARTESIAN_POINT('',(-280.2614538953,182.07190890011,
    -92.97492071294));
#1132 = SURFACE_CURVE('',#1133,(#1138,#1149),.PCURVE_S1.);
#1133 = CIRCLE('',#1134,5.705);
#1134 = AXIS2_PLACEMENT_3D('',#1135,#1136,#1137);
#1135 = CARTESIAN_POINT('',(-281.7028314888,185.6719349856,
    -88.79051301092));
#1136 = DIRECTION('',(0.622394432604,0.686396843887,-0.376144311355));
#1137 = DIRECTION('',(-0.252651637778,0.631029988693,0.733463225594));
#1138 = PCURVE('',#72,#1139);
#1139 = DEFINITIONAL_REPRESENTATION('',(#1140),#1148);
#1140 = ( BOUNDED_CURVE() B_SPLINE_CURVE(2,(#1141,#1142,#1143,#1144,
#1145,#1146,#1147),.UNSPECIFIED.,.T.,.F.) B_SPLINE_CURVE_WITH_KNOTS((1,2
    ,2,2,2,1),(-2.094395102393,0.,2.094395102393,4.188790204786,
6.28318530718,8.377580409573),.UNSPECIFIED.) CURVE() 
GEOMETRIC_REPRESENTATION_ITEM() RATIONAL_B_SPLINE_CURVE((1.,0.5,1.,0.5,
1.,0.5,1.)) REPRESENTATION_ITEM('') );
#1141 = CARTESIAN_POINT('',(-49.63461193924,-45.99615461039));
#1142 = CARTESIAN_POINT('',(-39.75326208206,-45.99615461039));
#1143 = CARTESIAN_POINT('',(-44.69393701065,-54.55365461039));
#1144 = CARTESIAN_POINT('',(-49.63461193924,-63.11115461039));
#1145 = CARTESIAN_POINT('',(-54.57528686783,-54.55365461039));
#1146 = CARTESIAN_POINT('',(-59.51596179642,-45.99615461039));
#1147 = CARTESIAN_POINT('',(-49.63461193924,-45.99615461039));
#1148 = ( GEOMETRIC_REPRESENTATION_CONTEXT(2) 
PARAMETRIC_REPRESENTATION_CONTEXT() REPRESENTATION_CONTEXT('2D SPACE',''
  ) );
#1149 = PCURVE('',#543,#1150);
#1150 = DEFINITIONAL_REPRESENTATION('',(#1151),#1155);
#1151 = LINE('',#1152,#1153);
#1152 = CARTESIAN_POINT('',(0.,-2.));
#1153 = VECTOR('',#1154,1.);
#1154 = DIRECTION('',(1.,0.));
#1155 = ( GEOMETRIC_REPRESENTATION_CONTEXT(2) 
PARAMETRIC_REPRESENTATION_CONTEXT() REPRESENTATION_CONTEXT('2D SPACE',''
  ) );
#1156 = ORIENTED_EDGE('',*,*,#1157,.F.);
#1157 = EDGE_CURVE('',#1158,#1130,#1160,.T.);
#1158 = VERTEX_POINT('',#1159);
#1159 = CARTESIAN_POINT('',(-302.0411262959,192.69912548376,
    -109.620284566));
#1160 = SURFACE_CURVE('',#1161,(#1165,#1172),.PCURVE_S1.);
#1161 = LINE('',#1162,#1163);
#1162 = CARTESIAN_POINT('',(-261.8766649876,173.10119850684,
    -78.92413541636));
#1163 = VECTOR('',#1164,1.);
#1164 = DIRECTION('',(0.740805183696,-0.361469951825,0.566168838542));
#1165 = PCURVE('',#72,#1166);
#1166 = DEFINITIONAL_REPRESENTATION('',(#1167),#1171);
#1167 = LINE('',#1168,#1169);
#1168 = CARTESIAN_POINT('',(-24.81730596962,-57.40615461039));
#1169 = VECTOR('',#1170,1.);
#1170 = DIRECTION('',(1.,5.551115123126E-17));
#1171 = ( GEOMETRIC_REPRESENTATION_CONTEXT(2) 
PARAMETRIC_REPRESENTATION_CONTEXT() REPRESENTATION_CONTEXT('2D SPACE',''
  ) );
#1172 = PCURVE('',#571,#1173);
#1173 = DEFINITIONAL_REPRESENTATION('',(#1174),#1178);
#1174 = LINE('',#1175,#1176);
#1175 = CARTESIAN_POINT('',(-24.81730596962,-2.));
#1176 = VECTOR('',#1177,1.);
#1177 = DIRECTION('',(-1.,0.));
#1178 = ( GEOMETRIC_REPRESENTATION_CONTEXT(2) 
PARAMETRIC_REPRESENTATION_CONTEXT() REPRESENTATION_CONTEXT('2D SPACE',''
  ) );
#1179 = ORIENTED_EDGE('',*,*,#1180,.T.);
#1180 = EDGE_CURVE('',#1158,#1107,#1181,.T.);
#1181 = SURFACE_CURVE('',#1182,(#1187,#1198),.PCURVE_S1.);
#1182 = CIRCLE('',#1183,5.705);
#1183 = AXIS2_PLACEMENT_3D('',#1184,#1185,#1186);
#1184 = CARTESIAN_POINT('',(-303.4825038895,196.29915156925,
    -105.435876864));
#1185 = DIRECTION('',(0.622394432604,0.686396843887,-0.376144311355));
#1186 = DIRECTION('',(0.252651637778,-0.631029988693,-0.733463225594));
#1187 = PCURVE('',#72,#1188);
#1188 = DEFINITIONAL_REPRESENTATION('',(#1189),#1197);
#1189 = ( BOUNDED_CURVE() B_SPLINE_CURVE(2,(#1190,#1191,#1192,#1193,
#1194,#1195,#1196),.UNSPECIFIED.,.T.,.F.) B_SPLINE_CURVE_WITH_KNOTS((1,2
    ,2,2,2,1),(-2.094395102393,0.,2.094395102393,4.188790204786,
6.28318530718,8.377580409573),.UNSPECIFIED.) CURVE() 
GEOMETRIC_REPRESENTATION_ITEM() RATIONAL_B_SPLINE_CURVE((1.,0.5,1.,0.5,
1.,0.5,1.)) REPRESENTATION_ITEM('') );
#1190 = CARTESIAN_POINT('',(-79.03461193924,-57.40615461039));
#1191 = CARTESIAN_POINT('',(-88.91596179642,-57.40615461039));
#1192 = CARTESIAN_POINT('',(-83.97528686783,-48.84865461039));
#1193 = CARTESIAN_POINT('',(-79.03461193924,-40.29115461039));
#1194 = CARTESIAN_POINT('',(-74.09393701065,-48.84865461039));
#1195 = CARTESIAN_POINT('',(-69.15326208206,-57.40615461039));
#1196 = CARTESIAN_POINT('',(-79.03461193924,-57.40615461039));
#1197 = ( GEOMETRIC_REPRESENTATION_CONTEXT(2) 
PARAMETRIC_REPRESENTATION_CONTEXT() REPRESENTATION_CONTEXT('2D SPACE',''
  ) );
#1198 = PCURVE('',#602,#1199);
#1199 = DEFINITIONAL_REPRESENTATION('',(#1200),#1204);
#1200 = LINE('',#1201,#1202);
#1201 = CARTESIAN_POINT('',(0.,-2.));
#1202 = VECTOR('',#1203,1.);
#1203 = DIRECTION('',(1.,0.));
#1204 = ( GEOMETRIC_REPRESENTATION_CONTEXT(2) 
PARAMETRIC_REPRESENTATION_CONTEXT() REPRESENTATION_CONTEXT('2D SPACE',''
  ) );
#1205 = FACE_BOUND('',#1206,.T.);
#1206 = EDGE_LOOP('',(#1207,#1232,#1255,#1278));
#1207 = ORIENTED_EDGE('',*,*,#1208,.T.);
#1208 = EDGE_CURVE('',#1209,#1211,#1213,.T.);
#1209 = VERTEX_POINT('',#1210);
#1210 = CARTESIAN_POINT('',(-295.5294493048,229.55425146399,
    -31.59152599111));
#1211 = VERTEX_POINT('',#1212);
#1212 = CARTESIAN_POINT('',(-294.1474448462,226.10251742584,
    -35.60356983511));
#1213 = SURFACE_CURVE('',#1214,(#1218,#1225),.PCURVE_S1.);
#1214 = LINE('',#1215,#1216);
#1215 = CARTESIAN_POINT('',(-292.1304542833,221.06482385198,
    -41.45901734862));
#1216 = VECTOR('',#1217,1.);
#1217 = DIRECTION('',(0.252651637778,-0.631029988693,-0.733463225594));
#1218 = PCURVE('',#72,#1219);
#1219 = DEFINITIONAL_REPRESENTATION('',(#1220),#1224);
#1220 = LINE('',#1221,#1222);
#1221 = CARTESIAN_POINT('',(-43.35529686696,7.98328710859));
#1222 = VECTOR('',#1223,1.);
#1223 = DIRECTION('',(-5.551115123126E-17,-1.));
#1224 = ( GEOMETRIC_REPRESENTATION_CONTEXT(2) 
PARAMETRIC_REPRESENTATION_CONTEXT() REPRESENTATION_CONTEXT('2D SPACE',''
  ) );
#1225 = PCURVE('',#634,#1226);
#1226 = DEFINITIONAL_REPRESENTATION('',(#1227),#1231);
#1227 = LINE('',#1228,#1229);
#1228 = CARTESIAN_POINT('',(-7.98328710859,-2.));
#1229 = VECTOR('',#1230,1.);
#1230 = DIRECTION('',(-1.,1.665334536938E-16));
#1231 = ( GEOMETRIC_REPRESENTATION_CONTEXT(2) 
PARAMETRIC_REPRESENTATION_CONTEXT() REPRESENTATION_CONTEXT('2D SPACE',''
  ) );
#1232 = ORIENTED_EDGE('',*,*,#1233,.T.);
#1233 = EDGE_CURVE('',#1211,#1234,#1236,.T.);
#1234 = VERTEX_POINT('',#1235);
#1235 = CARTESIAN_POINT('',(-323.2536805136,240.30467183305,
    -57.84834350144));
#1236 = SURFACE_CURVE('',#1237,(#1241,#1248),.PCURVE_S1.);
#1237 = LINE('',#1238,#1239);
#1238 = CARTESIAN_POINT('',(-292.64164835,225.36777609451,
    -34.45274763236));
#1239 = VECTOR('',#1240,1.);
#1240 = DIRECTION('',(-0.740805183696,0.361469951825,-0.566168838542));
#1241 = PCURVE('',#72,#1242);
#1242 = DEFINITIONAL_REPRESENTATION('',(#1243),#1247);
#1243 = LINE('',#1244,#1245);
#1244 = CARTESIAN_POINT('',(-41.32264843348,15.96657421718));
#1245 = VECTOR('',#1246,1.);
#1246 = DIRECTION('',(-1.,-5.551115123126E-17));
#1247 = ( GEOMETRIC_REPRESENTATION_CONTEXT(2) 
PARAMETRIC_REPRESENTATION_CONTEXT() REPRESENTATION_CONTEXT('2D SPACE',''
  ) );
#1248 = PCURVE('',#662,#1249);
#1249 = DEFINITIONAL_REPRESENTATION('',(#1250),#1254);
#1250 = LINE('',#1251,#1252);
#1251 = CARTESIAN_POINT('',(41.322648433483,-2.));
#1252 = VECTOR('',#1253,1.);
#1253 = DIRECTION('',(-1.,0.));
#1254 = ( GEOMETRIC_REPRESENTATION_CONTEXT(2) 
PARAMETRIC_REPRESENTATION_CONTEXT() REPRESENTATION_CONTEXT('2D SPACE',''
  ) );
#1255 = ORIENTED_EDGE('',*,*,#1256,.T.);
#1256 = EDGE_CURVE('',#1234,#1257,#1259,.T.);
#1257 = VERTEX_POINT('',#1258);
#1258 = CARTESIAN_POINT('',(-324.6356849723,243.75640587119,
    -53.83629965744));
#1259 = SURFACE_CURVE('',#1260,(#1264,#1271),.PCURVE_S1.);
#1260 = LINE('',#1261,#1262);
#1261 = CARTESIAN_POINT('',(-321.9276921801,236.99284527826,
    -61.69776909295));
#1262 = VECTOR('',#1263,1.);
#1263 = DIRECTION('',(-0.252651637778,0.631029988693,0.733463225594));
#1264 = PCURVE('',#72,#1265);
#1265 = DEFINITIONAL_REPRESENTATION('',(#1266),#1270);
#1266 = LINE('',#1267,#1268);
#1267 = CARTESIAN_POINT('',(-82.64529686696,10.71828710859));
#1268 = VECTOR('',#1269,1.);
#1269 = DIRECTION('',(5.551115123126E-17,1.));
#1270 = ( GEOMETRIC_REPRESENTATION_CONTEXT(2) 
PARAMETRIC_REPRESENTATION_CONTEXT() REPRESENTATION_CONTEXT('2D SPACE',''
  ) );
#1271 = PCURVE('',#690,#1272);
#1272 = DEFINITIONAL_REPRESENTATION('',(#1273),#1277);
#1273 = LINE('',#1274,#1275);
#1274 = CARTESIAN_POINT('',(10.71828710859,-2.));
#1275 = VECTOR('',#1276,1.);
#1276 = DIRECTION('',(-1.,-1.665334536938E-16));
#1277 = ( GEOMETRIC_REPRESENTATION_CONTEXT(2) 
PARAMETRIC_REPRESENTATION_CONTEXT() REPRESENTATION_CONTEXT('2D SPACE',''
  ) );
#1278 = ORIENTED_EDGE('',*,*,#1279,.T.);
#1279 = EDGE_CURVE('',#1257,#1209,#1280,.T.);
#1280 = SURFACE_CURVE('',#1281,(#1285,#1292),.PCURVE_S1.);
#1281 = LINE('',#1282,#1283);
#1282 = CARTESIAN_POINT('',(-279.470534975,221.71843292906,
    -19.31831695519));
#1283 = VECTOR('',#1284,1.);
#1284 = DIRECTION('',(0.740805183696,-0.361469951825,0.566168838542));
#1285 = PCURVE('',#72,#1286);
#1286 = DEFINITIONAL_REPRESENTATION('',(#1287),#1291);
#1287 = LINE('',#1288,#1289);
#1288 = CARTESIAN_POINT('',(-21.67764843348,21.43657421718));
#1289 = VECTOR('',#1290,1.);
#1290 = DIRECTION('',(1.,5.551115123126E-17));
#1291 = ( GEOMETRIC_REPRESENTATION_CONTEXT(2) 
PARAMETRIC_REPRESENTATION_CONTEXT() REPRESENTATION_CONTEXT('2D SPACE',''
  ) );
#1292 = PCURVE('',#716,#1293);
#1293 = DEFINITIONAL_REPRESENTATION('',(#1294),#1298);
#1294 = LINE('',#1295,#1296);
#1295 = CARTESIAN_POINT('',(-21.67764843348,-2.));
#1296 = VECTOR('',#1297,1.);
#1297 = DIRECTION('',(-1.,0.));
#1298 = ( GEOMETRIC_REPRESENTATION_CONTEXT(2) 
PARAMETRIC_REPRESENTATION_CONTEXT() REPRESENTATION_CONTEXT('2D SPACE',''
  ) );
#1299 = FACE_BOUND('',#1300,.T.);
#1300 = EDGE_LOOP('',(#1301));
#1301 = ORIENTED_EDGE('',*,*,#1302,.T.);
#1302 = EDGE_CURVE('',#1303,#1303,#1305,.T.);
#1303 = VERTEX_POINT('',#1304);
#1304 = CARTESIAN_POINT('',(-306.8393780253,239.69214606706,
    -31.80585279896));
#1305 = SURFACE_CURVE('',#1306,(#1311,#1322),.PCURVE_S1.);
#1306 = CIRCLE('',#1307,3.425);
#1307 = AXIS2_PLACEMENT_3D('',#1308,#1309,#1310);
#1308 = CARTESIAN_POINT('',(-309.3766357794,240.93018065206,
    -33.74498107097));
#1309 = DIRECTION('',(0.622394432604,0.686396843887,-0.376144311355));
#1310 = DIRECTION('',(0.740805183696,-0.361469951825,0.566168838542));
#1311 = PCURVE('',#72,#1312);
#1312 = DEFINITIONAL_REPRESENTATION('',(#1313),#1321);
#1313 = ( BOUNDED_CURVE() B_SPLINE_CURVE(2,(#1314,#1315,#1316,#1317,
#1318,#1319,#1320),.UNSPECIFIED.,.T.,.F.) B_SPLINE_CURVE_WITH_KNOTS((1,2
    ,2,2,2,1),(-2.094395102393,0.,2.094395102393,4.188790204786,
6.28318530718,8.377580409573),.UNSPECIFIED.) CURVE() 
GEOMETRIC_REPRESENTATION_ITEM() RATIONAL_B_SPLINE_CURVE((1.,0.5,1.,0.5,
1.,0.5,1.)) REPRESENTATION_ITEM('') );
#1314 = CARTESIAN_POINT('',(-55.51964012394,30.534160916475));
#1315 = CARTESIAN_POINT('',(-55.51964012394,24.601886900552));
#1316 = CARTESIAN_POINT('',(-60.65714012394,27.568023908513));
#1317 = CARTESIAN_POINT('',(-65.79464012394,30.534160916475));
#1318 = CARTESIAN_POINT('',(-60.65714012394,33.500297924437));
#1319 = CARTESIAN_POINT('',(-55.51964012394,36.466434932398));
#1320 = CARTESIAN_POINT('',(-55.51964012394,30.534160916475));
#1321 = ( GEOMETRIC_REPRESENTATION_CONTEXT(2) 
PARAMETRIC_REPRESENTATION_CONTEXT() REPRESENTATION_CONTEXT('2D SPACE',''
  ) );
#1322 = PCURVE('',#751,#1323);
#1323 = DEFINITIONAL_REPRESENTATION('',(#1324),#1328);
#1324 = LINE('',#1325,#1326);
#1325 = CARTESIAN_POINT('',(-6.28318530718,-2.));
#1326 = VECTOR('',#1327,1.);
#1327 = DIRECTION('',(1.,-0.));
#1328 = ( GEOMETRIC_REPRESENTATION_CONTEXT(2) 
PARAMETRIC_REPRESENTATION_CONTEXT() REPRESENTATION_CONTEXT('2D SPACE',''
  ) );
#1329 = FACE_BOUND('',#1330,.T.);
#1330 = EDGE_LOOP('',(#1331));
#1331 = ORIENTED_EDGE('',*,*,#1332,.T.);
#1332 = EDGE_CURVE('',#1333,#1333,#1335,.T.);
#1333 = VERTEX_POINT('',#1334);
#1334 = CARTESIAN_POINT('',(-274.9727337591,242.67708841808,
    26.369896043665));
#1335 = SURFACE_CURVE('',#1336,(#1341,#1352),.PCURVE_S1.);
#1336 = CIRCLE('',#1337,4.825);
#1337 = AXIS2_PLACEMENT_3D('',#1338,#1339,#1340);
#1338 = CARTESIAN_POINT('',(-278.5471187704,244.42118093563,
    23.638131397698));
#1339 = DIRECTION('',(0.622394432604,0.686396843887,-0.376144311355));
#1340 = DIRECTION('',(0.740805183696,-0.361469951825,0.566168838542));
#1341 = PCURVE('',#72,#1342);
#1342 = DEFINITIONAL_REPRESENTATION('',(#1343),#1351);
#1343 = ( BOUNDED_CURVE() B_SPLINE_CURVE(2,(#1344,#1345,#1346,#1347,
#1348,#1349,#1350),.UNSPECIFIED.,.T.,.F.) B_SPLINE_CURVE_WITH_KNOTS((1,2
    ,2,2,2,1),(-2.094395102393,0.,2.094395102393,4.188790204786,
6.28318530718,8.377580409573),.UNSPECIFIED.) CURVE() 
GEOMETRIC_REPRESENTATION_ITEM() RATIONAL_B_SPLINE_CURVE((1.,0.5,1.,0.5,
1.,0.5,1.)) REPRESENTATION_ITEM('') );
#1344 = CARTESIAN_POINT('',(-5.43356788224E-02,67.03636158761));
#1345 = CARTESIAN_POINT('',(-5.43356788224E-02,58.67921644109));
#1346 = CARTESIAN_POINT('',(-7.291835678822,62.85778901435));
#1347 = CARTESIAN_POINT('',(-14.52933567882,67.03636158761));
#1348 = CARTESIAN_POINT('',(-7.291835678822,71.21493416087));
#1349 = CARTESIAN_POINT('',(-5.433567882241E-02,75.39350673413));
#1350 = CARTESIAN_POINT('',(-5.43356788224E-02,67.03636158761));
#1351 = ( GEOMETRIC_REPRESENTATION_CONTEXT(2) 
PARAMETRIC_REPRESENTATION_CONTEXT() REPRESENTATION_CONTEXT('2D SPACE',''
  ) );
#1352 = PCURVE('',#786,#1353);
#1353 = DEFINITIONAL_REPRESENTATION('',(#1354),#1358);
#1354 = LINE('',#1355,#1356);
#1355 = CARTESIAN_POINT('',(-6.28318530718,-2.));
#1356 = VECTOR('',#1357,1.);
#1357 = DIRECTION('',(1.,-0.));
#1358 = ( GEOMETRIC_REPRESENTATION_CONTEXT(2) 
PARAMETRIC_REPRESENTATION_CONTEXT() REPRESENTATION_CONTEXT('2D SPACE',''
  ) );
#1359 = FACE_BOUND('',#1360,.T.);
#1360 = EDGE_LOOP('',(#1361,#1386,#1414,#1437));
#1361 = ORIENTED_EDGE('',*,*,#1362,.F.);
#1362 = EDGE_CURVE('',#1363,#1365,#1367,.T.);
#1363 = VERTEX_POINT('',#1364);
#1364 = CARTESIAN_POINT('',(-229.2604597808,214.03662865052,
    49.744817233316));
#1365 = VERTEX_POINT('',#1366);
#1366 = CARTESIAN_POINT('',(-244.0395231955,221.24795418943,
    38.449748904395));
#1367 = SURFACE_CURVE('',#1368,(#1372,#1379),.PCURVE_S1.);
#1368 = LINE('',#1369,#1370);
#1369 = CARTESIAN_POINT('',(-257.9097562308,228.01582322897,
    27.849264592552));
#1370 = VECTOR('',#1371,1.);
#1371 = DIRECTION('',(-0.740805183696,0.361469951825,-0.566168838542));
#1372 = PCURVE('',#72,#1373);
#1373 = DEFINITIONAL_REPRESENTATION('',(#1374),#1378);
#1374 = LINE('',#1375,#1376);
#1375 = CARTESIAN_POINT('',(18.723185718124,54.558736790927));
#1376 = VECTOR('',#1377,1.);
#1377 = DIRECTION('',(-1.,-5.551115123126E-17));
#1378 = ( GEOMETRIC_REPRESENTATION_CONTEXT(2) 
PARAMETRIC_REPRESENTATION_CONTEXT() REPRESENTATION_CONTEXT('2D SPACE',''
  ) );
#1379 = PCURVE('',#818,#1380);
#1380 = DEFINITIONAL_REPRESENTATION('',(#1381),#1385);
#1381 = LINE('',#1382,#1383);
#1382 = CARTESIAN_POINT('',(-18.72318571812,-2.));
#1383 = VECTOR('',#1384,1.);
#1384 = DIRECTION('',(-1.,0.));
#1385 = ( GEOMETRIC_REPRESENTATION_CONTEXT(2) 
PARAMETRIC_REPRESENTATION_CONTEXT() REPRESENTATION_CONTEXT('2D SPACE',''
  ) );
#1386 = ORIENTED_EDGE('',*,*,#1387,.T.);
#1387 = EDGE_CURVE('',#1363,#1388,#1390,.T.);
#1388 = VERTEX_POINT('',#1389);
#1389 = CARTESIAN_POINT('',(-226.4105493066,206.91861037806,
    41.471352048615));
#1390 = SURFACE_CURVE('',#1391,(#1396,#1407),.PCURVE_S1.);
#1391 = CIRCLE('',#1392,5.64);
#1392 = AXIS2_PLACEMENT_3D('',#1393,#1394,#1395);
#1393 = CARTESIAN_POINT('',(-227.8355045437,210.47761951429,
    45.608084640965));
#1394 = DIRECTION('',(0.622394432604,0.686396843887,-0.376144311355));
#1395 = DIRECTION('',(-0.252651637778,0.631029988693,0.733463225594));
#1396 = PCURVE('',#72,#1397);
#1397 = DEFINITIONAL_REPRESENTATION('',(#1398),#1406);
#1398 = ( BOUNDED_CURVE() B_SPLINE_CURVE(2,(#1399,#1400,#1401,#1402,
#1403,#1404,#1405),.UNSPECIFIED.,.T.,.F.) B_SPLINE_CURVE_WITH_KNOTS((1,2
    ,2,2,2,1),(-2.094395102393,0.,2.094395102393,4.188790204786,
6.28318530718,8.377580409573),.UNSPECIFIED.) CURVE() 
GEOMETRIC_REPRESENTATION_ITEM() RATIONAL_B_SPLINE_CURVE((1.,0.5,1.,0.5,
1.,0.5,1.)) REPRESENTATION_ITEM('') );
#1399 = CARTESIAN_POINT('',(57.396371436247,54.558736790927));
#1400 = CARTESIAN_POINT('',(67.165137990936,54.558736790927));
#1401 = CARTESIAN_POINT('',(62.280754713592,46.098736790927));
#1402 = CARTESIAN_POINT('',(57.396371436247,37.638736790927));
#1403 = CARTESIAN_POINT('',(52.511988158903,46.098736790927));
#1404 = CARTESIAN_POINT('',(47.627604881559,54.558736790927));
#1405 = CARTESIAN_POINT('',(57.396371436247,54.558736790927));
#1406 = ( GEOMETRIC_REPRESENTATION_CONTEXT(2) 
PARAMETRIC_REPRESENTATION_CONTEXT() REPRESENTATION_CONTEXT('2D SPACE',''
  ) );
#1407 = PCURVE('',#851,#1408);
#1408 = DEFINITIONAL_REPRESENTATION('',(#1409),#1413);
#1409 = LINE('',#1410,#1411);
#1410 = CARTESIAN_POINT('',(0.,-2.));
#1411 = VECTOR('',#1412,1.);
#1412 = DIRECTION('',(1.,0.));
#1413 = ( GEOMETRIC_REPRESENTATION_CONTEXT(2) 
PARAMETRIC_REPRESENTATION_CONTEXT() REPRESENTATION_CONTEXT('2D SPACE',''
  ) );
#1414 = ORIENTED_EDGE('',*,*,#1415,.F.);
#1415 = EDGE_CURVE('',#1416,#1388,#1418,.T.);
#1416 = VERTEX_POINT('',#1417);
#1417 = CARTESIAN_POINT('',(-241.1896127214,214.12993591697,
    30.176283719694));
#1418 = SURFACE_CURVE('',#1419,(#1423,#1430),.PCURVE_S1.);
#1419 = LINE('',#1420,#1421);
#1420 = CARTESIAN_POINT('',(-247.6703140493,217.29214218706,
    25.223333572311));
#1421 = VECTOR('',#1422,1.);
#1422 = DIRECTION('',(0.740805183696,-0.361469951825,0.566168838542));
#1423 = PCURVE('',#72,#1424);
#1424 = DEFINITIONAL_REPRESENTATION('',(#1425),#1429);
#1425 = LINE('',#1426,#1427);
#1426 = CARTESIAN_POINT('',(28.698185718124,43.278736790927));
#1427 = VECTOR('',#1428,1.);
#1428 = DIRECTION('',(1.,5.551115123126E-17));
#1429 = ( GEOMETRIC_REPRESENTATION_CONTEXT(2) 
PARAMETRIC_REPRESENTATION_CONTEXT() REPRESENTATION_CONTEXT('2D SPACE',''
  ) );
#1430 = PCURVE('',#879,#1431);
#1431 = DEFINITIONAL_REPRESENTATION('',(#1432),#1436);
#1432 = LINE('',#1433,#1434);
#1433 = CARTESIAN_POINT('',(28.698185718124,-2.));
#1434 = VECTOR('',#1435,1.);
#1435 = DIRECTION('',(-1.,0.));
#1436 = ( GEOMETRIC_REPRESENTATION_CONTEXT(2) 
PARAMETRIC_REPRESENTATION_CONTEXT() REPRESENTATION_CONTEXT('2D SPACE',''
  ) );
#1437 = ORIENTED_EDGE('',*,*,#1438,.T.);
#1438 = EDGE_CURVE('',#1416,#1365,#1439,.T.);
#1439 = SURFACE_CURVE('',#1440,(#1445,#1456),.PCURVE_S1.);
#1440 = CIRCLE('',#1441,5.64);
#1441 = AXIS2_PLACEMENT_3D('',#1442,#1443,#1444);
#1442 = CARTESIAN_POINT('',(-242.6145679584,217.6889450532,
    34.313016312045));
#1443 = DIRECTION('',(0.622394432604,0.686396843887,-0.376144311355));
#1444 = DIRECTION('',(0.252651637778,-0.631029988693,-0.733463225594));
#1445 = PCURVE('',#72,#1446);
#1446 = DEFINITIONAL_REPRESENTATION('',(#1447),#1455);
#1447 = ( BOUNDED_CURVE() B_SPLINE_CURVE(2,(#1448,#1449,#1450,#1451,
#1452,#1453,#1454),.UNSPECIFIED.,.T.,.F.) B_SPLINE_CURVE_WITH_KNOTS((1,2
    ,2,2,2,1),(-2.094395102393,0.,2.094395102393,4.188790204786,
6.28318530718,8.377580409573),.UNSPECIFIED.) CURVE() 
GEOMETRIC_REPRESENTATION_ITEM() RATIONAL_B_SPLINE_CURVE((1.,0.5,1.,0.5,
1.,0.5,1.)) REPRESENTATION_ITEM('') );
#1448 = CARTESIAN_POINT('',(37.446371436247,43.278736790927));
#1449 = CARTESIAN_POINT('',(27.677604881559,43.278736790927));
#1450 = CARTESIAN_POINT('',(32.561988158903,51.738736790927));
#1451 = CARTESIAN_POINT('',(37.446371436247,60.198736790927));
#1452 = CARTESIAN_POINT('',(42.330754713592,51.738736790927));
#1453 = CARTESIAN_POINT('',(47.215137990936,43.278736790927));
#1454 = CARTESIAN_POINT('',(37.446371436247,43.278736790927));
#1455 = ( GEOMETRIC_REPRESENTATION_CONTEXT(2) 
PARAMETRIC_REPRESENTATION_CONTEXT() REPRESENTATION_CONTEXT('2D SPACE',''
  ) );
#1456 = PCURVE('',#910,#1457);
#1457 = DEFINITIONAL_REPRESENTATION('',(#1458),#1462);
#1458 = LINE('',#1459,#1460);
#1459 = CARTESIAN_POINT('',(0.,-2.));
#1460 = VECTOR('',#1461,1.);
#1461 = DIRECTION('',(1.,0.));
#1462 = ( GEOMETRIC_REPRESENTATION_CONTEXT(2) 
PARAMETRIC_REPRESENTATION_CONTEXT() REPRESENTATION_CONTEXT('2D SPACE',''
  ) );
#1463 = ADVANCED_FACE('',(#1464),#180,.F.);
#1464 = FACE_BOUND('',#1465,.F.);
#1465 = EDGE_LOOP('',(#1466,#1490,#1518,#1546,#1574,#1600));
#1466 = ORIENTED_EDGE('',*,*,#1467,.T.);
#1467 = EDGE_CURVE('',#142,#1468,#1470,.T.);
#1468 = VERTEX_POINT('',#1469);
#1469 = CARTESIAN_POINT('',(-141.6624938949,103.30448892038,
    -6.046814646575));
#1470 = SURFACE_CURVE('',#1471,(#1476,#1483),.PCURVE_S1.);
#1471 = CIRCLE('',#1472,1.5);
#1472 = AXIS2_PLACEMENT_3D('',#1473,#1474,#1475);
#1473 = CARTESIAN_POINT('',(-142.0414713516,104.25103390342,
    -4.946619808184));
#1474 = DIRECTION('',(-0.740805183696,0.361469951825,-0.566168838542));
#1475 = DIRECTION('',(0.622394432604,0.686396843887,-0.376144311355));
#1476 = PCURVE('',#180,#1477);
#1477 = DEFINITIONAL_REPRESENTATION('',(#1478),#1482);
#1478 = CIRCLE('',#1479,1.5);
#1479 = AXIS2_PLACEMENT_2D('',#1480,#1481);
#1480 = CARTESIAN_POINT('',(0.668807136422,0.668807136422));
#1481 = DIRECTION('',(-1.,-1.110223024625E-16));
#1482 = ( GEOMETRIC_REPRESENTATION_CONTEXT(2) 
PARAMETRIC_REPRESENTATION_CONTEXT() REPRESENTATION_CONTEXT('2D SPACE',''
  ) );
#1483 = PCURVE('',#477,#1484);
#1484 = DEFINITIONAL_REPRESENTATION('',(#1485),#1489);
#1485 = LINE('',#1486,#1487);
#1486 = CARTESIAN_POINT('',(-0.,0.));
#1487 = VECTOR('',#1488,1.);
#1488 = DIRECTION('',(-1.,0.));
#1489 = ( GEOMETRIC_REPRESENTATION_CONTEXT(2) 
PARAMETRIC_REPRESENTATION_CONTEXT() REPRESENTATION_CONTEXT('2D SPACE',''
  ) );
#1490 = ORIENTED_EDGE('',*,*,#1491,.F.);
#1491 = EDGE_CURVE('',#1492,#1468,#1494,.T.);
#1492 = VERTEX_POINT('',#1493);
#1493 = CARTESIAN_POINT('',(-167.1634560339,75.181197625786,
    9.364701492014));
#1494 = SURFACE_CURVE('',#1495,(#1499,#1506),.PCURVE_S1.);
#1495 = LINE('',#1496,#1497);
#1496 = CARTESIAN_POINT('',(-167.1634560339,75.181197625786,
    9.364701492014));
#1497 = VECTOR('',#1498,1.);
#1498 = DIRECTION('',(0.622394432604,0.686396843887,-0.376144311355));
#1499 = PCURVE('',#180,#1500);
#1500 = DEFINITIONAL_REPRESENTATION('',(#1501),#1505);
#1501 = LINE('',#1502,#1503);
#1502 = CARTESIAN_POINT('',(41.641156506987,-0.831192863578));
#1503 = VECTOR('',#1504,1.);
#1504 = DIRECTION('',(-1.,-1.665334536938E-16));
#1505 = ( GEOMETRIC_REPRESENTATION_CONTEXT(2) 
PARAMETRIC_REPRESENTATION_CONTEXT() REPRESENTATION_CONTEXT('2D SPACE',''
  ) );
#1506 = PCURVE('',#1507,#1512);
#1507 = PLANE('',#1508);
#1508 = AXIS2_PLACEMENT_3D('',#1509,#1510,#1511);
#1509 = CARTESIAN_POINT('',(-251.257144989,136.49717982976,
    -72.35532168924));
#1510 = DIRECTION('',(-0.252651637778,0.631029988693,0.733463225594));
#1511 = DIRECTION('',(-0.740805183696,0.361469951825,-0.566168838542));
#1512 = DEFINITIONAL_REPRESENTATION('',(#1513),#1517);
#1513 = LINE('',#1514,#1515);
#1514 = CARTESIAN_POINT('',(-130.7282564376,20.486174685282));
#1515 = VECTOR('',#1516,1.);
#1516 = DIRECTION('',(-5.551115123126E-17,-1.));
#1517 = ( GEOMETRIC_REPRESENTATION_CONTEXT(2) 
PARAMETRIC_REPRESENTATION_CONTEXT() REPRESENTATION_CONTEXT('2D SPACE',''
  ) );
#1518 = ORIENTED_EDGE('',*,*,#1519,.T.);
#1519 = EDGE_CURVE('',#1492,#1520,#1522,.T.);
#1520 = VERTEX_POINT('',#1521);
#1521 = CARTESIAN_POINT('',(-167.4161076717,75.812227614479,
    10.098164717608));
#1522 = SURFACE_CURVE('',#1523,(#1527,#1534),.PCURVE_S1.);
#1523 = LINE('',#1524,#1525);
#1524 = CARTESIAN_POINT('',(-167.1634560339,75.181197625786,
    9.364701492014));
#1525 = VECTOR('',#1526,1.);
#1526 = DIRECTION('',(-0.252651637778,0.631029988693,0.733463225594));
#1527 = PCURVE('',#180,#1528);
#1528 = DEFINITIONAL_REPRESENTATION('',(#1529),#1533);
#1529 = LINE('',#1530,#1531);
#1530 = CARTESIAN_POINT('',(41.641156506987,-0.831192863578));
#1531 = VECTOR('',#1532,1.);
#1532 = DIRECTION('',(1.665334536938E-16,1.));
#1533 = ( GEOMETRIC_REPRESENTATION_CONTEXT(2) 
PARAMETRIC_REPRESENTATION_CONTEXT() REPRESENTATION_CONTEXT('2D SPACE',''
  ) );
#1534 = PCURVE('',#1535,#1540);
#1535 = PLANE('',#1536);
#1536 = AXIS2_PLACEMENT_3D('',#1537,#1538,#1539);
#1537 = CARTESIAN_POINT('',(-360.851796083,169.68987073914,
    -138.6638287319));
#1538 = DIRECTION('',(0.622394432604,0.686396843887,-0.376144311355));
#1539 = DIRECTION('',(0.740805183696,-0.361469951825,0.566168838542));
#1540 = DEFINITIONAL_REPRESENTATION('',(#1541),#1545);
#1541 = LINE('',#1542,#1543);
#1542 = CARTESIAN_POINT('',(261.45651287525,-4.263256414561E-14));
#1543 = VECTOR('',#1544,1.);
#1544 = DIRECTION('',(5.551115123126E-17,-1.));
#1545 = ( GEOMETRIC_REPRESENTATION_CONTEXT(2) 
PARAMETRIC_REPRESENTATION_CONTEXT() REPRESENTATION_CONTEXT('2D SPACE',''
  ) );
#1546 = ORIENTED_EDGE('',*,*,#1547,.T.);
#1547 = EDGE_CURVE('',#1520,#1548,#1550,.T.);
#1548 = VERTEX_POINT('',#1549);
#1549 = CARTESIAN_POINT('',(-141.9151455327,103.93551890907,
    -5.313351420981));
#1550 = SURFACE_CURVE('',#1551,(#1555,#1562),.PCURVE_S1.);
#1551 = LINE('',#1552,#1553);
#1552 = CARTESIAN_POINT('',(-167.4161076717,75.812227614479,
    10.098164717608));
#1553 = VECTOR('',#1554,1.);
#1554 = DIRECTION('',(0.622394432604,0.686396843887,-0.376144311355));
#1555 = PCURVE('',#180,#1556);
#1556 = DEFINITIONAL_REPRESENTATION('',(#1557),#1561);
#1557 = LINE('',#1558,#1559);
#1558 = CARTESIAN_POINT('',(41.641156506987,0.168807136422));
#1559 = VECTOR('',#1560,1.);
#1560 = DIRECTION('',(-1.,-1.665334536938E-16));
#1561 = ( GEOMETRIC_REPRESENTATION_CONTEXT(2) 
PARAMETRIC_REPRESENTATION_CONTEXT() REPRESENTATION_CONTEXT('2D SPACE',''
  ) );
#1562 = PCURVE('',#1563,#1568);
#1563 = PLANE('',#1564);
#1564 = AXIS2_PLACEMENT_3D('',#1565,#1566,#1567);
#1565 = CARTESIAN_POINT('',(-251.5097966268,137.12820981845,
    -71.62185846364));
#1566 = DIRECTION('',(-0.252651637778,0.631029988693,0.733463225594));
#1567 = DIRECTION('',(-0.740805183696,0.361469951825,-0.566168838542));
#1568 = DEFINITIONAL_REPRESENTATION('',(#1569),#1573);
#1569 = LINE('',#1570,#1571);
#1570 = CARTESIAN_POINT('',(-130.7282564376,20.486174685282));
#1571 = VECTOR('',#1572,1.);
#1572 = DIRECTION('',(-5.551115123126E-17,-1.));
#1573 = ( GEOMETRIC_REPRESENTATION_CONTEXT(2) 
PARAMETRIC_REPRESENTATION_CONTEXT() REPRESENTATION_CONTEXT('2D SPACE',''
  ) );
#1574 = ORIENTED_EDGE('',*,*,#1575,.T.);
#1575 = EDGE_CURVE('',#1548,#165,#1576,.T.);
#1576 = SURFACE_CURVE('',#1577,(#1582,#1593),.PCURVE_S1.);
#1577 = CIRCLE('',#1578,0.5);
#1578 = AXIS2_PLACEMENT_3D('',#1579,#1580,#1581);
#1579 = CARTESIAN_POINT('',(-142.0414713516,104.25103390342,
    -4.946619808184));
#1580 = DIRECTION('',(0.740805183696,-0.361469951825,0.566168838542));
#1581 = DIRECTION('',(0.252651637778,-0.631029988693,-0.733463225594));
#1582 = PCURVE('',#180,#1583);
#1583 = DEFINITIONAL_REPRESENTATION('',(#1584),#1592);
#1584 = ( BOUNDED_CURVE() B_SPLINE_CURVE(2,(#1585,#1586,#1587,#1588,
#1589,#1590,#1591),.UNSPECIFIED.,.T.,.F.) B_SPLINE_CURVE_WITH_KNOTS((1,2
    ,2,2,2,1),(-2.094395102393,0.,2.094395102393,4.188790204786,
6.28318530718,8.377580409573),.UNSPECIFIED.) CURVE() 
GEOMETRIC_REPRESENTATION_ITEM() RATIONAL_B_SPLINE_CURVE((1.,0.5,1.,0.5,
1.,0.5,1.)) REPRESENTATION_ITEM('') );
#1585 = CARTESIAN_POINT('',(0.668807136422,0.168807136422));
#1586 = CARTESIAN_POINT('',(-0.197218267362,0.168807136422));
#1587 = CARTESIAN_POINT('',(0.23579443453,0.918807136422));
#1588 = CARTESIAN_POINT('',(0.668807136422,1.668807136422));
#1589 = CARTESIAN_POINT('',(1.101819838314,0.918807136422));
#1590 = CARTESIAN_POINT('',(1.534832540207,0.168807136422));
#1591 = CARTESIAN_POINT('',(0.668807136422,0.168807136422));
#1592 = ( GEOMETRIC_REPRESENTATION_CONTEXT(2) 
PARAMETRIC_REPRESENTATION_CONTEXT() REPRESENTATION_CONTEXT('2D SPACE',''
  ) );
#1593 = PCURVE('',#1089,#1594);
#1594 = DEFINITIONAL_REPRESENTATION('',(#1595),#1599);
#1595 = LINE('',#1596,#1597);
#1596 = CARTESIAN_POINT('',(0.,0.));
#1597 = VECTOR('',#1598,1.);
#1598 = DIRECTION('',(1.,0.));
#1599 = ( GEOMETRIC_REPRESENTATION_CONTEXT(2) 
PARAMETRIC_REPRESENTATION_CONTEXT() REPRESENTATION_CONTEXT('2D SPACE',''
  ) );
#1600 = ORIENTED_EDGE('',*,*,#164,.T.);
#1601 = ADVANCED_FACE('',(#1602),#278,.T.);
#1602 = FACE_BOUND('',#1603,.T.);
#1603 = EDGE_LOOP('',(#1604,#1628,#1656,#1684,#1712,#1738));
#1604 = ORIENTED_EDGE('',*,*,#1605,.T.);
#1605 = EDGE_CURVE('',#218,#1606,#1608,.T.);
#1606 = VERTEX_POINT('',#1607);
#1607 = CARTESIAN_POINT('',(-182.8786818642,202.5175306355,
    109.45883429965));
#1608 = SURFACE_CURVE('',#1609,(#1614,#1621),.PCURVE_S1.);
#1609 = CIRCLE('',#1610,2.5);
#1610 = AXIS2_PLACEMENT_3D('',#1611,#1612,#1613);
#1611 = CARTESIAN_POINT('',(-182.2470527697,200.93995566377,
    107.62517623567));
#1612 = DIRECTION('',(0.740805183696,-0.361469951825,0.566168838542));
#1613 = DIRECTION('',(0.622394432604,0.686396843887,-0.376144311355));
#1614 = PCURVE('',#278,#1615);
#1615 = DEFINITIONAL_REPRESENTATION('',(#1616),#1620);
#1616 = CIRCLE('',#1617,2.5);
#1617 = AXIS2_PLACEMENT_2D('',#1618,#1619);
#1618 = CARTESIAN_POINT('',(1.243399404155,1.243399404155));
#1619 = DIRECTION('',(-1.,-2.22044604925E-16));
#1620 = ( GEOMETRIC_REPRESENTATION_CONTEXT(2) 
PARAMETRIC_REPRESENTATION_CONTEXT() REPRESENTATION_CONTEXT('2D SPACE',''
  ) );
#1621 = PCURVE('',#311,#1622);
#1622 = DEFINITIONAL_REPRESENTATION('',(#1623),#1627);
#1623 = LINE('',#1624,#1625);
#1624 = CARTESIAN_POINT('',(-0.,-259.4565128752));
#1625 = VECTOR('',#1626,1.);
#1626 = DIRECTION('',(-1.,0.));
#1627 = ( GEOMETRIC_REPRESENTATION_CONTEXT(2) 
PARAMETRIC_REPRESENTATION_CONTEXT() REPRESENTATION_CONTEXT('2D SPACE',''
  ) );
#1628 = ORIENTED_EDGE('',*,*,#1629,.T.);
#1629 = EDGE_CURVE('',#1606,#1630,#1632,.T.);
#1630 = VERTEX_POINT('',#1631);
#1631 = CARTESIAN_POINT('',(-220.1841734138,161.37581998072,
    132.00442226386));
#1632 = SURFACE_CURVE('',#1633,(#1637,#1644),.PCURVE_S1.);
#1633 = LINE('',#1634,#1635);
#1634 = CARTESIAN_POINT('',(-182.8786818642,202.5175306355,
    109.45883429965));
#1635 = VECTOR('',#1636,1.);
#1636 = DIRECTION('',(-0.622394432604,-0.686396843887,0.376144311355));
#1637 = PCURVE('',#278,#1638);
#1638 = DEFINITIONAL_REPRESENTATION('',(#1639),#1643);
#1639 = LINE('',#1640,#1641);
#1640 = CARTESIAN_POINT('',(1.243399404155,-1.256600595845));
#1641 = VECTOR('',#1642,1.);
#1642 = DIRECTION('',(1.,-1.665334536938E-16));
#1643 = ( GEOMETRIC_REPRESENTATION_CONTEXT(2) 
PARAMETRIC_REPRESENTATION_CONTEXT() REPRESENTATION_CONTEXT('2D SPACE',''
  ) );
#1644 = PCURVE('',#1645,#1650);
#1645 = PLANE('',#1646);
#1646 = AXIS2_PLACEMENT_3D('',#1647,#1648,#1649);
#1647 = CARTESIAN_POINT('',(-297.6347924799,228.83954191297,
    47.28353200834));
#1648 = DIRECTION('',(0.252651637778,-0.631029988693,-0.733463225594));
#1649 = DIRECTION('',(0.740805183696,-0.361469951825,0.566168838542));
#1650 = DEFINITIONAL_REPRESENTATION('',(#1651),#1655);
#1651 = LINE('',#1652,#1653);
#1652 = CARTESIAN_POINT('',(129.72825643762,-29.96933262526));
#1653 = VECTOR('',#1654,1.);
#1654 = DIRECTION('',(-5.551115123126E-17,1.));
#1655 = ( GEOMETRIC_REPRESENTATION_CONTEXT(2) 
PARAMETRIC_REPRESENTATION_CONTEXT() REPRESENTATION_CONTEXT('2D SPACE',''
  ) );
#1656 = ORIENTED_EDGE('',*,*,#1657,.T.);
#1657 = EDGE_CURVE('',#1630,#1658,#1660,.T.);
#1658 = VERTEX_POINT('',#1659);
#1659 = CARTESIAN_POINT('',(-219.9315217761,160.74478999203,
    131.27095903826));
#1660 = SURFACE_CURVE('',#1661,(#1665,#1672),.PCURVE_S1.);
#1661 = LINE('',#1662,#1663);
#1662 = CARTESIAN_POINT('',(-220.1841734138,161.37581998072,
    132.00442226386));
#1663 = VECTOR('',#1664,1.);
#1664 = DIRECTION('',(0.252651637778,-0.631029988693,-0.733463225594));
#1665 = PCURVE('',#278,#1666);
#1666 = DEFINITIONAL_REPRESENTATION('',(#1667),#1671);
#1667 = LINE('',#1668,#1669);
#1668 = CARTESIAN_POINT('',(61.182064654694,-1.256600595845));
#1669 = VECTOR('',#1670,1.);
#1670 = DIRECTION('',(-1.665334536938E-16,1.));
#1671 = ( GEOMETRIC_REPRESENTATION_CONTEXT(2) 
PARAMETRIC_REPRESENTATION_CONTEXT() REPRESENTATION_CONTEXT('2D SPACE',''
  ) );
#1672 = PCURVE('',#1673,#1678);
#1673 = PLANE('',#1674);
#1674 = AXIS2_PLACEMENT_3D('',#1675,#1676,#1677);
#1675 = CARTESIAN_POINT('',(-220.1841734138,161.37581998072,
    132.00442226386));
#1676 = DIRECTION('',(0.622394432604,0.686396843887,-0.376144311355));
#1677 = DIRECTION('',(-0.740805183696,0.361469951825,-0.566168838542));
#1678 = DEFINITIONAL_REPRESENTATION('',(#1679),#1683);
#1679 = LINE('',#1680,#1681);
#1680 = CARTESIAN_POINT('',(0.,0.));
#1681 = VECTOR('',#1682,1.);
#1682 = DIRECTION('',(5.551115123126E-17,-1.));
#1683 = ( GEOMETRIC_REPRESENTATION_CONTEXT(2) 
PARAMETRIC_REPRESENTATION_CONTEXT() REPRESENTATION_CONTEXT('2D SPACE',''
  ) );
#1684 = ORIENTED_EDGE('',*,*,#1685,.F.);
#1685 = EDGE_CURVE('',#1686,#1658,#1688,.T.);
#1686 = VERTEX_POINT('',#1687);
#1687 = CARTESIAN_POINT('',(-182.6260302264,201.88650064681,
    108.72537107406));
#1688 = SURFACE_CURVE('',#1689,(#1693,#1700),.PCURVE_S1.);
#1689 = LINE('',#1690,#1691);
#1690 = CARTESIAN_POINT('',(-182.6260302264,201.88650064681,
    108.72537107406));
#1691 = VECTOR('',#1692,1.);
#1692 = DIRECTION('',(-0.622394432604,-0.686396843887,0.376144311355));
#1693 = PCURVE('',#278,#1694);
#1694 = DEFINITIONAL_REPRESENTATION('',(#1695),#1699);
#1695 = LINE('',#1696,#1697);
#1696 = CARTESIAN_POINT('',(1.243399404155,-0.256600595845));
#1697 = VECTOR('',#1698,1.);
#1698 = DIRECTION('',(1.,-1.665334536938E-16));
#1699 = ( GEOMETRIC_REPRESENTATION_CONTEXT(2) 
PARAMETRIC_REPRESENTATION_CONTEXT() REPRESENTATION_CONTEXT('2D SPACE',''
  ) );
#1700 = PCURVE('',#1701,#1706);
#1701 = PLANE('',#1702);
#1702 = AXIS2_PLACEMENT_3D('',#1703,#1704,#1705);
#1703 = CARTESIAN_POINT('',(-297.3821408421,228.20851192428,
    46.550068782745));
#1704 = DIRECTION('',(0.252651637778,-0.631029988693,-0.733463225594));
#1705 = DIRECTION('',(0.740805183696,-0.361469951825,0.566168838542));
#1706 = DEFINITIONAL_REPRESENTATION('',(#1707),#1711);
#1707 = LINE('',#1708,#1709);
#1708 = CARTESIAN_POINT('',(129.72825643762,-29.96933262526));
#1709 = VECTOR('',#1710,1.);
#1710 = DIRECTION('',(-5.551115123126E-17,1.));
#1711 = ( GEOMETRIC_REPRESENTATION_CONTEXT(2) 
PARAMETRIC_REPRESENTATION_CONTEXT() REPRESENTATION_CONTEXT('2D SPACE',''
  ) );
#1712 = ORIENTED_EDGE('',*,*,#1713,.T.);
#1713 = EDGE_CURVE('',#1686,#242,#1714,.T.);
#1714 = SURFACE_CURVE('',#1715,(#1720,#1731),.PCURVE_S1.);
#1715 = CIRCLE('',#1716,1.5);
#1716 = AXIS2_PLACEMENT_3D('',#1717,#1718,#1719);
#1717 = CARTESIAN_POINT('',(-182.2470527697,200.93995566377,
    107.62517623567));
#1718 = DIRECTION('',(-0.740805183696,0.361469951825,-0.566168838542));
#1719 = DIRECTION('',(-0.252651637778,0.631029988693,0.733463225594));
#1720 = PCURVE('',#278,#1721);
#1721 = DEFINITIONAL_REPRESENTATION('',(#1722),#1730);
#1722 = ( BOUNDED_CURVE() B_SPLINE_CURVE(2,(#1723,#1724,#1725,#1726,
#1727,#1728,#1729),.UNSPECIFIED.,.T.,.F.) B_SPLINE_CURVE_WITH_KNOTS((1,2
    ,2,2,2,1),(-2.094395102393,0.,2.094395102393,4.188790204786,
6.28318530718,8.377580409573),.UNSPECIFIED.) CURVE() 
GEOMETRIC_REPRESENTATION_ITEM() RATIONAL_B_SPLINE_CURVE((1.,0.5,1.,0.5,
1.,0.5,1.)) REPRESENTATION_ITEM('') );
#1723 = CARTESIAN_POINT('',(1.243399404155,-0.256600595845));
#1724 = CARTESIAN_POINT('',(-1.354676807198,-0.256600595845));
#1725 = CARTESIAN_POINT('',(-5.563870152161E-02,1.993399404155));
#1726 = CARTESIAN_POINT('',(1.243399404155,4.243399404155));
#1727 = CARTESIAN_POINT('',(2.542437509832,1.993399404155));
#1728 = CARTESIAN_POINT('',(3.841475615508,-0.256600595845));
#1729 = CARTESIAN_POINT('',(1.243399404155,-0.256600595845));
#1730 = ( GEOMETRIC_REPRESENTATION_CONTEXT(2) 
PARAMETRIC_REPRESENTATION_CONTEXT() REPRESENTATION_CONTEXT('2D SPACE',''
  ) );
#1731 = PCURVE('',#943,#1732);
#1732 = DEFINITIONAL_REPRESENTATION('',(#1733),#1737);
#1733 = LINE('',#1734,#1735);
#1734 = CARTESIAN_POINT('',(0.,-259.4565128752));
#1735 = VECTOR('',#1736,1.);
#1736 = DIRECTION('',(1.,0.));
#1737 = ( GEOMETRIC_REPRESENTATION_CONTEXT(2) 
PARAMETRIC_REPRESENTATION_CONTEXT() REPRESENTATION_CONTEXT('2D SPACE',''
  ) );
#1738 = ORIENTED_EDGE('',*,*,#264,.T.);
#1739 = ADVANCED_FACE('',(#1740),#451,.F.);
#1740 = FACE_BOUND('',#1741,.F.);
#1741 = EDGE_LOOP('',(#1742,#1743,#1764,#1765));
#1742 = ORIENTED_EDGE('',*,*,#435,.F.);
#1743 = ORIENTED_EDGE('',*,*,#1744,.T.);
#1744 = EDGE_CURVE('',#408,#1030,#1745,.T.);
#1745 = SURFACE_CURVE('',#1746,(#1750,#1757),.PCURVE_S1.);
#1746 = LINE('',#1747,#1748);
#1747 = CARTESIAN_POINT('',(-336.6482327111,200.69297716218,
    -154.9547885954));
#1748 = VECTOR('',#1749,1.);
#1749 = DIRECTION('',(-0.622394432604,-0.686396843887,0.376144311355));
#1750 = PCURVE('',#451,#1751);
#1751 = DEFINITIONAL_REPRESENTATION('',(#1752),#1756);
#1752 = LINE('',#1753,#1754);
#1753 = CARTESIAN_POINT('',(0.,0.));
#1754 = VECTOR('',#1755,1.);
#1755 = DIRECTION('',(-5.551115123126E-17,-1.));
#1756 = ( GEOMETRIC_REPRESENTATION_CONTEXT(2) 
PARAMETRIC_REPRESENTATION_CONTEXT() REPRESENTATION_CONTEXT('2D SPACE',''
  ) );
#1757 = PCURVE('',#423,#1758);
#1758 = DEFINITIONAL_REPRESENTATION('',(#1759),#1763);
#1759 = LINE('',#1760,#1761);
#1760 = CARTESIAN_POINT('',(153.73888783546,7.105427357601E-15));
#1761 = VECTOR('',#1762,1.);
#1762 = DIRECTION('',(-1.665334536938E-16,-1.));
#1763 = ( GEOMETRIC_REPRESENTATION_CONTEXT(2) 
PARAMETRIC_REPRESENTATION_CONTEXT() REPRESENTATION_CONTEXT('2D SPACE',''
  ) );
#1764 = ORIENTED_EDGE('',*,*,#1052,.T.);
#1765 = ORIENTED_EDGE('',*,*,#1766,.T.);
#1766 = EDGE_CURVE('',#1053,#436,#1767,.T.);
#1767 = SURFACE_CURVE('',#1768,(#1772,#1779),.PCURVE_S1.);
#1768 = LINE('',#1769,#1770);
#1769 = CARTESIAN_POINT('',(-335.4186141844,199.10290543873,
    -153.1632221877));
#1770 = VECTOR('',#1771,1.);
#1771 = DIRECTION('',(0.622394432604,0.686396843887,-0.376144311355));
#1772 = PCURVE('',#451,#1773);
#1773 = DEFINITIONAL_REPRESENTATION('',(#1774),#1778);
#1774 = LINE('',#1775,#1776);
#1775 = CARTESIAN_POINT('',(2.5,-1.));
#1776 = VECTOR('',#1777,1.);
#1777 = DIRECTION('',(-2.775557561563E-17,1.));
#1778 = ( GEOMETRIC_REPRESENTATION_CONTEXT(2) 
PARAMETRIC_REPRESENTATION_CONTEXT() REPRESENTATION_CONTEXT('2D SPACE',''
  ) );
#1779 = PCURVE('',#1780,#1785);
#1780 = PLANE('',#1781);
#1781 = AXIS2_PLACEMENT_3D('',#1782,#1783,#1784);
#1782 = CARTESIAN_POINT('',(-335.1445743442,198.79673676466,
    -153.7172634714));
#1783 = DIRECTION('',(-0.740805183696,0.361469951825,-0.566168838542));
#1784 = DIRECTION('',(-0.622394432604,-0.686396843887,0.376144311355));
#1785 = DEFINITIONAL_REPRESENTATION('',(#1786),#1790);
#1786 = LINE('',#1787,#1788);
#1787 = CARTESIAN_POINT('',(0.168807136422,0.668807136422));
#1788 = VECTOR('',#1789,1.);
#1789 = DIRECTION('',(-1.,-1.665334536938E-16));
#1790 = ( GEOMETRIC_REPRESENTATION_CONTEXT(2) 
PARAMETRIC_REPRESENTATION_CONTEXT() REPRESENTATION_CONTEXT('2D SPACE',''
  ) );
#1791 = ADVANCED_FACE('',(#1792),#477,.T.);
#1792 = FACE_BOUND('',#1793,.F.);
#1793 = EDGE_LOOP('',(#1794,#1795,#1819,#1840));
#1794 = ORIENTED_EDGE('',*,*,#463,.T.);
#1795 = ORIENTED_EDGE('',*,*,#1796,.T.);
#1796 = EDGE_CURVE('',#436,#1797,#1799,.T.);
#1797 = VERTEX_POINT('',#1798);
#1798 = CARTESIAN_POINT('',(-335.3508339441,197.81316203374,
    -154.0753448704));
#1799 = SURFACE_CURVE('',#1800,(#1805,#1812),.PCURVE_S1.);
#1800 = CIRCLE('',#1801,1.5);
#1801 = AXIS2_PLACEMENT_3D('',#1802,#1803,#1804);
#1802 = CARTESIAN_POINT('',(-335.7298114007,198.75970701678,
    -152.9751500321));
#1803 = DIRECTION('',(-0.740805183696,0.361469951825,-0.566168838542));
#1804 = DIRECTION('',(0.622394432604,0.686396843887,-0.376144311355));
#1805 = PCURVE('',#477,#1806);
#1806 = DEFINITIONAL_REPRESENTATION('',(#1807),#1811);
#1807 = LINE('',#1808,#1809);
#1808 = CARTESIAN_POINT('',(-0.,-261.4565128752));
#1809 = VECTOR('',#1810,1.);
#1810 = DIRECTION('',(-1.,0.));
#1811 = ( GEOMETRIC_REPRESENTATION_CONTEXT(2) 
PARAMETRIC_REPRESENTATION_CONTEXT() REPRESENTATION_CONTEXT('2D SPACE',''
  ) );
#1812 = PCURVE('',#1780,#1813);
#1813 = DEFINITIONAL_REPRESENTATION('',(#1814),#1818);
#1814 = CIRCLE('',#1815,1.5);
#1815 = AXIS2_PLACEMENT_2D('',#1816,#1817);
#1816 = CARTESIAN_POINT('',(0.668807136422,0.668807136422));
#1817 = DIRECTION('',(-1.,-1.110223024625E-16));
#1818 = ( GEOMETRIC_REPRESENTATION_CONTEXT(2) 
PARAMETRIC_REPRESENTATION_CONTEXT() REPRESENTATION_CONTEXT('2D SPACE',''
  ) );
#1819 = ORIENTED_EDGE('',*,*,#1820,.F.);
#1820 = EDGE_CURVE('',#1468,#1797,#1821,.T.);
#1821 = SURFACE_CURVE('',#1822,(#1826,#1833),.PCURVE_S1.);
#1822 = LINE('',#1823,#1824);
#1823 = CARTESIAN_POINT('',(-141.6624938949,103.30448892038,
    -6.046814646575));
#1824 = VECTOR('',#1825,1.);
#1825 = DIRECTION('',(-0.740805183696,0.361469951825,-0.566168838542));
#1826 = PCURVE('',#477,#1827);
#1827 = DEFINITIONAL_REPRESENTATION('',(#1828),#1832);
#1828 = LINE('',#1829,#1830);
#1829 = CARTESIAN_POINT('',(-1.570796326795,0.));
#1830 = VECTOR('',#1831,1.);
#1831 = DIRECTION('',(-0.,-1.));
#1832 = ( GEOMETRIC_REPRESENTATION_CONTEXT(2) 
PARAMETRIC_REPRESENTATION_CONTEXT() REPRESENTATION_CONTEXT('2D SPACE',''
  ) );
#1833 = PCURVE('',#1507,#1834);
#1834 = DEFINITIONAL_REPRESENTATION('',(#1835),#1839);
#1835 = LINE('',#1836,#1837);
#1836 = CARTESIAN_POINT('',(-130.7282564376,-20.48617468528));
#1837 = VECTOR('',#1838,1.);
#1838 = DIRECTION('',(1.,0.));
#1839 = ( GEOMETRIC_REPRESENTATION_CONTEXT(2) 
PARAMETRIC_REPRESENTATION_CONTEXT() REPRESENTATION_CONTEXT('2D SPACE',''
  ) );
#1840 = ORIENTED_EDGE('',*,*,#1467,.F.);
#1841 = ADVANCED_FACE('',(#1842),#311,.T.);
#1842 = FACE_BOUND('',#1843,.F.);
#1843 = EDGE_LOOP('',(#1844,#1845,#1846,#1869));
#1844 = ORIENTED_EDGE('',*,*,#295,.T.);
#1845 = ORIENTED_EDGE('',*,*,#1605,.T.);
#1846 = ORIENTED_EDGE('',*,*,#1847,.F.);
#1847 = EDGE_CURVE('',#1848,#1606,#1850,.T.);
#1848 = VERTEX_POINT('',#1849);
#1849 = CARTESIAN_POINT('',(-375.0854115459,296.30326384522,
    -37.43735824718));
#1850 = SURFACE_CURVE('',#1851,(#1855,#1862),.PCURVE_S1.);
#1851 = LINE('',#1852,#1853);
#1852 = CARTESIAN_POINT('',(-375.0854115459,296.30326384522,
    -37.43735824718));
#1853 = VECTOR('',#1854,1.);
#1854 = DIRECTION('',(0.740805183696,-0.361469951825,0.566168838542));
#1855 = PCURVE('',#311,#1856);
#1856 = DEFINITIONAL_REPRESENTATION('',(#1857),#1861);
#1857 = LINE('',#1858,#1859);
#1858 = CARTESIAN_POINT('',(-1.570796326795,0.));
#1859 = VECTOR('',#1860,1.);
#1860 = DIRECTION('',(-0.,-1.));
#1861 = ( GEOMETRIC_REPRESENTATION_CONTEXT(2) 
PARAMETRIC_REPRESENTATION_CONTEXT() REPRESENTATION_CONTEXT('2D SPACE',''
  ) );
#1862 = PCURVE('',#1645,#1863);
#1863 = DEFINITIONAL_REPRESENTATION('',(#1864),#1868);
#1864 = LINE('',#1865,#1866);
#1865 = CARTESIAN_POINT('',(-129.7282564376,-29.96933262526));
#1866 = VECTOR('',#1867,1.);
#1867 = DIRECTION('',(1.,0.));
#1868 = ( GEOMETRIC_REPRESENTATION_CONTEXT(2) 
PARAMETRIC_REPRESENTATION_CONTEXT() REPRESENTATION_CONTEXT('2D SPACE',''
  ) );
#1869 = ORIENTED_EDGE('',*,*,#1870,.F.);
#1870 = EDGE_CURVE('',#296,#1848,#1871,.T.);
#1871 = SURFACE_CURVE('',#1872,(#1877,#1884),.PCURVE_S1.);
#1872 = CIRCLE('',#1873,2.5);
#1873 = AXIS2_PLACEMENT_3D('',#1874,#1875,#1876);
#1874 = CARTESIAN_POINT('',(-374.4537824514,294.72568887348,
    -39.27101631116));
#1875 = DIRECTION('',(0.740805183696,-0.361469951825,0.566168838542));
#1876 = DIRECTION('',(0.622394432604,0.686396843887,-0.376144311355));
#1877 = PCURVE('',#311,#1878);
#1878 = DEFINITIONAL_REPRESENTATION('',(#1879),#1883);
#1879 = LINE('',#1880,#1881);
#1880 = CARTESIAN_POINT('',(-0.,0.));
#1881 = VECTOR('',#1882,1.);
#1882 = DIRECTION('',(-1.,0.));
#1883 = ( GEOMETRIC_REPRESENTATION_CONTEXT(2) 
PARAMETRIC_REPRESENTATION_CONTEXT() REPRESENTATION_CONTEXT('2D SPACE',''
  ) );
#1884 = PCURVE('',#1885,#1890);
#1885 = PLANE('',#1886);
#1886 = AXIS2_PLACEMENT_3D('',#1887,#1888,#1889);
#1887 = CARTESIAN_POINT('',(-373.9940444807,296.36377661213,
    -38.8267261861));
#1888 = DIRECTION('',(0.740805183696,-0.361469951825,0.566168838542));
#1889 = DIRECTION('',(-0.622394432604,-0.686396843887,0.376144311355));
#1890 = DEFINITIONAL_REPRESENTATION('',(#1891),#1895);
#1891 = CIRCLE('',#1892,2.5);
#1892 = AXIS2_PLACEMENT_2D('',#1893,#1894);
#1893 = CARTESIAN_POINT('',(1.243399404155,1.243399404155));
#1894 = DIRECTION('',(-1.,-2.22044604925E-16));
#1895 = ( GEOMETRIC_REPRESENTATION_CONTEXT(2) 
PARAMETRIC_REPRESENTATION_CONTEXT() REPRESENTATION_CONTEXT('2D SPACE',''
  ) );
#1896 = ADVANCED_FACE('',(#1897),#339,.F.);
#1897 = FACE_BOUND('',#1898,.F.);
#1898 = EDGE_LOOP('',(#1899,#1900,#1921,#1922));
#1899 = ORIENTED_EDGE('',*,*,#323,.F.);
#1900 = ORIENTED_EDGE('',*,*,#1901,.F.);
#1901 = EDGE_CURVE('',#928,#296,#1902,.T.);
#1902 = SURFACE_CURVE('',#1903,(#1907,#1914),.PCURVE_S1.);
#1903 = LINE('',#1904,#1905);
#1904 = CARTESIAN_POINT('',(-373.5201908025,295.75528413932,
    -39.83523277819));
#1905 = VECTOR('',#1906,1.);
#1906 = DIRECTION('',(0.622394432604,0.686396843887,-0.376144311355));
#1907 = PCURVE('',#339,#1908);
#1908 = DEFINITIONAL_REPRESENTATION('',(#1909),#1913);
#1909 = LINE('',#1910,#1911);
#1910 = CARTESIAN_POINT('',(262.95651287525,-1.));
#1911 = VECTOR('',#1912,1.);
#1912 = DIRECTION('',(-5.551115123126E-17,1.));
#1913 = ( GEOMETRIC_REPRESENTATION_CONTEXT(2) 
PARAMETRIC_REPRESENTATION_CONTEXT() REPRESENTATION_CONTEXT('2D SPACE',''
  ) );
#1914 = PCURVE('',#1885,#1915);
#1915 = DEFINITIONAL_REPRESENTATION('',(#1916),#1920);
#1916 = LINE('',#1917,#1918);
#1917 = CARTESIAN_POINT('',(-0.256600595845,1.243399404155));
#1918 = VECTOR('',#1919,1.);
#1919 = DIRECTION('',(-1.,1.665334536938E-16));
#1920 = ( GEOMETRIC_REPRESENTATION_CONTEXT(2) 
PARAMETRIC_REPRESENTATION_CONTEXT() REPRESENTATION_CONTEXT('2D SPACE',''
  ) );
#1921 = ORIENTED_EDGE('',*,*,#955,.T.);
#1922 = ORIENTED_EDGE('',*,*,#1923,.F.);
#1923 = EDGE_CURVE('',#324,#956,#1924,.T.);
#1924 = SURFACE_CURVE('',#1925,(#1929,#1936),.PCURVE_S1.);
#1925 = LINE('',#1926,#1927);
#1926 = CARTESIAN_POINT('',(-375.4906145129,297.70682581459,
    -42.19296802445));
#1927 = VECTOR('',#1928,1.);
#1928 = DIRECTION('',(-0.622394432604,-0.686396843887,0.376144311355));
#1929 = PCURVE('',#339,#1930);
#1930 = DEFINITIONAL_REPRESENTATION('',(#1931),#1935);
#1931 = LINE('',#1932,#1933);
#1932 = CARTESIAN_POINT('',(266.45651287525,-1.42108547152E-14));
#1933 = VECTOR('',#1934,1.);
#1934 = DIRECTION('',(5.551115123126E-17,-1.));
#1935 = ( GEOMETRIC_REPRESENTATION_CONTEXT(2) 
PARAMETRIC_REPRESENTATION_CONTEXT() REPRESENTATION_CONTEXT('2D SPACE',''
  ) );
#1936 = PCURVE('',#367,#1937);
#1937 = DEFINITIONAL_REPRESENTATION('',(#1938),#1942);
#1938 = LINE('',#1939,#1940);
#1939 = CARTESIAN_POINT('',(0.,0.));
#1940 = VECTOR('',#1941,1.);
#1941 = DIRECTION('',(-1.665334536938E-16,-1.));
#1942 = ( GEOMETRIC_REPRESENTATION_CONTEXT(2) 
PARAMETRIC_REPRESENTATION_CONTEXT() REPRESENTATION_CONTEXT('2D SPACE',''
  ) );
#1943 = ADVANCED_FACE('',(#1944),#367,.F.);
#1944 = FACE_BOUND('',#1945,.F.);
#1945 = EDGE_LOOP('',(#1946,#1947,#1948,#1949));
#1946 = ORIENTED_EDGE('',*,*,#351,.F.);
#1947 = ORIENTED_EDGE('',*,*,#1923,.T.);
#1948 = ORIENTED_EDGE('',*,*,#978,.T.);
#1949 = ORIENTED_EDGE('',*,*,#1950,.T.);
#1950 = EDGE_CURVE('',#979,#352,#1951,.T.);
#1951 = SURFACE_CURVE('',#1952,(#1956,#1963),.PCURVE_S1.);
#1952 = LINE('',#1953,#1954);
#1953 = CARTESIAN_POINT('',(-375.2287282132,294.81182401028,
    -44.38394500267));
#1954 = VECTOR('',#1955,1.);
#1955 = DIRECTION('',(0.622394432604,0.686396843887,-0.376144311355));
#1956 = PCURVE('',#367,#1957);
#1957 = DEFINITIONAL_REPRESENTATION('',(#1958),#1962);
#1958 = LINE('',#1959,#1960);
#1959 = CARTESIAN_POINT('',(3.5,-1.));
#1960 = VECTOR('',#1961,1.);
#1961 = DIRECTION('',(1.665334536938E-16,1.));
#1962 = ( GEOMETRIC_REPRESENTATION_CONTEXT(2) 
PARAMETRIC_REPRESENTATION_CONTEXT() REPRESENTATION_CONTEXT('2D SPACE',''
  ) );
#1963 = PCURVE('',#1964,#1969);
#1964 = PLANE('',#1965);
#1965 = AXIS2_PLACEMENT_3D('',#1966,#1967,#1968);
#1966 = CARTESIAN_POINT('',(-376.3095517195,295.08514569387,
    -44.99140014475));
#1967 = DIRECTION('',(-0.252651637778,0.631029988693,0.733463225594));
#1968 = DIRECTION('',(-0.622394432604,-0.686396843887,0.376144311355));
#1969 = DEFINITIONAL_REPRESENTATION('',(#1970),#1974);
#1970 = LINE('',#1971,#1972);
#1971 = CARTESIAN_POINT('',(-0.256600595845,1.243399404155));
#1972 = VECTOR('',#1973,1.);
#1973 = DIRECTION('',(-1.,-2.775557561563E-17));
#1974 = ( GEOMETRIC_REPRESENTATION_CONTEXT(2) 
PARAMETRIC_REPRESENTATION_CONTEXT() REPRESENTATION_CONTEXT('2D SPACE',''
  ) );
#1975 = ADVANCED_FACE('',(#1976),#395,.T.);
#1976 = FACE_BOUND('',#1977,.F.);
#1977 = EDGE_LOOP('',(#1978,#1979,#2003,#2031));
#1978 = ORIENTED_EDGE('',*,*,#379,.T.);
#1979 = ORIENTED_EDGE('',*,*,#1980,.T.);
#1980 = EDGE_CURVE('',#352,#1981,#1983,.T.);
#1981 = VERTEX_POINT('',#1982);
#1982 = CARTESIAN_POINT('',(-378.0143328214,294.68590362401,
    -45.235150632));
#1983 = SURFACE_CURVE('',#1984,(#1989,#1996),.PCURVE_S1.);
#1984 = CIRCLE('',#1985,2.5);
#1985 = AXIS2_PLACEMENT_3D('',#1986,#1987,#1988);
#1986 = CARTESIAN_POINT('',(-376.1623198622,293.78222874445,
    -43.81972853564));
#1987 = DIRECTION('',(-0.252651637778,0.631029988693,0.733463225594));
#1988 = DIRECTION('',(0.622394432604,0.686396843887,-0.376144311355));
#1989 = PCURVE('',#395,#1990);
#1990 = DEFINITIONAL_REPRESENTATION('',(#1991),#1995);
#1991 = LINE('',#1992,#1993);
#1992 = CARTESIAN_POINT('',(-0.,-146.7388878354));
#1993 = VECTOR('',#1994,1.);
#1994 = DIRECTION('',(-1.,0.));
#1995 = ( GEOMETRIC_REPRESENTATION_CONTEXT(2) 
PARAMETRIC_REPRESENTATION_CONTEXT() REPRESENTATION_CONTEXT('2D SPACE',''
  ) );
#1996 = PCURVE('',#1964,#1997);
#1997 = DEFINITIONAL_REPRESENTATION('',(#1998),#2002);
#1998 = CIRCLE('',#1999,2.5);
#1999 = AXIS2_PLACEMENT_2D('',#2000,#2001);
#2000 = CARTESIAN_POINT('',(1.243399404155,1.243399404155));
#2001 = DIRECTION('',(-1.,-2.775557561563E-16));
#2002 = ( GEOMETRIC_REPRESENTATION_CONTEXT(2) 
PARAMETRIC_REPRESENTATION_CONTEXT() REPRESENTATION_CONTEXT('2D SPACE',''
  ) );
#2003 = ORIENTED_EDGE('',*,*,#2004,.F.);
#2004 = EDGE_CURVE('',#2005,#1981,#2007,.T.);
#2005 = VERTEX_POINT('',#2006);
#2006 = CARTESIAN_POINT('',(-340.940512484,202.08926489244,
    -152.8627286238));
#2007 = SURFACE_CURVE('',#2008,(#2012,#2019),.PCURVE_S1.);
#2008 = LINE('',#2009,#2010);
#2009 = CARTESIAN_POINT('',(-340.940512484,202.08926489244,
    -152.8627286238));
#2010 = VECTOR('',#2011,1.);
#2011 = DIRECTION('',(-0.252651637778,0.631029988693,0.733463225594));
#2012 = PCURVE('',#395,#2013);
#2013 = DEFINITIONAL_REPRESENTATION('',(#2014),#2018);
#2014 = LINE('',#2015,#2016);
#2015 = CARTESIAN_POINT('',(-1.570796326795,0.));
#2016 = VECTOR('',#2017,1.);
#2017 = DIRECTION('',(-0.,-1.));
#2018 = ( GEOMETRIC_REPRESENTATION_CONTEXT(2) 
PARAMETRIC_REPRESENTATION_CONTEXT() REPRESENTATION_CONTEXT('2D SPACE',''
  ) );
#2019 = PCURVE('',#2020,#2025);
#2020 = PLANE('',#2021);
#2021 = AXIS2_PLACEMENT_3D('',#2022,#2023,#2024);
#2022 = CARTESIAN_POINT('',(-369.7854786398,237.01952451107,
    -92.81926208335));
#2023 = DIRECTION('',(0.740805183696,-0.361469951825,0.566168838542));
#2024 = DIRECTION('',(-0.252651637778,0.631029988693,0.733463225594));
#2025 = DEFINITIONAL_REPRESENTATION('',(#2026),#2030);
#2026 = LINE('',#2027,#2028);
#2027 = CARTESIAN_POINT('',(-73.36944391773,-16.56193475887));
#2028 = VECTOR('',#2029,1.);
#2029 = DIRECTION('',(1.,1.665334536938E-16));
#2030 = ( GEOMETRIC_REPRESENTATION_CONTEXT(2) 
PARAMETRIC_REPRESENTATION_CONTEXT() REPRESENTATION_CONTEXT('2D SPACE',''
  ) );
#2031 = ORIENTED_EDGE('',*,*,#2032,.F.);
#2032 = EDGE_CURVE('',#380,#2005,#2033,.T.);
#2033 = SURFACE_CURVE('',#2034,(#2039,#2046),.PCURVE_S1.);
#2034 = CIRCLE('',#2035,2.5);
#2035 = AXIS2_PLACEMENT_3D('',#2036,#2037,#2038);
#2036 = CARTESIAN_POINT('',(-339.0884995248,201.18559001288,
    -151.4473065275));
#2037 = DIRECTION('',(-0.252651637778,0.631029988693,0.733463225594));
#2038 = DIRECTION('',(0.622394432604,0.686396843887,-0.376144311355));
#2039 = PCURVE('',#395,#2040);
#2040 = DEFINITIONAL_REPRESENTATION('',(#2041),#2045);
#2041 = LINE('',#2042,#2043);
#2042 = CARTESIAN_POINT('',(-0.,0.));
#2043 = VECTOR('',#2044,1.);
#2044 = DIRECTION('',(-1.,0.));
#2045 = ( GEOMETRIC_REPRESENTATION_CONTEXT(2) 
PARAMETRIC_REPRESENTATION_CONTEXT() REPRESENTATION_CONTEXT('2D SPACE',''
  ) );
#2046 = PCURVE('',#2047,#2052);
#2047 = PLANE('',#2048);
#2048 = AXIS2_PLACEMENT_3D('',#2049,#2050,#2051);
#2049 = CARTESIAN_POINT('',(-339.2357313822,202.4885069623,
    -152.6189781366));
#2050 = DIRECTION('',(-0.252651637778,0.631029988693,0.733463225594));
#2051 = DIRECTION('',(-0.622394432604,-0.686396843887,0.376144311355));
#2052 = DEFINITIONAL_REPRESENTATION('',(#2053),#2057);
#2053 = CIRCLE('',#2054,2.5);
#2054 = AXIS2_PLACEMENT_2D('',#2055,#2056);
#2055 = CARTESIAN_POINT('',(1.243399404155,1.243399404155));
#2056 = DIRECTION('',(-1.,-2.775557561563E-16));
#2057 = ( GEOMETRIC_REPRESENTATION_CONTEXT(2) 
PARAMETRIC_REPRESENTATION_CONTEXT() REPRESENTATION_CONTEXT('2D SPACE',''
  ) );
#2058 = ADVANCED_FACE('',(#2059),#423,.F.);
#2059 = FACE_BOUND('',#2060,.F.);
#2060 = EDGE_LOOP('',(#2061,#2062,#2083,#2084));
#2061 = ORIENTED_EDGE('',*,*,#407,.F.);
#2062 = ORIENTED_EDGE('',*,*,#2063,.F.);
#2063 = EDGE_CURVE('',#1002,#380,#2064,.T.);
#2064 = SURFACE_CURVE('',#2065,(#2069,#2076),.PCURVE_S1.);
#2065 = LINE('',#2066,#2067);
#2066 = CARTESIAN_POINT('',(-338.1549078759,202.21518527871,
    -152.0115229945));
#2067 = VECTOR('',#2068,1.);
#2068 = DIRECTION('',(0.622394432604,0.686396843887,-0.376144311355));
#2069 = PCURVE('',#423,#2070);
#2070 = DEFINITIONAL_REPRESENTATION('',(#2071),#2075);
#2071 = LINE('',#2072,#2073);
#2072 = CARTESIAN_POINT('',(150.23888783546,-1.));
#2073 = VECTOR('',#2074,1.);
#2074 = DIRECTION('',(1.665334536938E-16,1.));
#2075 = ( GEOMETRIC_REPRESENTATION_CONTEXT(2) 
PARAMETRIC_REPRESENTATION_CONTEXT() REPRESENTATION_CONTEXT('2D SPACE',''
  ) );
#2076 = PCURVE('',#2047,#2077);
#2077 = DEFINITIONAL_REPRESENTATION('',(#2078),#2082);
#2078 = LINE('',#2079,#2080);
#2079 = CARTESIAN_POINT('',(-0.256600595845,1.243399404155));
#2080 = VECTOR('',#2081,1.);
#2081 = DIRECTION('',(-1.,-2.775557561563E-17));
#2082 = ( GEOMETRIC_REPRESENTATION_CONTEXT(2) 
PARAMETRIC_REPRESENTATION_CONTEXT() REPRESENTATION_CONTEXT('2D SPACE',''
  ) );
#2083 = ORIENTED_EDGE('',*,*,#1029,.T.);
#2084 = ORIENTED_EDGE('',*,*,#1744,.F.);
#2085 = ADVANCED_FACE('',(#2086),#510,.F.);
#2086 = FACE_BOUND('',#2087,.F.);
#2087 = EDGE_LOOP('',(#2088,#2089,#2110,#2111));
#2088 = ORIENTED_EDGE('',*,*,#492,.T.);
#2089 = ORIENTED_EDGE('',*,*,#2090,.T.);
#2090 = EDGE_CURVE('',#495,#1107,#2091,.T.);
#2091 = SURFACE_CURVE('',#2092,(#2096,#2103),.PCURVE_S1.);
#2092 = LINE('',#2093,#2094);
#2093 = CARTESIAN_POINT('',(-303.6790926178,201.27197134252,
    -102.0037577847));
#2094 = VECTOR('',#2095,1.);
#2095 = DIRECTION('',(-0.622394432604,-0.686396843887,0.376144311355));
#2096 = PCURVE('',#510,#2097);
#2097 = DEFINITIONAL_REPRESENTATION('',(#2098),#2102);
#2098 = LINE('',#2099,#2100);
#2099 = CARTESIAN_POINT('',(0.,0.));
#2100 = VECTOR('',#2101,1.);
#2101 = DIRECTION('',(-5.551115123126E-17,-1.));
#2102 = ( GEOMETRIC_REPRESENTATION_CONTEXT(2) 
PARAMETRIC_REPRESENTATION_CONTEXT() REPRESENTATION_CONTEXT('2D SPACE',''
  ) );
#2103 = PCURVE('',#602,#2104);
#2104 = DEFINITIONAL_REPRESENTATION('',(#2105),#2109);
#2105 = LINE('',#2106,#2107);
#2106 = CARTESIAN_POINT('',(3.14159265359,0.));
#2107 = VECTOR('',#2108,1.);
#2108 = DIRECTION('',(0.,-1.));
#2109 = ( GEOMETRIC_REPRESENTATION_CONTEXT(2) 
PARAMETRIC_REPRESENTATION_CONTEXT() REPRESENTATION_CONTEXT('2D SPACE',''
  ) );
#2110 = ORIENTED_EDGE('',*,*,#1104,.F.);
#2111 = ORIENTED_EDGE('',*,*,#2112,.F.);
#2112 = EDGE_CURVE('',#493,#1105,#2113,.T.);
#2113 = SURFACE_CURVE('',#2114,(#2118,#2125),.PCURVE_S1.);
#2114 = LINE('',#2115,#2116);
#2115 = CARTESIAN_POINT('',(-281.8994202171,190.64475475886,
    -85.35839393162));
#2116 = VECTOR('',#2117,1.);
#2117 = DIRECTION('',(-0.622394432604,-0.686396843887,0.376144311355));
#2118 = PCURVE('',#510,#2119);
#2119 = DEFINITIONAL_REPRESENTATION('',(#2120),#2124);
#2120 = LINE('',#2121,#2122);
#2121 = CARTESIAN_POINT('',(29.4,-2.22044604925E-14));
#2122 = VECTOR('',#2123,1.);
#2123 = DIRECTION('',(-5.551115123126E-17,-1.));
#2124 = ( GEOMETRIC_REPRESENTATION_CONTEXT(2) 
PARAMETRIC_REPRESENTATION_CONTEXT() REPRESENTATION_CONTEXT('2D SPACE',''
  ) );
#2125 = PCURVE('',#543,#2126);
#2126 = DEFINITIONAL_REPRESENTATION('',(#2127),#2131);
#2127 = LINE('',#2128,#2129);
#2128 = CARTESIAN_POINT('',(0.,0.));
#2129 = VECTOR('',#2130,1.);
#2130 = DIRECTION('',(0.,-1.));
#2131 = ( GEOMETRIC_REPRESENTATION_CONTEXT(2) 
PARAMETRIC_REPRESENTATION_CONTEXT() REPRESENTATION_CONTEXT('2D SPACE',''
  ) );
#2132 = ADVANCED_FACE('',(#2133),#543,.F.);
#2133 = FACE_BOUND('',#2134,.F.);
#2134 = EDGE_LOOP('',(#2135,#2136,#2137,#2138));
#2135 = ORIENTED_EDGE('',*,*,#522,.F.);
#2136 = ORIENTED_EDGE('',*,*,#2112,.T.);
#2137 = ORIENTED_EDGE('',*,*,#1129,.T.);
#2138 = ORIENTED_EDGE('',*,*,#2139,.F.);
#2139 = EDGE_CURVE('',#523,#1130,#2140,.T.);
#2140 = SURFACE_CURVE('',#2141,(#2145,#2152),.PCURVE_S1.);
#2141 = LINE('',#2142,#2143);
#2142 = CARTESIAN_POINT('',(-279.0166650301,183.44470258788,
    -93.72720933565));
#2143 = VECTOR('',#2144,1.);
#2144 = DIRECTION('',(-0.622394432604,-0.686396843887,0.376144311355));
#2145 = PCURVE('',#543,#2146);
#2146 = DEFINITIONAL_REPRESENTATION('',(#2147),#2151);
#2147 = LINE('',#2148,#2149);
#2148 = CARTESIAN_POINT('',(3.14159265359,0.));
#2149 = VECTOR('',#2150,1.);
#2150 = DIRECTION('',(0.,-1.));
#2151 = ( GEOMETRIC_REPRESENTATION_CONTEXT(2) 
PARAMETRIC_REPRESENTATION_CONTEXT() REPRESENTATION_CONTEXT('2D SPACE',''
  ) );
#2152 = PCURVE('',#571,#2153);
#2153 = DEFINITIONAL_REPRESENTATION('',(#2154),#2158);
#2154 = LINE('',#2155,#2156);
#2155 = CARTESIAN_POINT('',(0.,0.));
#2156 = VECTOR('',#2157,1.);
#2157 = DIRECTION('',(5.551115123126E-17,-1.));
#2158 = ( GEOMETRIC_REPRESENTATION_CONTEXT(2) 
PARAMETRIC_REPRESENTATION_CONTEXT() REPRESENTATION_CONTEXT('2D SPACE',''
  ) );
#2159 = ADVANCED_FACE('',(#2160),#602,.F.);
#2160 = FACE_BOUND('',#2161,.F.);
#2161 = EDGE_LOOP('',(#2162,#2163,#2184,#2185));
#2162 = ORIENTED_EDGE('',*,*,#583,.F.);
#2163 = ORIENTED_EDGE('',*,*,#2164,.T.);
#2164 = EDGE_CURVE('',#556,#1158,#2165,.T.);
#2165 = SURFACE_CURVE('',#2166,(#2170,#2177),.PCURVE_S1.);
#2166 = LINE('',#2167,#2168);
#2167 = CARTESIAN_POINT('',(-300.7963374307,194.07191917154,
    -110.3725731887));
#2168 = VECTOR('',#2169,1.);
#2169 = DIRECTION('',(-0.622394432604,-0.686396843887,0.376144311355));
#2170 = PCURVE('',#602,#2171);
#2171 = DEFINITIONAL_REPRESENTATION('',(#2172),#2176);
#2172 = LINE('',#2173,#2174);
#2173 = CARTESIAN_POINT('',(0.,0.));
#2174 = VECTOR('',#2175,1.);
#2175 = DIRECTION('',(0.,-1.));
#2176 = ( GEOMETRIC_REPRESENTATION_CONTEXT(2) 
PARAMETRIC_REPRESENTATION_CONTEXT() REPRESENTATION_CONTEXT('2D SPACE',''
  ) );
#2177 = PCURVE('',#571,#2178);
#2178 = DEFINITIONAL_REPRESENTATION('',(#2179),#2183);
#2179 = LINE('',#2180,#2181);
#2180 = CARTESIAN_POINT('',(29.4,-2.6645352591E-15));
#2181 = VECTOR('',#2182,1.);
#2182 = DIRECTION('',(5.551115123126E-17,-1.));
#2183 = ( GEOMETRIC_REPRESENTATION_CONTEXT(2) 
PARAMETRIC_REPRESENTATION_CONTEXT() REPRESENTATION_CONTEXT('2D SPACE',''
  ) );
#2184 = ORIENTED_EDGE('',*,*,#1180,.T.);
#2185 = ORIENTED_EDGE('',*,*,#2090,.F.);
#2186 = ADVANCED_FACE('',(#2187),#571,.F.);
#2187 = FACE_BOUND('',#2188,.F.);
#2188 = EDGE_LOOP('',(#2189,#2190,#2191,#2192));
#2189 = ORIENTED_EDGE('',*,*,#555,.T.);
#2190 = ORIENTED_EDGE('',*,*,#2139,.T.);
#2191 = ORIENTED_EDGE('',*,*,#1157,.F.);
#2192 = ORIENTED_EDGE('',*,*,#2164,.F.);
#2193 = ADVANCED_FACE('',(#2194),#634,.T.);
#2194 = FACE_BOUND('',#2195,.T.);
#2195 = EDGE_LOOP('',(#2196,#2197,#2218,#2219));
#2196 = ORIENTED_EDGE('',*,*,#616,.T.);
#2197 = ORIENTED_EDGE('',*,*,#2198,.T.);
#2198 = EDGE_CURVE('',#619,#1211,#2199,.T.);
#2199 = SURFACE_CURVE('',#2200,(#2204,#2211),.PCURVE_S1.);
#2200 = LINE('',#2201,#2202);
#2201 = CARTESIAN_POINT('',(-292.902655981,227.47531111361,
    -36.35585845782));
#2202 = VECTOR('',#2203,1.);
#2203 = DIRECTION('',(-0.622394432604,-0.686396843887,0.376144311355));
#2204 = PCURVE('',#634,#2205);
#2205 = DEFINITIONAL_REPRESENTATION('',(#2206),#2210);
#2206 = LINE('',#2207,#2208);
#2207 = CARTESIAN_POINT('',(0.,0.));
#2208 = VECTOR('',#2209,1.);
#2209 = DIRECTION('',(1.665334536938E-16,-1.));
#2210 = ( GEOMETRIC_REPRESENTATION_CONTEXT(2) 
PARAMETRIC_REPRESENTATION_CONTEXT() REPRESENTATION_CONTEXT('2D SPACE',''
  ) );
#2211 = PCURVE('',#662,#2212);
#2212 = DEFINITIONAL_REPRESENTATION('',(#2213),#2217);
#2213 = LINE('',#2214,#2215);
#2214 = CARTESIAN_POINT('',(39.29,7.105427357601E-15));
#2215 = VECTOR('',#2216,1.);
#2216 = DIRECTION('',(-5.551115123126E-17,-1.));
#2217 = ( GEOMETRIC_REPRESENTATION_CONTEXT(2) 
PARAMETRIC_REPRESENTATION_CONTEXT() REPRESENTATION_CONTEXT('2D SPACE',''
  ) );
#2218 = ORIENTED_EDGE('',*,*,#1208,.F.);
#2219 = ORIENTED_EDGE('',*,*,#2220,.F.);
#2220 = EDGE_CURVE('',#617,#1209,#2221,.T.);
#2221 = SURFACE_CURVE('',#2222,(#2226,#2233),.PCURVE_S1.);
#2222 = LINE('',#2223,#2224);
#2223 = CARTESIAN_POINT('',(-294.2846604396,230.92704515176,
    -32.34381461382));
#2224 = VECTOR('',#2225,1.);
#2225 = DIRECTION('',(-0.622394432604,-0.686396843887,0.376144311355));
#2226 = PCURVE('',#634,#2227);
#2227 = DEFINITIONAL_REPRESENTATION('',(#2228),#2232);
#2228 = LINE('',#2229,#2230);
#2229 = CARTESIAN_POINT('',(5.47,-7.327471962526E-15));
#2230 = VECTOR('',#2231,1.);
#2231 = DIRECTION('',(1.665334536938E-16,-1.));
#2232 = ( GEOMETRIC_REPRESENTATION_CONTEXT(2) 
PARAMETRIC_REPRESENTATION_CONTEXT() REPRESENTATION_CONTEXT('2D SPACE',''
  ) );
#2233 = PCURVE('',#716,#2234);
#2234 = DEFINITIONAL_REPRESENTATION('',(#2235),#2239);
#2235 = LINE('',#2236,#2237);
#2236 = CARTESIAN_POINT('',(0.,0.));
#2237 = VECTOR('',#2238,1.);
#2238 = DIRECTION('',(5.551115123126E-17,-1.));
#2239 = ( GEOMETRIC_REPRESENTATION_CONTEXT(2) 
PARAMETRIC_REPRESENTATION_CONTEXT() REPRESENTATION_CONTEXT('2D SPACE',''
  ) );
#2240 = ADVANCED_FACE('',(#2241),#716,.T.);
#2241 = FACE_BOUND('',#2242,.T.);
#2242 = EDGE_LOOP('',(#2243,#2244,#2245,#2246));
#2243 = ORIENTED_EDGE('',*,*,#702,.T.);
#2244 = ORIENTED_EDGE('',*,*,#2220,.T.);
#2245 = ORIENTED_EDGE('',*,*,#1279,.F.);
#2246 = ORIENTED_EDGE('',*,*,#2247,.F.);
#2247 = EDGE_CURVE('',#675,#1257,#2248,.T.);
#2248 = SURFACE_CURVE('',#2249,(#2253,#2260),.PCURVE_S1.);
#2249 = LINE('',#2250,#2251);
#2250 = CARTESIAN_POINT('',(-323.390896107,245.12919955897,
    -54.58858828015));
#2251 = VECTOR('',#2252,1.);
#2252 = DIRECTION('',(-0.622394432604,-0.686396843887,0.376144311355));
#2253 = PCURVE('',#716,#2254);
#2254 = DEFINITIONAL_REPRESENTATION('',(#2255),#2259);
#2255 = LINE('',#2256,#2257);
#2256 = CARTESIAN_POINT('',(39.29,-7.105427357601E-15));
#2257 = VECTOR('',#2258,1.);
#2258 = DIRECTION('',(5.551115123126E-17,-1.));
#2259 = ( GEOMETRIC_REPRESENTATION_CONTEXT(2) 
PARAMETRIC_REPRESENTATION_CONTEXT() REPRESENTATION_CONTEXT('2D SPACE',''
  ) );
#2260 = PCURVE('',#690,#2261);
#2261 = DEFINITIONAL_REPRESENTATION('',(#2262),#2266);
#2262 = LINE('',#2263,#2264);
#2263 = CARTESIAN_POINT('',(0.,0.));
#2264 = VECTOR('',#2265,1.);
#2265 = DIRECTION('',(-1.665334536938E-16,-1.));
#2266 = ( GEOMETRIC_REPRESENTATION_CONTEXT(2) 
PARAMETRIC_REPRESENTATION_CONTEXT() REPRESENTATION_CONTEXT('2D SPACE',''
  ) );
#2267 = ADVANCED_FACE('',(#2268),#662,.T.);
#2268 = FACE_BOUND('',#2269,.T.);
#2269 = EDGE_LOOP('',(#2270,#2271,#2292,#2293));
#2270 = ORIENTED_EDGE('',*,*,#646,.T.);
#2271 = ORIENTED_EDGE('',*,*,#2272,.T.);
#2272 = EDGE_CURVE('',#647,#1234,#2273,.T.);
#2273 = SURFACE_CURVE('',#2274,(#2278,#2285),.PCURVE_S1.);
#2274 = LINE('',#2275,#2276);
#2275 = CARTESIAN_POINT('',(-322.0088916484,241.67746552082,
    -58.60063212415));
#2276 = VECTOR('',#2277,1.);
#2277 = DIRECTION('',(-0.622394432604,-0.686396843887,0.376144311355));
#2278 = PCURVE('',#662,#2279);
#2279 = DEFINITIONAL_REPRESENTATION('',(#2280),#2284);
#2280 = LINE('',#2281,#2282);
#2281 = CARTESIAN_POINT('',(0.,0.));
#2282 = VECTOR('',#2283,1.);
#2283 = DIRECTION('',(-5.551115123126E-17,-1.));
#2284 = ( GEOMETRIC_REPRESENTATION_CONTEXT(2) 
PARAMETRIC_REPRESENTATION_CONTEXT() REPRESENTATION_CONTEXT('2D SPACE',''
  ) );
#2285 = PCURVE('',#690,#2286);
#2286 = DEFINITIONAL_REPRESENTATION('',(#2287),#2291);
#2287 = LINE('',#2288,#2289);
#2288 = CARTESIAN_POINT('',(5.47,7.327471962526E-15));
#2289 = VECTOR('',#2290,1.);
#2290 = DIRECTION('',(-1.665334536938E-16,-1.));
#2291 = ( GEOMETRIC_REPRESENTATION_CONTEXT(2) 
PARAMETRIC_REPRESENTATION_CONTEXT() REPRESENTATION_CONTEXT('2D SPACE',''
  ) );
#2292 = ORIENTED_EDGE('',*,*,#1233,.F.);
#2293 = ORIENTED_EDGE('',*,*,#2198,.F.);
#2294 = ADVANCED_FACE('',(#2295),#690,.T.);
#2295 = FACE_BOUND('',#2296,.T.);
#2296 = EDGE_LOOP('',(#2297,#2298,#2299,#2300));
#2297 = ORIENTED_EDGE('',*,*,#674,.T.);
#2298 = ORIENTED_EDGE('',*,*,#2247,.T.);
#2299 = ORIENTED_EDGE('',*,*,#1256,.F.);
#2300 = ORIENTED_EDGE('',*,*,#2272,.F.);
#2301 = ADVANCED_FACE('',(#2302),#751,.F.);
#2302 = FACE_BOUND('',#2303,.T.);
#2303 = EDGE_LOOP('',(#2304,#2305,#2326,#2327));
#2304 = ORIENTED_EDGE('',*,*,#730,.T.);
#2305 = ORIENTED_EDGE('',*,*,#2306,.T.);
#2306 = EDGE_CURVE('',#731,#1303,#2307,.T.);
#2307 = SEAM_CURVE('',#2308,(#2312,#2319),.PCURVE_S1.);
#2308 = LINE('',#2309,#2310);
#2309 = CARTESIAN_POINT('',(-305.5945891601,241.06493975483,
    -32.55814142167));
#2310 = VECTOR('',#2311,1.);
#2311 = DIRECTION('',(-0.622394432604,-0.686396843887,0.376144311355));
#2312 = PCURVE('',#751,#2313);
#2313 = DEFINITIONAL_REPRESENTATION('',(#2314),#2318);
#2314 = LINE('',#2315,#2316);
#2315 = CARTESIAN_POINT('',(-6.28318530718,0.));
#2316 = VECTOR('',#2317,1.);
#2317 = DIRECTION('',(-0.,-1.));
#2318 = ( GEOMETRIC_REPRESENTATION_CONTEXT(2) 
PARAMETRIC_REPRESENTATION_CONTEXT() REPRESENTATION_CONTEXT('2D SPACE',''
  ) );
#2319 = PCURVE('',#751,#2320);
#2320 = DEFINITIONAL_REPRESENTATION('',(#2321),#2325);
#2321 = LINE('',#2322,#2323);
#2322 = CARTESIAN_POINT('',(-0.,0.));
#2323 = VECTOR('',#2324,1.);
#2324 = DIRECTION('',(-0.,-1.));
#2325 = ( GEOMETRIC_REPRESENTATION_CONTEXT(2) 
PARAMETRIC_REPRESENTATION_CONTEXT() REPRESENTATION_CONTEXT('2D SPACE',''
  ) );
#2326 = ORIENTED_EDGE('',*,*,#1302,.F.);
#2327 = ORIENTED_EDGE('',*,*,#2306,.F.);
#2328 = ADVANCED_FACE('',(#2329),#786,.F.);
#2329 = FACE_BOUND('',#2330,.T.);
#2330 = EDGE_LOOP('',(#2331,#2332,#2353,#2354));
#2331 = ORIENTED_EDGE('',*,*,#765,.T.);
#2332 = ORIENTED_EDGE('',*,*,#2333,.T.);
#2333 = EDGE_CURVE('',#766,#1333,#2334,.T.);
#2334 = SEAM_CURVE('',#2335,(#2339,#2346),.PCURVE_S1.);
#2335 = LINE('',#2336,#2337);
#2336 = CARTESIAN_POINT('',(-273.7279448939,244.04988210585,
    25.617607420955));
#2337 = VECTOR('',#2338,1.);
#2338 = DIRECTION('',(-0.622394432604,-0.686396843887,0.376144311355));
#2339 = PCURVE('',#786,#2340);
#2340 = DEFINITIONAL_REPRESENTATION('',(#2341),#2345);
#2341 = LINE('',#2342,#2343);
#2342 = CARTESIAN_POINT('',(-6.28318530718,0.));
#2343 = VECTOR('',#2344,1.);
#2344 = DIRECTION('',(-0.,-1.));
#2345 = ( GEOMETRIC_REPRESENTATION_CONTEXT(2) 
PARAMETRIC_REPRESENTATION_CONTEXT() REPRESENTATION_CONTEXT('2D SPACE',''
  ) );
#2346 = PCURVE('',#786,#2347);
#2347 = DEFINITIONAL_REPRESENTATION('',(#2348),#2352);
#2348 = LINE('',#2349,#2350);
#2349 = CARTESIAN_POINT('',(-0.,0.));
#2350 = VECTOR('',#2351,1.);
#2351 = DIRECTION('',(-0.,-1.));
#2352 = ( GEOMETRIC_REPRESENTATION_CONTEXT(2) 
PARAMETRIC_REPRESENTATION_CONTEXT() REPRESENTATION_CONTEXT('2D SPACE',''
  ) );
#2353 = ORIENTED_EDGE('',*,*,#1332,.F.);
#2354 = ORIENTED_EDGE('',*,*,#2333,.F.);
#2355 = ADVANCED_FACE('',(#2356),#818,.F.);
#2356 = FACE_BOUND('',#2357,.F.);
#2357 = EDGE_LOOP('',(#2358,#2359,#2380,#2381));
#2358 = ORIENTED_EDGE('',*,*,#800,.T.);
#2359 = ORIENTED_EDGE('',*,*,#2360,.T.);
#2360 = EDGE_CURVE('',#803,#1365,#2361,.T.);
#2361 = SURFACE_CURVE('',#2362,(#2366,#2373),.PCURVE_S1.);
#2362 = LINE('',#2363,#2364);
#2363 = CARTESIAN_POINT('',(-242.7947343303,222.6207478772,
    37.697460281685));
#2364 = VECTOR('',#2365,1.);
#2365 = DIRECTION('',(-0.622394432604,-0.686396843887,0.376144311355));
#2366 = PCURVE('',#818,#2367);
#2367 = DEFINITIONAL_REPRESENTATION('',(#2368),#2372);
#2368 = LINE('',#2369,#2370);
#2369 = CARTESIAN_POINT('',(0.,0.));
#2370 = VECTOR('',#2371,1.);
#2371 = DIRECTION('',(-5.551115123126E-17,-1.));
#2372 = ( GEOMETRIC_REPRESENTATION_CONTEXT(2) 
PARAMETRIC_REPRESENTATION_CONTEXT() REPRESENTATION_CONTEXT('2D SPACE',''
  ) );
#2373 = PCURVE('',#910,#2374);
#2374 = DEFINITIONAL_REPRESENTATION('',(#2375),#2379);
#2375 = LINE('',#2376,#2377);
#2376 = CARTESIAN_POINT('',(3.14159265359,0.));
#2377 = VECTOR('',#2378,1.);
#2378 = DIRECTION('',(0.,-1.));
#2379 = ( GEOMETRIC_REPRESENTATION_CONTEXT(2) 
PARAMETRIC_REPRESENTATION_CONTEXT() REPRESENTATION_CONTEXT('2D SPACE',''
  ) );
#2380 = ORIENTED_EDGE('',*,*,#1362,.F.);
#2381 = ORIENTED_EDGE('',*,*,#2382,.F.);
#2382 = EDGE_CURVE('',#801,#1363,#2383,.T.);
#2383 = SURFACE_CURVE('',#2384,(#2388,#2395),.PCURVE_S1.);
#2384 = LINE('',#2385,#2386);
#2385 = CARTESIAN_POINT('',(-228.0156709156,215.40942233829,
    48.992528610605));
#2386 = VECTOR('',#2387,1.);
#2387 = DIRECTION('',(-0.622394432604,-0.686396843887,0.376144311355));
#2388 = PCURVE('',#818,#2389);
#2389 = DEFINITIONAL_REPRESENTATION('',(#2390),#2394);
#2390 = LINE('',#2391,#2392);
#2391 = CARTESIAN_POINT('',(19.95,0.));
#2392 = VECTOR('',#2393,1.);
#2393 = DIRECTION('',(-5.551115123126E-17,-1.));
#2394 = ( GEOMETRIC_REPRESENTATION_CONTEXT(2) 
PARAMETRIC_REPRESENTATION_CONTEXT() REPRESENTATION_CONTEXT('2D SPACE',''
  ) );
#2395 = PCURVE('',#851,#2396);
#2396 = DEFINITIONAL_REPRESENTATION('',(#2397),#2401);
#2397 = LINE('',#2398,#2399);
#2398 = CARTESIAN_POINT('',(0.,0.));
#2399 = VECTOR('',#2400,1.);
#2400 = DIRECTION('',(0.,-1.));
#2401 = ( GEOMETRIC_REPRESENTATION_CONTEXT(2) 
PARAMETRIC_REPRESENTATION_CONTEXT() REPRESENTATION_CONTEXT('2D SPACE',''
  ) );
#2402 = ADVANCED_FACE('',(#2403),#851,.F.);
#2403 = FACE_BOUND('',#2404,.F.);
#2404 = EDGE_LOOP('',(#2405,#2406,#2407,#2408));
#2405 = ORIENTED_EDGE('',*,*,#830,.F.);
#2406 = ORIENTED_EDGE('',*,*,#2382,.T.);
#2407 = ORIENTED_EDGE('',*,*,#1387,.T.);
#2408 = ORIENTED_EDGE('',*,*,#2409,.F.);
#2409 = EDGE_CURVE('',#831,#1388,#2410,.T.);
#2410 = SURFACE_CURVE('',#2411,(#2415,#2422),.PCURVE_S1.);
#2411 = LINE('',#2412,#2413);
#2412 = CARTESIAN_POINT('',(-225.1657604414,208.29140406584,
    40.719063425905));
#2413 = VECTOR('',#2414,1.);
#2414 = DIRECTION('',(-0.622394432604,-0.686396843887,0.376144311355));
#2415 = PCURVE('',#851,#2416);
#2416 = DEFINITIONAL_REPRESENTATION('',(#2417),#2421);
#2417 = LINE('',#2418,#2419);
#2418 = CARTESIAN_POINT('',(3.14159265359,0.));
#2419 = VECTOR('',#2420,1.);
#2420 = DIRECTION('',(0.,-1.));
#2421 = ( GEOMETRIC_REPRESENTATION_CONTEXT(2) 
PARAMETRIC_REPRESENTATION_CONTEXT() REPRESENTATION_CONTEXT('2D SPACE',''
  ) );
#2422 = PCURVE('',#879,#2423);
#2423 = DEFINITIONAL_REPRESENTATION('',(#2424),#2428);
#2424 = LINE('',#2425,#2426);
#2425 = CARTESIAN_POINT('',(0.,0.));
#2426 = VECTOR('',#2427,1.);
#2427 = DIRECTION('',(5.551115123126E-17,-1.));
#2428 = ( GEOMETRIC_REPRESENTATION_CONTEXT(2) 
PARAMETRIC_REPRESENTATION_CONTEXT() REPRESENTATION_CONTEXT('2D SPACE',''
  ) );
#2429 = ADVANCED_FACE('',(#2430),#910,.F.);
#2430 = FACE_BOUND('',#2431,.F.);
#2431 = EDGE_LOOP('',(#2432,#2433,#2454,#2455));
#2432 = ORIENTED_EDGE('',*,*,#891,.F.);
#2433 = ORIENTED_EDGE('',*,*,#2434,.T.);
#2434 = EDGE_CURVE('',#864,#1416,#2435,.T.);
#2435 = SURFACE_CURVE('',#2436,(#2440,#2447),.PCURVE_S1.);
#2436 = LINE('',#2437,#2438);
#2437 = CARTESIAN_POINT('',(-239.9448238562,215.50272960475,
    29.423995096984));
#2438 = VECTOR('',#2439,1.);
#2439 = DIRECTION('',(-0.622394432604,-0.686396843887,0.376144311355));
#2440 = PCURVE('',#910,#2441);
#2441 = DEFINITIONAL_REPRESENTATION('',(#2442),#2446);
#2442 = LINE('',#2443,#2444);
#2443 = CARTESIAN_POINT('',(0.,0.));
#2444 = VECTOR('',#2445,1.);
#2445 = DIRECTION('',(0.,-1.));
#2446 = ( GEOMETRIC_REPRESENTATION_CONTEXT(2) 
PARAMETRIC_REPRESENTATION_CONTEXT() REPRESENTATION_CONTEXT('2D SPACE',''
  ) );
#2447 = PCURVE('',#879,#2448);
#2448 = DEFINITIONAL_REPRESENTATION('',(#2449),#2453);
#2449 = LINE('',#2450,#2451);
#2450 = CARTESIAN_POINT('',(19.95,-1.7763568394E-15));
#2451 = VECTOR('',#2452,1.);
#2452 = DIRECTION('',(5.551115123126E-17,-1.));
#2453 = ( GEOMETRIC_REPRESENTATION_CONTEXT(2) 
PARAMETRIC_REPRESENTATION_CONTEXT() REPRESENTATION_CONTEXT('2D SPACE',''
  ) );
#2454 = ORIENTED_EDGE('',*,*,#1438,.T.);
#2455 = ORIENTED_EDGE('',*,*,#2360,.F.);
#2456 = ADVANCED_FACE('',(#2457),#879,.F.);
#2457 = FACE_BOUND('',#2458,.F.);
#2458 = EDGE_LOOP('',(#2459,#2460,#2461,#2462));
#2459 = ORIENTED_EDGE('',*,*,#863,.T.);
#2460 = ORIENTED_EDGE('',*,*,#2409,.T.);
#2461 = ORIENTED_EDGE('',*,*,#1415,.F.);
#2462 = ORIENTED_EDGE('',*,*,#2434,.F.);
#2463 = ADVANCED_FACE('',(#2464),#1089,.F.);
#2464 = FACE_BOUND('',#2465,.F.);
#2465 = EDGE_LOOP('',(#2466,#2489,#2515,#2516));
#2466 = ORIENTED_EDGE('',*,*,#2467,.T.);
#2467 = EDGE_CURVE('',#1548,#2468,#2470,.T.);
#2468 = VERTEX_POINT('',#2469);
#2469 = CARTESIAN_POINT('',(-335.6034855818,198.44419202244,
    -153.3418816449));
#2470 = SURFACE_CURVE('',#2471,(#2475,#2482),.PCURVE_S1.);
#2471 = LINE('',#2472,#2473);
#2472 = CARTESIAN_POINT('',(-141.9151455327,103.93551890907,
    -5.313351420981));
#2473 = VECTOR('',#2474,1.);
#2474 = DIRECTION('',(-0.740805183696,0.361469951825,-0.566168838542));
#2475 = PCURVE('',#1089,#2476);
#2476 = DEFINITIONAL_REPRESENTATION('',(#2477),#2481);
#2477 = LINE('',#2478,#2479);
#2478 = CARTESIAN_POINT('',(0.,0.));
#2479 = VECTOR('',#2480,1.);
#2480 = DIRECTION('',(0.,-1.));
#2481 = ( GEOMETRIC_REPRESENTATION_CONTEXT(2) 
PARAMETRIC_REPRESENTATION_CONTEXT() REPRESENTATION_CONTEXT('2D SPACE',''
  ) );
#2482 = PCURVE('',#1563,#2483);
#2483 = DEFINITIONAL_REPRESENTATION('',(#2484),#2488);
#2484 = LINE('',#2485,#2486);
#2485 = CARTESIAN_POINT('',(-130.7282564376,-20.48617468528));
#2486 = VECTOR('',#2487,1.);
#2487 = DIRECTION('',(1.,0.));
#2488 = ( GEOMETRIC_REPRESENTATION_CONTEXT(2) 
PARAMETRIC_REPRESENTATION_CONTEXT() REPRESENTATION_CONTEXT('2D SPACE',''
  ) );
#2489 = ORIENTED_EDGE('',*,*,#2490,.T.);
#2490 = EDGE_CURVE('',#2468,#1053,#2491,.T.);
#2491 = SURFACE_CURVE('',#2492,(#2497,#2504),.PCURVE_S1.);
#2492 = CIRCLE('',#2493,0.5);
#2493 = AXIS2_PLACEMENT_3D('',#2494,#2495,#2496);
#2494 = CARTESIAN_POINT('',(-335.7298114007,198.75970701678,
    -152.9751500321));
#2495 = DIRECTION('',(0.740805183696,-0.361469951825,0.566168838542));
#2496 = DIRECTION('',(0.252651637778,-0.631029988693,-0.733463225594));
#2497 = PCURVE('',#1089,#2498);
#2498 = DEFINITIONAL_REPRESENTATION('',(#2499),#2503);
#2499 = LINE('',#2500,#2501);
#2500 = CARTESIAN_POINT('',(0.,-261.4565128752));
#2501 = VECTOR('',#2502,1.);
#2502 = DIRECTION('',(1.,0.));
#2503 = ( GEOMETRIC_REPRESENTATION_CONTEXT(2) 
PARAMETRIC_REPRESENTATION_CONTEXT() REPRESENTATION_CONTEXT('2D SPACE',''
  ) );
#2504 = PCURVE('',#1780,#2505);
#2505 = DEFINITIONAL_REPRESENTATION('',(#2506),#2514);
#2506 = ( BOUNDED_CURVE() B_SPLINE_CURVE(2,(#2507,#2508,#2509,#2510,
#2511,#2512,#2513),.UNSPECIFIED.,.T.,.F.) B_SPLINE_CURVE_WITH_KNOTS((1,2
    ,2,2,2,1),(-2.094395102393,0.,2.094395102393,4.188790204786,
6.28318530718,8.377580409573),.UNSPECIFIED.) CURVE() 
GEOMETRIC_REPRESENTATION_ITEM() RATIONAL_B_SPLINE_CURVE((1.,0.5,1.,0.5,
1.,0.5,1.)) REPRESENTATION_ITEM('') );
#2507 = CARTESIAN_POINT('',(0.668807136422,0.168807136422));
#2508 = CARTESIAN_POINT('',(-0.197218267362,0.168807136422));
#2509 = CARTESIAN_POINT('',(0.23579443453,0.918807136422));
#2510 = CARTESIAN_POINT('',(0.668807136422,1.668807136422));
#2511 = CARTESIAN_POINT('',(1.101819838314,0.918807136422));
#2512 = CARTESIAN_POINT('',(1.534832540207,0.168807136422));
#2513 = CARTESIAN_POINT('',(0.668807136422,0.168807136422));
#2514 = ( GEOMETRIC_REPRESENTATION_CONTEXT(2) 
PARAMETRIC_REPRESENTATION_CONTEXT() REPRESENTATION_CONTEXT('2D SPACE',''
  ) );
#2515 = ORIENTED_EDGE('',*,*,#1075,.F.);
#2516 = ORIENTED_EDGE('',*,*,#1575,.F.);
#2517 = ADVANCED_FACE('',(#2518),#943,.F.);
#2518 = FACE_BOUND('',#2519,.F.);
#2519 = EDGE_LOOP('',(#2520,#2543,#2544,#2545));
#2520 = ORIENTED_EDGE('',*,*,#2521,.T.);
#2521 = EDGE_CURVE('',#2522,#1686,#2524,.T.);
#2522 = VERTEX_POINT('',#2523);
#2523 = CARTESIAN_POINT('',(-374.8327599081,295.67223385652,
    -38.17082147277));
#2524 = SURFACE_CURVE('',#2525,(#2529,#2536),.PCURVE_S1.);
#2525 = LINE('',#2526,#2527);
#2526 = CARTESIAN_POINT('',(-374.8327599081,295.67223385652,
    -38.17082147277));
#2527 = VECTOR('',#2528,1.);
#2528 = DIRECTION('',(0.740805183696,-0.361469951825,0.566168838542));
#2529 = PCURVE('',#943,#2530);
#2530 = DEFINITIONAL_REPRESENTATION('',(#2531),#2535);
#2531 = LINE('',#2532,#2533);
#2532 = CARTESIAN_POINT('',(0.,0.));
#2533 = VECTOR('',#2534,1.);
#2534 = DIRECTION('',(0.,-1.));
#2535 = ( GEOMETRIC_REPRESENTATION_CONTEXT(2) 
PARAMETRIC_REPRESENTATION_CONTEXT() REPRESENTATION_CONTEXT('2D SPACE',''
  ) );
#2536 = PCURVE('',#1701,#2537);
#2537 = DEFINITIONAL_REPRESENTATION('',(#2538),#2542);
#2538 = LINE('',#2539,#2540);
#2539 = CARTESIAN_POINT('',(-129.7282564376,-29.96933262526));
#2540 = VECTOR('',#2541,1.);
#2541 = DIRECTION('',(1.,0.));
#2542 = ( GEOMETRIC_REPRESENTATION_CONTEXT(2) 
PARAMETRIC_REPRESENTATION_CONTEXT() REPRESENTATION_CONTEXT('2D SPACE',''
  ) );
#2543 = ORIENTED_EDGE('',*,*,#1713,.T.);
#2544 = ORIENTED_EDGE('',*,*,#927,.F.);
#2545 = ORIENTED_EDGE('',*,*,#2546,.F.);
#2546 = EDGE_CURVE('',#2522,#928,#2547,.T.);
#2547 = SURFACE_CURVE('',#2548,(#2553,#2560),.PCURVE_S1.);
#2548 = CIRCLE('',#2549,1.5);
#2549 = AXIS2_PLACEMENT_3D('',#2550,#2551,#2552);
#2550 = CARTESIAN_POINT('',(-374.4537824514,294.72568887348,
    -39.27101631116));
#2551 = DIRECTION('',(-0.740805183696,0.361469951825,-0.566168838542));
#2552 = DIRECTION('',(-0.252651637778,0.631029988693,0.733463225594));
#2553 = PCURVE('',#943,#2554);
#2554 = DEFINITIONAL_REPRESENTATION('',(#2555),#2559);
#2555 = LINE('',#2556,#2557);
#2556 = CARTESIAN_POINT('',(0.,0.));
#2557 = VECTOR('',#2558,1.);
#2558 = DIRECTION('',(1.,0.));
#2559 = ( GEOMETRIC_REPRESENTATION_CONTEXT(2) 
PARAMETRIC_REPRESENTATION_CONTEXT() REPRESENTATION_CONTEXT('2D SPACE',''
  ) );
#2560 = PCURVE('',#1885,#2561);
#2561 = DEFINITIONAL_REPRESENTATION('',(#2562),#2570);
#2562 = ( BOUNDED_CURVE() B_SPLINE_CURVE(2,(#2563,#2564,#2565,#2566,
#2567,#2568,#2569),.UNSPECIFIED.,.T.,.F.) B_SPLINE_CURVE_WITH_KNOTS((1,2
    ,2,2,2,1),(-2.094395102393,0.,2.094395102393,4.188790204786,
6.28318530718,8.377580409573),.UNSPECIFIED.) CURVE() 
GEOMETRIC_REPRESENTATION_ITEM() RATIONAL_B_SPLINE_CURVE((1.,0.5,1.,0.5,
1.,0.5,1.)) REPRESENTATION_ITEM('') );
#2563 = CARTESIAN_POINT('',(1.243399404155,-0.256600595845));
#2564 = CARTESIAN_POINT('',(-1.354676807198,-0.256600595845));
#2565 = CARTESIAN_POINT('',(-5.563870152157E-02,1.993399404155));
#2566 = CARTESIAN_POINT('',(1.243399404155,4.243399404155));
#2567 = CARTESIAN_POINT('',(2.542437509832,1.993399404155));
#2568 = CARTESIAN_POINT('',(3.841475615508,-0.256600595845));
#2569 = CARTESIAN_POINT('',(1.243399404155,-0.256600595845));
#2570 = ( GEOMETRIC_REPRESENTATION_CONTEXT(2) 
PARAMETRIC_REPRESENTATION_CONTEXT() REPRESENTATION_CONTEXT('2D SPACE',''
  ) );
#2571 = ADVANCED_FACE('',(#2572),#1017,.F.);
#2572 = FACE_BOUND('',#2573,.F.);
#2573 = EDGE_LOOP('',(#2574,#2604,#2630,#2631));
#2574 = ORIENTED_EDGE('',*,*,#2575,.T.);
#2575 = EDGE_CURVE('',#2576,#2578,#2580,.T.);
#2576 = VERTEX_POINT('',#2577);
#2577 = CARTESIAN_POINT('',(-340.1997073003,201.72779494062,
    -152.2965597853));
#2578 = VERTEX_POINT('',#2579);
#2579 = CARTESIAN_POINT('',(-377.2735276377,294.32443367219,
    -44.66898179345));
#2580 = SURFACE_CURVE('',#2581,(#2585,#2592),.PCURVE_S1.);
#2581 = LINE('',#2582,#2583);
#2582 = CARTESIAN_POINT('',(-340.1997073003,201.72779494062,
    -152.2965597853));
#2583 = VECTOR('',#2584,1.);
#2584 = DIRECTION('',(-0.252651637778,0.631029988693,0.733463225594));
#2585 = PCURVE('',#1017,#2586);
#2586 = DEFINITIONAL_REPRESENTATION('',(#2587),#2591);
#2587 = LINE('',#2588,#2589);
#2588 = CARTESIAN_POINT('',(0.,0.));
#2589 = VECTOR('',#2590,1.);
#2590 = DIRECTION('',(0.,-1.));
#2591 = ( GEOMETRIC_REPRESENTATION_CONTEXT(2) 
PARAMETRIC_REPRESENTATION_CONTEXT() REPRESENTATION_CONTEXT('2D SPACE',''
  ) );
#2592 = PCURVE('',#2593,#2598);
#2593 = PLANE('',#2594);
#2594 = AXIS2_PLACEMENT_3D('',#2595,#2596,#2597);
#2595 = CARTESIAN_POINT('',(-369.0446734561,236.65805455924,
    -92.25309324481));
#2596 = DIRECTION('',(0.740805183696,-0.361469951825,0.566168838542));
#2597 = DIRECTION('',(-0.252651637778,0.631029988693,0.733463225594));
#2598 = DEFINITIONAL_REPRESENTATION('',(#2599),#2603);
#2599 = LINE('',#2600,#2601);
#2600 = CARTESIAN_POINT('',(-73.36944391773,-16.56193475887));
#2601 = VECTOR('',#2602,1.);
#2602 = DIRECTION('',(1.,1.665334536938E-16));
#2603 = ( GEOMETRIC_REPRESENTATION_CONTEXT(2) 
PARAMETRIC_REPRESENTATION_CONTEXT() REPRESENTATION_CONTEXT('2D SPACE',''
  ) );
#2604 = ORIENTED_EDGE('',*,*,#2605,.T.);
#2605 = EDGE_CURVE('',#2578,#979,#2606,.T.);
#2606 = SURFACE_CURVE('',#2607,(#2612,#2619),.PCURVE_S1.);
#2607 = CIRCLE('',#2608,1.5);
#2608 = AXIS2_PLACEMENT_3D('',#2609,#2610,#2611);
#2609 = CARTESIAN_POINT('',(-376.1623198622,293.78222874445,
    -43.81972853564));
#2610 = DIRECTION('',(0.252651637778,-0.631029988693,-0.733463225594));
#2611 = DIRECTION('',(-0.740805183696,0.361469951825,-0.566168838542));
#2612 = PCURVE('',#1017,#2613);
#2613 = DEFINITIONAL_REPRESENTATION('',(#2614),#2618);
#2614 = LINE('',#2615,#2616);
#2615 = CARTESIAN_POINT('',(0.,-146.7388878354));
#2616 = VECTOR('',#2617,1.);
#2617 = DIRECTION('',(1.,0.));
#2618 = ( GEOMETRIC_REPRESENTATION_CONTEXT(2) 
PARAMETRIC_REPRESENTATION_CONTEXT() REPRESENTATION_CONTEXT('2D SPACE',''
  ) );
#2619 = PCURVE('',#1964,#2620);
#2620 = DEFINITIONAL_REPRESENTATION('',(#2621),#2629);
#2621 = ( BOUNDED_CURVE() B_SPLINE_CURVE(2,(#2622,#2623,#2624,#2625,
#2626,#2627,#2628),.UNSPECIFIED.,.T.,.F.) B_SPLINE_CURVE_WITH_KNOTS((1,2
    ,2,2,2,1),(-2.094395102393,0.,2.094395102393,4.188790204786,
6.28318530718,8.377580409573),.UNSPECIFIED.) CURVE() 
GEOMETRIC_REPRESENTATION_ITEM() RATIONAL_B_SPLINE_CURVE((1.,0.5,1.,0.5,
1.,0.5,1.)) REPRESENTATION_ITEM('') );
#2622 = CARTESIAN_POINT('',(1.243399404155,-0.256600595845));
#2623 = CARTESIAN_POINT('',(-1.354676807198,-0.256600595845));
#2624 = CARTESIAN_POINT('',(-5.563870152157E-02,1.993399404155));
#2625 = CARTESIAN_POINT('',(1.243399404155,4.243399404155));
#2626 = CARTESIAN_POINT('',(2.542437509832,1.993399404155));
#2627 = CARTESIAN_POINT('',(3.841475615508,-0.256600595845));
#2628 = CARTESIAN_POINT('',(1.243399404155,-0.256600595845));
#2629 = ( GEOMETRIC_REPRESENTATION_CONTEXT(2) 
PARAMETRIC_REPRESENTATION_CONTEXT() REPRESENTATION_CONTEXT('2D SPACE',''
  ) );
#2630 = ORIENTED_EDGE('',*,*,#1001,.F.);
#2631 = ORIENTED_EDGE('',*,*,#2632,.F.);
#2632 = EDGE_CURVE('',#2576,#1002,#2633,.T.);
#2633 = SURFACE_CURVE('',#2634,(#2639,#2646),.PCURVE_S1.);
#2634 = CIRCLE('',#2635,1.5);
#2635 = AXIS2_PLACEMENT_3D('',#2636,#2637,#2638);
#2636 = CARTESIAN_POINT('',(-339.0884995248,201.18559001288,
    -151.4473065275));
#2637 = DIRECTION('',(0.252651637778,-0.631029988693,-0.733463225594));
#2638 = DIRECTION('',(-0.740805183696,0.361469951825,-0.566168838542));
#2639 = PCURVE('',#1017,#2640);
#2640 = DEFINITIONAL_REPRESENTATION('',(#2641),#2645);
#2641 = LINE('',#2642,#2643);
#2642 = CARTESIAN_POINT('',(0.,0.));
#2643 = VECTOR('',#2644,1.);
#2644 = DIRECTION('',(1.,0.));
#2645 = ( GEOMETRIC_REPRESENTATION_CONTEXT(2) 
PARAMETRIC_REPRESENTATION_CONTEXT() REPRESENTATION_CONTEXT('2D SPACE',''
  ) );
#2646 = PCURVE('',#2047,#2647);
#2647 = DEFINITIONAL_REPRESENTATION('',(#2648),#2656);
#2648 = ( BOUNDED_CURVE() B_SPLINE_CURVE(2,(#2649,#2650,#2651,#2652,
#2653,#2654,#2655),.UNSPECIFIED.,.T.,.F.) B_SPLINE_CURVE_WITH_KNOTS((1,2
    ,2,2,2,1),(-2.094395102393,0.,2.094395102393,4.188790204786,
6.28318530718,8.377580409573),.UNSPECIFIED.) CURVE() 
GEOMETRIC_REPRESENTATION_ITEM() RATIONAL_B_SPLINE_CURVE((1.,0.5,1.,0.5,
1.,0.5,1.)) REPRESENTATION_ITEM('') );
#2649 = CARTESIAN_POINT('',(1.243399404155,-0.256600595845));
#2650 = CARTESIAN_POINT('',(-1.354676807198,-0.256600595845));
#2651 = CARTESIAN_POINT('',(-5.563870152157E-02,1.993399404155));
#2652 = CARTESIAN_POINT('',(1.243399404155,4.243399404155));
#2653 = CARTESIAN_POINT('',(2.542437509832,1.993399404155));
#2654 = CARTESIAN_POINT('',(3.841475615508,-0.256600595845));
#2655 = CARTESIAN_POINT('',(1.243399404155,-0.256600595845));
#2656 = ( GEOMETRIC_REPRESENTATION_CONTEXT(2) 
PARAMETRIC_REPRESENTATION_CONTEXT() REPRESENTATION_CONTEXT('2D SPACE',''
  ) );
#2657 = ADVANCED_FACE('',(#2658),#1780,.T.);
#2658 = FACE_BOUND('',#2659,.T.);
#2659 = EDGE_LOOP('',(#2660,#2661,#2684,#2707,#2728,#2729));
#2660 = ORIENTED_EDGE('',*,*,#1796,.T.);
#2661 = ORIENTED_EDGE('',*,*,#2662,.T.);
#2662 = EDGE_CURVE('',#1797,#2663,#2665,.T.);
#2663 = VERTEX_POINT('',#2664);
#2664 = CARTESIAN_POINT('',(-360.851796083,169.68987073914,
    -138.6638287319));
#2665 = SURFACE_CURVE('',#2666,(#2670,#2677),.PCURVE_S1.);
#2666 = LINE('',#2667,#2668);
#2667 = CARTESIAN_POINT('',(-335.3508339441,197.81316203374,
    -154.0753448704));
#2668 = VECTOR('',#2669,1.);
#2669 = DIRECTION('',(-0.622394432604,-0.686396843887,0.376144311355));
#2670 = PCURVE('',#1780,#2671);
#2671 = DEFINITIONAL_REPRESENTATION('',(#2672),#2676);
#2672 = LINE('',#2673,#2674);
#2673 = CARTESIAN_POINT('',(0.668807136422,-0.831192863578));
#2674 = VECTOR('',#2675,1.);
#2675 = DIRECTION('',(1.,1.665334536938E-16));
#2676 = ( GEOMETRIC_REPRESENTATION_CONTEXT(2) 
PARAMETRIC_REPRESENTATION_CONTEXT() REPRESENTATION_CONTEXT('2D SPACE',''
  ) );
#2677 = PCURVE('',#1507,#2678);
#2678 = DEFINITIONAL_REPRESENTATION('',(#2679),#2683);
#2679 = LINE('',#2680,#2681);
#2680 = CARTESIAN_POINT('',(130.72825643762,-20.48617468528));
#2681 = VECTOR('',#2682,1.);
#2682 = DIRECTION('',(5.551115123126E-17,1.));
#2683 = ( GEOMETRIC_REPRESENTATION_CONTEXT(2) 
PARAMETRIC_REPRESENTATION_CONTEXT() REPRESENTATION_CONTEXT('2D SPACE',''
  ) );
#2684 = ORIENTED_EDGE('',*,*,#2685,.T.);
#2685 = EDGE_CURVE('',#2663,#2686,#2688,.T.);
#2686 = VERTEX_POINT('',#2687);
#2687 = CARTESIAN_POINT('',(-361.1044477208,170.32090072784,
    -137.9303655063));
#2688 = SURFACE_CURVE('',#2689,(#2693,#2700),.PCURVE_S1.);
#2689 = LINE('',#2690,#2691);
#2690 = CARTESIAN_POINT('',(-360.851796083,169.68987073914,
    -138.6638287319));
#2691 = VECTOR('',#2692,1.);
#2692 = DIRECTION('',(-0.252651637778,0.631029988693,0.733463225594));
#2693 = PCURVE('',#1780,#2694);
#2694 = DEFINITIONAL_REPRESENTATION('',(#2695),#2699);
#2695 = LINE('',#2696,#2697);
#2696 = CARTESIAN_POINT('',(41.641156506987,-0.831192863578));
#2697 = VECTOR('',#2698,1.);
#2698 = DIRECTION('',(1.665334536938E-16,1.));
#2699 = ( GEOMETRIC_REPRESENTATION_CONTEXT(2) 
PARAMETRIC_REPRESENTATION_CONTEXT() REPRESENTATION_CONTEXT('2D SPACE',''
  ) );
#2700 = PCURVE('',#1535,#2701);
#2701 = DEFINITIONAL_REPRESENTATION('',(#2702),#2706);
#2702 = LINE('',#2703,#2704);
#2703 = CARTESIAN_POINT('',(0.,0.));
#2704 = VECTOR('',#2705,1.);
#2705 = DIRECTION('',(5.551115123126E-17,-1.));
#2706 = ( GEOMETRIC_REPRESENTATION_CONTEXT(2) 
PARAMETRIC_REPRESENTATION_CONTEXT() REPRESENTATION_CONTEXT('2D SPACE',''
  ) );
#2707 = ORIENTED_EDGE('',*,*,#2708,.F.);
#2708 = EDGE_CURVE('',#2468,#2686,#2709,.T.);
#2709 = SURFACE_CURVE('',#2710,(#2714,#2721),.PCURVE_S1.);
#2710 = LINE('',#2711,#2712);
#2711 = CARTESIAN_POINT('',(-335.6034855818,198.44419202244,
    -153.3418816449));
#2712 = VECTOR('',#2713,1.);
#2713 = DIRECTION('',(-0.622394432604,-0.686396843887,0.376144311355));
#2714 = PCURVE('',#1780,#2715);
#2715 = DEFINITIONAL_REPRESENTATION('',(#2716),#2720);
#2716 = LINE('',#2717,#2718);
#2717 = CARTESIAN_POINT('',(0.668807136422,0.168807136422));
#2718 = VECTOR('',#2719,1.);
#2719 = DIRECTION('',(1.,1.665334536938E-16));
#2720 = ( GEOMETRIC_REPRESENTATION_CONTEXT(2) 
PARAMETRIC_REPRESENTATION_CONTEXT() REPRESENTATION_CONTEXT('2D SPACE',''
  ) );
#2721 = PCURVE('',#1563,#2722);
#2722 = DEFINITIONAL_REPRESENTATION('',(#2723),#2727);
#2723 = LINE('',#2724,#2725);
#2724 = CARTESIAN_POINT('',(130.72825643762,-20.48617468528));
#2725 = VECTOR('',#2726,1.);
#2726 = DIRECTION('',(5.551115123126E-17,1.));
#2727 = ( GEOMETRIC_REPRESENTATION_CONTEXT(2) 
PARAMETRIC_REPRESENTATION_CONTEXT() REPRESENTATION_CONTEXT('2D SPACE',''
  ) );
#2728 = ORIENTED_EDGE('',*,*,#2490,.T.);
#2729 = ORIENTED_EDGE('',*,*,#1766,.T.);
#2730 = ADVANCED_FACE('',(#2731,#2757),#1507,.F.);
#2731 = FACE_BOUND('',#2732,.F.);
#2732 = EDGE_LOOP('',(#2733,#2734,#2755,#2756));
#2733 = ORIENTED_EDGE('',*,*,#2662,.T.);
#2734 = ORIENTED_EDGE('',*,*,#2735,.T.);
#2735 = EDGE_CURVE('',#2663,#1492,#2736,.T.);
#2736 = SURFACE_CURVE('',#2737,(#2741,#2748),.PCURVE_S1.);
#2737 = LINE('',#2738,#2739);
#2738 = CARTESIAN_POINT('',(-360.851796083,169.68987073914,
    -138.6638287319));
#2739 = VECTOR('',#2740,1.);
#2740 = DIRECTION('',(0.740805183696,-0.361469951825,0.566168838542));
#2741 = PCURVE('',#1507,#2742);
#2742 = DEFINITIONAL_REPRESENTATION('',(#2743),#2747);
#2743 = LINE('',#2744,#2745);
#2744 = CARTESIAN_POINT('',(130.72825643762,20.486174685282));
#2745 = VECTOR('',#2746,1.);
#2746 = DIRECTION('',(-1.,0.));
#2747 = ( GEOMETRIC_REPRESENTATION_CONTEXT(2) 
PARAMETRIC_REPRESENTATION_CONTEXT() REPRESENTATION_CONTEXT('2D SPACE',''
  ) );
#2748 = PCURVE('',#1535,#2749);
#2749 = DEFINITIONAL_REPRESENTATION('',(#2750),#2754);
#2750 = LINE('',#2751,#2752);
#2751 = CARTESIAN_POINT('',(0.,0.));
#2752 = VECTOR('',#2753,1.);
#2753 = DIRECTION('',(1.,-5.551115123126E-17));
#2754 = ( GEOMETRIC_REPRESENTATION_CONTEXT(2) 
PARAMETRIC_REPRESENTATION_CONTEXT() REPRESENTATION_CONTEXT('2D SPACE',''
  ) );
#2755 = ORIENTED_EDGE('',*,*,#1491,.T.);
#2756 = ORIENTED_EDGE('',*,*,#1820,.T.);
#2757 = FACE_BOUND('',#2758,.F.);
#2758 = EDGE_LOOP('',(#2759,#2789,#2822,#2850));
#2759 = ORIENTED_EDGE('',*,*,#2760,.F.);
#2760 = EDGE_CURVE('',#2761,#2763,#2765,.T.);
#2761 = VERTEX_POINT('',#2762);
#2762 = CARTESIAN_POINT('',(-322.1165498664,161.11455145155,
    -117.9432165742));
#2763 = VERTEX_POINT('',#2764);
#2764 = CARTESIAN_POINT('',(-304.6261394793,152.58024588896,
    -104.5759702962));
#2765 = SURFACE_CURVE('',#2766,(#2770,#2777),.PCURVE_S1.);
#2766 = LINE('',#2767,#2768);
#2767 = CARTESIAN_POINT('',(-281.0715348693,141.08696535984,
    -86.57409419185));
#2768 = VECTOR('',#2769,1.);
#2769 = DIRECTION('',(0.740805183696,-0.361469951825,0.566168838542));
#2770 = PCURVE('',#1507,#2771);
#2771 = DEFINITIONAL_REPRESENTATION('',(#2772),#2776);
#2772 = LINE('',#2773,#2774);
#2773 = CARTESIAN_POINT('',(31.795950039825,10.05758557973));
#2774 = VECTOR('',#2775,1.);
#2775 = DIRECTION('',(-1.,0.));
#2776 = ( GEOMETRIC_REPRESENTATION_CONTEXT(2) 
PARAMETRIC_REPRESENTATION_CONTEXT() REPRESENTATION_CONTEXT('2D SPACE',''
  ) );
#2777 = PCURVE('',#2778,#2783);
#2778 = PLANE('',#2779);
#2779 = AXIS2_PLACEMENT_3D('',#2780,#2781,#2782);
#2780 = CARTESIAN_POINT('',(-304.3734878416,151.94921590027,
    -105.3094335218));
#2781 = DIRECTION('',(-0.622394432604,-0.686396843887,0.376144311355));
#2782 = DIRECTION('',(-0.740805183696,0.361469951825,-0.566168838542));
#2783 = DEFINITIONAL_REPRESENTATION('',(#2784),#2788);
#2784 = LINE('',#2785,#2786);
#2785 = CARTESIAN_POINT('',(-31.79595003982,-1.));
#2786 = VECTOR('',#2787,1.);
#2787 = DIRECTION('',(-1.,-5.551115123126E-17));
#2788 = ( GEOMETRIC_REPRESENTATION_CONTEXT(2) 
PARAMETRIC_REPRESENTATION_CONTEXT() REPRESENTATION_CONTEXT('2D SPACE',''
  ) );
#2789 = ORIENTED_EDGE('',*,*,#2790,.T.);
#2790 = EDGE_CURVE('',#2761,#2791,#2793,.T.);
#2791 = VERTEX_POINT('',#2792);
#2792 = CARTESIAN_POINT('',(-315.9486210393,167.91674417448,
    -121.6708066997));
#2793 = SURFACE_CURVE('',#2794,(#2799,#2810),.PCURVE_S1.);
#2794 = CIRCLE('',#2795,4.955);
#2795 = AXIS2_PLACEMENT_3D('',#2796,#2797,#2798);
#2796 = CARTESIAN_POINT('',(-319.0325854529,164.51564781302,
    -119.807011637));
#2797 = DIRECTION('',(0.252651637778,-0.631029988693,-0.733463225594));
#2798 = DIRECTION('',(-0.622394432604,-0.686396843887,0.376144311355));
#2799 = PCURVE('',#1507,#2800);
#2800 = DEFINITIONAL_REPRESENTATION('',(#2801),#2809);
#2801 = ( BOUNDED_CURVE() B_SPLINE_CURVE(2,(#2802,#2803,#2804,#2805,
#2806,#2807,#2808),.UNSPECIFIED.,.T.,.F.) B_SPLINE_CURVE_WITH_KNOTS((1,2
    ,2,2,2,1),(-2.094395102393,0.,2.094395102393,4.188790204786,
6.28318530718,8.377580409573),.UNSPECIFIED.) CURVE() 
GEOMETRIC_REPRESENTATION_ITEM() RATIONAL_B_SPLINE_CURVE((1.,0.5,1.,0.5,
1.,0.5,1.)) REPRESENTATION_ITEM('') );
#2802 = CARTESIAN_POINT('',(87.20190007965,10.05758557973));
#2803 = CARTESIAN_POINT('',(95.784211831154,10.05758557973));
#2804 = CARTESIAN_POINT('',(91.493055955402,2.62508557973));
#2805 = CARTESIAN_POINT('',(87.20190007965,-4.80741442027));
#2806 = CARTESIAN_POINT('',(82.910744203899,2.62508557973));
#2807 = CARTESIAN_POINT('',(78.619588328147,10.05758557973));
#2808 = CARTESIAN_POINT('',(87.20190007965,10.05758557973));
#2809 = ( GEOMETRIC_REPRESENTATION_CONTEXT(2) 
PARAMETRIC_REPRESENTATION_CONTEXT() REPRESENTATION_CONTEXT('2D SPACE',''
  ) );
#2810 = PCURVE('',#2811,#2816);
#2811 = CYLINDRICAL_SURFACE('',#2812,4.955);
#2812 = AXIS2_PLACEMENT_3D('',#2813,#2814,#2815);
#2813 = CARTESIAN_POINT('',(-318.7799338151,163.88461782432,
    -120.5404748626));
#2814 = DIRECTION('',(0.252651637778,-0.631029988693,-0.733463225594));
#2815 = DIRECTION('',(-0.622394432604,-0.686396843887,0.376144311355));
#2816 = DEFINITIONAL_REPRESENTATION('',(#2817),#2821);
#2817 = LINE('',#2818,#2819);
#2818 = CARTESIAN_POINT('',(0.,-1.));
#2819 = VECTOR('',#2820,1.);
#2820 = DIRECTION('',(1.,0.));
#2821 = ( GEOMETRIC_REPRESENTATION_CONTEXT(2) 
PARAMETRIC_REPRESENTATION_CONTEXT() REPRESENTATION_CONTEXT('2D SPACE',''
  ) );
#2822 = ORIENTED_EDGE('',*,*,#2823,.F.);
#2823 = EDGE_CURVE('',#2824,#2791,#2826,.T.);
#2824 = VERTEX_POINT('',#2825);
#2825 = CARTESIAN_POINT('',(-298.4582106522,159.38243861189,
    -108.3035604217));
#2826 = SURFACE_CURVE('',#2827,(#2831,#2838),.PCURVE_S1.);
#2827 = LINE('',#2828,#2829);
#2828 = CARTESIAN_POINT('',(-283.6488112357,152.15631086405,
    -96.98530745638));
#2829 = VECTOR('',#2830,1.);
#2830 = DIRECTION('',(-0.740805183696,0.361469951825,-0.566168838542));
#2831 = PCURVE('',#1507,#2832);
#2832 = DEFINITIONAL_REPRESENTATION('',(#2833),#2837);
#2833 = LINE('',#2834,#2835);
#2834 = CARTESIAN_POINT('',(43.600950039825,0.14758557973));
#2835 = VECTOR('',#2836,1.);
#2836 = DIRECTION('',(1.,0.));
#2837 = ( GEOMETRIC_REPRESENTATION_CONTEXT(2) 
PARAMETRIC_REPRESENTATION_CONTEXT() REPRESENTATION_CONTEXT('2D SPACE',''
  ) );
#2838 = PCURVE('',#2839,#2844);
#2839 = PLANE('',#2840);
#2840 = AXIS2_PLACEMENT_3D('',#2841,#2842,#2843);
#2841 = CARTESIAN_POINT('',(-315.6959694015,167.28571418578,
    -122.4042699253));
#2842 = DIRECTION('',(0.622394432604,0.686396843887,-0.376144311355));
#2843 = DIRECTION('',(0.740805183696,-0.361469951825,0.566168838542));
#2844 = DEFINITIONAL_REPRESENTATION('',(#2845),#2849);
#2845 = LINE('',#2846,#2847);
#2846 = CARTESIAN_POINT('',(43.600950039825,-1.));
#2847 = VECTOR('',#2848,1.);
#2848 = DIRECTION('',(-1.,5.551115123126E-17));
#2849 = ( GEOMETRIC_REPRESENTATION_CONTEXT(2) 
PARAMETRIC_REPRESENTATION_CONTEXT() REPRESENTATION_CONTEXT('2D SPACE',''
  ) );
#2850 = ORIENTED_EDGE('',*,*,#2851,.T.);
#2851 = EDGE_CURVE('',#2824,#2763,#2852,.T.);
#2852 = SURFACE_CURVE('',#2853,(#2858,#2869),.PCURVE_S1.);
#2853 = CIRCLE('',#2854,4.955);
#2854 = AXIS2_PLACEMENT_3D('',#2855,#2856,#2857);
#2855 = CARTESIAN_POINT('',(-301.5421750658,155.98134225043,
    -106.439765359));
#2856 = DIRECTION('',(0.252651637778,-0.631029988693,-0.733463225594));
#2857 = DIRECTION('',(0.622394432604,0.686396843887,-0.376144311355));
#2858 = PCURVE('',#1507,#2859);
#2859 = DEFINITIONAL_REPRESENTATION('',(#2860),#2868);
#2860 = ( BOUNDED_CURVE() B_SPLINE_CURVE(2,(#2861,#2862,#2863,#2864,
#2865,#2866,#2867),.UNSPECIFIED.,.T.,.F.) B_SPLINE_CURVE_WITH_KNOTS((1,2
    ,2,2,2,1),(-2.094395102393,0.,2.094395102393,4.188790204786,
6.28318530718,8.377580409573),.UNSPECIFIED.) CURVE() 
GEOMETRIC_REPRESENTATION_ITEM() RATIONAL_B_SPLINE_CURVE((1.,0.5,1.,0.5,
1.,0.5,1.)) REPRESENTATION_ITEM('') );
#2861 = CARTESIAN_POINT('',(63.59190007965,0.14758557973));
#2862 = CARTESIAN_POINT('',(55.009588328147,0.14758557973));
#2863 = CARTESIAN_POINT('',(59.300744203899,7.58008557973));
#2864 = CARTESIAN_POINT('',(63.59190007965,15.01258557973));
#2865 = CARTESIAN_POINT('',(67.883055955402,7.58008557973));
#2866 = CARTESIAN_POINT('',(72.174211831154,0.14758557973));
#2867 = CARTESIAN_POINT('',(63.59190007965,0.14758557973));
#2868 = ( GEOMETRIC_REPRESENTATION_CONTEXT(2) 
PARAMETRIC_REPRESENTATION_CONTEXT() REPRESENTATION_CONTEXT('2D SPACE',''
  ) );
#2869 = PCURVE('',#2870,#2875);
#2870 = CYLINDRICAL_SURFACE('',#2871,4.955);
#2871 = AXIS2_PLACEMENT_3D('',#2872,#2873,#2874);
#2872 = CARTESIAN_POINT('',(-301.289523428,155.35031226173,
    -107.1732285846));
#2873 = DIRECTION('',(0.252651637778,-0.631029988693,-0.733463225594));
#2874 = DIRECTION('',(0.622394432604,0.686396843887,-0.376144311355));
#2875 = DEFINITIONAL_REPRESENTATION('',(#2876),#2880);
#2876 = LINE('',#2877,#2878);
#2877 = CARTESIAN_POINT('',(0.,-1.));
#2878 = VECTOR('',#2879,1.);
#2879 = DIRECTION('',(1.,0.));
#2880 = ( GEOMETRIC_REPRESENTATION_CONTEXT(2) 
PARAMETRIC_REPRESENTATION_CONTEXT() REPRESENTATION_CONTEXT('2D SPACE',''
  ) );
#2881 = ADVANCED_FACE('',(#2882),#1645,.F.);
#2882 = FACE_BOUND('',#2883,.F.);
#2883 = EDGE_LOOP('',(#2884,#2885,#2908,#2929));
#2884 = ORIENTED_EDGE('',*,*,#1629,.T.);
#2885 = ORIENTED_EDGE('',*,*,#2886,.T.);
#2886 = EDGE_CURVE('',#1630,#2887,#2889,.T.);
#2887 = VERTEX_POINT('',#2888);
#2888 = CARTESIAN_POINT('',(-412.3909030956,255.16155319043,
    -14.89177028297));
#2889 = SURFACE_CURVE('',#2890,(#2894,#2901),.PCURVE_S1.);
#2890 = LINE('',#2891,#2892);
#2891 = CARTESIAN_POINT('',(-220.1841734138,161.37581998072,
    132.00442226386));
#2892 = VECTOR('',#2893,1.);
#2893 = DIRECTION('',(-0.740805183696,0.361469951825,-0.566168838542));
#2894 = PCURVE('',#1645,#2895);
#2895 = DEFINITIONAL_REPRESENTATION('',(#2896),#2900);
#2896 = LINE('',#2897,#2898);
#2897 = CARTESIAN_POINT('',(129.72825643762,29.969332625269));
#2898 = VECTOR('',#2899,1.);
#2899 = DIRECTION('',(-1.,0.));
#2900 = ( GEOMETRIC_REPRESENTATION_CONTEXT(2) 
PARAMETRIC_REPRESENTATION_CONTEXT() REPRESENTATION_CONTEXT('2D SPACE',''
  ) );
#2901 = PCURVE('',#1673,#2902);
#2902 = DEFINITIONAL_REPRESENTATION('',(#2903),#2907);
#2903 = LINE('',#2904,#2905);
#2904 = CARTESIAN_POINT('',(0.,0.));
#2905 = VECTOR('',#2906,1.);
#2906 = DIRECTION('',(1.,-5.551115123126E-17));
#2907 = ( GEOMETRIC_REPRESENTATION_CONTEXT(2) 
PARAMETRIC_REPRESENTATION_CONTEXT() REPRESENTATION_CONTEXT('2D SPACE',''
  ) );
#2908 = ORIENTED_EDGE('',*,*,#2909,.T.);
#2909 = EDGE_CURVE('',#2887,#1848,#2910,.T.);
#2910 = SURFACE_CURVE('',#2911,(#2915,#2922),.PCURVE_S1.);
#2911 = LINE('',#2912,#2913);
#2912 = CARTESIAN_POINT('',(-412.3909030956,255.16155319043,
    -14.89177028297));
#2913 = VECTOR('',#2914,1.);
#2914 = DIRECTION('',(0.622394432604,0.686396843887,-0.376144311355));
#2915 = PCURVE('',#1645,#2916);
#2916 = DEFINITIONAL_REPRESENTATION('',(#2917),#2921);
#2917 = LINE('',#2918,#2919);
#2918 = CARTESIAN_POINT('',(-129.7282564376,29.969332625269));
#2919 = VECTOR('',#2920,1.);
#2920 = DIRECTION('',(5.551115123126E-17,-1.));
#2921 = ( GEOMETRIC_REPRESENTATION_CONTEXT(2) 
PARAMETRIC_REPRESENTATION_CONTEXT() REPRESENTATION_CONTEXT('2D SPACE',''
  ) );
#2922 = PCURVE('',#1885,#2923);
#2923 = DEFINITIONAL_REPRESENTATION('',(#2924),#2928);
#2924 = LINE('',#2925,#2926);
#2925 = CARTESIAN_POINT('',(61.182064654694,-1.256600595845));
#2926 = VECTOR('',#2927,1.);
#2927 = DIRECTION('',(-1.,1.665334536938E-16));
#2928 = ( GEOMETRIC_REPRESENTATION_CONTEXT(2) 
PARAMETRIC_REPRESENTATION_CONTEXT() REPRESENTATION_CONTEXT('2D SPACE',''
  ) );
#2929 = ORIENTED_EDGE('',*,*,#1847,.T.);
#2930 = ADVANCED_FACE('',(#2931),#1885,.F.);
#2931 = FACE_BOUND('',#2932,.F.);
#2932 = EDGE_LOOP('',(#2933,#2934,#2935,#2958,#2979,#2980));
#2933 = ORIENTED_EDGE('',*,*,#1870,.T.);
#2934 = ORIENTED_EDGE('',*,*,#2909,.F.);
#2935 = ORIENTED_EDGE('',*,*,#2936,.T.);
#2936 = EDGE_CURVE('',#2887,#2937,#2939,.T.);
#2937 = VERTEX_POINT('',#2938);
#2938 = CARTESIAN_POINT('',(-412.1382514578,254.53052320174,
    -15.62523350857));
#2939 = SURFACE_CURVE('',#2940,(#2944,#2951),.PCURVE_S1.);
#2940 = LINE('',#2941,#2942);
#2941 = CARTESIAN_POINT('',(-412.3909030956,255.16155319043,
    -14.89177028297));
#2942 = VECTOR('',#2943,1.);
#2943 = DIRECTION('',(0.252651637778,-0.631029988693,-0.733463225594));
#2944 = PCURVE('',#1885,#2945);
#2945 = DEFINITIONAL_REPRESENTATION('',(#2946),#2950);
#2946 = LINE('',#2947,#2948);
#2947 = CARTESIAN_POINT('',(61.182064654694,-1.256600595845));
#2948 = VECTOR('',#2949,1.);
#2949 = DIRECTION('',(-1.665334536938E-16,1.));
#2950 = ( GEOMETRIC_REPRESENTATION_CONTEXT(2) 
PARAMETRIC_REPRESENTATION_CONTEXT() REPRESENTATION_CONTEXT('2D SPACE',''
  ) );
#2951 = PCURVE('',#1673,#2952);
#2952 = DEFINITIONAL_REPRESENTATION('',(#2953),#2957);
#2953 = LINE('',#2954,#2955);
#2954 = CARTESIAN_POINT('',(259.45651287525,1.42108547152E-14));
#2955 = VECTOR('',#2956,1.);
#2956 = DIRECTION('',(5.551115123126E-17,-1.));
#2957 = ( GEOMETRIC_REPRESENTATION_CONTEXT(2) 
PARAMETRIC_REPRESENTATION_CONTEXT() REPRESENTATION_CONTEXT('2D SPACE',''
  ) );
#2958 = ORIENTED_EDGE('',*,*,#2959,.T.);
#2959 = EDGE_CURVE('',#2937,#2522,#2960,.T.);
#2960 = SURFACE_CURVE('',#2961,(#2965,#2972),.PCURVE_S1.);
#2961 = LINE('',#2962,#2963);
#2962 = CARTESIAN_POINT('',(-412.1382514578,254.53052320174,
    -15.62523350857));
#2963 = VECTOR('',#2964,1.);
#2964 = DIRECTION('',(0.622394432604,0.686396843887,-0.376144311355));
#2965 = PCURVE('',#1885,#2966);
#2966 = DEFINITIONAL_REPRESENTATION('',(#2967),#2971);
#2967 = LINE('',#2968,#2969);
#2968 = CARTESIAN_POINT('',(61.182064654694,-0.256600595845));
#2969 = VECTOR('',#2970,1.);
#2970 = DIRECTION('',(-1.,1.665334536938E-16));
#2971 = ( GEOMETRIC_REPRESENTATION_CONTEXT(2) 
PARAMETRIC_REPRESENTATION_CONTEXT() REPRESENTATION_CONTEXT('2D SPACE',''
  ) );
#2972 = PCURVE('',#1701,#2973);
#2973 = DEFINITIONAL_REPRESENTATION('',(#2974),#2978);
#2974 = LINE('',#2975,#2976);
#2975 = CARTESIAN_POINT('',(-129.7282564376,29.969332625269));
#2976 = VECTOR('',#2977,1.);
#2977 = DIRECTION('',(5.551115123126E-17,-1.));
#2978 = ( GEOMETRIC_REPRESENTATION_CONTEXT(2) 
PARAMETRIC_REPRESENTATION_CONTEXT() REPRESENTATION_CONTEXT('2D SPACE',''
  ) );
#2979 = ORIENTED_EDGE('',*,*,#2546,.T.);
#2980 = ORIENTED_EDGE('',*,*,#1901,.T.);
#2981 = ADVANCED_FACE('',(#2982),#1964,.T.);
#2982 = FACE_BOUND('',#2983,.T.);
#2983 = EDGE_LOOP('',(#2984,#2985,#3008,#3036,#3057,#3058));
#2984 = ORIENTED_EDGE('',*,*,#1980,.T.);
#2985 = ORIENTED_EDGE('',*,*,#2986,.T.);
#2986 = EDGE_CURVE('',#1981,#2987,#2989,.T.);
#2987 = VERTEX_POINT('',#2988);
#2988 = CARTESIAN_POINT('',(-398.6304447956,271.9497841297,
    -32.77579554283));
#2989 = SURFACE_CURVE('',#2990,(#2994,#3001),.PCURVE_S1.);
#2990 = LINE('',#2991,#2992);
#2991 = CARTESIAN_POINT('',(-378.0143328214,294.68590362401,
    -45.235150632));
#2992 = VECTOR('',#2993,1.);
#2993 = DIRECTION('',(-0.622394432604,-0.686396843887,0.376144311355));
#2994 = PCURVE('',#1964,#2995);
#2995 = DEFINITIONAL_REPRESENTATION('',(#2996),#3000);
#2996 = LINE('',#2997,#2998);
#2997 = CARTESIAN_POINT('',(1.243399404155,-1.256600595845));
#2998 = VECTOR('',#2999,1.);
#2999 = DIRECTION('',(1.,-5.551115123126E-17));
#3000 = ( GEOMETRIC_REPRESENTATION_CONTEXT(2) 
PARAMETRIC_REPRESENTATION_CONTEXT() REPRESENTATION_CONTEXT('2D SPACE',''
  ) );
#3001 = PCURVE('',#2020,#3002);
#3002 = DEFINITIONAL_REPRESENTATION('',(#3003),#3007);
#3003 = LINE('',#3004,#3005);
#3004 = CARTESIAN_POINT('',(73.369443917734,-16.56193475887));
#3005 = VECTOR('',#3006,1.);
#3006 = DIRECTION('',(1.665334536938E-16,1.));
#3007 = ( GEOMETRIC_REPRESENTATION_CONTEXT(2) 
PARAMETRIC_REPRESENTATION_CONTEXT() REPRESENTATION_CONTEXT('2D SPACE',''
  ) );
#3008 = ORIENTED_EDGE('',*,*,#3009,.T.);
#3009 = EDGE_CURVE('',#2987,#3010,#3012,.T.);
#3010 = VERTEX_POINT('',#3011);
#3011 = CARTESIAN_POINT('',(-397.8896396119,271.58831417787,
    -32.20962670428));
#3012 = SURFACE_CURVE('',#3013,(#3017,#3024),.PCURVE_S1.);
#3013 = LINE('',#3014,#3015);
#3014 = CARTESIAN_POINT('',(-398.6304447956,271.9497841297,
    -32.77579554283));
#3015 = VECTOR('',#3016,1.);
#3016 = DIRECTION('',(0.740805183696,-0.361469951825,0.566168838542));
#3017 = PCURVE('',#1964,#3018);
#3018 = DEFINITIONAL_REPRESENTATION('',(#3019),#3023);
#3019 = LINE('',#3020,#3021);
#3020 = CARTESIAN_POINT('',(34.367268921905,-1.256600595845));
#3021 = VECTOR('',#3022,1.);
#3022 = DIRECTION('',(0.,1.));
#3023 = ( GEOMETRIC_REPRESENTATION_CONTEXT(2) 
PARAMETRIC_REPRESENTATION_CONTEXT() REPRESENTATION_CONTEXT('2D SPACE',''
  ) );
#3024 = PCURVE('',#3025,#3030);
#3025 = PLANE('',#3026);
#3026 = AXIS2_PLACEMENT_3D('',#3027,#3028,#3029);
#3027 = CARTESIAN_POINT('',(-398.6304447956,271.9497841297,
    -32.77579554283));
#3028 = DIRECTION('',(0.622394432604,0.686396843887,-0.376144311355));
#3029 = DIRECTION('',(0.252651637778,-0.631029988693,-0.733463225594));
#3030 = DEFINITIONAL_REPRESENTATION('',(#3031),#3035);
#3031 = LINE('',#3032,#3033);
#3032 = CARTESIAN_POINT('',(0.,0.));
#3033 = VECTOR('',#3034,1.);
#3034 = DIRECTION('',(-5.551115123126E-17,-1.));
#3035 = ( GEOMETRIC_REPRESENTATION_CONTEXT(2) 
PARAMETRIC_REPRESENTATION_CONTEXT() REPRESENTATION_CONTEXT('2D SPACE',''
  ) );
#3036 = ORIENTED_EDGE('',*,*,#3037,.F.);
#3037 = EDGE_CURVE('',#2578,#3010,#3038,.T.);
#3038 = SURFACE_CURVE('',#3039,(#3043,#3050),.PCURVE_S1.);
#3039 = LINE('',#3040,#3041);
#3040 = CARTESIAN_POINT('',(-377.2735276377,294.32443367219,
    -44.66898179345));
#3041 = VECTOR('',#3042,1.);
#3042 = DIRECTION('',(-0.622394432604,-0.686396843887,0.376144311355));
#3043 = PCURVE('',#1964,#3044);
#3044 = DEFINITIONAL_REPRESENTATION('',(#3045),#3049);
#3045 = LINE('',#3046,#3047);
#3046 = CARTESIAN_POINT('',(1.243399404155,-0.256600595845));
#3047 = VECTOR('',#3048,1.);
#3048 = DIRECTION('',(1.,-5.551115123126E-17));
#3049 = ( GEOMETRIC_REPRESENTATION_CONTEXT(2) 
PARAMETRIC_REPRESENTATION_CONTEXT() REPRESENTATION_CONTEXT('2D SPACE',''
  ) );
#3050 = PCURVE('',#2593,#3051);
#3051 = DEFINITIONAL_REPRESENTATION('',(#3052),#3056);
#3052 = LINE('',#3053,#3054);
#3053 = CARTESIAN_POINT('',(73.369443917734,-16.56193475887));
#3054 = VECTOR('',#3055,1.);
#3055 = DIRECTION('',(1.665334536938E-16,1.));
#3056 = ( GEOMETRIC_REPRESENTATION_CONTEXT(2) 
PARAMETRIC_REPRESENTATION_CONTEXT() REPRESENTATION_CONTEXT('2D SPACE',''
  ) );
#3057 = ORIENTED_EDGE('',*,*,#2605,.T.);
#3058 = ORIENTED_EDGE('',*,*,#1950,.T.);
#3059 = ADVANCED_FACE('',(#3060),#2020,.F.);
#3060 = FACE_BOUND('',#3061,.F.);
#3061 = EDGE_LOOP('',(#3062,#3063,#3086,#3107));
#3062 = ORIENTED_EDGE('',*,*,#2986,.T.);
#3063 = ORIENTED_EDGE('',*,*,#3064,.T.);
#3064 = EDGE_CURVE('',#2987,#3065,#3067,.T.);
#3065 = VERTEX_POINT('',#3066);
#3066 = CARTESIAN_POINT('',(-361.5566244582,179.35314539813,
    -140.4033735347));
#3067 = SURFACE_CURVE('',#3068,(#3072,#3079),.PCURVE_S1.);
#3068 = LINE('',#3069,#3070);
#3069 = CARTESIAN_POINT('',(-398.6304447956,271.9497841297,
    -32.77579554283));
#3070 = VECTOR('',#3071,1.);
#3071 = DIRECTION('',(0.252651637778,-0.631029988693,-0.733463225594));
#3072 = PCURVE('',#2020,#3073);
#3073 = DEFINITIONAL_REPRESENTATION('',(#3074),#3078);
#3074 = LINE('',#3075,#3076);
#3075 = CARTESIAN_POINT('',(73.369443917734,16.561934758875));
#3076 = VECTOR('',#3077,1.);
#3077 = DIRECTION('',(-1.,-1.665334536938E-16));
#3078 = ( GEOMETRIC_REPRESENTATION_CONTEXT(2) 
PARAMETRIC_REPRESENTATION_CONTEXT() REPRESENTATION_CONTEXT('2D SPACE',''
  ) );
#3079 = PCURVE('',#3025,#3080);
#3080 = DEFINITIONAL_REPRESENTATION('',(#3081),#3085);
#3081 = LINE('',#3082,#3083);
#3082 = CARTESIAN_POINT('',(0.,0.));
#3083 = VECTOR('',#3084,1.);
#3084 = DIRECTION('',(1.,5.551115123126E-17));
#3085 = ( GEOMETRIC_REPRESENTATION_CONTEXT(2) 
PARAMETRIC_REPRESENTATION_CONTEXT() REPRESENTATION_CONTEXT('2D SPACE',''
  ) );
#3086 = ORIENTED_EDGE('',*,*,#3087,.T.);
#3087 = EDGE_CURVE('',#3065,#2005,#3088,.T.);
#3088 = SURFACE_CURVE('',#3089,(#3093,#3100),.PCURVE_S1.);
#3089 = LINE('',#3090,#3091);
#3090 = CARTESIAN_POINT('',(-361.5566244582,179.35314539813,
    -140.4033735347));
#3091 = VECTOR('',#3092,1.);
#3092 = DIRECTION('',(0.622394432604,0.686396843887,-0.376144311355));
#3093 = PCURVE('',#2020,#3094);
#3094 = DEFINITIONAL_REPRESENTATION('',(#3095),#3099);
#3095 = LINE('',#3096,#3097);
#3096 = CARTESIAN_POINT('',(-73.36944391773,16.561934758875));
#3097 = VECTOR('',#3098,1.);
#3098 = DIRECTION('',(-1.665334536938E-16,-1.));
#3099 = ( GEOMETRIC_REPRESENTATION_CONTEXT(2) 
PARAMETRIC_REPRESENTATION_CONTEXT() REPRESENTATION_CONTEXT('2D SPACE',''
  ) );
#3100 = PCURVE('',#2047,#3101);
#3101 = DEFINITIONAL_REPRESENTATION('',(#3102),#3106);
#3102 = LINE('',#3103,#3104);
#3103 = CARTESIAN_POINT('',(34.367268921905,-1.256600595845));
#3104 = VECTOR('',#3105,1.);
#3105 = DIRECTION('',(-1.,5.551115123126E-17));
#3106 = ( GEOMETRIC_REPRESENTATION_CONTEXT(2) 
PARAMETRIC_REPRESENTATION_CONTEXT() REPRESENTATION_CONTEXT('2D SPACE',''
  ) );
#3107 = ORIENTED_EDGE('',*,*,#2004,.T.);
#3108 = ADVANCED_FACE('',(#3109),#2047,.F.);
#3109 = FACE_BOUND('',#3110,.F.);
#3110 = EDGE_LOOP('',(#3111,#3112,#3113,#3136,#3157,#3158));
#3111 = ORIENTED_EDGE('',*,*,#2032,.T.);
#3112 = ORIENTED_EDGE('',*,*,#3087,.F.);
#3113 = ORIENTED_EDGE('',*,*,#3114,.T.);
#3114 = EDGE_CURVE('',#3065,#3115,#3117,.T.);
#3115 = VERTEX_POINT('',#3116);
#3116 = CARTESIAN_POINT('',(-360.8158192745,178.9916754463,
    -139.8372046961));
#3117 = SURFACE_CURVE('',#3118,(#3122,#3129),.PCURVE_S1.);
#3118 = LINE('',#3119,#3120);
#3119 = CARTESIAN_POINT('',(-361.5566244582,179.35314539813,
    -140.4033735347));
#3120 = VECTOR('',#3121,1.);
#3121 = DIRECTION('',(0.740805183696,-0.361469951825,0.566168838542));
#3122 = PCURVE('',#2047,#3123);
#3123 = DEFINITIONAL_REPRESENTATION('',(#3124),#3128);
#3124 = LINE('',#3125,#3126);
#3125 = CARTESIAN_POINT('',(34.367268921905,-1.256600595845));
#3126 = VECTOR('',#3127,1.);
#3127 = DIRECTION('',(0.,1.));
#3128 = ( GEOMETRIC_REPRESENTATION_CONTEXT(2) 
PARAMETRIC_REPRESENTATION_CONTEXT() REPRESENTATION_CONTEXT('2D SPACE',''
  ) );
#3129 = PCURVE('',#3025,#3130);
#3130 = DEFINITIONAL_REPRESENTATION('',(#3131),#3135);
#3131 = LINE('',#3132,#3133);
#3132 = CARTESIAN_POINT('',(146.73888783546,3.552713678801E-14));
#3133 = VECTOR('',#3134,1.);
#3134 = DIRECTION('',(-5.551115123126E-17,-1.));
#3135 = ( GEOMETRIC_REPRESENTATION_CONTEXT(2) 
PARAMETRIC_REPRESENTATION_CONTEXT() REPRESENTATION_CONTEXT('2D SPACE',''
  ) );
#3136 = ORIENTED_EDGE('',*,*,#3137,.T.);
#3137 = EDGE_CURVE('',#3115,#2576,#3138,.T.);
#3138 = SURFACE_CURVE('',#3139,(#3143,#3150),.PCURVE_S1.);
#3139 = LINE('',#3140,#3141);
#3140 = CARTESIAN_POINT('',(-360.8158192745,178.9916754463,
    -139.8372046961));
#3141 = VECTOR('',#3142,1.);
#3142 = DIRECTION('',(0.622394432604,0.686396843887,-0.376144311355));
#3143 = PCURVE('',#2047,#3144);
#3144 = DEFINITIONAL_REPRESENTATION('',(#3145),#3149);
#3145 = LINE('',#3146,#3147);
#3146 = CARTESIAN_POINT('',(34.367268921905,-0.256600595845));
#3147 = VECTOR('',#3148,1.);
#3148 = DIRECTION('',(-1.,5.551115123126E-17));
#3149 = ( GEOMETRIC_REPRESENTATION_CONTEXT(2) 
PARAMETRIC_REPRESENTATION_CONTEXT() REPRESENTATION_CONTEXT('2D SPACE',''
  ) );
#3150 = PCURVE('',#2593,#3151);
#3151 = DEFINITIONAL_REPRESENTATION('',(#3152),#3156);
#3152 = LINE('',#3153,#3154);
#3153 = CARTESIAN_POINT('',(-73.36944391773,16.561934758875));
#3154 = VECTOR('',#3155,1.);
#3155 = DIRECTION('',(-1.665334536938E-16,-1.));
#3156 = ( GEOMETRIC_REPRESENTATION_CONTEXT(2) 
PARAMETRIC_REPRESENTATION_CONTEXT() REPRESENTATION_CONTEXT('2D SPACE',''
  ) );
#3157 = ORIENTED_EDGE('',*,*,#2632,.T.);
#3158 = ORIENTED_EDGE('',*,*,#2063,.T.);
#3159 = ADVANCED_FACE('',(#3160,#3186),#1563,.T.);
#3160 = FACE_BOUND('',#3161,.T.);
#3161 = EDGE_LOOP('',(#3162,#3163,#3184,#3185));
#3162 = ORIENTED_EDGE('',*,*,#2708,.T.);
#3163 = ORIENTED_EDGE('',*,*,#3164,.T.);
#3164 = EDGE_CURVE('',#2686,#1520,#3165,.T.);
#3165 = SURFACE_CURVE('',#3166,(#3170,#3177),.PCURVE_S1.);
#3166 = LINE('',#3167,#3168);
#3167 = CARTESIAN_POINT('',(-361.1044477208,170.32090072784,
    -137.9303655063));
#3168 = VECTOR('',#3169,1.);
#3169 = DIRECTION('',(0.740805183696,-0.361469951825,0.566168838542));
#3170 = PCURVE('',#1563,#3171);
#3171 = DEFINITIONAL_REPRESENTATION('',(#3172),#3176);
#3172 = LINE('',#3173,#3174);
#3173 = CARTESIAN_POINT('',(130.72825643762,20.486174685282));
#3174 = VECTOR('',#3175,1.);
#3175 = DIRECTION('',(-1.,0.));
#3176 = ( GEOMETRIC_REPRESENTATION_CONTEXT(2) 
PARAMETRIC_REPRESENTATION_CONTEXT() REPRESENTATION_CONTEXT('2D SPACE',''
  ) );
#3177 = PCURVE('',#1535,#3178);
#3178 = DEFINITIONAL_REPRESENTATION('',(#3179),#3183);
#3179 = LINE('',#3180,#3181);
#3180 = CARTESIAN_POINT('',(6.550315845288E-15,-1.));
#3181 = VECTOR('',#3182,1.);
#3182 = DIRECTION('',(1.,-5.551115123126E-17));
#3183 = ( GEOMETRIC_REPRESENTATION_CONTEXT(2) 
PARAMETRIC_REPRESENTATION_CONTEXT() REPRESENTATION_CONTEXT('2D SPACE',''
  ) );
#3184 = ORIENTED_EDGE('',*,*,#1547,.T.);
#3185 = ORIENTED_EDGE('',*,*,#2467,.T.);
#3186 = FACE_BOUND('',#3187,.T.);
#3187 = EDGE_LOOP('',(#3188,#3213,#3241,#3264));
#3188 = ORIENTED_EDGE('',*,*,#3189,.F.);
#3189 = EDGE_CURVE('',#3190,#3192,#3194,.T.);
#3190 = VERTEX_POINT('',#3191);
#3191 = CARTESIAN_POINT('',(-322.3692015042,161.74558144025,
    -117.2097533486));
#3192 = VERTEX_POINT('',#3193);
#3193 = CARTESIAN_POINT('',(-304.8787911171,153.21127587766,
    -103.8425070706));
#3194 = SURFACE_CURVE('',#3195,(#3199,#3206),.PCURVE_S1.);
#3195 = LINE('',#3196,#3197);
#3196 = CARTESIAN_POINT('',(-281.3241865071,141.71799534853,
    -85.84063096626));
#3197 = VECTOR('',#3198,1.);
#3198 = DIRECTION('',(0.740805183696,-0.361469951825,0.566168838542));
#3199 = PCURVE('',#1563,#3200);
#3200 = DEFINITIONAL_REPRESENTATION('',(#3201),#3205);
#3201 = LINE('',#3202,#3203);
#3202 = CARTESIAN_POINT('',(31.795950039825,10.05758557973));
#3203 = VECTOR('',#3204,1.);
#3204 = DIRECTION('',(-1.,0.));
#3205 = ( GEOMETRIC_REPRESENTATION_CONTEXT(2) 
PARAMETRIC_REPRESENTATION_CONTEXT() REPRESENTATION_CONTEXT('2D SPACE',''
  ) );
#3206 = PCURVE('',#2778,#3207);
#3207 = DEFINITIONAL_REPRESENTATION('',(#3208),#3212);
#3208 = LINE('',#3209,#3210);
#3209 = CARTESIAN_POINT('',(-31.79595003982,-2.));
#3210 = VECTOR('',#3211,1.);
#3211 = DIRECTION('',(-1.,-5.551115123126E-17));
#3212 = ( GEOMETRIC_REPRESENTATION_CONTEXT(2) 
PARAMETRIC_REPRESENTATION_CONTEXT() REPRESENTATION_CONTEXT('2D SPACE',''
  ) );
#3213 = ORIENTED_EDGE('',*,*,#3214,.T.);
#3214 = EDGE_CURVE('',#3190,#3215,#3217,.T.);
#3215 = VERTEX_POINT('',#3216);
#3216 = CARTESIAN_POINT('',(-316.2012726771,168.54777416317,
    -120.9373434741));
#3217 = SURFACE_CURVE('',#3218,(#3223,#3234),.PCURVE_S1.);
#3218 = CIRCLE('',#3219,4.955);
#3219 = AXIS2_PLACEMENT_3D('',#3220,#3221,#3222);
#3220 = CARTESIAN_POINT('',(-319.2852370906,165.14667780171,
    -119.0735484114));
#3221 = DIRECTION('',(0.252651637778,-0.631029988693,-0.733463225594));
#3222 = DIRECTION('',(-0.622394432604,-0.686396843887,0.376144311355));
#3223 = PCURVE('',#1563,#3224);
#3224 = DEFINITIONAL_REPRESENTATION('',(#3225),#3233);
#3225 = ( BOUNDED_CURVE() B_SPLINE_CURVE(2,(#3226,#3227,#3228,#3229,
#3230,#3231,#3232),.UNSPECIFIED.,.T.,.F.) B_SPLINE_CURVE_WITH_KNOTS((1,2
    ,2,2,2,1),(-2.094395102393,0.,2.094395102393,4.188790204786,
6.28318530718,8.377580409573),.UNSPECIFIED.) CURVE() 
GEOMETRIC_REPRESENTATION_ITEM() RATIONAL_B_SPLINE_CURVE((1.,0.5,1.,0.5,
1.,0.5,1.)) REPRESENTATION_ITEM('') );
#3226 = CARTESIAN_POINT('',(87.20190007965,10.05758557973));
#3227 = CARTESIAN_POINT('',(95.784211831154,10.05758557973));
#3228 = CARTESIAN_POINT('',(91.493055955402,2.62508557973));
#3229 = CARTESIAN_POINT('',(87.20190007965,-4.80741442027));
#3230 = CARTESIAN_POINT('',(82.910744203899,2.62508557973));
#3231 = CARTESIAN_POINT('',(78.619588328147,10.05758557973));
#3232 = CARTESIAN_POINT('',(87.20190007965,10.05758557973));
#3233 = ( GEOMETRIC_REPRESENTATION_CONTEXT(2) 
PARAMETRIC_REPRESENTATION_CONTEXT() REPRESENTATION_CONTEXT('2D SPACE',''
  ) );
#3234 = PCURVE('',#2811,#3235);
#3235 = DEFINITIONAL_REPRESENTATION('',(#3236),#3240);
#3236 = LINE('',#3237,#3238);
#3237 = CARTESIAN_POINT('',(0.,-2.));
#3238 = VECTOR('',#3239,1.);
#3239 = DIRECTION('',(1.,0.));
#3240 = ( GEOMETRIC_REPRESENTATION_CONTEXT(2) 
PARAMETRIC_REPRESENTATION_CONTEXT() REPRESENTATION_CONTEXT('2D SPACE',''
  ) );
#3241 = ORIENTED_EDGE('',*,*,#3242,.F.);
#3242 = EDGE_CURVE('',#3243,#3215,#3245,.T.);
#3243 = VERTEX_POINT('',#3244);
#3244 = CARTESIAN_POINT('',(-298.71086229,160.01346860058,
    -107.5700971961));
#3245 = SURFACE_CURVE('',#3246,(#3250,#3257),.PCURVE_S1.);
#3246 = LINE('',#3247,#3248);
#3247 = CARTESIAN_POINT('',(-283.9014628735,152.78734085275,
    -96.25184423078));
#3248 = VECTOR('',#3249,1.);
#3249 = DIRECTION('',(-0.740805183696,0.361469951825,-0.566168838542));
#3250 = PCURVE('',#1563,#3251);
#3251 = DEFINITIONAL_REPRESENTATION('',(#3252),#3256);
#3252 = LINE('',#3253,#3254);
#3253 = CARTESIAN_POINT('',(43.600950039825,0.14758557973));
#3254 = VECTOR('',#3255,1.);
#3255 = DIRECTION('',(1.,0.));
#3256 = ( GEOMETRIC_REPRESENTATION_CONTEXT(2) 
PARAMETRIC_REPRESENTATION_CONTEXT() REPRESENTATION_CONTEXT('2D SPACE',''
  ) );
#3257 = PCURVE('',#2839,#3258);
#3258 = DEFINITIONAL_REPRESENTATION('',(#3259),#3263);
#3259 = LINE('',#3260,#3261);
#3260 = CARTESIAN_POINT('',(43.600950039825,-2.));
#3261 = VECTOR('',#3262,1.);
#3262 = DIRECTION('',(-1.,5.551115123126E-17));
#3263 = ( GEOMETRIC_REPRESENTATION_CONTEXT(2) 
PARAMETRIC_REPRESENTATION_CONTEXT() REPRESENTATION_CONTEXT('2D SPACE',''
  ) );
#3264 = ORIENTED_EDGE('',*,*,#3265,.T.);
#3265 = EDGE_CURVE('',#3243,#3192,#3266,.T.);
#3266 = SURFACE_CURVE('',#3267,(#3272,#3283),.PCURVE_S1.);
#3267 = CIRCLE('',#3268,4.955);
#3268 = AXIS2_PLACEMENT_3D('',#3269,#3270,#3271);
#3269 = CARTESIAN_POINT('',(-301.7948267036,156.61237223912,
    -105.7063021334));
#3270 = DIRECTION('',(0.252651637778,-0.631029988693,-0.733463225594));
#3271 = DIRECTION('',(0.622394432604,0.686396843887,-0.376144311355));
#3272 = PCURVE('',#1563,#3273);
#3273 = DEFINITIONAL_REPRESENTATION('',(#3274),#3282);
#3274 = ( BOUNDED_CURVE() B_SPLINE_CURVE(2,(#3275,#3276,#3277,#3278,
#3279,#3280,#3281),.UNSPECIFIED.,.T.,.F.) B_SPLINE_CURVE_WITH_KNOTS((1,2
    ,2,2,2,1),(-2.094395102393,0.,2.094395102393,4.188790204786,
6.28318530718,8.377580409573),.UNSPECIFIED.) CURVE() 
GEOMETRIC_REPRESENTATION_ITEM() RATIONAL_B_SPLINE_CURVE((1.,0.5,1.,0.5,
1.,0.5,1.)) REPRESENTATION_ITEM('') );
#3275 = CARTESIAN_POINT('',(63.59190007965,0.14758557973));
#3276 = CARTESIAN_POINT('',(55.009588328147,0.14758557973));
#3277 = CARTESIAN_POINT('',(59.300744203899,7.58008557973));
#3278 = CARTESIAN_POINT('',(63.59190007965,15.01258557973));
#3279 = CARTESIAN_POINT('',(67.883055955402,7.58008557973));
#3280 = CARTESIAN_POINT('',(72.174211831154,0.14758557973));
#3281 = CARTESIAN_POINT('',(63.59190007965,0.14758557973));
#3282 = ( GEOMETRIC_REPRESENTATION_CONTEXT(2) 
PARAMETRIC_REPRESENTATION_CONTEXT() REPRESENTATION_CONTEXT('2D SPACE',''
  ) );
#3283 = PCURVE('',#2870,#3284);
#3284 = DEFINITIONAL_REPRESENTATION('',(#3285),#3289);
#3285 = LINE('',#3286,#3287);
#3286 = CARTESIAN_POINT('',(0.,-2.));
#3287 = VECTOR('',#3288,1.);
#3288 = DIRECTION('',(1.,0.));
#3289 = ( GEOMETRIC_REPRESENTATION_CONTEXT(2) 
PARAMETRIC_REPRESENTATION_CONTEXT() REPRESENTATION_CONTEXT('2D SPACE',''
  ) );
#3290 = ADVANCED_FACE('',(#3291),#1701,.T.);
#3291 = FACE_BOUND('',#3292,.T.);
#3292 = EDGE_LOOP('',(#3293,#3294,#3315,#3316));
#3293 = ORIENTED_EDGE('',*,*,#1685,.T.);
#3294 = ORIENTED_EDGE('',*,*,#3295,.T.);
#3295 = EDGE_CURVE('',#1658,#2937,#3296,.T.);
#3296 = SURFACE_CURVE('',#3297,(#3301,#3308),.PCURVE_S1.);
#3297 = LINE('',#3298,#3299);
#3298 = CARTESIAN_POINT('',(-219.9315217761,160.74478999203,
    131.27095903826));
#3299 = VECTOR('',#3300,1.);
#3300 = DIRECTION('',(-0.740805183696,0.361469951825,-0.566168838542));
#3301 = PCURVE('',#1701,#3302);
#3302 = DEFINITIONAL_REPRESENTATION('',(#3303),#3307);
#3303 = LINE('',#3304,#3305);
#3304 = CARTESIAN_POINT('',(129.72825643762,29.969332625269));
#3305 = VECTOR('',#3306,1.);
#3306 = DIRECTION('',(-1.,0.));
#3307 = ( GEOMETRIC_REPRESENTATION_CONTEXT(2) 
PARAMETRIC_REPRESENTATION_CONTEXT() REPRESENTATION_CONTEXT('2D SPACE',''
  ) );
#3308 = PCURVE('',#1673,#3309);
#3309 = DEFINITIONAL_REPRESENTATION('',(#3310),#3314);
#3310 = LINE('',#3311,#3312);
#3311 = CARTESIAN_POINT('',(6.550315845288E-15,-1.));
#3312 = VECTOR('',#3313,1.);
#3313 = DIRECTION('',(1.,-5.551115123126E-17));
#3314 = ( GEOMETRIC_REPRESENTATION_CONTEXT(2) 
PARAMETRIC_REPRESENTATION_CONTEXT() REPRESENTATION_CONTEXT('2D SPACE',''
  ) );
#3315 = ORIENTED_EDGE('',*,*,#2959,.T.);
#3316 = ORIENTED_EDGE('',*,*,#2521,.T.);
#3317 = ADVANCED_FACE('',(#3318),#2593,.T.);
#3318 = FACE_BOUND('',#3319,.T.);
#3319 = EDGE_LOOP('',(#3320,#3321,#3342,#3343));
#3320 = ORIENTED_EDGE('',*,*,#3037,.T.);
#3321 = ORIENTED_EDGE('',*,*,#3322,.T.);
#3322 = EDGE_CURVE('',#3010,#3115,#3323,.T.);
#3323 = SURFACE_CURVE('',#3324,(#3328,#3335),.PCURVE_S1.);
#3324 = LINE('',#3325,#3326);
#3325 = CARTESIAN_POINT('',(-397.8896396119,271.58831417787,
    -32.20962670428));
#3326 = VECTOR('',#3327,1.);
#3327 = DIRECTION('',(0.252651637778,-0.631029988693,-0.733463225594));
#3328 = PCURVE('',#2593,#3329);
#3329 = DEFINITIONAL_REPRESENTATION('',(#3330),#3334);
#3330 = LINE('',#3331,#3332);
#3331 = CARTESIAN_POINT('',(73.369443917734,16.561934758875));
#3332 = VECTOR('',#3333,1.);
#3333 = DIRECTION('',(-1.,-1.665334536938E-16));
#3334 = ( GEOMETRIC_REPRESENTATION_CONTEXT(2) 
PARAMETRIC_REPRESENTATION_CONTEXT() REPRESENTATION_CONTEXT('2D SPACE',''
  ) );
#3335 = PCURVE('',#3025,#3336);
#3336 = DEFINITIONAL_REPRESENTATION('',(#3337),#3341);
#3337 = LINE('',#3338,#3339);
#3338 = CARTESIAN_POINT('',(-1.937339177971E-14,-1.));
#3339 = VECTOR('',#3340,1.);
#3340 = DIRECTION('',(1.,5.551115123126E-17));
#3341 = ( GEOMETRIC_REPRESENTATION_CONTEXT(2) 
PARAMETRIC_REPRESENTATION_CONTEXT() REPRESENTATION_CONTEXT('2D SPACE',''
  ) );
#3342 = ORIENTED_EDGE('',*,*,#3137,.T.);
#3343 = ORIENTED_EDGE('',*,*,#2575,.T.);
#3344 = ADVANCED_FACE('',(#3345),#1535,.F.);
#3345 = FACE_BOUND('',#3346,.F.);
#3346 = EDGE_LOOP('',(#3347,#3348,#3349,#3350));
#3347 = ORIENTED_EDGE('',*,*,#2685,.T.);
#3348 = ORIENTED_EDGE('',*,*,#3164,.T.);
#3349 = ORIENTED_EDGE('',*,*,#1519,.F.);
#3350 = ORIENTED_EDGE('',*,*,#2735,.F.);
#3351 = ADVANCED_FACE('',(#3352),#1673,.F.);
#3352 = FACE_BOUND('',#3353,.F.);
#3353 = EDGE_LOOP('',(#3354,#3355,#3356,#3357));
#3354 = ORIENTED_EDGE('',*,*,#1657,.T.);
#3355 = ORIENTED_EDGE('',*,*,#3295,.T.);
#3356 = ORIENTED_EDGE('',*,*,#2936,.F.);
#3357 = ORIENTED_EDGE('',*,*,#2886,.F.);
#3358 = ADVANCED_FACE('',(#3359),#2778,.F.);
#3359 = FACE_BOUND('',#3360,.F.);
#3360 = EDGE_LOOP('',(#3361,#3362,#3383,#3384));
#3361 = ORIENTED_EDGE('',*,*,#2760,.T.);
#3362 = ORIENTED_EDGE('',*,*,#3363,.T.);
#3363 = EDGE_CURVE('',#2763,#3192,#3364,.T.);
#3364 = SURFACE_CURVE('',#3365,(#3369,#3376),.PCURVE_S1.);
#3365 = LINE('',#3366,#3367);
#3366 = CARTESIAN_POINT('',(-304.3734878416,151.94921590027,
    -105.3094335218));
#3367 = VECTOR('',#3368,1.);
#3368 = DIRECTION('',(-0.252651637778,0.631029988693,0.733463225594));
#3369 = PCURVE('',#2778,#3370);
#3370 = DEFINITIONAL_REPRESENTATION('',(#3371),#3375);
#3371 = LINE('',#3372,#3373);
#3372 = CARTESIAN_POINT('',(0.,0.));
#3373 = VECTOR('',#3374,1.);
#3374 = DIRECTION('',(-5.551115123126E-17,-1.));
#3375 = ( GEOMETRIC_REPRESENTATION_CONTEXT(2) 
PARAMETRIC_REPRESENTATION_CONTEXT() REPRESENTATION_CONTEXT('2D SPACE',''
  ) );
#3376 = PCURVE('',#2870,#3377);
#3377 = DEFINITIONAL_REPRESENTATION('',(#3378),#3382);
#3378 = LINE('',#3379,#3380);
#3379 = CARTESIAN_POINT('',(3.14159265359,0.));
#3380 = VECTOR('',#3381,1.);
#3381 = DIRECTION('',(0.,-1.));
#3382 = ( GEOMETRIC_REPRESENTATION_CONTEXT(2) 
PARAMETRIC_REPRESENTATION_CONTEXT() REPRESENTATION_CONTEXT('2D SPACE',''
  ) );
#3383 = ORIENTED_EDGE('',*,*,#3189,.F.);
#3384 = ORIENTED_EDGE('',*,*,#3385,.F.);
#3385 = EDGE_CURVE('',#2761,#3190,#3386,.T.);
#3386 = SURFACE_CURVE('',#3387,(#3391,#3398),.PCURVE_S1.);
#3387 = LINE('',#3388,#3389);
#3388 = CARTESIAN_POINT('',(-321.8638982286,160.48352146286,
    -118.6766797998));
#3389 = VECTOR('',#3390,1.);
#3390 = DIRECTION('',(-0.252651637778,0.631029988693,0.733463225594));
#3391 = PCURVE('',#2778,#3392);
#3392 = DEFINITIONAL_REPRESENTATION('',(#3393),#3397);
#3393 = LINE('',#3394,#3395);
#3394 = CARTESIAN_POINT('',(23.61,1.7763568394E-15));
#3395 = VECTOR('',#3396,1.);
#3396 = DIRECTION('',(-5.551115123126E-17,-1.));
#3397 = ( GEOMETRIC_REPRESENTATION_CONTEXT(2) 
PARAMETRIC_REPRESENTATION_CONTEXT() REPRESENTATION_CONTEXT('2D SPACE',''
  ) );
#3398 = PCURVE('',#2811,#3399);
#3399 = DEFINITIONAL_REPRESENTATION('',(#3400),#3404);
#3400 = LINE('',#3401,#3402);
#3401 = CARTESIAN_POINT('',(0.,0.));
#3402 = VECTOR('',#3403,1.);
#3403 = DIRECTION('',(0.,-1.));
#3404 = ( GEOMETRIC_REPRESENTATION_CONTEXT(2) 
PARAMETRIC_REPRESENTATION_CONTEXT() REPRESENTATION_CONTEXT('2D SPACE',''
  ) );
#3405 = ADVANCED_FACE('',(#3406),#2870,.F.);
#3406 = FACE_BOUND('',#3407,.F.);
#3407 = EDGE_LOOP('',(#3408,#3409,#3430,#3431));
#3408 = ORIENTED_EDGE('',*,*,#2851,.F.);
#3409 = ORIENTED_EDGE('',*,*,#3410,.T.);
#3410 = EDGE_CURVE('',#2824,#3243,#3411,.T.);
#3411 = SURFACE_CURVE('',#3412,(#3416,#3423),.PCURVE_S1.);
#3412 = LINE('',#3413,#3414);
#3413 = CARTESIAN_POINT('',(-298.2055590145,158.75140862319,
    -109.0370236473));
#3414 = VECTOR('',#3415,1.);
#3415 = DIRECTION('',(-0.252651637778,0.631029988693,0.733463225594));
#3416 = PCURVE('',#2870,#3417);
#3417 = DEFINITIONAL_REPRESENTATION('',(#3418),#3422);
#3418 = LINE('',#3419,#3420);
#3419 = CARTESIAN_POINT('',(0.,0.));
#3420 = VECTOR('',#3421,1.);
#3421 = DIRECTION('',(0.,-1.));
#3422 = ( GEOMETRIC_REPRESENTATION_CONTEXT(2) 
PARAMETRIC_REPRESENTATION_CONTEXT() REPRESENTATION_CONTEXT('2D SPACE',''
  ) );
#3423 = PCURVE('',#2839,#3424);
#3424 = DEFINITIONAL_REPRESENTATION('',(#3425),#3429);
#3425 = LINE('',#3426,#3427);
#3426 = CARTESIAN_POINT('',(23.61,8.881784197001E-15));
#3427 = VECTOR('',#3428,1.);
#3428 = DIRECTION('',(5.551115123126E-17,-1.));
#3429 = ( GEOMETRIC_REPRESENTATION_CONTEXT(2) 
PARAMETRIC_REPRESENTATION_CONTEXT() REPRESENTATION_CONTEXT('2D SPACE',''
  ) );
#3430 = ORIENTED_EDGE('',*,*,#3265,.T.);
#3431 = ORIENTED_EDGE('',*,*,#3363,.F.);
#3432 = ADVANCED_FACE('',(#3433),#2839,.F.);
#3433 = FACE_BOUND('',#3434,.F.);
#3434 = EDGE_LOOP('',(#3435,#3436,#3457,#3458));
#3435 = ORIENTED_EDGE('',*,*,#2823,.T.);
#3436 = ORIENTED_EDGE('',*,*,#3437,.T.);
#3437 = EDGE_CURVE('',#2791,#3215,#3438,.T.);
#3438 = SURFACE_CURVE('',#3439,(#3443,#3450),.PCURVE_S1.);
#3439 = LINE('',#3440,#3441);
#3440 = CARTESIAN_POINT('',(-315.6959694015,167.28571418578,
    -122.4042699253));
#3441 = VECTOR('',#3442,1.);
#3442 = DIRECTION('',(-0.252651637778,0.631029988693,0.733463225594));
#3443 = PCURVE('',#2839,#3444);
#3444 = DEFINITIONAL_REPRESENTATION('',(#3445),#3449);
#3445 = LINE('',#3446,#3447);
#3446 = CARTESIAN_POINT('',(0.,0.));
#3447 = VECTOR('',#3448,1.);
#3448 = DIRECTION('',(5.551115123126E-17,-1.));
#3449 = ( GEOMETRIC_REPRESENTATION_CONTEXT(2) 
PARAMETRIC_REPRESENTATION_CONTEXT() REPRESENTATION_CONTEXT('2D SPACE',''
  ) );
#3450 = PCURVE('',#2811,#3451);
#3451 = DEFINITIONAL_REPRESENTATION('',(#3452),#3456);
#3452 = LINE('',#3453,#3454);
#3453 = CARTESIAN_POINT('',(3.14159265359,0.));
#3454 = VECTOR('',#3455,1.);
#3455 = DIRECTION('',(0.,-1.));
#3456 = ( GEOMETRIC_REPRESENTATION_CONTEXT(2) 
PARAMETRIC_REPRESENTATION_CONTEXT() REPRESENTATION_CONTEXT('2D SPACE',''
  ) );
#3457 = ORIENTED_EDGE('',*,*,#3242,.F.);
#3458 = ORIENTED_EDGE('',*,*,#3410,.F.);
#3459 = ADVANCED_FACE('',(#3460),#2811,.F.);
#3460 = FACE_BOUND('',#3461,.F.);
#3461 = EDGE_LOOP('',(#3462,#3463,#3464,#3465));
#3462 = ORIENTED_EDGE('',*,*,#2790,.F.);
#3463 = ORIENTED_EDGE('',*,*,#3385,.T.);
#3464 = ORIENTED_EDGE('',*,*,#3214,.T.);
#3465 = ORIENTED_EDGE('',*,*,#3437,.F.);
#3466 = ADVANCED_FACE('',(#3467),#3025,.F.);
#3467 = FACE_BOUND('',#3468,.F.);
#3468 = EDGE_LOOP('',(#3469,#3470,#3471,#3472));
#3469 = ORIENTED_EDGE('',*,*,#3009,.T.);
#3470 = ORIENTED_EDGE('',*,*,#3322,.T.);
#3471 = ORIENTED_EDGE('',*,*,#3114,.F.);
#3472 = ORIENTED_EDGE('',*,*,#3064,.F.);
#3473 = ( GEOMETRIC_REPRESENTATION_CONTEXT(3) 
GLOBAL_UNCERTAINTY_ASSIGNED_CONTEXT((#3477)) 
GLOBAL_UNIT_ASSIGNED_CONTEXT((#3474,#3475,#3476)) REPRESENTATION_CONTEXT
('Context #1','3D Context with UNIT and UNCERTAINTY') );
#3474 = ( LENGTH_UNIT() NAMED_UNIT(*) SI_UNIT(.MILLI.,.METRE.) );
#3475 = ( NAMED_UNIT(*) PLANE_ANGLE_UNIT() SI_UNIT($,.RADIAN.) );
#3476 = ( NAMED_UNIT(*) SI_UNIT($,.STERADIAN.) SOLID_ANGLE_UNIT() );
#3477 = UNCERTAINTY_MEASURE_WITH_UNIT(LENGTH_MEASURE(1.E-07),#3474,
  'distance_accuracy_value','confusion accuracy');
#3478 = PRODUCT_RELATED_PRODUCT_CATEGORY('part',$,(#7));
ENDSEC;
END-ISO-10303-21;
